iteration,rho_inner,rho_annulus,rho_inner_env,rho_delta_ie
1,-0.15948494524186088,-0.2618393960192175,-0.06156187520515651,-0.05313180746620512
2,-0.17354003163140458,-0.04267255528035569,-0.15597863388141206,-0.15147265077138847
3,0.11784190265882842,-0.10154874518814716,0.17477843096296736,0.1760168302945301
4,-0.01107099161469368,-0.008907522902927395,0.05293784130583986,0.06244218316373728
5,-0.26389842141386405,0.047655993554355285,-0.319760675599057,-0.3186565605323625
6,-0.2116469219062397,-0.12845035958342035,-0.05545940139058816,-0.04972993942287607
7,-0.1505028199695622,0.07840709020918503,-0.18752051565157704,-0.18376055623526602
8,-0.01902360418966906,-0.03281012204947629,0.04077765509832591,0.03897227775954164
9,0.061726000417773264,-0.08962728656262121,0.13525409567007846,0.1430127420846886
10,-0.01891916087254931,-0.0759899734415565,0.0928650293933335,0.0894183999283817
11,-0.16487123631046519,-0.07536331353883798,-0.07642266718390975,-0.07021575005222165
12,-0.03767419653248187,-0.09571483990331532,0.04212049774700844,0.04984930321387006
13,-0.01645728268329802,0.14201307033511384,-0.07751186177673003,-0.08073468413356806
14,-0.1702426069051953,0.06447136761063531,-0.10997881292709855,-0.12000537137059472
15,-0.016561726000417772,-0.2589149831398645,0.12025901942645695,0.11842380113992418
16,-0.15666497567962756,-0.17462922622422486,0.01281668705798096,0.023126734505087874
17,-0.22397123332637042,-0.08025722896959206,-0.09999701590522514,-0.08883650144728596
18,-0.2214198322938736,-0.0729312762973352,-0.16930261705111752,-0.16937721942048878
19,-0.053176568887827874,-0.006251678553310852,-0.06011458923935423,-0.06550088030795857
20,-0.08779206827608843,-0.08510638297872339,-0.03900211870729014,-0.04138939452717018
21,-0.09550595326907581,-0.014651905344513737,-0.10239921219897942,-0.11448479603712211
22,0.029796186326877735,-0.06268091074572528,0.07467697174062247,0.07161827459640117
23,-0.0366446838351586,-0.012443675211124704,0.04138939452717018,0.042747157649726954
24,-0.12679418698337858,0.06587389215481483,-0.16548297573930945,-0.16063382173017812
25,-0.10523410223508697,-0.42223449016740766,0.15875384202202258,0.15614275909402883
26,-0.1348512428754737,-0.16482647488884242,-0.044731580675002235,-0.045149353943481234
27,0.06981289725761688,-0.22420996090835843,0.17713586583509888,0.16455790635910594
28,-0.21628718928113155,-0.2330876428635373,-0.06065172629882724,-0.0549371848049894
29,-0.20569365283041388,-0.0890901495031482,-0.14026737489182656,-0.138984214138641
30,-0.07770582793709527,-0.07509474500910147,0.07570648443794574,0.07294619677120945
31,-0.0970129211303751,-0.28729372444868845,-0.024290531467279396,-0.028438423204320964
32,-0.024141326728536895,-0.1760019098206559,0.036793888573901104,0.031512040822416515
33,-0.09960908358449463,-0.1485929993136582,-0.014562382501268237,-0.010071319865118914
34,0.05399719495091163,-0.009668467070514159,0.03482438602250007,0.03054221002059025
35,-0.29035242159290975,-0.08958252514099846,-0.19004207573632534,-0.18361135149652347
36,-0.0671719733818746,-0.05438512727164214,-0.13018113455283337,-0.12664498224463608
37,-0.08997045746172896,-0.1426844916594551,0.023634030616812383,0.024051803885291396
38,0.06080093103756974,-0.16126048163289664,0.043358897078571206,0.039584017188385896
39,-0.20940885082510216,-0.25519978514517616,0.04690996986064276,0.04662648085703202
40,-0.24102533496463843,0.02209722180776461,-0.1995314971203485,-0.19177285070573838
41,-0.035719614454955084,-0.09766942198084208,0.007848169257855628,0.006699292769538359
42,0.09055235594282474,-0.23062576467428603,0.17006356121870428,0.17106323296827905
43,-0.15684402136611858,-0.15979827519322012,-0.019560741249142068,-0.020649935841962338
44,0.036092626301811336,-0.18116439378114646,0.11614096863716389,0.13115096535465964
45,-0.08025722896959206,-0.22092745665602337,0.1288830533257736,0.1289725761690191
46,-0.03395899853779356,0.0044463012145265724,-0.031303154188177015,-0.029587299692638236
47,-0.05911491748977946,-0.17331622452329082,0.08395750649040612,0.08364417653904686
48,-0.06957416967562888,-0.2983647160633821,0.08509146250484914,0.09019426456984272
49,-0.03075109665482975,-0.09085076542030975,0.036793888573901104,0.0398227447703739
50,-0.13025573692220463,-0.14926442063799944,0.005983110023574348,0.005028199695622333
51,-0.06857449792605412,-0.1799558353973322,0.05440004774551639,0.059860941183491986
52,-0.05633970934916892,0.03540628450359583,-0.09356629166542328,-0.1001014592223449
53,-0.39148339351257794,-0.2689266211094864,-0.21718241771358654,-0.21603354122526927
54,-0.2427859508818,-0.03622691056667959,-0.09813195667094386,-0.09699800065650084
55,0.02599146548894393,-0.10860612933066752,0.0865387484706514,0.0885231714959267
56,0.02614067022768643,-0.11672286711825966,-0.011697651517412193,0.009638626122765658
57,0.02699113723851869,-0.19695025514010323,0.11970696189310971,0.11646921906239739
58,-0.23544507773566883,-0.1942048879472412,-0.031482199874668014,-0.02955745874488973
59,-0.10729312762973349,-0.19808421115454622,0.03264599683685953,0.033063770105338536
60,0.005102802064993584,-0.15153233266688548,0.06447136761063531,0.06933544209364088
61,0.07212557070812567,-0.005774223389334844,-0.0048939154307540795,-0.010131001760615916
62,-0.12997224791859388,-0.022694040762734617,-0.03974814240100265,-0.05332577362657037
63,-0.15175613977499924,0.027423830980871946,-0.18641640058488254,-0.1788367998567634
64,-0.06632150637104234,-0.3043478260869565,0.13097191966816862,0.1307481125600549
65,-0.33359195488048693,0.07588553012443675,-0.21842081704514935,-0.21942048879472412
66,-0.0666945182178986,-0.3600011936379099,0.06160663662677926,0.052161976664378856
67,-0.11038166572170328,-0.3566739279639521,0.05135627107516934,0.04676076512190026
68,-0.14437050520724534,-0.12007997373996597,-0.0152934857211065,-0.013517949330070722
69,0.03210885977738652,-0.2705529527617797,0.20809584912416818,0.2134821401927725
70,-0.16402076929963294,-0.17649428545850615,-0.06056220345558174,-0.05883142848616872
71,-0.10505505654859595,-0.18371579481364322,-0.009877353704753662,-0.013353824117453969
72,-0.12694339172212107,-0.25803467518128376,-0.01903852466354331,-0.0091760914326639
73,-0.07706424756050251,-0.031482199874668014,-0.06026379397809674,-0.056265106979797676
74,-0.14038673868282053,-0.31592611381337465,0.07863089731729879,0.08837396675718419
75,-0.12680910745725282,-0.09162663006177076,-0.09854972993942286,-0.09574468085106382
76,0.06999194294410789,0.022798484079854374,0.05007311032198382,0.05450449106263614
77,0.03576437587657783,-0.007012622720897615,-0.02845334367819521,-0.02811017277908746
78,-0.1712870400763928,-0.16073826504729788,0.0019545820775267817,-0.004386619319029572
79,-0.07206588881262868,-0.19056429232192415,0.02863238936468622,0.024380054310524896
80,0.011936379099400195,-0.03097490376294351,0.013905881650801226,0.010668138820088923
81,-0.03286980394497328,0.00020888663423950345,0.027841604249350952,0.03139267703142251
82,0.04783503924084628,-0.16384172361314195,0.11734952702097817,0.12201963534361848
83,0.1008474829160574,-0.13238936468622242,0.10454776043687147,0.10430903285488345
84,-0.07212557070812567,-0.20645459699800062,0.061621557100653514,0.05616066366267792
85,-0.009817671809256662,-0.17145116528900953,0.09541643042583031,0.09013458267434572
86,-0.07384142520366445,-0.08249530005072961,-0.024051803885291396,-0.023619110142938136
87,-0.11129181462803257,-0.2560054907343857,0.08131658261466383,0.08892602429053147
88,0.010578615976843423,0.1512190027155262,-0.13037510071319863,-0.1294201903852466
89,-0.24245770045656648,-0.08527050819134015,-0.13432902628987495,-0.12816687057980958
90,-0.12188535107875025,-0.17542001133956012,-0.008430067738951387,-0.012010981468771447
91,-0.11164990600101457,-0.11059055235594281,-0.10512965891796722,-0.10484616991435645
92,-0.1713765629196383,0.10039986869982988,-0.1855957745217988,-0.18502879651457727
93,-0.06051744203395899,-0.31243472292680013,0.13768613291158124,0.13388141207364743
94,-0.03471994270538031,-0.24409895258273395,0.059905702605114734,0.05545940139058816
95,0.028483184625943715,-0.21727194055683205,0.19838262063203127,0.19814389305004326
96,-0.006191996657813852,-0.2430395989376622,0.16685565933574048,0.17324162215391958
97,-0.0013130017009340216,-0.3027364149085374,0.2035451045925218,0.19903912148249828
98,-0.07200620691713168,0.06254662648085701,-0.07158843364865267,-0.07339381098743696
99,-0.16901912804750677,-0.07096177374593415,-0.06011458923935423,-0.046686162752529015
100,-0.06972337441437139,-0.3271612306406851,0.07240905971173643,0.076795679030766
101,0.02442481573214765,-0.04586553668944525,0.0091462504849154,-0.0010593536450717673
102,-0.14556414311718538,-0.07412491420727521,-0.09237265375548326,-0.09338724597893228
103,-0.029229208319656228,-0.18674465101011606,0.1570827489481066,0.16230491480409417
104,-0.13537345946107246,-0.20369430933126434,-0.027289546716003695,-0.030870460445823755
105,-0.1672286711825967,-0.22362806242726266,0.01596490704544776,0.05896571275103696
106,-0.07951120527587956,-0.21148279669362297,0.010175763182238666,0.005117722538867833
107,-0.3151054877502909,-0.07724329324699351,-0.2800871355674256,-0.26983677001581563
108,-0.15532213303094503,-0.15330786905792124,-0.05619050461042642,-0.0554146399689654
109,-0.11970696189310971,-0.04801408492733729,-0.09065679925994449,-0.07114081943242516
110,0.009295455223657902,0.02990062964399749,0.044970308256990235,0.049610575631882065
111,-0.1236907284175345,-0.06042791919071349,-0.07781027125421501,-0.07588553012443675
112,-0.10342872489630268,0.03594342156306884,-0.09725164871236308,-0.09022410551759123
113,0.045552206738085986,-0.23223717585270506,0.08377846080391511,0.08265942526334635
114,0.02021724209960908,-0.004670108322640326,0.09226821043836352,0.09698308018262658
115,-0.25326012354152366,0.02628987496642893,-0.18775924323356505,-0.1887141535615171
116,0.012458595684998953,-0.05014771269135507,-0.14496732416221536,-0.14507176747933512
117,-0.08923935424189071,-0.09632657933215957,-0.024603861418638653,-0.018769956133806803
118,-0.20682760884485688,-0.184775148458715,-0.11785682313270268,-0.11400734087314612
119,-0.07005162483960489,-0.09932559458088387,0.010563695502969173,-0.011936379099400195
120,-0.21627226880725728,-0.2905016263316523,-0.022589597445614867,-0.025364805586225416
121,-0.03777863984960162,-0.12689863030049833,0.14229655933872457,0.14237116170809583
122,-0.2041419235474918,-0.08797111396257944,-0.08649398704902866,-0.08928411566351346
123,-0.03125839276655426,-0.13662677926650948,0.05013279221748082,0.04816328966607979
124,-0.11775237981558292,0.09926591268538687,-0.13255348989883917,-0.12955447465011485
125,-0.0678583151800901,-0.1421921160216048,-0.05687684640864193,-0.05259467040673211
126,0.07606457581092774,-0.22186744651010112,0.18947509772910381,0.1916236459669959
127,0.01769568201486079,-0.1942794903166124,0.12516785533108532,0.12657037987526482
128,-0.0490585180985348,-0.24459132822058427,0.08898570618602844,0.08726985169048967
129,-0.07518426785234698,-0.30752588702217176,0.07879502252991553,0.06086061293306675
130,-0.031034585658440507,-0.03260123541523678,0.02397720151592014,0.029796186326877735
131,-0.13726835964310224,-0.17082450538629104,-0.0667542001133956,-0.06544119841246157
132,-0.15497896213183726,-0.1250484915400913,-0.10944167586762554,-0.0966846707051416
133,-0.006833577034406612,-0.18950493867685234,0.05536987854734266,0.04192653158664318
134,-0.014443018710274239,0.010668138820088923,-0.027050819134015695,-0.0303780848079735
135,0.042583032437110195,0.1533227895317955,0.014666825818387989,0.00974306943988541
136,-0.23134194742025002,-0.13631344931515021,-0.0729611172450837,-0.06784339470621585
137,-0.13820834949718003,-0.03861418638655963,-0.15591895198591507,-0.16106651547253137
138,-0.07482617647936497,-0.10196651845662616,-0.0012831607531855209,0.0017606159171615287
139,-0.23393810987436955,-0.07819820357494553,-0.08956760466712423,-0.091462504849154
140,-0.11188863358300259,-0.16898928709975825,0.03354122526931455,0.035958342036943085
141,0.03692817283876935,-0.13622392647190473,0.11790158455432542,0.11497717167497239
142,-0.18332786249291272,-0.12093044075079822,-0.01900868371579481,-0.020993106741070095
143,0.006385962818179105,-0.13028557786995312,0.060010145922234484,0.06109934051505475
144,-0.09196980096087849,-0.3083017516636328,0.021201993375309595,0.023305780191578886
145,-0.16533377100056695,0.03774879890185312,-0.138148667601683,-0.13813374712780876
146,0.03855450449106263,-0.06512786846110231,-0.010921786875951179,-0.015756020411208257
147,-0.12855480290054008,-0.3393363373220733,0.17762824147294917,0.17376383873951834
148,-0.08119721882366983,-0.1705111754349318,-0.03016919817373399,-0.041538599265912676
149,-0.1598579570887171,-0.1033690430008057,-0.06545611888633582,-0.05736922204649218
150,0.09122377726716599,-0.13353824117453966,0.14281877592432335,0.14143117185401807
151,-0.07273731013696995,-0.23268479006893256,0.06769418996747335,0.07828772641819103
152,-0.2497388917072006,-0.3868878875593088,-0.00017904568649100292,-0.02637939780967443
153,-0.2086180657097669,-0.09046283309957921,-0.14757840709020917,-0.15195010593536448
154,0.04237414580287069,-0.29943899018232817,0.14856315836590966,0.14775745277670016
155,-0.08776222732833994,-0.2713437378771149,0.040703052728954664,0.036062785354062835
156,0.08462892781474739,-0.08428575691563962,0.052952761779714114,0.05296768225358837
157,-0.1254961057563188,-0.017248067798633283,-0.10899406165139802,-0.09893766226015337
158,-0.1878636865506848,-0.10545790934320072,-0.10072811912506338,-0.10587568261167972
159,0.03959893766226015,-0.1749127152278356,0.14017785204858102,0.14766792993345465
160,0.016099191310316015,-0.05989078213124048,0.13280713795470142,0.12797290441944434
161,0.029303810689027474,-0.0399421085613679,0.09931067410700961,0.09414819014651903
162,-0.14704127003073614,-0.1241234221598878,-0.047044254125511026,-0.0483423353525708
163,-0.051669601026528594,-0.20793172391155143,0.11720032228223566,0.12027393990033121
164,-0.2032616155889111,0.025021634687117662,-0.1609471516815374,-0.14663841723613139
165,-0.23595237384739337,0.0029094924054787977,-0.20748410969532388,-0.20824505386291067
166,-0.17325654262779383,-0.19521948017069018,-0.12361612604816327,-0.1269732326698696
167,-0.037972606009966874,-0.13219539852585716,0.01650204410492077,0.03203425740801527
168,-0.12146757781027123,-0.2417564381844767,-0.026677807287159436,-0.025961624541195424
169,-0.040807496046074414,-0.10172779087463817,0.004998358747873831,0.008071976365969381
170,-0.31896989048372176,-0.08707588553012442,-0.11551430873444538,-0.11758825460296617
171,-0.08707588553012442,-0.20373907075288708,0.0676792694935991,0.06626182447554534
172,-0.15817194354092684,-0.06899227119453313,-0.08125690071916683,-0.08806063680582492
173,-0.0699621019963594,-0.1916534869147444,0.06702276864313209,0.06763450807197635
174,0.06532183462146757,0.0550565485959834,-0.04310524902270896,-0.0427322371758527
175,0.12125869117603173,-0.14528065411357463,0.21005043120169495,0.20918504371698843
176,0.1222583629256065,-0.1380591447584375,0.1592014562382501,0.1565306914147593
177,-0.17188385903136283,-0.10624869445853599,-0.05064008832920533,-0.0584136552176897
178,-0.3598370684252931,-0.06885798692966488,-0.17380860016114108,-0.1752708066008176
179,-0.16731819402584225,-0.10318999731431469,-0.1041150666945182,-0.09663990928351882
180,-0.12598848139416907,-0.14689206529199367,-0.043150010444331706,-0.045776013846199747
181,-0.11731968607322968,-0.24177135865835095,-0.00044761421622750735,-0.00026856852973650434
182,-0.013846199755304227,-0.04317985139208021,0.0818686401480111,0.08343528990480736
183,0.0183521828653278,-0.1093969144460028,0.0675300647548566,0.05708573304288144
184,-0.12719703977798333,-0.0701411476828504,-0.04192653158664318,-0.043299215183074204
185,-0.1186625287219122,-0.1620214258004834,0.006938020351526363,0.008012294470472381
186,-0.1508310703947957,0.012503357106621704,-0.12880845095640236,-0.12212407866073825
187,-0.07512458595684998,-0.2667631523977201,0.10574139834681148,0.09974336784936289
188,0.01659156694816627,-0.1713765629196383,0.11658858285339141,0.11463400077586462
189,-0.13156873862313864,0.027229864820506693,-0.008892602429053145,-0.011608128674166688
190,0.1154247858911999,-0.02503655516099191,0.09862433230879411,0.09285010891945926
191,-0.1038464981647817,-0.25493121661543966,0.09998209543135088,0.10013130017009339
192,-0.005117722538867833,-0.20605174420339586,0.11573811584255914,0.1227358180895825
193,-0.12668974366625882,-0.2941123810092208,0.016382680313926767,0.016143952731938763
194,-0.11211244069111635,-0.10289158783682968,-0.08513622392647188,-0.08230133389036433
195,-0.0862701799409149,0.1442959028378741,-0.12489928680134879,-0.12698815314374381
196,-0.184178329503745,0.08410671122914862,-0.19029572379218762,-0.19023604189669063
197,-0.1735997135269016,-0.09587896511593205,-0.047387425024618776,-0.03710721852526035
198,-0.17188385903136283,-0.19250395392557665,-0.05314672794007937,-0.05031183790397182
199,-0.16103667452478287,-0.23496762257169285,-0.08030199039121481,-0.07557220017307748
200,-0.10609948971979348,-0.16636328369789022,0.011220196353436183,0.010697979767837425
201,-0.0700814657873534,-0.2240607561696159,0.006356121870430604,0.005416132016352838
202,-0.08673271463101667,-0.2057085733042881,0.047894721136343285,0.04574617289845124
203,-0.10136969950165614,-0.17303273551968007,0.023738473933932143,0.025812419802452923
204,-0.12500373011846855,-0.3283399480767508,0.15112947987228073,0.15021933096595147
205,-0.12188535107875025,-0.17346542926203334,-0.03157172271791352,-0.03313837247470979
206,0.04541792247321774,-0.17289845125481182,0.12971859986273163,0.13177762525737816
207,-0.10827787890543401,-0.19062397421742114,0.014935394348124494,0.01908328608516606
208,-0.023499746351944135,-0.3875593088836501,0.2200769896451911,0.21952493211184385
209,-0.05222165855987585,-0.244218316373728,0.036286592462176595,0.03782340127122437
210,-0.00552057533347259,-0.21506371042344302,0.10754677568559576,0.10402554385127269
211,-0.08077944555519083,-0.12281042045895377,0.08718032884724418,0.07904867058577779
212,-0.08952284324550147,-0.026110829279937926,-0.047775357345349274,-0.05677240309152218
213,-0.045492524842589,-0.34540897018889316,0.2372653755483274,0.27543194771865953
214,-0.07552743875145473,-0.11824475545343319,0.010563695502969173,0.008609113425442391
215,-0.1509504341857897,-0.1497866372235982,-0.04183700874339768,-0.03900211870729014
216,-0.1956521739130434,-0.2021724209960908,-0.04644743517054101,-0.049043597624660554
217,-0.11200799737399657,-0.2175852705081913,0.05996538450061173,0.05520575333472591
218,-0.009384978066903402,-0.11566351347318789,0.015009996717495746,0.015039837665244244
219,-0.13283697890244994,-0.10938199397212854,-0.10791978753245202,-0.1122168840082361
220,-0.12100504312016948,-0.13652233594938976,-0.03879323207305063,-0.03633135388379934
221,-0.004043448419921816,-0.10250365551609919,0.08176419683089133,0.08339052848318461
222,-0.05498194622661214,0.004073289367670317,-0.06412819671152756,-0.054086717794157135
223,-0.07233445734236517,-0.2652711050102951,0.16551281668705795,0.1730625764674286
224,0.029139685476410725,-0.12494404822297155,0.10223508698636269,0.10932231207663153
225,-0.16972039031959651,-0.17894124317388316,-0.06023395303034824,-0.062099012264629515
226,-0.17823998090179344,-0.03449613559726657,-0.056175584136552166,-0.057682551997851446
227,-0.09538658947808182,-0.12475008206260628,-0.040941780310942665,-0.039255766763152386
228,-0.10751693473784725,-0.06627674494941958,-0.047476947867864286,-0.04047924562084091
229,-0.042448748172241944,-0.1731819402584226,0.09720688729074034,0.09292471128883052
230,0.11421622750738562,0.011518605830921187,0.06297932022321028,0.07475157410999371
231,-0.05847333711318671,0.14893617021276595,-0.11726000417773268,-0.1172152427561099
232,-0.12843543910954608,-0.0483423353525708,-0.0640237533944078,-0.06556056220345557
233,-0.03163140461341052,-0.06491898182686281,-0.05301244367521112,-0.05874190564292321
234,0.06314344543582703,-0.15924621765987287,0.07175255886126942,0.07148399033153291
235,-0.023768314881680637,-0.019709945987884572,0.010101160812867415,0.008803079585807644
236,-0.3079735012383993,-0.18520784220106828,-0.1500850467010832,-0.14504192653158662
237,-0.30203515263644765,-0.244695771537704,-0.17940377786398493,-0.17983647160633817
238,-0.10362269105666795,-0.3880666049953746,0.15238279967771776,0.15499388260571154
239,-0.16881024141326728,-0.022992450240219623,-0.1333890364357972,-0.14434066425949685
240,-0.07026051147384439,-0.13352332070066544,0.09285010891945926,0.09168631195726776
241,-0.19453313837247468,-0.22128554802900538,-0.046686162752529015,-0.036420876727044846
242,-0.07825788547044253,-0.19954641759422279,0.06439676524126406,0.08071976365969383
243,-0.04085225746769716,-0.10365253200441644,-0.024633702366387154,0.00307361761809555
244,-0.1254662648085703,-0.19690549371848046,-0.04170272447852943,-0.03357106621706305
245,-0.06354629823043179,-0.14560890453880812,0.076556951448778,0.0765271105010295
246,-0.2518277580495956,-0.035958342036943085,-0.12600340186804332,-0.1248097639581033
247,0.04758139118498403,-0.20461937871146785,0.1006684372295664,0.10044463012145266
248,-0.1887738354570141,0.14128196711527555,-0.22576169019128042,-0.22726865805257973
249,-0.19512995732744468,-0.0091462504849154,-0.14553430216943689,-0.1458923935424189
250,0.07606457581092774,-0.1831935782280445,0.0858524066724359,0.0786010563695503
251,-0.12422786547700752,-0.2219420488794724,0.04513443346960699,0.044627137357882485
252,-0.12425770642475603,0.004043448419921816,-0.15421801796425053,-0.15338247142729253
253,-0.3611799110739757,-0.16972039031959651,-0.15026409238757424,-0.13913341887738354
254,-0.19247411297782813,-0.1503834561785682,0.006923099877652114,0.01347318790844797
255,-0.001521888335173525,-0.1894303363074811,0.13861120229178478,0.14305750350631133
256,-0.10527886365670971,-0.27443227596908476,0.12409358121213927,0.122944704723822
257,-0.08380830175166362,-0.36671540688132254,0.16254364238608213,0.1512190027155262
258,-0.02815493420071021,-0.09567007848169257,0.02916952642415923,0.02876667362955447
259,-0.289770523111814,-0.059577452179881224,-0.06541135746471308,-0.07161827459640117
260,-0.08152546924890333,-0.1741368505863746,0.1094267553937513,0.1164990600101459
261,-0.07133478559279041,-0.016173793679687264,-0.05915967891140222,-0.0551460714392289
262,-0.09067171973381873,-0.076556951448778,-0.07260302587210168,-0.08051087702545433
263,-0.1037868162692847,-0.23383366655724983,0.1338068097042762,0.1318820685744979
264,-0.11339560144430184,-0.13219539852585716,0.07205096833875443,0.07551251827758047
265,0.0006266599027185102,-0.04843185819581629,0.0396735400316314,0.04267255528035569
266,-0.12774909731133058,-0.17009340216645277,-0.0019247411297782816,-0.009504341857897405
267,-0.1653785324221897,-0.04901375667691205,-0.1168571513831279,-0.11606636626779265
268,-0.17513652233594934,-0.258586732714631,-0.0019396616036525317,-0.008071976365969381
269,-0.006938020351526363,-0.11878189251290619,0.06332249112231804,0.0639043896034138
270,-0.1144549550893736,-0.2895019545820775,0.08049595655158007,0.07740741845961027
271,0.005087881591119333,-0.20229178478708484,0.1214824982841455,0.12515293485721105
272,0.010369729342603919,-0.1409984781116648,0.1257049923905583,0.1410880009549103
273,-0.05914475843752797,0.03570469398108084,-0.05316164841395362,-0.05613082271492942
274,-0.09159678911402225,-0.1664528065411357,0.10744233236847602,0.10715884336486525
275,-0.07469189221449672,-0.0003431708991077556,-0.07510966548297573,-0.07546775685595773
276,-0.10712900241711674,-0.23757870549968663,0.08424099549401688,0.09168631195726776
277,0.03495867028736832,-0.23471397451583056,0.14929426158574796,0.15490435976246603
278,-0.2623616126048163,-0.08295783474083135,-0.12776401778520483,-0.1341052191817612
279,-0.2891289427352212,-0.21190056996210196,-0.14208767270448508,-0.14255020739458682
280,-0.22276267494255614,-0.2852645400017904,0.029035242159290972,0.023574348721315388
281,-0.14563874548655664,-0.23196860732296853,0.08242069768135835,0.08489749634448389
282,-0.1417743427531258,-0.20766315538181487,-0.054564172958133136,-0.057220017307749685
283,0.038435140700068635,-0.0707678075855689,0.12042314463907373,0.11772253886783442
284,-0.1775834800513264,-0.30372116618423795,-0.06063680582495299,-0.06251678553310852
285,-0.24078660738265045,-0.24579988660439853,-0.08049595655158007,-0.0794962848020053
286,-0.17439049864223685,-0.1682283429321715,-0.05290800035809136,-0.05428068395452239
287,-0.09658022738802183,0.05962221360150397,-0.11739428844260091,-0.11496225120109813
288,-0.1037868162692847,-0.288815612783862,0.07692996329563427,0.07772074841096953
289,-0.13085255587717465,-0.12131837307152872,-0.03855450449106263,-0.05074453164632508
290,0.023693712512309388,-0.18422309092536776,0.08553907672107665,0.08604637283280114
291,-0.017471874906747037,-0.34230551162304906,0.15278565247232248,0.1513532869803945
292,-0.15009996717495744,0.021619766643788604,-0.23211781206171106,-0.21340753782340122
293,-0.08561367909044791,0.02370863298618364,-0.12366088746978601,-0.12665990271851033
294,-0.15490435976246603,-0.03901703918116439,-0.13174778430962966,-0.1353883799349467
295,-0.10208588224762016,-0.31119632359523736,0.08198800393900509,0.0792575572200173
296,-0.06327772970069528,-0.18765479991644532,-0.004401539792903822,-0.008668795320939391
297,-0.1010862104980454,-0.2451881471755543,0.07072304616394616,0.07143922890991017
298,0.02927396974127898,-0.1470860314523589,0.06987257915311389,0.07524394974784397
299,-0.1039957029035242,-0.19877055295276175,-0.005237086329861836,-0.011861776730028945
300,0.06951448778013189,-0.10569663692518873,0.09644594312315358,0.09508818000059681
301,-0.022276267494255615,-0.07504998358747872,-0.03281012204947629,-0.013935722598549728
302,-0.21124406911163496,-0.16391632598251318,-0.022335949389752616,-0.016800453582405773
303,-0.2354301572617946,-0.0802124675479693,-0.17222702993047057,-0.1733311449971651
304,0.153651039957029,-0.07345349288293394,0.12301930709319325,0.1401629315747068
305,-0.1172450837038584,-0.22905911491748976,0.10145922234490166,0.0974605353466026
306,-0.0032079018829638027,-0.07998866043985556,0.02915460595028498,0.02163468711766285
307,-0.020097878308615078,-0.062367580794366016,0.09364089403479454,0.09277550655008802
308,-0.24593417086926678,-0.08533019008683715,-0.13955119214586253,-0.13823819044492852
309,-0.11781206171107993,-0.14523589269195186,0.05602637939780967,0.05668288024827668
310,-0.2065291993673719,-0.11478320551460712,-0.11473844409298437,-0.1217212258661335
311,-0.042075736325385686,0.12737608546447432,-0.018695353764435558,-0.021440720957297602
312,-0.1443555847333711,-0.34554325445376144,0.01344334696069947,0.03548088687296708
313,-0.05022231506072633,-0.1636179165050282,0.054221002059025386,0.059860941183491986
314,-0.09362597356092028,-0.0801826266002208,-0.031139028975560257,-0.030303482438602244
315,0.07636298528841275,-0.12840559816179759,0.06102473814568349,0.061919966578138516
316,-0.03187013219539852,-0.0887917400256632,0.03273551968010503,0.028468264152069465
317,-0.061696159470024756,-0.27109008982125266,0.09068664020769297,0.08788159111933394
318,-0.034108203276536055,-0.25801975470740945,0.139521351198114,0.14763808898570616
319,-0.1772253886783444,-0.16003700277520813,-0.09590880606368056,-0.1048014084927337
320,-0.04112082599743368,-0.2508877681955179,0.04488078541374473,0.04661156038315777
321,-0.011264957775058934,0.019993434991495324,-0.07794455551908328,-0.077034406612754
322,-0.18299961206767923,-0.04610426427143326,-0.07690012234788576,-0.07801915788845451
323,0.14437050520724534,0.1513682074542687,0.004073289367670317,0.0011936379099400194
324,-0.2559159678911402,-0.12260153382471424,-0.1291516218555101,-0.13127032914565365
325,0.01947121840589657,-0.16449822446360896,0.0678583151800901,0.06918623735489839
326,0.1218405896571275,-0.10593536450717674,0.20527587956193485,0.199382292381606
327,-0.22009191011906537,-0.20524603861418636,0.010787502611082926,0.031168869923308758
328,-0.10978484676673331,-0.10095192623317714,-0.020127719256363582,-0.03849482259556562
329,0.003834561785682313,-0.123362477992301,0.08495717823998089,0.07609441675867624
330,-0.19289188624630715,-0.11645429858852316,0.03303392915759004,0.04249350959386469
331,0.04589537763719375,-0.19533884396168416,0.14638476918026913,0.1497866372235982
332,0.030258721016979497,-0.08949300229775296,0.07651219002715526,0.0796156485929993
333,0.017382352063501534,-0.1162603324281579,0.010489093133597922,0.0006565008504670108
334,0.03331741816120079,0.12754021067709106,-0.0639640714989108,-0.0642624809763958
335,-0.042210020590253944,0.008101817313717884,-0.04186684969114619,-0.04511951299573274
336,-0.17127211960251854,-0.14011817015308403,0.055011787174360643,0.05096833875443883
337,0.0614425114141625,0.04047924562084091,0.04061352988570916,0.04804392587508579
338,-0.15048789949568794,-0.07657187192265225,-0.08547939482557965,-0.09073140162931573
339,-0.07782519172808927,-0.1971889827220912,0.04774551639760078,0.060950135776312246
340,0.013637313121064724,-0.005416132016352838,-0.008892602429053145,-0.00857927247769389
341,-0.10584584166393123,-0.32653457073796655,0.17558413655217686,0.18268628211632
342,-0.12449643400674405,-0.16112619736802836,-0.01293605084897496,-0.017352511115753033
343,-0.19886007579600726,-0.11606636626779265,-0.11896093819939718,-0.12619736802840859
344,-0.1225567724030915,-0.06857449792605412,-0.10524902270896123,-0.1010563695502969
345,0.008594192951568139,-0.20973710125033568,0.13362776401778517,0.13867088418728177
346,-0.12956939512398913,-0.15826146638417235,-0.05632478887529467,-0.05653367550953417
347,0.04846169914356479,-0.08956760466712423,0.044865864939870485,0.03800244695771537
348,-0.20996090835844944,-0.1894004953597326,-0.06720181432962309,-0.06972337441437139
349,-0.23875742293575242,-0.08434543881113662,-0.03622691056667959,-0.029139685476410725
350,0.042941123810092206,-0.26818059741577394,0.21673480349735907,0.21640655307212556
351,-0.19238459013458264,-0.26636029960311536,0.08413655217689713,0.08270418668496911
352,-0.17938885739011068,-0.20978186267195845,-0.0026558443496165433,-0.0018650592342812806
353,0.011190355405687684,-0.10654710393602099,-0.0010891945928202678,-0.00738563456775387
354,-0.19069857658679235,-0.07618393960192174,-0.07798931694070603,-0.07654203097490375
355,-0.12934558801587537,0.025887022171824176,-0.07766106651547251,-0.07502014263973023
356,-0.039255766763152386,-0.2140789591477425,0.07075288711169465,0.07528871116946674
357,-0.022649279341111873,0.00844498821282564,-0.07803407836232878,-0.07885470442541254
358,-0.16342395034466292,-0.12458595684998953,-0.018396944286950552,-0.005550416281221091
359,-0.13978991972785051,-0.09878845752141087,-0.08895586523827995,-0.0732595267225687
360,-0.07954104622362804,-0.28627913222523943,0.15118916176777772,0.1515770940885082
361,-0.09468532720599206,-0.09595356748530331,-0.011951299573274444,-0.014443018710274239
362,-0.24281579182954846,-0.23020799140580703,-0.12824147294918084,-0.13156873862313864
363,-0.08628510041478916,-0.14368416340902984,0.06127838620154575,0.05539971949509116
364,0.00799737399659813,-0.37160932231207655,0.14998060338396346,0.13162842051863566
365,-0.30618304437348925,-0.04383635224254722,-0.17546477276118289,-0.17201814329623105
366,-0.1004893915430754,-0.24496434006744053,0.05319148936170212,0.05240070424636685
367,-0.05904031512040822,-0.21692876965772429,0.122467249559846,0.12118408880666048
368,-0.11385813613440363,-0.31495628301154843,0.12203455581749274,0.12569007191668405
369,-0.14493748321446687,-0.11715556086061292,-0.0586225418519292,-0.0638447077079168
370,-0.14389305004326935,-0.18489451224970901,-0.026528602548416932,-0.020888663423950345
371,-0.31980543702067976,-0.30749604607442327,-0.10997881292709855,-0.10871057264778727
372,-0.041165587419056425,-0.08161499209214883,0.05583241323744441,0.04999850795261257
373,0.03395899853779356,-0.11357464713079286,0.08665811226164541,0.0890603085553997
374,-0.019157888454537312,-0.229790218137328,0.12034854226970247,0.11145593984064933
375,-0.10857628838291902,-0.16485631583659094,0.06633642684491657,0.0676195875981021
376,0.03640595625317059,-0.07446808510638298,0.09825132046193785,0.1041747485900152
377,0.11223180448211033,0.11084420041180507,0.04498522873086448,0.05538479902121691
378,-0.05486258243561815,-0.20084449882128252,0.02191817612127361,0.009056727641669898
379,-0.0049237563785025805,-0.18032884724418846,0.11773745934170868,0.1223180448211035
380,-0.15320342574080148,-0.0981767180925666,-0.0889111038166572,-0.08716540837336993
381,-0.04804392587508579,-0.08415147265077137,-0.053295932678821864,-0.045611888633582995
382,-0.1434901972486646,-0.09796783145832709,-0.03075109665482975,-0.0215004028527946
383,-0.24681447882784754,-0.11585747963355314,-0.17019784548357253,-0.1729730536241831
384,-0.2784757243890066,-0.20766315538181487,-0.1706603801736743,-0.17397272537375785
385,-0.039584017188385896,0.07664647429202351,-0.058458416639312456,-0.0646205723493778
386,0.04283668049297245,-0.05441496821939064,0.10111605144579391,0.10856136790904478
387,-0.20624571036376113,-0.27479036734206674,-0.013652233594938973,-0.011294798722807434
388,-0.0582644504789472,-0.058562859956432206,0.03380979379905105,0.04807376682283429
389,-0.15966399092835187,-0.025707976485333173,-0.1037271343737877,-0.10650234251439825
390,-0.19392139894363045,-0.10254841693772193,-0.06887290740353913,-0.07285667392796394
391,-0.1481603055713049,-0.31985019844230245,0.06066664677270149,0.06591865357643757
392,-0.03654024051803885,-0.08803079585807644,-0.0123243114201307,-0.0057891438632090945
393,0.01536808809047775,-0.15186058309211897,0.07225985497299393,0.06283011548446778
394,0.0767658380830175,-0.15436722270299302,0.0702903524215929,0.07121542180179642
395,-0.2875473725045507,-0.20781236012055743,-0.1524275610993405,-0.16029065083107036
396,-0.24159231297185996,-0.21519799468831127,-0.021545164274417352,-0.0734684133568082
397,-0.11418638655963712,-0.3436334337978574,0.12425770642475603,0.12430246784637879
398,-0.09064187878607023,-0.1595297066634836,0.09392438303840529,0.076795679030766
399,-0.009459580436274656,0.09652054549252483,-0.09674435260063859,-0.1004297096475784
400,-0.14972695532810118,-0.02078422010683059,0.004610426427143326,0.00613231476231685
401,-0.077094088508251,-0.12348184178329502,0.05699621019963593,0.0578765181582167
402,0.06694816627376085,0.0122944704723822,0.002685685297365044,0.013771597385932975
403,0.11218704306048759,-0.055534003759959406,0.07145414938378442,0.07706424756050251
404,0.015696338515711256,-0.05669780072215092,0.05441496821939064,0.05272895467160036
405,0.0485213810390618,-0.2577661066515472,0.13050938497806688,0.11960251857598996
406,-0.17180925666199154,-0.1595893885589806,-0.04616394616693026,-0.05598161797618691
407,-0.19982990659783353,0.006818656560532362,-0.11358956760466712,-0.11102324609829604
408,-0.18756527707319984,0.02984094774850049,-0.23116290173375903,-0.23404255319148934
409,-0.08844856912655545,-0.16272268807257317,-0.035316761660350325,-0.040553847990212166
410,-0.1471158724001074,-0.10857628838291902,0.0024320372415027897,-0.0008057055892095131
411,-0.018501387604070302,-0.306287487690609,0.17637492166751212,0.17509176091432663
412,-0.02346990540419563,-0.40465817194354087,0.19013159857957082,0.18658052579749929
413,-0.13665662021425798,-0.23395303034824383,0.11788666408045116,0.12076631553818147
414,0.07467697174062247,-0.07864581779117304,0.008430067738951387,0.010131001760615916
415,-0.2520664856315836,-0.2829667870251559,-0.031377756557548264,-0.02945301542776998
416,-0.09857957088717137,0.05029691743009757,-0.07475157410999371,-0.0857927247769389
417,-0.13838739518367102,-0.23283399480767505,-0.02011279878248933,-0.040807496046074414
418,-0.2405628002745367,-0.17898600459550593,-0.10186207513950642,-0.10195159798275193
419,-0.15005520575333472,-0.11731968607322968,-0.10839724269642803,-0.11076959804243382
420,-0.027110501029512693,-0.03889767539017038,-0.0033272656739578043,0.008146578735340634
421,-0.01947121840589657,0.07209572976037718,-0.026006385962818172,-0.035316761660350325
422,0.08264450478947209,0.14140133090626958,0.007922771627226878,0.011846856256154694
423,-0.010817343558831426,-0.08215212915162184,0.025931783593446923,0.024141326728536895
424,-0.09498373668347705,-0.07391602757303571,-0.021694369013159853,-0.011996060994897197
425,-0.154844677866969,-0.0734087314613112,-0.08586732714631015,-0.07467697174062247
426,-0.0610844200411805,-0.2618990779147145,0.09452120199337528,0.08424099549401688
427,-0.12079615648592998,-0.33111515621736143,0.15824654591029808,0.16827310435379425
428,-0.13941690788099428,-0.15518784876607677,-0.04334397660469696,-0.02936349258452448
429,0.031810450299901524,-0.08324132374444211,0.1190504610426427,0.12569007191668405
430,-0.2429202351466682,-0.2027692399510608,-0.14080451195129956,-0.13964071498910804
431,-0.02255975649786637,-0.13216555757810866,0.038882754916296135,0.042210020590253944
432,-0.08410671122914862,-0.16803437677180624,0.0394944943451404,0.045790934320074
433,-0.21199009280534747,-0.2133030945062815,0.01699441974277103,0.018098534809465546
434,-0.12655545940139057,-0.11987108710572646,-0.0339440780639193,-0.03428724896302706
435,-0.009564023753394407,0.0024618781892512902,0.02178389185640536,0.02682701202590194
436,-0.02963206111426098,0.09799767240607558,-0.01530840619498075,-0.008877681955178896
437,-0.00790785115335263,-0.1113067351019068,0.03568977350720658,0.02925904926740473
438,-0.2839515383008564,-0.3896481752260451,0.06738086001611411,0.05551908328608515
439,-0.21695861060547278,0.015696338515711256,-0.1445943123153591,-0.14701142908298767
440,0.012234788576885201,-0.29943899018232817,0.20314225179791706,0.20384351407000684
441,-0.03243711020262003,-0.2937244486884903,0.11734952702097817,0.11714064038673866
442,-0.03892751633791888,-0.1348810838232222,0.06827608844856912,0.0678881561278386
443,-0.12269105666795975,-0.01583062278057951,-0.23128226552475303,-0.25123093909462557
444,0.019322013667154067,0.01647220315717227,-0.008295783474083135,-0.004699949270388827
445,0.06629166542329383,0.01715854495538778,-0.007400555041628122,-0.00613231476231685
446,0.011145593984064932,0.032959326788218786,-0.004908835904628331,-0.01108591208856793
447,-0.27820715585927003,-0.38969293664766785,-0.04215033869475694,-0.04016591566948166
448,-0.0641729581331503,-0.034466294649518066,-0.0054310524902270885,0.0027006057712392942
449,-0.24468085106382975,-0.25066396108740413,-0.045552206738085986,-0.047775357345349274
450,-0.09290979081495628,0.0019545820775267817,-0.13731312106472499,-0.13810390618006024
451,-0.1794933007072304,-0.34460326459968366,0.11664826474888841,0.11288830533257735
452,-0.1434006744054191,-0.3110023574348721,0.05117722538867833,0.055638447077079156
453,-0.024887350422249408,-0.016725851213034524,0.028886037420548478,0.027513353824117452
454,-0.21765987287756255,-0.3461699143564799,0.05417624063740264,0.05029691743009757
455,-0.08019754707409506,-0.1664528065411357,-0.012458595684998953,-0.01159320820029244
456,-0.0671421324341261,-0.18923637014711586,0.06018919160872548,0.058100325266330445
457,-0.13073319208618064,-0.04056876846408641,0.02081406105457909,0.0305571304944645
458,-0.2577661066515472,-0.20306764942854585,-0.20500731103219838,-0.2035451045925218
459,0.0008653874847065142,0.01172749246516069,-0.08859777386529795,-0.0884634896004297
460,-0.006967861299274864,-0.021560084748291602,-0.03701769568201486,-0.037375787054996855
461,-0.15087583181641845,-0.008683715794813642,-0.1509504341857897,-0.15302438005431052
462,-0.15723195368684906,-0.17394288442600936,-0.10095192623317714,-0.10222016651248843
463,-0.21610814359464053,-0.07264778729372444,-0.12842051863567186,-0.12813702963206108
464,-0.13602996031153947,0.05002834890036107,-0.10423443048551222,-0.10765121900271551
465,-0.17994091492345793,-0.17682253588373964,-0.10110113097191964,-0.10062367580794364
466,-0.10583092119005698,0.08340544895705886,-0.12524245770045656,-0.13041986213482137
467,0.020008355465369575,-0.23431112172122584,0.14571334785592788,0.14457939184148486
468,0.000492375637850258,-0.27140341977261195,0.12628689087165407,0.1270030736176181
469,-0.16030557130494463,-0.3119871087105726,0.022947688818596875,0.01899376324192056
470,-0.11948315478499595,-0.0734982543045567,-0.016322998418429765,-0.004789472113634328
471,-0.09180567574826173,-0.37653307869057917,0.1154844677866969,0.10951627823699679
472,-0.18514816030557127,-0.07924263674614306,-0.11429082987675686,-0.11936379099400196
473,-0.05880158753842022,-0.12312375041031302,0.11118737131091283,0.1100832562442183
474,-0.17688221777923663,-0.31501596490704536,0.07484109695323922,0.07513950643072423
475,-0.243024678463788,-0.1911909522246426,-0.08935871803288471,-0.08658350989227416
476,0.05332577362657037,-0.26172003222822354,0.22082301333890364,0.22043508101817308
477,0.0008653874847065142,-0.3487362358628509,0.15705290800035807,0.15508340544895705
478,-0.038957357285667384,-0.06466533377100056,-0.05865238279967771,-0.06676912058726983
479,-0.1036972934260392,-0.0911939363194175,-0.025827340276327174,-0.027244785294380944
480,-0.2416072334457342,-0.31045029990152484,0.030601891916087254,0.02637939780967443
481,-0.18507355793620003,-0.2748351287636895,-0.016129032258064516,-0.014890632926501743
482,-0.24354689504938673,-0.5231714959267105,0.058368893796066953,0.06605293784130584
483,-0.03403360090716481,-0.29649965682910084,0.11797618692369669,0.13838739518367102
484,0.0460595028498105,-0.0889111038166572,0.08145086687953207,0.06374026439079704
485,-0.21979350064158035,-0.04352302229118796,-0.12269105666795975,-0.12491420727522305
486,-0.2412939034943749,-0.26142162275073855,-0.00968338754438841,-0.0056100981767180915
487,-0.08777714780221418,-0.11993076900122346,-0.04807376682283429,-0.042553191489361694
488,-0.15068186565605324,-0.34434961654382135,0.056473993614037175,0.06517262988272507
489,-0.027886365670973707,-0.08467368923637013,0.0049237563785025805,0.00020888663423950345
490,0.006938020351526363,-0.21746590671719732,0.12740592641222281,0.1317627047835039
491,-0.09738593297723135,-0.05666795977440243,-0.05265435230222911,-0.05399719495091163
492,-0.19372743278326515,-0.2568261167974695,0.05087881591119333,0.06327772970069528
493,-0.17252543940795553,-0.12379517173465429,-0.10932231207663153,-0.10880009549103278
494,0.018068693861717045,-0.13264301274208468,0.15759004505983107,0.154307540807496
495,-0.029572379218763985,-0.1596192295067291,0.04805884634896004,0.043582704186684966
496,-0.02224642654650711,-0.00011936379099400195,0.04088209841544566,0.0244397362060219
497,-0.055847333711318656,-0.30594431679150125,0.19495091164095368,0.19568201486079193
498,-0.02925904926740473,0.10101160812867414,-0.09475992957536329,-0.09862433230879411
499,-0.05117722538867833,-0.1899376324192056,0.045253797260601,0.042881441914595204
500,-0.2366983975411059,-0.16516964578795018,-0.08625525946704066,-0.08185371967413685
501,0.0034764704127003064,0.027975888514219206,0.061352988570917005,0.06736593954223985
502,-0.04323953328757721,0.0013876040703052729,-0.06290471785383903,-0.060383157769090735
503,0.1644236220942377,-0.08947808182387872,0.19401092178687593,0.20175464772761179
504,-0.25237981558294287,-0.3246993524514338,-0.06600817641968308,-0.061173942884426
505,-0.09149234579690248,-0.05398227447703738,-0.07309540150995195,-0.07321476530094594
506,-0.2428307123034227,-0.1446838351586046,-0.12806242726268985,-0.13010653218346213
507,0.02915460595028498,-0.36231386708841873,0.22528423502730446,0.2350123839933156
508,-0.024394974784399146,-0.06320312733132404,-0.016203634627435768,0.0060278714451970986
509,0.008236101578586135,-0.12762973352033657,0.11658858285339141,0.10457760138461997
510,0.06524723225209632,-0.1298081227059771,0.10851660648742202,0.1097251648712363
511,0.009608785175017159,-0.1840888066604995,0.13076303303392914,0.13258333084658766
512,-0.24890334517024254,-0.09672943212676434,-0.0928053474978365,-0.09405866730327354
513,-0.051908328608516595,-0.12762973352033657,0.09147742532302823,0.07782519172808927
514,-0.13423950344662944,-0.1352988570917012,-0.061352988570917005,-0.05325117125719912
515,-0.11309719196681683,-0.06882814598191637,-0.02333562113932738,-0.012652561845364207
516,-0.17762824147294917,-0.21309420787204197,-0.009250693802035151,-0.013249380800334217
517,-0.1764495240368834,0.0022977529766345377,-0.12324311420130703,-0.11660350332726567
518,-0.22902927396974124,-0.17088418728178806,-0.05163976007878009,-0.04828265345707379
519,-0.14081943242517378,-0.05654859598340842,-0.15882844439139387,-0.16146936826713612
520,-0.33736683477067225,-0.3965712751036973,0.008847841007430395,0.008892602429053145
521,0.07918295485064604,-0.016129032258064516,0.08738921548148368,0.08518098534809465
522,-0.062337739846617515,-0.13968547641073079,0.056011458923935414,0.04916296141565455
523,-0.01457730297514249,-0.16913849183850077,0.05250514756348661,0.055593685655456415
524,0.055936856554564166,-0.08388290412103487,-0.009295455223657902,-0.0008057055892095131
525,-0.005371370594730088,-0.2087672704485094,0.12959923607173762,0.13962579451523377
526,-0.09535674853033331,-0.17931425502073942,-0.051759123869774104,-0.046984572230014024
527,-0.16278236996807016,-0.17415177106024884,0.06642594968816208,0.07427411894601771
528,0.012950971322849211,0.01660648742204052,0.008057055892095131,0.01408492733729223
529,-0.14835427173167018,-0.10982960818835605,-0.07084240995494016,-0.07012622720897614
530,-0.26762853988242663,-0.18382023813076304,-0.08910506997702246,-0.09290979081495628
531,0.011921458625525946,-0.05144579391841484,0.05920444033302497,0.0673510190683656
532,0.019292172719405566,-0.12452627495449255,0.08252514099847812,0.07024559099997014
533,0.038912595864044636,0.08137626451016083,-0.07324460624869444,-0.07287159440183819
534,-0.026901614395273186,0.06377010533854553,-0.10166810897914116,-0.10251857598997342
535,0.09962400405836888,0.02014263973023783,0.03607770582793709,0.040494166094715164
536,-0.08313688042732235,-0.22125570708125689,0.04434364835427172,0.04192653158664318
537,-0.27025454328429466,-0.17088418728178806,-0.061755841365521764,-0.08373369938229237
538,0.12307898898869024,0.0122646295246337,0.08356957416967561,0.07167795649189818
539,-0.18875891498313982,-0.15988779803646563,-0.05774223389334845,-0.05932380412401897
540,0.06796275849720987,-0.08477813255348988,0.05920444033302497,0.04682044701739727
541,-0.027856524723225206,-0.0950284981050998,0.1028319059413327,0.08504670108322639
542,-0.009325296171406403,-0.1650801229447047,0.10268270120259017,0.10739757094685325
543,-0.11505177404434362,-0.1352690161439527,0.019336934141028318,0.019262331771657065
544,-0.13376204828265345,-0.19445853600310345,-0.02245531318074662,-0.0241711676762854
545,0.18237295216496074,-0.09223836949061502,0.2782369968070185,0.27599892572588103
546,-0.13150905672764165,-0.09810211572319537,-0.0050729611172450825,-0.011921458625525946
547,-0.038539584017188384,-0.12555578765181583,0.055131150965354654,0.05075945212019933
548,0.008236101578586135,0.017486795380621287,-0.007117066038017366,-0.008952284324550147
549,0.06636626779266508,-0.25590104741726594,0.21460117573334125,0.2089313956611262
550,-0.1285846438482886,-0.07381158425591595,0.030601891916087254,0.02937841305839873
551,0.09407358777714779,-0.1265853003491391,0.19126555459401387,0.18787860702455908
552,-0.30318402912476494,-0.16572170332129746,-0.16369251887439942,-0.16126048163289664
553,0.06265106979797677,-0.14116260332428154,0.1956521739130434,0.1926979200859419
554,0.2305213213571663,0.1672286711825967,0.05010295126973232,0.05163976007878009
555,-0.03801736743158962,-0.12710751693473782,0.05037151979946882,0.05457909343200739
556,-0.12774909731133058,-0.23628062427262686,-0.009772910387633909,-0.00735579362000537
557,-0.04206081585151144,-0.2574676971740622,0.15688878278774132,0.15062218376055622
558,-0.2786100086538748,-0.1322401599474799,-0.1424457640774671,-0.14241592312971857
559,-0.18962430246784637,0.05941332696726447,-0.19250395392557665,-0.21057264778729368
560,-0.10918802781176327,-0.11485780788397838,-0.014099847811166482,-0.010324967920981169
561,-0.2614962251201098,0.029766345379129238,-0.2738354570141147,-0.27690907463221026
562,-0.15330786905792124,-0.14117752379815582,-0.05072961117245083,-0.0518188057652711
563,-0.08264450478947209,-0.09681895497000984,-0.045268717734475244,-0.043150010444331706
564,-0.3047208379338127,-0.29778281758228636,-0.057786995314971196,-0.07933215958938854
565,-0.035316761660350325,-0.03473486317925457,-0.03671928620452985,-0.04664140133090626
566,-0.29032258064516125,-0.0242606905195309,-0.1896392229417206,-0.18601354779027776
567,0.008131658261466383,-0.15717227179135207,0.0889111038166572,0.08953776371937572
568,0.02845334367819521,-0.2596311658858285,0.16488615678433943,0.17106323296827905
569,-0.12143773686252274,0.04553728626421174,-0.03519739786935633,-0.03421264659365581
570,-0.05962221360150397,-0.11327623765330785,0.0038047208379338123,0.009713228492136908
571,-0.2806839545223956,-0.0983259228313091,-0.09647578407090208,-0.10181731371788368
572,-0.11676762853988241,-0.14410193667750887,-0.02187341469965086,-0.019053445137417562
573,-0.04131479215779892,-0.24581480707827275,0.12745068783384558,0.13125540867177937
574,-0.16833278624929124,-0.1442660618901256,-0.12825639342305512,-0.12907701948613887
575,-0.07419951657664646,-0.16418489451224966,0.03216854167288353,0.029229208319656228
576,-0.1881024141326728,-0.3701023544507773,-0.04707409507325951,-0.05101310017606158
577,0.06666467727015009,-0.2720450001492047,0.18516308077944554,0.18006027871445193
578,-0.12506341201396554,-0.3465727671510847,0.15894780818238785,0.16391632598251318
579,0.1225567724030915,-0.006565008504670108,0.0787204201605443,0.07521410880009548
580,-0.0578765181582167,8.952284324550146e-05,-0.02915460595028498,-0.028408582256572466
581,-0.22932768344722626,-0.12090059980304972,-0.08725493121661541,-0.07782519172808927
582,-0.30294530154277693,-0.2581689594461519,-0.038569424964936885,-0.036092626301811336
583,-0.20966249888096442,-0.1341052191817612,-0.0928053474978365,-0.08998537793560323
584,0.018769956133806803,-0.19268299961206767,0.1698845155322133,0.1691832532601235
585,-0.04138939452717018,-0.11455939840649339,0.04847661961743904,0.055295276177971406
586,-0.21473545999820953,-0.10888961833427828,-0.08782190922383694,-0.08880666049953746
587,-0.037375787054996855,0.04307540807496046,-0.05902539464653397,-0.0547282981707499
588,0.07769090746322103,-0.10110113097191964,0.10633821730178149,0.10493569275760198
589,0.004908835904628331,-0.046850287965145766,0.04635791232729551,0.051833726239145346
590,-0.21609322312076626,-0.22379218763987938,-0.034973590761242575,-0.032049177881889525
591,0.007490077884873622,-0.2306406851481603,0.1613350840022679,0.15702306705260954
592,-0.12498880964459429,0.11315687386231385,-0.21122914863776068,-0.21613798454238903
593,0.000552057533347259,-0.30222911879681297,0.11985616663185221,0.11802094834531944
594,-0.1620512667482319,0.0614425114141625,-0.1723314732475903,-0.17747903673420665
595,-0.11711079943899015,-0.18984810957596007,-0.05668288024827668,-0.055534003759959406
596,0.058160007161827454,-0.08403210885977738,0.0852555877174659,0.08677747605263941
597,-0.20697681358359937,-0.14808570320193368,-0.10557727313419474,-0.09820655904031511
598,0.08747873832472917,-0.16948166273760853,0.11021754050908654,0.11955775715436721
599,-0.06399391244665929,0.0795559666975023,0.010190683656112916,0.016427441735549518
600,-0.3153292948584046,-0.23622094237712984,-0.1933842618841574,-0.19028080331831337
601,0.12354152367879202,-0.04435856882814597,0.09452120199337528,0.10566679597744023
602,0.026215272597057675,-0.1469965086091134,0.07504998358747872,0.08841872817880696
603,-0.16038017367431587,-0.3128226552475306,0.03340694100444629,0.0365551609919131
604,-0.1393870669332458,-0.25881053982274477,0.06465041329712631,0.06829100892244336
605,-0.18140312136313447,-0.499582226731521,0.25952672256870873,0.25970576825519975
606,-0.0792575572200173,-0.12378025126078003,0.032228223568380523,0.024618781892512903
607,-0.012563039002118706,-0.24013010653218342,0.11578287726418189,0.11552922920831964
608,0.07691504282176001,-0.05062516785533108,0.07273731013696995,0.0733788905135627
609,-0.1966220047148697,-0.047999164453463035,-0.12016949658321147,-0.11667810569663692
610,-0.04155351973978693,-0.14599683685953863,0.027871445197099456,0.027513353824117452
611,-0.14107308048103606,-0.06174092089164751,-0.09244725612485451,-0.09857957088717137
612,0.055936856554564166,-0.18211930410909846,0.17016800453582404,0.16684073886186623
613,0.09041807167795647,-0.21701829250096982,0.1929963295634269,0.18029900629643997
614,0.10896422070364951,-0.03956909671451165,0.13409029870788697,0.13001700934021665
615,-0.25439407955596666,0.01536808809047775,-0.20035212318343226,-0.21290024171167676
616,-0.1651099638924532,-0.011011309719196682,-0.11191847453075107,-0.10902390259914654
617,0.09413326967264479,-0.2114380352720002,0.168437229566411,0.16960102652860254
618,-0.19844230252752826,-0.1288532123780251,-0.062307898898869014,-0.059980304974485976
619,-0.1659753513771597,-0.03745038942436811,-0.10862104980454178,-0.10415982811614094
620,0.03131807466205126,-0.057786995314971196,0.12545134433469604,0.122288203873355
621,-0.07582584822893974,0.022276267494255615,-0.08453940497150188,-0.09134314105816
622,-0.06503834561785682,-0.04297096475784071,-0.022306108442004115,-0.013115096535465965
623,-0.0736176180955507,-0.06200948942138401,-0.09616245411954281,-0.07331920861806569
624,-0.1592312971859986,-0.0056996210199635935,-0.11672286711825966,-0.11420130703351138
625,-0.21792844140729903,-0.334606547103936,0.04297096475784071,0.028721912207931723
626,-0.19193697591835515,-0.1755990570260511,-0.0152338038256095,-0.008758318164184892
627,-0.21203485422697022,-0.1760019098206559,-0.13734296201247348,-0.13635821073677298
628,-0.05848825758706096,-0.21269135507743722,0.11276894154158333,0.12007997373996597
629,-0.1295395541762406,-0.025946704067321174,-0.0804213541822088,-0.07761630509384977
630,-0.10272746262421292,0.031407597505296765,-0.045268717734475244,-0.04121034884067917
631,0.001462206439676524,-0.11179911073975708,0.0783921697353108,0.0789293067947838
632,0.06487422040524006,-0.260257825788547,0.23013338903643576,0.22271791352093342
633,0.0025215600847482912,-0.27140341977261195,0.16960102652860254,0.16983975411059052
634,-0.15232311778222077,-0.17907552743875144,0.07111097848467667,0.06733609859449136
635,-0.06848497508280861,-0.22315060726328667,0.14659365581450864,0.1437289248306526
636,0.0051624839604905845,-0.1649010772582137,0.03294440631434454,0.027229864820506693
637,0.0854644743517054,-0.0892095132941422,0.13417982155113245,0.1350302885619647
638,-0.09461072483662081,-0.23262510817343554,0.05935364507176747,0.0705589209513294
639,0.018650592342812806,-0.2706723165527737,0.15068186565605324,0.13835755423592253
640,-0.13243412610784516,-0.13861120229178478,-0.08009310375697531,-0.07895914774253229
641,-0.20908060039986867,-0.08910506997702246,-0.13946166930261703,-0.1455044612216884
642,-0.05059532690758258,-0.24251738235206347,0.08777714780221418,0.0892095132941422
643,-0.17486795380621287,-0.1466085762883829,-0.05107278207155859,-0.03785324221897287
644,-0.11578287726418189,-0.3604040464325146,0.1186326877741637,0.11799110739757093
645,-0.08424099549401688,-0.1321804780519829,-0.008370385843454387,-0.0057294619677120935
646,-0.076079496284802,-0.26427143326072033,0.05104294112381008,0.058160007161827454
647,-0.18314881680642175,-0.18452150040285276,-0.12436214974187577,-0.12307898898869024
648,-0.14228163886485032,-0.061666318522276255,-0.052952761779714114,-0.04850646056518755
649,-0.21473545999820953,-0.3000805705589209,0.015532213303094504,0.02021724209960908
650,-0.16023096893557337,-0.015203962877860997,-0.08838888723105844,-0.0804213541822088
651,-0.1347020381367312,-0.2088866342395034,0.019560741249142068,0.016024588940944762
652,-0.07695980424338275,-0.1461311211244069,0.008295783474083135,0.009011966220047147
653,-0.004908835904628331,-0.043224612813702955,0.0031332995135925513,0.010175763182238666
654,-0.11555907015606814,-0.2948434842290591,0.076735997135269,0.06829100892244336
655,-0.03163140461341052,-0.11015785861358957,0.06409835576377905,0.06186028468264151
656,-0.09295455223657902,-0.138566440870162,-0.05219181761212735,-0.0556235266032049
657,0.09762466055921934,-0.21500402852794603,0.17467398764584763,0.18567037689117
658,-0.016710930739160273,-0.14927934111187371,0.06375518486467129,0.05965205454925247
659,-0.04805884634896004,-0.25681119632359517,0.15460595028498103,0.14856315836590966
660,-0.0925069380203515,-0.042866521440720944,0.08430067738951388,0.08139118498403508
661,-0.22859658022738796,-0.2010384649816478,-0.1279281429978216,-0.12113932738503773
662,-0.38585837486198554,-0.1421771955477306,-0.2251350302885619,-0.22335949389752616
663,0.04537316105159499,-0.21398943630449702,0.16930261705111752,0.16409537166900418
664,-0.04999850795261257,-0.2859956432216286,0.1419235474918683,0.15138312792814296
665,-0.07572140491181999,-0.24517322670168,0.08683715794813641,0.0885828533914237
666,-0.11417146608576288,-0.11282862343708036,-0.00616215571006535,-0.007519918832622122
667,-0.034943749813494074,-0.10151890424039867,-0.03683864999552385,-0.0394049715018949
668,-0.12397421742114527,-0.004401539792903822,-0.13665662021425798,-0.1315836590970129
669,-0.09302915460595026,-0.24681447882784754,0.08122705977141832,0.08243561815523259
670,-0.0986541732565426,-0.01159320820029244,-0.0669630867476351,-0.08028706991734057
671,-0.04984930321387006,-0.016860135477902775,-0.008310703947957385,-0.009101489063292648
672,-0.09353645071767477,-0.2307152875175315,-0.019739786935633073,-0.023544507773566883
673,-0.05630986840142042,-0.06436692429351555,-0.016576646474292023,-0.01848646713019605
674,-0.21361642445764076,0.008847841007430395,-0.20491778818895282,-0.20270955805556382
675,-0.091820596222136,0.044627137357882485,-0.15007012622720894,-0.15579958819492107
676,-0.15618752051565155,-0.09185043716988452,-0.10454776043687147,-0.10586076213780547
677,-0.06881322550804213,-0.24002566321506366,0.04482110351824773,0.03391423711617081
678,-0.005416132016352838,-0.13582107367729998,0.08650890752290291,0.07937692101101129
679,-0.06315836590970128,-0.11159022410551757,0.03482438602250007,0.03109426755393751
680,-0.06967861299274863,-0.23083465130852554,0.08258482289397509,0.09186535764375875
681,-0.055563844707707914,-0.038957357285667384,-0.027035898660141444,-0.018710274238309805
682,-0.023932440094297392,-0.14290829876756883,0.03989734713974515,0.043358897078571206
683,0.00425233505416132,0.058562859956432206,-0.007445316463250871,-0.021008027214944346
684,-0.061054579093432,-0.30364656381486677,0.1499955238578377,0.14410193667750887
685,-0.22237474262182566,-0.22846229596251977,-0.021351198114052096,-0.02396228104204589
686,-0.10468204470173971,-0.26474888842469635,0.02433529288890215,0.030512369072841744
687,-0.2508877681955179,-0.2614663841723613,-0.09996717495747663,-0.1005789143863209
688,-0.14856315836590966,-0.1225567724030915,-0.021172152427561097,-0.026066067858315178
689,0.030184118647608244,-0.03785324221897287,0.022321028915878366,0.029706663483632236
690,-0.22565724687416072,0.05641431171854018,-0.13804422428456326,-0.13283697890244994
691,-0.09529706663483631,-0.049237563785025806,-0.12830115484467786,-0.13016621407895912
692,-0.16021604846169912,-0.2392647190474769,0.027916206618722204,0.02624511354480618
693,-0.08752349974635193,0.08077944555519083,-0.09132822058428573,-0.0888215809734117
694,-0.13708931395661123,-0.35045209035838976,0.09426755393751304,0.09475992957536329
695,-0.07042463668646115,-0.22743278326519648,0.11162006505326608,0.12128853212378024
696,-0.11599176389842139,-0.17625555787651812,-0.014995076243621494,-0.01148876488317269
697,-0.06593357405031182,-0.07485601742711348,-0.02811017277908746,-0.03270567873235654
698,-0.2065888812628689,-0.02255975649786637,-0.18286532780281098,-0.1893706544119841
699,-0.1899376324192056,-0.15042821760019096,-0.02796096804034496,-0.026647966339410932
700,-0.23484825878069884,-0.13261317179433618,-0.031124108501686013,-0.04892423383366655
701,-0.043120169496583205,-0.06659007490077884,-0.08625525946704066,-0.08397242696428038
702,-0.04647727611828951,-0.08048103607770582,0.0860016114111784,0.08362925606517262
703,0.07272238966309569,-0.1467876219748739,0.16334934797529166,0.15942526334636384
704,0.08437527975888512,-0.24921667512160178,0.1918772940228581,0.1957267762824147
705,0.11472352361911013,0.055802572289695915,0.04978962131837306,0.054519411536510395
706,-0.08976157082748946,-0.05414639968965413,-0.04531347915609799,-0.04761123213273253
707,-0.14602667780728715,-0.25754229954343344,-0.0091164095371669,-0.009071648115544149
708,-0.026066067858315178,-0.2026051147384441,0.12692847124824683,0.12022917847870845
709,-0.31001760615917157,-0.11629017337590641,-0.20524603861418636,-0.20584285756915638
710,-0.11733460654710391,-0.2318940049535973,0.08085404792456206,0.076616633344275
711,-0.20657396078899462,-0.36012055742890386,0.07060368237295216,0.08379338127778937
712,-0.0518486467130196,-0.379860344364537,0.122526931455343,0.12240756766434902
713,0.0024917191369997907,0.1737190773178956,-0.07375190236041895,-0.07467697174062247
714,-0.19205633970934916,-0.15832114827966934,-0.0737071409387962,-0.07827280594431678
715,-0.11236608874697858,-0.303363074811256,0.02855778699531497,0.04297096475784071
716,-0.3427083644176539,-0.1406105457909343,-0.22680612336247796,-0.2341768374563576
717,-0.011906538151651694,0.036495479096416095,-0.016322998418429765,-0.016949658321148278
718,-0.0881650801229447,-0.19818865447166598,0.0334367819521948,0.030064754856614237
719,-0.1036972934260392,-0.26343588672376234,0.11336576049655336,0.10772582137208676
720,-0.05093849780669033,-0.21607830264689207,0.04225478201187669,0.045611888633582995
721,-0.428874101041449,-0.31855211721524274,-0.1481603055713049,-0.13990928351884452
722,-0.03855450449106263,-0.09647578407090208,0.03816657217033212,0.05356450120855837
723,-0.02624511354480618,-0.09188027811763301,0.02188833517352511,0.011996060994897197
724,0.000731103219838262,-0.15751544269045983,0.153531676166035,0.15320342574080148
725,-0.2512458595684998,-0.21375070872250898,-0.029736504431380734,-0.029721583957506487
726,0.03779356032347587,-0.09135806153203424,0.11922950672913368,0.136179165050282
727,-0.27729700695294074,-0.260496553370535,-0.09174599385276473,-0.07849661305243054
728,0.0041478917370415674,0.021022947688818596,-0.013249380800334217,-0.007922771627226878
729,-0.019411536510399566,-0.015502372355346003,-0.03819641311808062,-0.03263107636298528
730,-0.2304019575661723,-0.30706335233207,-0.011205275879561933,-0.006803736086658111
731,-0.007057384142520366,0.059577452179881224,-0.0736176180955507,-0.08022738802184357
732,0.04292620333621795,0.16194682343111216,-0.05090865685894184,-0.049192802363403065
733,-0.13412013965563546,0.05477305959237264,-0.08328608516606485,-0.07858613589567603
734,-0.1246008773238638,-0.10866581122616452,-0.10217540509086569,-0.10128017665841066
735,0.1043836352242547,0.03391423711617081,0.06936528304138938,0.056265106979797676
736,0.04206081585151144,0.007475157410999372,-0.02208230133389036,-0.016666169317537522
737,-0.07806391931007728,-0.2134224582972755,0.05304228462295962,0.06115902241055175
738,-0.06870878219092237,-0.1553370535048193,0.02873683268180597,0.033600907164811546
739,-0.25439407955596666,-0.21765987287756255,-0.09441675867625554,-0.09025394646533973
740,0.1045029990152487,-0.091999641908627,0.14463907373698187,0.13716391632598252
741,0.12907701948613887,0.17188385903136283,0.044537614514636975,0.047775357345349274
742,-0.0916713914833935,-0.09922115126376413,-0.045432842947091996,-0.03861418638655963
743,0.024887350422249408,-0.0762287010235445,0.04170272447852943,0.04434364835427172
744,-0.014443018710274239,-0.08619557757154366,-0.04128495121005043,-0.03495867028736832
745,-0.33509892274178626,-0.30473575840768696,-0.061651398048402,-0.05821968905732445
746,-0.0973710125033571,-0.17988123302796094,0.08361433559129836,0.07804899883620303
747,-0.01286144847960371,-0.10125033571066216,0.07561696159470024,0.07724329324699351
748,0.07406523231177821,-0.1201545761093372,0.10553251171257197,0.11091880278117631
749,-0.2032616155889111,0.01771060248873504,-0.19888991674375578,-0.20851362239264715
750,-0.010369729342603919,-0.20317209274566556,0.03886783444242189,0.03956909671451165
751,-0.09853480946554861,-0.33762048282653456,0.17992599444958368,0.16979499268896778
752,-0.1809107457252842,-0.25321536211990087,0.010190683656112916,0.011339560144430183
753,-0.0049237563785025805,-0.292217480827191,0.13765629196383275,0.13537345946107246
754,0.05252006803736086,-0.0399421085613679,0.07300587866670644,0.07761630509384977
755,-0.17188385903136283,0.03568977350720658,-0.19153412312375034,-0.19043000805705587
756,-0.14023753394407804,-0.08756826116797467,-0.11003849482259555,-0.11472352361911013
757,-0.08911999045089672,-0.14302766255856283,-0.0033421861478320552,0.007251350302885619
758,-0.039688460505505646,0.013622392647190472,0.054758139118498396,0.06239742174211452
759,-0.05163976007878009,-0.2675240965653069,0.0900152188833517,0.0820178448867536
760,-0.19065381516516963,-0.13144937483214464,-0.03236250783324878,-0.03125839276655426
761,-0.02020232162573483,0.00854943152994539,0.03145235892691951,0.013995404494046728
762,-0.042657634806481444,0.03883799349467339,-0.08485273492286115,-0.08258482289397509
763,-0.25242457700456566,-0.013607472173316221,-0.19095222464265463,-0.19823341589328874
764,-0.11457431888036762,-0.09519262331771655,-0.036361194831547844,-0.04323953328757721
765,0.03879323207305063,0.028945719316045473,0.02955745874488973,0.02805049088359046
766,-0.06514278893497656,-0.26531586643191785,0.08322640327056785,0.08052579749932856
767,0.010683059293963175,-0.16754200113395598,0.10157858613589567,0.09073140162931573
768,0.05677240309152218,0.05909999701590521,-0.03097490376294351,-0.024857509474500907
769,-0.08128674166691532,-0.2102443973620602,0.02296260929247113,0.024767986631255408
770,-0.09437199725463279,-0.1291516218555101,-0.02079914058070484,-0.017606159171615288
771,-0.1254065829130733,-0.14965235295872995,-0.03176568887827877,-0.020843902002327594
772,-0.2769836770015815,0.027975888514219206,-0.2182119304109098,-0.21780907761630505
773,0.05428068395452239,-0.22598549729939418,0.08001850138760407,0.07889946584703529
774,-0.11393273850377486,-0.13240428516009667,0.0042075736325385684,0.007564680254244874
775,-0.16115603831577688,-0.12563039002118706,-0.10495061323147621,-0.10113097191966816
776,-0.2296410133985855,-0.0520575333472591,-0.009250693802035151,-0.01471158724001074
777,-0.0021485482378920348,-0.18668496911461904,0.12536182149145056,0.11342544239205034
778,-0.3000208886634239,-0.3075855689176688,-0.09471516815374055,-0.1005192324908239
779,-0.16248396049058514,-0.021172152427561097,-0.1320014323654919,-0.13024081644833038
780,-0.16500552057533346,-0.3078839783951538,0.005714541493837843,0.011175434931813432
781,-0.04956581421025932,-0.15374056280027454,-0.008668795320939391,-0.019456297932022318
782,-0.08770254543284293,-0.22947688818596873,0.057831756736593944,0.06393423055116229
783,-0.16542329384381246,-0.1186625287219122,-0.09340216645280652,-0.09580436274656082
784,-0.01041449076422667,0.053788308316672126,0.0043269374235325704,0.011817015308406191
785,-0.08559875861657365,-0.1690638894691295,-0.047476947867864286,-0.045149353943481234
786,-0.1556951448778013,-0.321312404881979,0.05150547581391184,0.06453104950613231
787,0.0677091104413476,-0.053087046044582364,0.08919459282026797,0.08931395661126196
788,-0.08136134403628659,-0.24190564292321923,0.027423830980871946,0.024917191369997906
789,-0.19069857658679235,-0.11475336456685863,-0.18826653934528959,-0.1857748202082898
790,-0.03264599683685953,-0.1099340515054758,0.08709080600399867,0.08671779415714241
791,-0.06823132702694637,-0.11021754050908654,-0.015562054250843007,-0.030945062815195008
792,-0.08738921548148368,0.138984214138641,-0.18696845811822982,-0.1921309420787204
793,-0.14104323953328757,-0.23659395422398613,0.03107934708006326,0.029050162633165223
794,-0.01650204410492077,-0.17130196055026706,0.17682253588373964,0.1728686103070633
795,0.06833577034406611,-0.029050162633165223,0.039419891975769145,0.03398883948554206
796,-0.05701113067351018,-0.049207722837277305,-0.017382352063501534,-0.001044433171197517
797,-0.04170272447852943,-0.1033093611053087,0.055295276177971406,0.05348989883918713
798,-0.10926263018113454,-0.26522634358867236,0.008668795320939391,0.004043448419921816
799,-0.136835665900749,-0.09902718510339885,-0.077153770403748,-0.06603801736743159
800,-0.12498880964459429,-0.18796812986780456,-0.0006415803765927604,0.01842678523469905
801,-0.048804870042672546,-0.39075229029273967,0.16294649518068693,0.16057413983468113
802,-0.0797051714362448,-0.25919847214347524,0.05304228462295962,0.06559040315120407
803,-0.08785175017158543,-0.023007370714093874,-0.04122526931455343,-0.040703052728954664
804,0.0022977529766345377,-0.00553549580734684,0.042941123810092206,0.042612873384858696
805,0.14080451195129956,-0.11669302617051115,0.1164990600101459,0.1154844677866969
806,-0.0578765181582167,-0.16966070842409953,0.10037002775208138,0.10056399391244664
807,-0.09246217659872875,-0.2399809017934409,-0.008668795320939391,-0.006908179403777863
808,-0.14962251201098148,0.027065739607889938,-0.13562710751693471,-0.122228521977858
809,0.01924741129778281,-0.1302258959744561,0.03806212885321237,0.05437020679776789
810,-0.17598698934678164,0.009847512757005161,-0.12901733759064188,-0.14080451195129956
811,-0.1512339231894005,-0.06967861299274863,-0.15602339530303477,-0.153113902897556
812,-0.22770135179493298,-0.31213631344931514,0.01462206439676524,0.017606159171615288
813,-0.013383665065202468,-0.14117752379815582,0.14380352720002387,0.14844379457491566
814,-0.034376771806272556,-0.1097251648712363,0.011279878248933185,0.006923099877652114
815,-0.1863119572677628,-0.05231118140312136,-0.15696338515711256,-0.1539196084867655
816,-0.11846856256154695,-0.32420697681358357,0.16797469487630923,0.16700486407448295
817,-0.0485213810390618,-0.09513294142221955,-0.02545432842947092,-0.0274685924024947
818,-0.15938050192474112,-0.23595237384739337,-0.04041956372534391,-0.02696129629077019
819,-0.037271343737877105,-0.1286144847960371,0.012309390946256452,0.014920473874250245
820,-0.04686520843902001,-0.24503894243681174,0.12248217003372026,0.1255259467040673
821,-0.16209602816985466,-0.08961236608874697,-0.02934857211065023,-0.023126734505087874
822,-0.09674435260063859,-0.10974008534511055,0.03712213899913461,0.03463041986213482
823,-0.17255528035570408,-0.12533198054370207,-0.09240249470323177,-0.09007490077884871
824,0.00802721494434663,-0.12316851183193576,0.10956103965861955,0.11018769956133805
825,-0.0007758646414610126,-0.1217212258661335,0.041613201635283925,0.04458237593625973
826,-0.0801826266002208,-0.17637492166751212,0.04219510011637969,0.04334397660469696
827,-0.08154038972277759,-0.0823460953119871,0.005087881591119333,0.0012980812270597711
828,-0.20375399122676133,-0.08303243711020261,-0.20233654620870756,-0.2090059980304974
829,-0.13018113455283337,-0.0794067619587598,-0.1005789143863209,-0.09996717495747663
830,-0.08580764525081315,-0.19951657664647426,0.026603204917788188,0.02332070066545313
831,-0.123422159887798,-0.20551460714392286,0.09026886693921397,0.08464384828862163
832,-0.11205275879561934,-0.00798245352272388,-0.04458237593625973,-0.045731252424577
833,-0.11539494494345139,-0.28601056369550293,0.12989764554922262,0.12988272507534837
834,-0.17712094536122464,-0.3293545403001999,0.011802094834531943,0.023738473933932143
835,-0.06011458923935423,-0.11748381128584642,0.03533168213422458,0.039658619557757145
836,-0.11937871146787621,-0.1515174121930112,-0.00040285279460475654,-0.001417445018053773
837,-0.052415624720241104,0.10071319865118913,-0.09489421384023156,-0.0981170361970696
838,0.017934409596848794,-0.1745247829071051,0.0983557637790576,0.10665154725314074
839,-0.06494882277461131,-0.2753125839276655,0.03109426755393751,0.03185521172152427
840,0.010832264032705676,-0.1213929754409,0.05865238279967771,0.05842857569156395
841,-0.35155620542508426,-0.5531168869923307,-0.019560741249142068,-0.011503685357046937
842,-0.10219032556473992,-0.11382829518665512,-0.09414819014651903,-0.09420787204201603
843,-0.09176091432663899,-0.3454835725582644,0.10371221389991345,0.11739428844260091
844,0.018501387604070302,-0.23775775118617765,0.08982125272298648,0.0913133001104115
845,-0.10481632896660796,-0.15673957804899882,-0.008624033899316642,-0.0019545820775267817
846,-0.2052908000358091,-0.2012771925636358,-0.013831279281429975,-0.0152338038256095
847,-0.1643042583032437,-0.18908716540837334,0.017486795380621287,0.019187729402285813
848,-0.11230640685148158,-0.1217809077616305,-0.045268717734475244,-0.04216525916863119
849,-0.08536003103458564,-0.0647697770881203,-0.008952284324550147,-0.009862433230879411
850,-0.10941183491987704,-0.026618125391662435,-0.10996389245322429,-0.11099340515054756
851,-0.04955089373638506,-0.07000686341798214,-0.00183521828653278,-0.0005818984810957594
852,-0.2686282116320014,-0.4011070991614693,-0.10624869445853599,-0.10641281967115275
853,-0.08533019008683715,-0.06942496493688638,-0.011056071140819431,-0.005207245382113335
854,-0.01477126913550774,-0.14493748321446687,0.0896869684581182,0.09319327981856702
855,-0.01903852466354331,-0.1306884306645579,0.062457103637611526,0.0642326400286473
856,-0.04001671093073915,-0.06976813583599413,0.006878338456029363,0.009951956074124912
857,-2.9840947748500487e-05,-0.012145265733639698,-0.02506639610874041,-0.010145922234490165
858,0.21475038047208375,-0.28087792068276085,0.28999433021992777,0.30980871952493205
859,0.019292172719405566,-0.10668138820088925,-0.008459908686699888,-0.006833577034406612
860,-0.28590612037838314,-0.17952314165497893,-0.1496672734326042,-0.16393124645638743
861,0.0731700038793232,-0.25073856345677537,0.17025752737906952,0.17282384888544058
862,-0.1313747724627734,-0.1657067828474232,0.03879323207305063,0.034675181283757565
863,-0.00604279191907135,-0.24621765987287753,0.14775745277670016,0.1450120855838381
864,-0.1818954970009847,-0.10918802781176327,-0.18689385574885853,-0.17744919578645815
865,0.0019545820775267817,-0.14866760168302942,0.12198979439586999,0.13414998060338396
866,-0.19544328727880395,-0.02015756020411208,-0.1257646742860553,-0.12882337143027658
867,-0.060711408194324246,-0.09923607173763838,-0.027319387663752196,-0.022321028915878366
868,-0.045776013846199747,-0.11831935782280444,0.021619766643788604,0.01900868371579481
869,0.024245770045656645,-0.044537614514636975,-0.009265614275909401,-0.014368416340902985
870,-0.185013876040703,-0.12533198054370207,-0.16884008236101578,-0.17055593685655454
871,-0.08433051833726238,-0.228715944018382,0.05477305959237264,0.05081913401569633
872,-0.011354480618304436,-0.30586971442213,0.1465488943928859,0.14620572349377814
873,-0.21287040076392824,-0.24397958879173998,-0.08225657246874159,-0.08288323237146011
874,-0.09383486019515978,0.019754707409507324,-0.0734385724090597,-0.07980961475336455
875,-0.15330786905792124,-0.054832741487869645,-0.12110948643728923,-0.12346692130942079
876,-0.11166482647488882,-0.08788159111933394,-0.137909940019695,-0.13908865745576077
877,-0.10189191608725492,-0.031885052669272766,-0.0518188057652711,-0.061532034257408004
878,-0.11997553042284621,0.0366446838351586,-0.0742144370505207,-0.0797648533317418
879,-0.1488317268956462,-0.2066187222106174,0.023544507773566883,0.0215004028527946
880,-0.04946137089313955,-0.17386828205663807,0.011742412939034943,0.010862104980454177
881,-0.2725224553131807,-0.2543791590820924,-0.12800274536719286,-0.1252275372265823
882,0.023947360568171643,0.08541971293008264,-0.06866402076929963,-0.06829100892244336
883,-0.022127062755513113,-0.19859150726627076,0.03574945540270358,0.03172092745665602
884,0.09719196681686608,-0.1106502342514398,0.1101727790874638,0.11600668437229565
885,-0.14534033600907162,-0.0009101489063292648,-0.02757303571961445,-0.03512279549998507
886,-0.1392677031422518,0.018635671868938553,-0.0916117095878965,-0.08604637283280114
887,-0.14548954074781414,-0.24430783921697352,-0.03236250783324878,-0.03119871087105726
888,-0.16622899943302194,0.04619378711467875,-0.16311062039330365,-0.16111127689415414
889,-0.04162812210915818,-0.1303303392915759,0.04625346901017575,0.05061024738145683
890,0.018247739548208047,-0.15866431917877707,0.037032616155889105,0.03552564829458983
891,0.05687684640864193,-0.10774074184596101,0.058667303273551956,0.06214377368625226
892,-0.10680075199188324,-0.15318850526692726,0.03216854167288353,0.03307869057921279
893,-0.1342842648682522,-0.12206439676524125,0.012383993315627704,0.018173137178836795
894,-0.17786696905493715,-0.028886037420548478,-0.10181731371788368,-0.10732296857748201
895,-0.16797469487630923,-0.338545552206738,0.03383963474679955,0.028513025573692216
896,-0.1960251857598997,-0.32040225597564975,-0.05887618990779146,-0.06281519501059353
897,-0.2858016770612634,-0.008624033899316642,-0.12418310405538478,-0.13652233594938976
898,-0.061726000417773264,-0.08547939482557965,-0.04764107308048104,-0.03495867028736832
899,-0.017352511115753033,-0.030691414759332757,-0.0009698308018262658,0.0009996717495747663
900,-0.1585449553877831,-0.13987944257109602,-0.06385962818179104,-0.062427262689863025
901,-0.09756497866372234,-0.05859270090418071,-0.11333591954880486,-0.1269732326698696
902,0.1133806809704276,0.05256482945898361,0.06547103936021006,0.06338217301781503
903,0.0666945182178986,-0.08798603443645368,0.10086240338993166,0.10311539494494343
904,0.05117722538867833,-0.035585330190086834,-0.025767658380830172,-0.026066067858315178
905,-0.184058965712751,-0.0885828533914237,-0.13892453224314402,-0.1458625525946704
906,-0.1012652561845364,-0.07930231864164006,-0.05135627107516934,-0.06382978723404255
907,-0.053474978365312884,0.014845871504878993,-0.0702903524215929,-0.08279370952821459
908,-0.09486437289248305,-0.25248425890006265,0.0797648533317418,0.07831756736593953
909,-0.0489093133597923,-0.18046313150905668,0.08946316135000447,0.0884933305481782
910,-0.06582913073319208,-0.37281788069589084,0.09656530691414758,0.11667810569663692
911,-0.05723493778162393,-0.2501417445018054,0.11288830533257735,0.10865089075229026
912,-0.09355137119154902,-0.08462892781474739,-0.027035898660141444,-0.021455641431171853
913,0.004789472113634328,-0.2835188445585031,0.21861478320551456,0.21864462415326305
914,0.09022410551759123,-0.16737787592133924,0.11508161499209213,0.0856435200381964
915,-0.10824803795768552,0.04816328966607979,-0.09511802094834532,-0.09511802094834532
916,0.07687028140013727,-0.06945480588463489,0.15861955775715436,0.16343887081853717
917,-0.050923577332816085,0.024290531467279396,-0.12203455581749274,-0.11842380113992418
918,-0.12630181134552831,-0.26242129450031326,0.06951448778013189,0.07433380084151471
919,-0.10381665721703319,-0.009996717495747662,-0.12865924621765984,-0.13276237653307868
920,-0.15275581152457401,-0.15579958819492107,-0.004237414580287069,-0.0022828325027602872
921,-0.31425502073945866,-0.05663811882665393,-0.20467906060696486,-0.20442541255110258
922,-0.1793590164423622,-0.32258064516129026,0.015576974724717254,0.013607472173316221
923,-0.015741099937334007,-0.17555429560442837,0.07363253856942495,0.0732296857748202
924,-0.0400017904568649,0.00020888663423950345,-0.11919966578138519,-0.11511145593984062
925,-0.023425143982572883,-0.2952463370236638,0.13483632240159946,0.13088239682492314
926,-0.41589328877085124,-0.3578824863477663,-0.10365253200441644,-0.1099042105577273
927,0.07272238966309569,-0.08130166214078959,0.14053594342156306,0.12974844081048012
928,0.022738802184357372,-0.11570827489481064,0.03395899853779356,0.0246486228402614
929,-0.31871624242785945,-0.15448658649398703,-0.2406821640655307,-0.23853361582763866
930,-0.2184804989406463,-0.2233445734236519,-0.07588553012443675,-0.07813852167944853
931,-0.009534182805645905,0.009847512757005161,0.0852555877174659,0.09068664020769297
932,-0.025514010324967917,-0.12415326310763629,0.03725642326400286,0.02866223031243472
933,-0.013458267434573722,-0.24890334517024254,0.1881770165020441,0.18862463071827162
934,-0.021097550058189845,-0.03692817283876935,-0.058204768583450195,-0.054056876846408634
935,-0.06029363492584524,-0.13893945271701827,-0.02500671421324341,-0.011861776730028945
936,-0.2238518695353764,-0.08421115454626837,-0.13870072513503026,-0.13294142221956967
937,-0.14857807883978394,-0.3189400495359732,0.021470561905046103,0.018695353764435558
938,0.06811196323595237,-0.1564113276237653,0.11806570976694218,0.12079615648592998
939,-0.20381367312225834,-0.10037002775208138,-0.056399391244665927,-0.045044910626361484
940,-0.002267912028886037,-0.05292292083196561,0.10029542538271013,0.11157530363164334
941,-0.06943988541076063,-0.13510489093133596,0.0017307749694130284,0.0018501387604070304
942,-0.12122885022828324,-0.15327802811017274,-0.0005222165855987585,-0.004520903583897823
943,-0.10275730357196143,-0.09337232550505803,-0.02948285637551848,-0.03063173286383575
944,-0.24864969711438034,-0.3394706215869415,0.012339231894004953,0.0017158544955387781
945,-0.010295126973232668,-0.009578944227268656,-0.062367580794366016,-0.06309868401420429
946,-0.13513473187908445,-0.35537584673689226,0.13628360836740172,0.1349109247709707
947,-0.03227298499000328,-0.059980304974485976,0.002954253827101548,-0.005938348601951597
948,0.03501835218286532,-0.30196055026707647,0.2405180388529139,0.2465906717197338
949,-0.18696845811822982,0.025021634687117662,-0.12204947629136698,-0.12524245770045656
950,-0.12751036972934257,-0.09168631195726776,-0.031228551818805763,-0.02863238936468622
951,-0.10551759123869772,-0.14134164901077256,0.09396914446002805,0.09501357763122555
952,-0.08950792277162722,-0.08840380770493268,-0.007057384142520366,-0.007519918832622122
953,0.12848020053116885,-0.11039658619557756,0.15955954761123212,0.15584434961654378
954,-0.12428754737250453,-0.02508131658261466,-0.0979081495628301,-0.09331264360956103
955,-0.13265793321595892,-0.10538330697382949,-0.07246874160723343,-0.0794067619587598
956,-0.1973829488824565,-0.21367610635313777,-0.04586553668944525,-0.04162812210915818
957,-0.0017158544955387781,-0.08515114440034614,-0.0056399391244665925,-0.0056399391244665925
958,-0.09762466055921934,-0.09565515800781832,-0.1126346572767151,-0.11391781802990061
959,-0.13711915490435975,-0.17920981170361966,-0.0394646533973919,-0.038464981647817136
960,-0.184178329503745,0.04209065679925994,-0.2128256393423055,-0.2159440183820238
961,-0.15811226164542982,-0.3369490615021932,0.18138820088926022,0.18095550714690697
962,-0.11579779773805614,-0.1771060248873504,0.10974008534511055,0.11363432902628987
963,0.01102623019307093,0.07490077884873622,0.00796753304884963,-0.0028945719316045473
964,-0.020649935841962338,-0.2789681000268568,0.169332457998866,0.16809405866730323
965,0.043821431768672967,0.09962400405836888,-0.01781504580585479,-0.01635283936617827
966,-0.17917997075587117,-0.36388051684521494,0.051371191549043585,0.04750678881561277
967,0.2832502760287666,-0.0047148697442630765,0.2489331861179911,0.2389364686222434
968,0.05629494792754617,-0.2626003401868043,0.16572170332129746,0.15585927009041806
969,-0.22532899644892718,-0.47902181373280406,0.07812360120557427,0.07282683298021543
970,0.17403240726925487,-0.2238220285876279,0.3554056876846408,0.36586493987049024
971,-0.07482617647936497,-0.15699322610486108,0.06578436931156932,0.06372534391692279
972,-0.1501447285965802,-0.14959267106323296,-0.011250037301184684,-0.010504013607472173
973,-0.12945003133299512,-0.08518098534809465,-0.11742412939034942,-0.1290024171167676
974,0.03767419653248187,0.04443317119751723,-0.06244218316373728,-0.06512786846110231
975,0.1403419772611978,0.08380830175166362,-0.0013876040703052729,-0.000984751275700516
976,-0.27805795112052756,-0.04628330995792426,-0.17010832264032702,-0.17060069827817728
977,0.026677807287159436,-0.2117662856972337,0.1594700247679866,0.14772761182895167
978,-0.06427740145027004,-0.30819730834651304,0.12668974366625882,0.12254185192921727
979,0.02628987496642893,0.12646593655814506,-0.030601891916087254,-0.03495867028736832
980,-0.13459759481961145,-0.02208230133389036,-0.10882993643878128,-0.10687535436125449
981,0.1314344543582704,-0.2071260183223419,0.21181104711885645,0.20306764942854585
982,0.013234460326459965,0.12063203127331322,-0.04156844021366118,-0.04189669063889469
983,-0.11173942884426007,-0.18647608248037956,-0.03879323207305063,-0.03715197994688311
984,-0.00856435200381964,-0.335263047954403,0.14262480976395808,0.14025245441795228
985,-0.2160633821730178,-0.22662707767598694,0.00547581391184984,0.0017307749694130284
986,-0.07217033212974842,-0.260735280952523,0.014666825818387989,0.010116081286741666
987,-0.04406015935066097,-0.004237414580287069,-0.023544507773566883,-0.023425143982572883
988,-0.1249291277490973,-0.20369430933126434,0.04729790218137327,0.027796842827728208
989,0.14911521589925694,-0.15007012622720894,0.13899913461251528,0.13884992987377276
990,-0.022335949389752616,-0.29991644534630413,0.08482289397511264,0.08239085673360985
991,0.05104294112381008,0.04792456208409178,-0.008146578735340634,-0.00850467010832264
992,-0.11978156426248096,-0.0430008057055892,-0.022276267494255615,-0.019948673569872576
993,-0.1772552296260929,-0.15669481662737605,-0.041643042583032426,-0.04246366864611619
994,0.016636328369789025,-0.09347676882217777,0.09411834919877053,0.1009071648115544
995,-0.18962430246784637,-0.0004625346901017576,-0.12761481304646236,-0.12663006177076183
996,0.037166900420757355,-0.08812031870132193,0.05328101220494762,0.051401032496792086
997,-0.10526394318283548,-0.08755334069410044,-0.021112470532064095,-0.019739786935633073
998,-0.10963564202799078,-0.10392110053415295,-0.008862761481304644,0.0065351675569216075
999,-0.0369430933126436,-0.23393810987436955,0.15004028527946045,0.14443018710274236
1000,-0.1964429590283787,-0.06141267046641401,-0.13646265405389274,-0.13532869803944972
1001,0.03977798334875115,-0.14751872519471215,0.06514278893497656,0.06354629823043179
1002,-0.06823132702694637,-0.27146310166810894,0.1094565963414998,0.11129181462803257
1003,-0.08452448449762762,-0.04708901554713377,-0.06271075169347377,-0.05954761123213272
1004,-0.13009161170958788,-0.0735579362000537,-0.09646086359702782,-0.09191011906538152
1005,-0.07161827459640117,-0.0916117095878965,-0.04925248425890005,-0.04849154009131329
1006,-0.136298528841276,-0.15582942914266953,0.08413655217689713,0.06418787860702456
1007,-0.05275879561934886,-0.01936677508877682,0.04385127271642147,0.04464205783175673
1008,-0.14863776073528095,-0.3331592611381337,-0.01457730297514249,-0.008937363850675895
1009,0.015024917191369997,0.031810450299901524,-0.01095162782369968,-0.013159857957088714
1010,-0.033287577213452296,0.04353794276506221,-0.0018799797081555305,-0.011309719196681686
1011,-0.1372832801169765,-0.05848825758706096,-0.0274387514547462,-0.0278266837754767
1012,-0.045776013846199747,-0.229491808659843,0.06354629823043179,0.06463549282325207
1013,-0.13310554743218644,-0.1583957506490406,0.021381039061800597,0.01041449076422667
1014,-0.23061084420041178,-0.0985944913610456,-0.1353883799349467,-0.13359792307003668
1015,0.10609948971979348,-0.1947420250067142,0.2344155650383456,0.23237146011757326
1016,-0.09571483990331532,-0.03782340127122437,-0.05104294112381008,-0.057443824415863445
1017,0.057443824415863445,0.09945987884575214,0.008922443376801646,-0.004550744531646324
1018,-0.16737787592133924,-0.1980394497329235,0.034078362328787554,0.018128375757214047
1019,-0.1619319029572379,-0.10586076213780547,-0.0765867923965265,-0.06626182447554534
1020,-0.02876667362955447,-0.06632150637104234,0.06359105965205453,0.058100325266330445
1021,-0.1580376592760586,-0.031377756557548264,-0.122885022828325,-0.11831935782280444
1022,-0.10424935095938645,-0.38635075049983586,0.10514457939184146,0.11466384172361313
1023,-0.06512786846110231,-0.060219032556473984,0.023902599146548888,0.02626003401868043
1024,-0.24315896272865622,-0.3232669869595058,-0.04790964161021753,-0.05266927277610336
1025,0.028811435051177222,0.018814717555429555,0.022440392706872366,0.024827668526752403
1026,-0.09747545582047684,-0.0709468532720599,-0.01699441974277103,-0.022306108442004115
1027,0.06514278893497656,-0.14037181820894631,0.11499209214884663,0.13356808212228818
1028,-0.007833248783981379,-0.02745367192862045,-0.008221181104711884,-0.009504341857897405
1029,-0.005117722538867833,-0.36271671988302345,0.11457431888036762,0.1154844677866969
1030,-0.08471845065799288,-0.07816836262719704,-0.08349497180030435,-0.08992569604010622
1031,-0.16054429888693264,-0.07106621706305391,-0.09825132046193785,-0.10753185521172151
1032,-0.24760526394318277,-0.15096535465966396,-0.1162603324281579,-0.11728984512548117
1033,-0.11345528333979885,-0.05235594282474411,-0.02006803736086658,-0.02506639610874041
1034,-0.044597296410133984,0.017889648175226043,0.015726179463459757,0.014562382501268237
1035,-0.0708871713765629,-0.12437707021575004,-0.0396436990838829,-0.023007370714093874
1036,-0.2704783503924084,-0.276237653307869,-0.02890095789442272,-0.021485482378920354
1037,0.06491898182686281,-0.0671719733818746,0.1094267553937513,0.11564859299931365
1038,-0.07534839306496374,-0.3864253528692071,0.13147921577989313,0.13628360836740172
1039,-0.0614425114141625,-0.1168869923308764,0.05769747247172569,0.06374026439079704
1040,0.000984751275700516,-0.17507684044045235,0.08703112410850167,0.09226821043836352
1041,-0.122168840082361,-0.03198949598639252,-0.0701709886305989,-0.07143922890991017
1042,-0.17671809256661988,-0.33766524424815725,0.006385962818179105,0.00799737399659813
1043,-0.13696995016561722,0.046924890334517015,-0.1434006744054191,-0.1432813106144251
1044,-0.024186088150159647,-0.1504132971263167,0.016099191310316015,0.021276595744680847
1045,-0.1355077437259407,-0.17037689117006352,-0.06841037271343738,-0.06773895138909611
1046,-0.06321804780519828,-0.1508609113425442,0.0551460714392289,0.06626182447554534
1047,-0.1132613171794336,-0.0397630628748769,-0.0642326400286473,-0.05678732356539643
1048,-0.06523231177822207,0.14866760168302942,-0.19035540568768458,-0.18595386589478077
1049,-0.15027901286144846,-0.183163737280296,-0.022127062755513113,-0.01688997642565128
1050,-0.21313896929366474,-0.18389484050013424,-0.0032079018829638027,0.00035809137298200585
1051,-0.11543970636507413,-0.17759840052520065,-0.036316433409925096,-0.032586314941362535
1052,0.07212557070812567,-0.15114440034615495,0.14440034615499386,0.13605980125928796
1053,-0.1450866879532094,-0.040658291307331916,-0.04152367879203843,-0.04371698845155322
1054,0.0829429142669571,0.051236907284175334,-0.0053415296469815875,-0.04362746560830771
1055,-0.12034854226970247,-0.09510310047447106,-0.08615081614992091,-0.08804571633195069
1056,0.023902599146548888,-0.07664647429202351,-0.007818328310107127,-0.0028945719316045473
1057,-0.14228163886485032,-0.049983587478738316,-0.049133120467906057,-0.04474650114887648
1058,0.0670824505386291,-0.0009996717495747663,0.009489421384023155,0.010116081286741666
1059,-0.07167795649189818,-0.20314225179791706,0.0121751066813882,0.0054608934379755895
1060,-0.11018769956133805,-0.3094357076780758,0.15302438005431052,0.15320342574080148
1061,-0.17519620423144636,-0.22911879681298677,-0.014830951031004742,-0.007773566888484377
1062,-0.017979171018471542,-0.2918743099280833,0.16555757810868071,0.17164513144937482
1063,-0.3117782220763331,-0.090507594521202,-0.2053803228790546,-0.21939064784697557
1064,-0.045000149204738736,-0.20533556145743187,0.04829757393094804,0.05920444033302497
1065,0.09094028826355523,-0.15145773029751425,0.18207454268747575,0.16736295544746496
1066,-0.2164811554414968,-0.20664856315836586,-0.1741368505863746,-0.1728089284115663
1067,0.0038942436811793134,-0.13471695861060545,0.03331741816120079,0.033392020530572046
1068,-0.07857121542180179,-0.010608456924591923,-0.06830592939631762,-0.05677240309152218
1069,-0.1343737877114977,-0.16143952731938765,-0.022544836023992123,-0.025528930798842168
1070,-0.18068693861717045,-0.17867267464414668,-0.08780698874996268,-0.09963892453224313
1071,-0.13244904658171944,-0.11115753036316432,-0.0120855838381427,-0.008862761481304644
1072,0.008847841007430395,-0.2269105666795977,0.12130345259765447,0.12107964548954074
1073,-0.09951956074124914,-0.08903046760765121,-0.032959326788218786,-0.03589866014144608
1074,-0.24769478678642828,0.057861597684342445,-0.15200978783086147,-0.15248724299483749
1075,0.09762466055921934,-0.23731013696995013,0.19856166631852223,0.19736802840858222
1076,-0.060069827817731486,-0.3122556772403091,0.11166482647488882,0.10871057264778727
1077,-0.04652203753991226,0.010056399391244666,-0.040658291307331916,-0.03745038942436811
1078,-0.1421771955477306,-0.002193309659514786,-0.12055742890394197,-0.12140789591477423
1079,-0.07503506311360447,0.015890304676076508,-0.009056727641669898,-0.011011309719196682
1080,-0.1113067351019068,-0.15181582167049623,0.015129360508489748,0.005505654859598341
1081,0.09629673838441107,-0.24247262093044075,0.2639282623616126,0.2593178359344693
1082,-0.2244337680164722,-0.17273432604219507,-0.13417982155113245,-0.1312852496195279
1083,-0.09135806153203424,-0.3681626928471248,0.2298200590850765,0.2305959237265375
1084,-0.03886783444242189,-0.05711557399062994,-0.09943003789800363,-0.08992569604010622
1085,-0.021037868162692843,-0.2503804720837933,0.1190803019903912,0.11038166572170328
1086,-0.15196502640923876,-0.2057980961475336,0.016919817373399777,0.012652561845364207
1087,0.10320491778818895,-0.11579779773805614,0.11545462683894839,0.11945331383724744
1088,-0.10366745247829069,-0.28007221509355135,0.14077467100355104,0.13049446450419264
1089,-0.11982632568410372,-0.07348333383068245,-0.012831607531855211,-0.012786846110232458
1090,0.01794933007072304,-0.17155560860612928,0.05278863656709737,0.045000149204738736
1091,-0.16924293515562053,-0.038987198233415885,-0.03303392915759004,-0.032586314941362535
1092,-0.27977380561606635,-0.30834651308525557,-0.10800931037569753,-0.11235116827310433
1093,-0.04519411536510399,0.03840529975232013,-0.015621736146340005,-0.02708066008176419
1094,-0.03546596639909283,-0.11523081973083464,0.033496463847691796,0.03327265673957805
1095,0.08145086687953207,-0.07403539136402972,0.1436692429351556,0.1469666676613649
1096,-0.20530572050968338,-0.19982990659783353,0.004610426427143326,0.008325624421831636
1097,-0.10324967920981169,-0.12859956432216288,0.011787174360657694,0.010026558443496163
1098,-0.03474978365312882,-0.028513025573692216,0.012801766584106708,0.012204947629136698
1099,-0.05052072453821132,-0.035451045925218576,0.008176419683089135,0.023753394407806386
1100,-0.24265166661693172,-0.17656888782787739,-0.08698636268687893,-0.09244725612485451
1101,-0.11109784846766732,-0.20878219092238368,-0.07797439646683177,-0.07776550983259227
1102,-0.1802840858225657,-0.09896750320790187,-0.003953925576676315,-0.003237742830712303
1103,-0.08321148279669362,0.0862701799409149,-0.08531526961296289,-0.09058219689057323
1104,-0.07618393960192174,-0.04858106293455879,-0.06535167556921608,-0.07012622720897614
1105,-0.013786517859807225,-0.3270418668496911,0.17664349019724865,0.18731162901733756
1106,-0.1690638894691295,-0.2652711050102951,-0.04662648085703202,-0.045641729581331496
1107,-0.02688669392139894,-0.3415445674554623,0.2477544686819253,0.24902270896123657
1108,0.009713228492136908,-0.10929247112888302,0.09647578407090208,0.09301423413207602
1109,0.047357584076870275,-0.2668377547670914,0.21754050908656855,0.22359822147951416
1110,-0.08804571633195069,-0.2040076392826236,0.009489421384023155,0.001477126913550774
1111,-0.28313091223777265,-0.31831338963325473,-0.1157530363164334,-0.11175434931813431
1112,-0.0303780848079735,-0.07285667392796394,0.01594998657157351,0.015084599086866995
1113,-0.02163468711766285,-0.08658350989227416,0.008728477216436393,0.008773238638059145
1114,-0.3241025334964638,-0.1944734564769777,-0.10202620035212316,-0.09813195667094386
1115,-0.09604309032854884,-0.21398943630449702,-0.036092626301811336,-0.03657008146578735
1116,-0.08862761481304644,-0.07131986511891616,-0.025409567007848164,-0.020276923995106083
1117,-0.20391811643937804,-0.10292142878457819,-0.0673211781206171,-0.06521739130434782
1118,-0.040822416519948675,-0.030243800543105243,-0.017248067798633283,-0.02663304586553668
1119,-0.29332159589388557,-0.02942317448002148,-0.1715854495538778,-0.16827310435379425
1120,-0.0732893676703172,0.021948017069022108,-0.06324788875294678,-0.05693652830413893
1121,-0.1649010772582137,-0.059905702605114734,-0.07499030169198173,-0.06867894124317388
1122,-0.12749544925546832,-0.28254901375667685,0.07481125600549074,0.06215869416012652
1123,-0.023156575452836378,-0.1925785562949479,0.12964399749336036,0.15114440034615495
1124,-0.00044761421622750735,-0.17985139208021245,0.09455104294112379,0.09325296171406404
1125,0.03600310345856584,-0.07885470442541254,0.07994389901823282,0.08971680940586671
1126,-0.030393005281847744,0.13720867774760526,-0.18898272209125358,-0.18098534809465547
1127,-0.07719853182537077,-0.12759989257258808,0.1045328399629972,0.10580108024230848
1128,-0.14854823789203542,-0.08732953358598668,-0.043045567127211956,-0.045343320103846486
1129,-0.12707767598698932,-0.19330965951478618,0.0865387484706514,0.08501686013547788
1130,0.02175405090865686,-0.12704783503924083,0.1416251380143833,0.14226671839097607
1131,-0.12803258631494135,-0.04792456208409178,-0.08877681955178895,-0.09981797021873413
1132,-0.1467876219748739,-0.22865626212288498,0.0031183790397183012,0.00422249410641282
1133,0.025961624541195424,-0.15156217361463398,0.0672614962251201,0.06718689385574884
1134,0.03072125570708125,0.1322401599474799,-0.09990749306197963,-0.10345856584405119
1135,-0.026304795440303175,-0.14886156784339472,0.05699621019963593,0.050923577332816085
1136,-0.1290024171167676,-0.15982811614096865,-0.0018650592342812806,-0.003909164155053563
1137,-0.11927426815075645,-0.21046820447017395,-0.03743546895049386,-0.04186684969114619
1138,0.09213392617349525,-0.12167646444451073,0.12907701948613887,0.12358628510041476
1139,-0.028438423204320964,-0.06235266032049177,-0.05083405448957058,-0.047894721136343285
1140,-0.011921458625525946,-0.24572528423502726,0.0792575572200173,0.0802124675479693
1141,-0.015621736146340005,-0.18173137178836798,0.07534839306496374,0.07305064008832919
1142,0.07264778729372444,-0.09901226462952462,0.11705111754349316,0.1132613171794336
1143,0.02002327593924383,0.07167795649189818,-0.04452269404076272,-0.04682044701739727
1144,-0.28639849601623346,-0.302646892065292,-0.005386291068604338,-0.008415147265077137
1145,-0.04787980066246904,-0.35218286532780274,0.12610784518516305,0.12333263704455251
1146,-0.06262122885022828,0.02708066008176419,-0.011175434931813432,-0.01769568201486079
1147,-0.18265644116857147,-0.09605801080242307,-0.08738921548148368,-0.08800095491032794
1148,-0.10890453880815253,-0.21310912834591625,0.04491062636149324,0.044836023992121984
1149,-0.15354659663990924,-0.19935245143385752,-0.055593685655456415,-0.059696815970875235
1150,-0.2609590880606368,-0.24201008624033896,-0.05065500880307958,-0.047103936021008014
1151,-0.23102861746889075,-0.0880755572796992,-0.18270120259019426,-0.1750619199665781
1152,-0.1251081734355883,-0.26204828265345703,-0.029408254006147234,-0.028796514577302968
1153,-0.22831309122377721,-0.06205425084300676,-0.05089373638506758,-0.05629494792754617
1154,-0.10897914117752378,-0.292754617886664,0.11160514457939183,0.11178419026588284
1155,0.0062665990271851026,-0.02209722180776461,0.10642774014502698,0.1036972934260392
1156,-0.15306914147593326,-0.20375399122676133,0.052878159410342865,0.04784995971472054
1157,-0.09149234579690248,-0.16957118558085402,0.1101727790874638,0.11132165557578107
1158,-0.08258482289397509,-0.21049804541792247,0.05269911372385186,0.052475306615738106
1159,-0.06347169586106054,-0.12797290441944434,-0.10011637969621916,-0.09913162842051863
1160,-0.138984214138641,-0.06347169586106054,-0.10718868431261375,-0.1307481125600549
1161,-0.07105129658917966,-0.09034346930858522,0.015562054250843007,-0.005833905284831845
1162,-0.09132822058428573,-0.05917459938527647,-0.106606785831518,-0.10198143893050042
1163,-0.1458028706991734,0.03187013219539852,-0.11818507355793618,-0.12619736802840859
1164,-0.08386798364716062,-0.31452358926919516,0.12279549998507952,0.12919638327713284
1165,-0.07057384142520365,-0.213452299245024,0.09102981110680074,0.08782190922383694
1166,-0.00553549580734684,0.039225925815403885,-0.015666497567962758,-0.016666169317537522
1167,0.060935215302438,-0.015756020411208257,0.07749694130285577,0.06924591925039537
1168,-0.11153054221002057,-0.21285548029005397,-0.0028498105099817967,-0.012190027155262448
1169,0.006908179403777863,0.19365283041389392,-0.12073647459043298,-0.11749873175972066
1170,-0.06994718152248515,-0.2742383098087195,0.13835755423592253,0.14311718540180834
1171,-0.045238876786726744,-0.15621736146340007,0.05068484975082807,0.041344633105547424
1172,-0.2960520426128733,-0.17300289457193158,-0.07415475515502372,-0.07954104622362804
1173,-0.15296469815881353,-0.10633821730178149,-0.039106562024409895,-0.04015099519560741
1174,-0.08373369938229237,-0.07063352332070065,-0.08492733729223238,-0.09998209543135088
1175,-0.24521798812330275,-0.11342544239205034,-0.11673778759213391,-0.12710751693473782
1176,-0.1769866610963564,-0.3892900838530631,0.05441496821939064,0.0586225418519292
1177,-0.2121691384918385,-0.23756378502581238,-0.03419772611978156,-0.033496463847691796
1178,0.1729730536241831,-0.08373369938229237,0.13332935454030018,0.13007669123571364
1179,-0.17101847154665628,-0.2582137208677747,-0.044627137357882485,-0.04664140133090626
1180,-0.09653546596639907,0.10953119871087104,-0.11627525290203215,-0.11642445764077465
1181,-0.05830921190056996,-0.20403748023037208,-0.010757661663334426,0.0023425143982572887
1182,0.06157679567903076,-0.10953119871087104,0.07466205126674821,0.08082420697681357
1183,-0.20766315538181487,-0.13288174032407268,-0.029691743009757986,-0.029870788696248988
1184,-0.19308585240667242,-0.25922831309122374,0.008131658261466383,0.0058786667064545965
1185,-0.13073319208618064,-0.183999283817254,-0.0035212318343230574,-0.003789800364059562
1186,-0.06981289725761688,-0.28900957894422724,0.06566500552057533,0.07054400047745515
1187,-0.15153233266688548,-0.10978484676673331,-0.1318223866790009,-0.1313449315150249
1188,-0.09347676882217777,-0.15738115842559156,0.004685028796514577,0.009086568589418397
1189,0.015383008564352001,-0.27714780221419827,0.08652382799677717,0.08750857927247768
1190,-0.10979976724060754,-0.047148697442630776,-0.031303154188177015,-0.028289218465578463
1191,0.08806063680582492,-0.12986780460147412,0.13121064725015663,0.13244904658171944
1192,-0.2540061472352362,-0.0884336486526812,-0.15627704335889706,-0.15565038345617854
1193,-0.05238578377249261,0.10609948971979348,-0.09404374682939928,-0.12588403807704932
1194,0.019322013667154067,0.06994718152248515,-0.025573692220464916,-0.02864730983856047
1195,-0.2198084211154546,-0.10371221389991345,-0.026170511175434927,-0.04189669063889469
1196,-0.11441019366775086,-0.17656888782787739,-0.006177076183939601,-0.011429082987675686
1197,-0.21577989316940702,-0.1292411446987556,-0.08655366894452567,-0.09425263346363881
1198,-0.15366596043090328,-0.15781385216794483,-0.122885022828325,-0.13608964220703648
1199,0.039688460505505646,-0.2609889290083853,0.15754528363820836,0.15675449852287307
1200,0.04417952314165497,-0.008907522902927395,0.011414162513801437,0.009907194652502163
1201,-0.02466354331413565,0.04417952314165497,-0.01272716421473546,-0.014905553400375993
1202,-0.3040046551878487,-0.18256691832532598,-0.11839396019217568,-0.12260153382471424
1203,-0.16773596729432125,-0.1710781534421533,-0.10471188564948822,-0.09738593297723135
1204,-0.09252185849422576,-0.17021276595744678,0.05440004774551639,0.044269045984900474
1205,0.2053803228790546,-0.2779535078034078,0.3129569395123989,0.31768672973053624
1206,-0.12962907701948614,-0.09641610217540508,-0.06503834561785682,-0.06639610874041359
1207,-0.2940676195875981,-0.23384858703112407,-0.12367580794366027,-0.11372385186953536
1208,-0.20360478648801886,-0.07040971621258689,-0.14466891468473034,-0.14216227507385631
1209,0.02208230133389036,-0.275282742979917,0.16731819402584225,0.15818686401480112
1210,-0.07381158425591595,-0.14077467100355104,-0.06044283966458774,-0.05996538450061173
1211,-0.060457760138461984,0.18907224493449906,-0.20618602846826414,-0.20182925009698305
1212,-0.27132881740324066,-0.2447256124854525,-0.16770612634657273,-0.16642296559338723
1213,-0.02626003401868043,0.0035510727820715583,-0.015711258989585506,-0.021231834323058096
1214,-0.3350392408462892,-0.4251887439945092,0.03583897824594909,0.03634627435767359
1215,0.10424935095938645,0.09549103279520156,-0.03460057891438632,-0.024215929097908144
1216,-0.1254961057563188,-0.06374026439079704,-0.10547282981707497,-0.11084420041180507
1217,-0.07131986511891616,-0.19933753095998324,0.05110262301930709,0.06139774999253976
1218,0.03421264659365581,-0.16846707051415952,0.1306585897168094,0.13088239682492314
1219,-0.23335621139327384,-0.2838918564053594,-0.0031482199874668013,0.0032228223568380523
1220,0.020485810629345583,-0.047059174599385266,0.06685864343051534,0.07196144549550892
1221,-0.08497209871385514,-0.03351138432156604,-0.05587717465906716,-0.07345349288293394
1222,-0.08952284324550147,-0.02199277849064486,0.018441705708573303,0.013234460326459965
1223,-0.24360657694488372,0.0036107546775685597,-0.15184566261824473,-0.15068186565605324
1224,-0.22482170033720267,-0.19065381516516963,-0.136179165050282,-0.1289128942735221
1225,-0.24023454984930315,-0.3174480021485482,0.00674405419116111,0.007624362149741874
1226,-0.2063501536808809,-0.19102682701202586,0.027125421503386943,0.02478290710512966
1227,-0.12643609561039656,-0.21370594730088624,0.07560204112082598,0.06745546238548535
1228,0.0027304467189877947,-0.1729730536241831,0.123362477992301,0.13320999074930617
1229,0.03597326251081734,-0.15033869475694547,0.18226850884784096,0.17495747664945835
1230,-0.19153412312375034,-0.008221181104711884,-0.16925785562949477,-0.15565038345617854
1231,-0.16776580824206974,-0.24991793739369159,-0.03583897824594909,-0.039255766763152386
1232,-0.1501745695443287,-0.1751812837575721,0.0025215600847482912,0.0029840947748500488
1233,0.051117543493181344,-0.22671660051923248,0.08949300229775296,0.09110441347617197
1234,-0.017367431589627284,0.0889409447644057,-0.09728148966011159,-0.08994061651398047
1235,-0.021052788636567094,-0.15960430903285489,0.042553191489361694,0.03776371937572737
1236,-0.16724359165647099,-0.26118289516875054,-0.06550088030795857,-0.07190176360001194
1237,-0.20748410969532388,-0.038569424964936885,-0.15794813643281308,-0.1630956999194294
1238,-0.09047775357345349,-0.13865596371340752,0.09061203783832172,0.08728477216436392
1239,-0.11787174360657691,-0.034466294649518066,-0.02397720151592014,-0.027856524723225206
1240,-0.22774611321655572,-0.18707290143534955,-0.13144937483214464,-0.13180746620512668
1241,-0.08218197009937035,-0.26161558891110376,0.010504013607472173,0.020008355465369575
1242,0.09201456238250126,-0.13553758467368923,0.15500880307958578,0.1487123631046522
1243,-0.08643430515353165,-0.11924442720300794,0.027737160932231202,0.024141326728536895
1244,-0.08061532034257407,-0.15065202470830472,0.01462206439676524,0.018531228551818803
1245,-0.10968040344961354,-0.14272925308107784,0.005893587180328847,-0.0028199695622332962
1246,0.011414162513801437,-0.10800931037569753,0.0491181999940318,0.04431380740652322
1247,0.05702605114738443,-0.2096475784070902,0.10829279937930826,0.10002685685297363
1248,-0.16494583867983642,-0.493211184387216,0.11299274864969709,0.11418638655963712
1249,-0.07278207155859269,-0.2985885231714959,0.09362597356092028,0.09504341857897405
1250,-0.031228551818805763,-0.24517322670168,0.16488615678433943,0.16700486407448295
1251,-0.17909044791262566,-0.20267971710781532,0.02011279878248933,0.021037868162692843
1252,-0.16440870162036342,-0.22115126376413713,0.023634030616812383,0.038211333591954874
1253,-0.12965891796723464,-0.16093223120766312,0.007624362149741874,0.014010324967920977
1254,-0.04403031840291246,-0.20800632628092264,0.05947300886276147,0.06238250126824027
1255,-0.10451791948912295,-0.3077198531825371,0.09725164871236308,0.10802423084957177
1256,0.05423592253289964,-0.07026051147384439,0.10791978753245202,0.12434722926800153
1257,-0.10047447106920115,-0.19760675599057026,0.05705589209513293,0.06238250126824027
1258,-0.1407895914774253,-0.10954611918474529,-0.07918295485064604,-0.07390110709916145
1259,-0.10926263018113454,0.021306436692429348,-0.07903375011190354,-0.07827280594431678
1260,-0.08268926621109485,-0.3256095013577631,0.15066694518217896,0.1643042583032437
1261,-0.03189997314314702,-0.08758318164184893,0.02527528274297991,0.024753066157381154
1262,0.17098863059890781,0.014965235295872997,0.042941123810092206,0.04926740473277431
1263,0.04535824057772073,-0.276953836053833,0.18182089463161347,0.18155232610187694
1264,-0.06854465697830561,-0.1854167288353078,0.04850646056518755,0.04795440303184028
1265,-0.0016263316522932764,-0.23822028587627941,0.023544507773566883,0.02490227089612366
1266,-0.2050520724538211,-0.4346334039569096,0.09467040673211781,0.09623705648891406
1267,-0.21774939572080804,-0.288218793828892,-0.02358926919518964,-0.0036256751514428093
1268,-0.12779385873295332,-0.21207961564859296,0.0393751305541464,0.04283668049297245
1269,-0.04959565515800782,0.0036256751514428093,-0.10523410223508697,-0.10656202440989523
1270,-0.12507833248783978,-0.33427829667870246,0.06697800722150934,0.07149891080540716
1271,-0.024096565306914144,-0.3840529975232013,0.2138402315657545,0.19914356479961803
1272,-0.22244934499119687,-0.4212049774700844,0.06515770940885082,0.06596341499806033
1273,0.16263316522932766,-0.11172450837038582,0.20809584912416818,0.2051714362448151
1274,-0.17819521948017064,-0.16596043090328547,-0.028214616096207214,-0.02984094774850049
1275,-0.07873534063441853,-0.15056250186505923,-0.040598609411834914,-0.048983915729163545
1276,-0.13064366924293513,-0.005222165855987586,-0.12904717853839034,-0.13447823102861745
1277,-0.0029691743009757983,0.08468860971024439,-0.13919310077288052,-0.13835755423592253
1278,0.2517233147324759,-0.03809196980096087,0.20027752081406103,0.19381695562651063
1279,-0.0758706096505625,-0.042881441914595204,-0.06766434901972486,-0.07663155381814925
1280,-0.1698845155322133,-0.14020769299632954,-0.047223299812002024,-0.03950941481901465
1281,-0.07730297514249052,-0.10959088060636804,0.0020441049207722837,0.0030139357225985493
1282,-0.04696965175613977,0.07194652502163468,-0.0485512219868103,-0.062337739846617515
1283,-0.19222046492196587,-0.051251827758049595,-0.11678254901375666,-0.12269105666795975
1284,-0.076258541971293,-0.15733639700396881,0.035958342036943085,0.03548088687296708
1285,-0.04425412551102623,0.055936856554564166,-0.026603204917788188,-0.031213631344931513
1286,-0.01599474799319626,-0.13077795350780339,0.11218704306048759,0.10633821730178149
1287,-0.15823162543642383,-0.2532004416460266,0.046686162752529015,0.055907015606815665
1288,-0.08157023067052609,-0.2888006923099877,0.11661842380113992,0.11545462683894839
1289,-0.10235445077735666,0.042762078123601194,-0.11760317507684044,-0.11015785861358957
1290,-0.10636805824952998,-0.2249709050759452,0.06518755035659932,0.06399391244665929
1291,-0.1193190295723792,-0.32795201575602034,0.045328399629972246,0.04467189877950523
1292,-0.30761540986541724,-0.40392706872370254,0.06020411208259974,0.05681716451314493
1293,-0.11603652532004415,-0.2202858762794306,0.1258243561815523,0.11875205156515768
1294,-0.08530034913908864,-0.12221360150398375,0.028617468890811966,0.02943809495389573
1295,-0.15787353406344182,0.08001850138760407,-0.13750708722509022,-0.13889469129539553
1296,-0.27240309152218667,-0.1592014562382501,-0.10265286025484169,-0.09249201754647726
1297,-0.08837396675718419,-0.06391931007728804,-0.04955089373638506,-0.06120378383217451
1298,-0.2071260183223419,-0.12052758795619348,-0.14902569305601143,-0.1451165289009579
1299,0.014457939184148486,-0.12748052878159408,0.10950135776312254,0.09756497866372234
1300,-0.22983497955895077,0.06121870430604875,-0.20988630598907815,-0.2048133448718331
1301,-0.1660350332726567,-0.11173942884426007,-0.05477305959237264,-0.05032675837784607
1302,-0.0700814657873534,-0.29988660439855563,0.08048103607770582,0.07233445734236517
1303,-0.06702276864313209,-0.07557220017307748,0.0184118647608248,0.019157888454537312
1304,0.021336277640177845,-0.230327355196801,0.11697651517412191,0.1101429381397153
1305,0.11757333412909192,-0.10962072155411653,0.18910208588224758,0.1905046104264271
1306,0.02943809495389573,-0.06262122885022828,0.1657067828474232,0.16818358151054877
1307,0.0030139357225985493,-0.18271612306406848,0.1017128704007639,0.10342872489630268
1308,-0.24159231297185996,-0.0609650562501865,-0.14362448151353285,-0.14905553400375995
1309,-0.17330130404941657,-0.1012652561845364,-0.10526394318283548,-0.10445823759362596
1310,-0.1036972934260392,-0.32295365700814654,0.12282534093282801,0.12500373011846855
1311,-0.2815791829548506,-0.30669034048521376,-0.05314672794007937,-0.05232610187699561
1312,-0.07610933723255048,-0.007534839306496373,-0.043150010444331706,-0.039927188087493654
1313,0.06566500552057533,-0.02336546208707588,0.07873534063441853,0.07749694130285577
1314,-0.121452657336397,-0.11766285697233744,-0.13067351019068363,-0.12901733759064188
1315,-0.2634806481453851,-0.19157888454537314,-0.08001850138760407,-0.08067500223807106
1316,-0.27701351794933,-0.2532750440153979,-0.13364268449165945,-0.11321655575781085
1317,-0.2151532332666885,0.08431559786338812,-0.20424636686461162,-0.20585777804303063
1318,0.16345379129241142,0.03564501208558383,0.00025364805586225415,0.003461549938826057
1319,0.13586583509892272,-0.13971531735847928,0.24359165647100947,0.2305362418310405
1320,-0.09000029840947747,-0.2832801169765151,0.17713586583509888,0.17715078630897313
1321,-0.021664528065411352,-0.2869953149712034,0.12488436632747456,0.12655545940139057
1322,-0.17430097579899134,-0.06921607830264688,-0.13228492136910266,-0.1350601295097132
1323,-0.029050162633165223,-0.18231327026946376,0.04406015935066097,0.043687147503804716
1324,-0.026707648234907937,-0.09602816985467458,-0.11764793649846318,-0.11660350332726567
1325,-0.1817015308406195,-0.3156724657575124,0.021739130434782608,0.021664528065411352
1326,-0.14587747306854462,-0.23037211661842374,-0.0005669780072215093,-0.0017307749694130284
1327,-0.07909343200740056,-0.15324818716242425,0.01842678523469905,0.020366446838351582
1328,-0.25845244844976273,0.03683864999552385,-0.2383098087195249,-0.22885022828325025
1329,-0.029676822535883735,-0.12516785533108532,0.043015726179463455,0.06069648772045
1330,-0.16576646474292023,-0.2204649219659216,0.01342842648682522,0.012622720897615704
1331,-0.05477305959237264,0.19430933126436092,-0.20609650562501863,-0.20603682372952165
1332,0.010683059293963175,-0.3319656232281937,0.20005371370594727,0.19651756139774998
1333,-0.007878010205604129,-0.11400734087314612,0.03930052818477515,0.05232610187699561
1334,-0.08092865029393333,-0.24262182566918322,0.06271075169347377,0.06271075169347377
1335,-0.0892691951896392,-0.21749574766494578,0.017964250544597295,0.019217570350034317
1336,0.009981797021873413,-0.25869117603175074,0.10683059293963175,0.10851660648742202
1337,-0.17063053922592578,-0.43349944794246653,0.06624690400167109,0.06790307660171287
1338,-0.09149234579690248,-0.33554653695801373,0.05704097162125868,0.05277371609322311
1339,-0.012190027155262448,-0.1012652561845364,-0.003983766524424815,-0.013204619378711467
1340,0.06218853510787502,-0.291202888603742,0.18638655963713405,0.18611799110739752
1341,-0.02628987496642893,-0.07015606815672465,-0.0007161827459640117,-0.008355465369580137
1342,-0.05662319835277968,0.08892602429053147,-0.09289487034108201,-0.09094028826355523
1343,0.0003730118468562561,-0.031139028975560257,-0.07351317477843095,-0.07221509355137118
1344,0.0054907343857240895,-0.14602667780728715,0.02245531318074662,0.02684193249977619
1345,-0.15148757124526271,-0.17746411626033237,-0.07816836262719704,-0.09359613261317179
1346,-0.15366596043090328,0.057354301572617936,-0.12786846110232458,-0.12797290441944434
1347,-0.0393751305541464,-0.04444809167139148,-0.01583062278057951,-0.01583062278057951
1348,-0.08998537793560323,-0.18328310107129,0.004520903583897823,0.009041807167795646
1349,-0.09410342872489628,-0.20432096923398285,-0.0005072961117245083,-0.0023425143982572887
1350,-0.10483124944048221,0.011444003461549937,-0.10976992629285905,-0.10693503625675149
1351,-0.2542747157649726,-0.20776759869893463,-0.13507504998358744,-0.13995404494046731
1352,-0.06994718152248515,-0.20970726030258718,0.06839545223956311,0.07126018322341916
1353,-0.12091552027692397,-0.22150935513711914,0.07842201068305929,0.08109277550655007
1354,-0.01818805765271105,-0.1646921906239742,0.06578436931156932,0.07415475515502372
1355,0.011264957775058934,-0.08895586523827995,-0.01578586135895676,-0.00853451105607114
1356,-0.11539494494345139,-0.30868968398436325,0.1257646742860553,0.12864432574378562
1357,-0.039449732923517646,0.11527558115245738,-0.08494225776610664,-0.09380501924741129
1358,-0.243561815523261,-0.2545283638208349,-0.0307361761809555,-0.037599594163110615
1359,-0.08565844051207065,-0.1791948912297454,-0.021157231953686847,-0.012473516158873205
1360,-0.20830473575840766,-0.02633463638805168,-0.1434006744054191,-0.1448927217928441
1361,-0.18205962221360147,-0.10205604129987167,-0.07994389901823282,-0.09186535764375875
1362,-0.1632449046581719,-0.03495867028736832,-0.139521351198114,-0.14146101280176657
1363,-0.012354152367879201,-0.0057294619677120935,-0.0278266837754767,-0.02006803736086658
1364,-0.061054579093432,-0.28581659753513766,0.04729790218137327,0.04661156038315777
1365,-0.09331264360956103,-0.17270448509444658,0.04511951299573274,0.05581749276357016
1366,-0.0042075736325385684,-0.15084599086866995,0.04328429470919996,0.03627167198830235
1367,0.03230282593775178,-0.1911760317507684,0.08877681955178895,0.08066008176419683
1368,-0.11494733072722388,-0.014965235295872997,-0.1492495001641252,-0.14915997732087968
1369,-0.05296768225358837,-0.12654053892751632,0.05619050461042642,0.0556235266032049
1370,0.007191668407388618,-0.22962609292471126,0.22716421473545997,0.22477693891557995
1371,-0.007952612574975381,-0.05126674823192384,0.024812748052878152,0.025916863119572673
1372,-0.10563695502969174,-0.3159559547611232,0.11740920891647517,0.11609620721554115
1373,-0.25032079018829634,-0.20915520276923993,0.015905225149950762,0.007236429829011368
1374,-0.03570469398108084,-0.20003879323207302,0.053445137417564376,0.05325117125719912
1375,-0.3410820327653606,-0.23307272238966306,-0.14395273193876634,-0.14226671839097607
1376,-0.2305959237265375,0.07413983468114947,-0.24435260063859623,-0.25033571066217064
1377,-0.022321028915878366,-0.2788039748142401,0.1154247858911999,0.11444003461549937
1378,-0.18232819074333798,-0.27673002894571924,-0.04016591566948166,-0.04553728626421174
1379,-0.04843185819581629,-0.1938318761003849,0.07272238966309569,0.07302079914058068
1380,-0.19450329742472616,-0.16164841395362714,-0.10451791948912295,-0.1009966876547999
1381,-0.12652561845364207,-0.09191011906538152,-0.03064665333771,-0.025931783593446923
1382,0.014129688758914979,-0.06914147593327563,0.0018053773387842799,0.01580078183283101
1383,-0.03519739786935633,0.05929396317627046,-0.06581421025931783,-0.06281519501059353
1384,-0.17967234639372145,-0.20931932798185668,-0.06280027453671928,-0.06344185491331204
1385,0.027767001879979703,-0.040807496046074414,0.10389125958640445,0.08580764525081315
1386,-0.17713586583509888,-0.10741249142072751,-0.09070156068156723,-0.10662170630539225
1387,-0.10615917161529048,-0.06782847423234162,-0.11618573005878663,-0.1190803019903912
1388,-0.05962221360150397,-0.1505028199695622,0.027185103398883945,0.02684193249977619
1389,-0.018247739548208047,-0.24065232311778217,0.09780370624571035,0.11554414968219391
1390,-0.10039986869982988,-0.08512130345259765,-0.09866909373041685,-0.10356300916117095
1391,-0.059607293127629725,-0.287383247291934,0.1646623496762257,0.15651577094088506
1392,-0.08856793291754944,-0.11203783832174508,0.0307361761809555,0.02387275819880039
1393,0.03712213899913461,-0.08292799379308285,0.15514308734445406,0.15403897227775953
1394,0.005759302915460594,-0.3318611799110739,0.10686043388738024,0.10565187550356599
1395,-0.1562919638327713,-0.10381665721703319,-0.019560741249142068,-0.022738802184357372
1396,-0.06559040315120407,-0.09972844737548861,0.013622392647190472,0.0050431201694965825
1397,0.09304407507982453,-0.11664826474888841,0.1595297066634836,0.1682283429321715
1398,-0.02276864313210587,-0.0547282981707499,-0.053788308316672126,-0.05440004774551639
1399,-0.08151054877502908,-0.11591716152905016,0.05898063322491122,0.057772074841096956
1400,-0.10307063352332069,0.08158515114440033,-0.1855659335740503,-0.18653576437587657
1401,0.0334367819521948,-0.23253558533019003,0.09465548625824355,0.09343200740055503
1402,0.0038793232073050634,-0.07924263674614306,0.09204440333024975,0.10104144907642264
1403,-0.16041001462206436,0.009668467070514159,-0.1392378621945033,-0.1368655068484975
1404,-0.07391602757303571,-0.013532869803944969,-0.021575005222165853,-0.013801438333681477
1405,-0.17394288442600936,-0.3488705201277192,0.08459908686699888,0.08792635254095668
1406,-0.04434364835427172,-0.2982602727462624,0.1720330637701053,0.17322670168004534
1407,-0.11654382143176865,-0.0794664438542568,-0.04428396645877472,-0.05108770254543284
1408,-0.08060039986869982,0.009489421384023155,-0.058160007161827454,-0.05813016621407895
1409,-0.20966249888096442,-0.10926263018113454,-0.08403210885977738,-0.09159678911402225
1410,-0.034675181283757565,-0.011250037301184684,-0.019456297932022318,-0.018725194712184055
1411,0.002954253827101548,-0.05854793948255796,0.047223299812002024,0.03858434543881113
1412,-0.23489302020232158,-0.32235683805317655,-0.032183462146757776,-0.034242487541404305
1413,-0.04628330995792426,0.15615767956790305,-0.12557070812569004,-0.12877861000865384
1414,-0.10151890424039867,-0.07242398018561068,0.012458595684998953,-0.0011936379099400194
1415,-0.09065679925994449,-0.06738086001611411,-0.05747366536361194,-0.05365402405180388
1416,-0.1301960550267076,-0.008280863000208886,-0.0759899734415565,-0.07433380084151471
1417,0.16418489451224966,-0.25214108800095486,0.27886365670973706,0.28533914237116165
1418,-0.06283011548446778,-0.3230133389036436,0.037166900420757355,0.039285607710900894
1419,-0.1443555847333711,-0.060950135776312246,-0.0795559666975023,-0.08838888723105844
1420,-0.18987795052370862,0.06823132702694637,-0.2257467697174062,-0.22488138223269968
1421,-0.17037689117006352,-0.23456476977708807,0.04222494106412819,0.05077437259407358
1422,-0.16473695204559693,-0.30845095640237535,0.040986541732565426,0.0400316314046134
1423,-0.10917310733788904,0.08046611560383156,-0.11758825460296617,-0.11187371310912833
1424,-0.017083942586016528,-0.12431738832025303,0.030795858076452506,0.037733878427978866
1425,-0.11024738145683505,-0.3274297991704216,0.11384321566052938,0.11730476559935542
1426,0.04411984124615797,0.043045567127211956,0.032795201575602034,0.03436185133239831
1427,-0.0061472352361911,-0.12868908716540836,0.06285995643221629,0.06253170600698277
1428,-0.025961624541195424,0.0030288561964727993,-0.02694637581689594,-0.027289546716003695
1429,-0.05096833875443883,0.008818000059681894,-0.032825042523350535,-0.030810778550326757
1430,0.030005072961117242,-0.034227567067530065,0.047820118766972036,0.04410492077228372
1431,0.06842529318731162,-0.10072811912506338,0.11420130703351138,0.11211244069111635
1432,-0.08092865029393333,-0.3219539852585718,0.0955954761123213,0.09546119184745305
1433,-0.02631971591417743,-0.15972367282384883,0.052952761779714114,0.05414639968965413
1434,-0.0731103219838262,-0.2051714362448151,-0.005938348601951597,-0.0003730118468562561
1435,-0.07176747933514367,-0.07754170272447852,0.011473844409298438,0.01028020649935842
1436,-0.030303482438602244,0.15530721255707078,-0.14908537495150842,-0.14668317865775413
1437,-0.049192802363403065,-0.18029900629643997,0.10169794992688966,0.09171615290501625
1438,-0.1194085524156247,-0.16858643430515352,-0.026036226910566673,-0.027990808988093457
1439,-0.09473008862761481,0.019157888454537312,-0.12301930709319325,-0.13731312106472499
1440,0.01096654829757393,-0.3410521918176121,0.14499716510996388,0.15650085046701082
1441,-0.07931723911551429,-0.054056876846408634,-0.016427441735549518,-0.016770612634657275
1442,-0.15469547312822654,-0.06493390230073706,-0.10442839664587746,-0.10186207513950642
1443,-0.09522246426546506,-0.08995553698785473,-0.06718689385574884,-0.07012622720897614
1444,-0.1558741905642923,-0.19430933126436092,0.004312016949658321,0.002685685297365044
1445,0.02503655516099191,-0.1669899436006087,0.05263943182835486,0.054892423383366654
1446,0.015532213303094504,0.09135806153203424,-0.09277550655008802,-0.10026558443496164
1447,-0.09741577392497984,-0.2289099101787472,0.10927755065500878,0.10071319865118913
1448,-0.17098863059890781,-0.27262689863030043,0.056981289725761684,0.07821312404881979
1449,-0.14437050520724534,-0.08283847094983736,-0.08634478231028617,-0.09062695831219598
1450,-0.029005401211542475,-0.12421294500313329,0.04400047745516397,0.05360926263018113
1451,0.056280027453671916,-0.006012950971322849,0.04592521858494226,0.045611888633582995
1452,-0.19214586255259464,-0.14249052549908983,-0.0008504670108322638,-0.0051923249082390845
1453,-0.2679418698337859,-0.04652203753991226,-0.24072692548715346,-0.2325206648563158
1454,-0.09380501924741129,-0.1744054191161111,0.022485154128495118,0.02697621676464444
1455,-0.12157202112739098,0.03187013219539852,-0.10371221389991345,-0.10563695502969174
1456,-0.026215272597057675,-0.01765092059323804,-0.046984572230014024,-0.05214705619050461
1457,-0.08288323237146011,-0.1741070096386261,0.0770045656650055,0.07798931694070603
1458,-0.05987586165736623,-0.21545164274417353,0.0022529915550117867,0.0092059323804124
1459,-0.07888454537316106,-0.25933275640834347,0.06451612903225806,0.07066336426844916
1460,-0.04849154009131329,-0.012786846110232458,-0.06275551311509653,-0.06138282951866551
1461,-0.08098833218943033,-0.20188893199248006,0.0733490495658142,0.06876846408641937
1462,-0.0369729342603921,-0.056115902241055164,0.08268926621109485,0.09019426456984272
1463,0.0641132762376533,0.038673868282056635,0.058160007161827454,0.057593029154605936
1464,-0.22841753454089697,-0.22228521977858012,-0.0804213541822088,-0.08565844051207065
1465,-0.1217212258661335,-0.055175912386977395,-0.07697472471725701,-0.08071976365969383
1466,-0.24784399152517078,-0.32993643878129564,-0.10166810897914116,-0.09741577392497984
1467,-0.04485094446599623,-0.18464086419384676,0.07603473486317924,0.06784339470621585
1468,-0.1918026916534869,-0.06459073140162931,-0.122467249559846,-0.12436214974187577
1469,-0.24178627913222522,-0.2968129867804601,-0.026782250604279186,-0.02251499507624362
1470,-0.06227805795112051,0.001044433171197517,-0.08136134403628659,-0.0884933305481782
1471,-0.11718540180836141,-0.12703291456536658,-0.051968010504013604,-0.032750440153979286
1472,-0.1257049923905583,-0.20450001492047384,-0.008251022052460385,-0.008982125272298648
1473,-0.25397630628748763,-0.1621407895914774,-0.061755841365521764,-0.07085733042881441
1474,-0.19789024499418098,-0.13682074542687475,-0.09085076542030975,-0.09135806153203424
1475,-0.20770791680343764,-0.35461490256930556,0.007325952672256868,0.008116737787592133
1476,-0.511458923935424,-0.16712422786547698,-0.33359195488048693,-0.33302497687326543
1477,-0.08031691086508906,-0.35656948464683236,0.1377607352809525,0.137253439169228
1478,-0.11411178419026587,-0.09931067410700961,-0.03934528960639789,-0.03630151293605084
1479,-0.07951120527587956,-0.08089880934618482,-0.06847005460893438,-0.06159171615290501
1480,-0.2527677479036734,-0.16273760854644742,-0.0952075437915908,-0.09774402435021336
1481,0.06306884306645578,-0.17855331085315268,0.13064366924293513,0.12762973352033657
1482,0.018575989973441554,-0.08112261645429858,0.052072453821133347,0.0550565485959834
1483,-0.08771746590671718,0.06533675509534181,-0.05256482945898361,-0.05692160783026469
1484,-0.01765092059323804,-0.24553131807466205,0.1484139536271672,0.14483303989734714
1485,-0.2108412163170302,-0.17806093521530242,-0.04364238608218196,-0.03807704932708662
1486,-0.11614096863716389,-0.27670018799797075,-0.013144937483214466,-0.010116081286741666
1487,-0.06324788875294678,-0.13704455253498848,0.06208409179075527,0.06241234221598878
1488,-0.18737131091283457,-0.3234609531198711,0.029303810689027474,0.031004744710692006
1489,0.15841067112291485,-0.06855957745217987,0.17342066784041058,0.18153740562800275
1490,0.03252663304586553,-0.20372415027901283,0.1331204679060607,0.13565694846468324
1491,-0.19238459013458264,-0.19456297932022318,-0.012563039002118706,-0.020635015368088087
1492,-0.1654978962131837,0.08971680940586671,-0.18513323983169705,-0.1843275342424875
1493,-0.1641550535645012,-0.14416161857300586,0.013398585539076718,0.00425233505416132
1494,-0.1501148876488317,-0.05046104264271433,-0.10223508698636269,-0.09068664020769297
1495,-0.08979141177523799,-0.3031392677031422,0.12436214974187577,0.12415326310763629
1496,-0.2372653755483274,-0.05804064337083344,-0.1926680791381934,-0.19351854614902567
1497,-0.09076124257706424,0.02745367192862045,-0.10262301930709318,-0.10404046432514695
1498,-0.15975351377159736,-0.10563695502969174,-0.08782190922383694,-0.08828444391393869
1499,-0.11573811584255914,-0.17018292500969828,0.022828325027602875,0.025364805586225416
1500,0.05902539464653397,-0.09672943212676434,0.13998388588821578,0.15120408224165197
1501,-0.15906717197338183,-0.3502581241980245,0.024678463788009905,0.03785324221897287
1502,-0.08729969263823817,-0.06869386171704812,0.04984930321387006,0.04489570588761899
1503,-0.2802512607800423,-0.2532750440153979,-0.011578287726418189,-0.01107099161469368
1504,-0.16275252902032167,-0.22831309122377721,-0.01287636895347796,-0.0046253469010175755
1505,-0.19396616036525316,-0.32004416460266777,-0.013816358807555726,-0.006773895138909611
1506,-0.22128554802900538,-0.21461609620721553,-0.0017904568649100294,0.004670108322640326
1507,-0.07434872131538897,-0.12048282653457071,0.06927576019814388,0.05616066366267792
1508,-0.05871206469517471,-0.3066754200113395,0.20461937871146785,0.2040076392826236
1509,-0.19617439049864221,-0.2633463638805168,0.03045268717734475,0.03482438602250007
1510,-0.06805228134045535,0.005237086329861836,-0.08853809196980095,-0.09052251499507623
1511,0.0275282742979917,0.1260332428157918,-0.08437527975888512,-0.08112261645429858
1512,0.013294142221956969,-0.15987287756259136,0.1130822714929426,0.11657366237951718
1513,-0.17549461370893135,-0.2891886246307182,0.07698964519113125,0.07560204112082598
1514,-0.0245590999970159,-0.09341708692668078,-0.009399898540777654,0.0028498105099817967
1515,-0.06300916117095878,-0.10971024439736206,0.02928889021515323,0.030005072961117242
1516,-0.17309241741517706,-0.13447823102861745,-0.08692668079138191,-0.08424099549401688
1517,-0.060353316821342234,-0.28809943003789795,0.10833756080093103,0.11151562173614633
1518,0.09614753364566858,0.02451433857539315,0.07227477544686818,0.0885828533914237
1519,-0.16093223120766312,0.020739458685207837,-0.20002387275819875,-0.17906060696487716
1520,-0.18778908418131354,-0.21213929754408997,-0.07058876189907791,-0.06502342514398257
1521,-0.16311062039330365,-0.12788338157619883,-0.02072453821133359,-0.02245531318074662
1522,-0.10205604129987167,-0.2652561845364208,0.1134702038136731,0.1144549550893736
1523,0.040971621258691165,-0.17004864074483,0.07009638626122765,0.08001850138760407
1524,-0.08952284324550147,-0.14623556444152663,-0.0007758646414610126,-0.0005968189549700097
1525,-0.32947390409119387,-0.059234281280773474,-0.21489958521082625,-0.21257199128644322
1526,-0.1659753513771597,-0.24400942973948847,0.011100832562442183,0.013637313121064724
1527,-0.04243382769836769,-0.3295783474083136,0.10760645758109275,0.10841216317030228
1528,-0.2059473008862761,-0.16746739876458475,-0.06493390230073706,-0.08622541851929215
1529,-0.1707797439646683,-0.1550386440273343,0.008773238638059145,0.0183223419175793
1530,-0.15687386231386707,-0.0818089582525141,-0.08735937453373517,-0.08722509026886693
1531,-0.0694846468323834,-0.21855510131001757,0.07282683298021543,0.08016770612634656
1532,-0.09477485004923755,-0.0792873981677658,-0.08964220703649546,-0.08488257587060963
1533,-0.043358897078571206,-0.06866402076929963,-0.05677240309152218,-0.05738414252036644
1534,-0.0895974456148727,-0.16937721942048878,0.04592521858494226,0.04414968219390647
1535,0.028721912207931723,-0.07463221031899972,0.03127331324042851,0.03203425740801527
1536,0.0052818477514845865,-0.2902330578019158,0.20858822476201844,0.20840917907552742
1537,-0.02936349258452448,-0.23114798125988478,0.06226313747724627,0.06578436931156932
1538,-0.0856435200381964,-0.258288323237146,0.14727999761272417,0.14519113127032912
1539,0.011324639670555936,0.027304467189877946,-0.03907672107666139,-0.032660917310733784
1540,-0.17163021097550057,0.04790964161021753,-0.21519799468831127,-0.21666020112798778
1541,-0.11709587896511592,-0.10226492793411117,-0.06611261973680284,-0.0701113067351019
1542,-0.14659365581450864,-0.1623795171734654,0.03836053833069738,0.038703709229805136
1543,-0.0030586971442213002,-0.11529050162633164,-0.005147563486616334,0.0047447106920115775
1544,0.047655993554355285,0.07521410880009548,-0.008758318164184892,-0.010145922234490165
1545,-0.049237563785025806,-0.017233147324759033,-0.026692727761033687,-0.03476470412700307
1546,-0.24554623854853624,-0.08165975351377158,-0.18956462057234938,-0.18443197755960727
1547,0.09138790247978273,-0.16758676255557875,0.23857837724926137,0.23466921309420782
1548,-0.11911014293813971,-0.18895288114350509,-0.0047745516397600775,-0.012742084688609708
1549,-0.0634866163349348,-0.3057801915788845,0.09628181791053682,0.09638626122765658
1550,-0.12586911760317507,-0.04959565515800782,-0.008638954373190892,-0.01035480886872967
1551,-0.08737429500760943,-0.09622213601503982,-0.10887469786040402,-0.11032198382620631
1552,-0.07205096833875443,0.0012383993315627703,-0.12722688072573185,-0.12407866073826501
1553,-0.22065888812628684,-0.04899883620303779,-0.1013846199755304,-0.09246217659872875
1554,-0.23217749395720805,0.034511056071140814,-0.1628271313896929,-0.19653248187162423
1555,-0.25287219122079313,-0.2553191489361702,0.04223986153800244,0.04734266360299603
1556,-0.10296619020620093,-0.10587568261167972,-0.04796932350571453,-0.054429888693264886
1557,-0.1319715914177434,-0.15714243084360358,-0.017382352063501534,-0.017218226850884782
1558,-0.0004774551639760078,-0.18138820088926022,0.10871057264778727,0.10584584166393123
1559,-0.07966041001462205,-0.26810599504640265,0.05865238279967771,0.054832741487869645
1560,-0.13479156097997672,-0.025349885112351162,-0.0121751066813882,-0.017964250544597295
1561,-0.12073647459043298,-0.13895437319089252,-0.008430067738951387,-0.010906866402076927
1562,-0.04946137089313955,-0.041090985049685176,0.12864432574378562,0.12364596699591177
1563,-0.043194771865954454,-0.0009549103279520156,-0.046089343797559,-0.06400883292053354
1564,-0.09265614275909402,-0.14053594342156306,-0.008683715794813642,-0.002611082927993793
1565,-0.14571334785592788,-0.28259377517829964,0.09377517829966278,0.09343200740055503
1566,0.01272716421473546,-0.19031064426606187,0.15751544269045983,0.1443555847333711
1567,0.03648055862254185,-0.16032049177881888,0.10680075199188324,0.12755513115096534
1568,-0.034003759959416305,-0.030109516278236992,-0.041150666945182164,-0.04004655187848766
1569,-0.275044015397929,-0.16664677270150097,-0.12392945599952253,-0.12378025126078003
1570,-0.014293813971531732,-0.12163170302288798,0.06002506639610874,0.0820178448867536
1571,-0.10600996687654798,-0.061651398048402,-0.04764107308048104,-0.0399421085613679
1572,-0.008638954373190892,-0.25895974456148724,0.1366864611620065,0.13834263376204825
1573,-0.23107337889051355,-0.2849064486288084,-0.06961893109725165,-0.07267762824147293
1574,0.0023723553460057887,-0.10929247112888302,0.10263793978096743,0.09828116140968635
1575,-0.16669153412312374,-0.31050998179702183,-0.02396228104204589,-0.02345498493032138
1576,-0.10156366566202142,-0.05880158753842022,-0.04170272447852943,-0.04397063650741547
1577,0.0017606159171615287,-0.09716212586911759,0.03245203067649428,0.03109426755393751
1578,-0.11794634597594818,-0.25913879024797826,0.06878338456029362,0.06808212228820386
1579,-0.16023096893557337,-0.01402524544179523,-0.1519053445137417,-0.15238279967771776
1580,-0.23161051594998655,-0.12815195010593536,-0.23298319954641758,-0.24462116916833276
1581,-0.027871445197099456,0.21245262749544921,-0.1315836590970129,-0.13492584524484497
1582,0.07879502252991553,-0.07515442690459848,0.1293903494374981,0.1308674763510489
1583,-0.0365850019396616,-0.21237802512607798,0.02345498493032138,0.02345498493032138
1584,-0.11949807525887021,0.07287159440183819,-0.08728477216436392,-0.08251022052460386
1585,0.16220047148697442,-0.1389692936647668,0.18311897585867323,0.18422309092536776
1586,-0.011936379099400195,-0.15056250186505923,0.05037151979946882,0.0549371848049894
1587,-0.12482468443197756,-0.16157381158425588,0.0551460714392289,0.06044283966458774
1588,0.07082748948106592,0.04614902569305601,0.06518755035659932,0.053415296469815875
1589,-0.08500193966160365,-0.07825788547044253,0.008071976365969381,0.01765092059323804
1590,-0.10004177732684788,-0.23240130106532178,0.08224165199486735,0.0792277162722688
1591,-0.13970039688460503,-0.2574229357524394,-0.010563695502969173,-0.016397600787801017
1592,0.015457610933723252,-0.12124377070215747,0.12569007191668405,0.12616752708066006
1593,0.169392139894363,-0.2699710542806839,0.17309241741517706,0.1676464444510757
1594,-0.18680433290561305,-0.17586762555578764,-0.0034466294649518063,-0.0003133299513592551
1595,0.1651099638924532,-0.07755662319835277,0.16985467458446477,0.16985467458446477
1596,-0.04825281250932529,-0.08345021037868161,0.019605502670764823,0.028856196472799973
1597,0.011414162513801437,-0.30152785652472325,0.19690549371848046,0.18989287099758287
1598,-0.018755035659932556,-0.09486437289248305,-0.02984094774850049,-0.03434693085852406
1599,-0.09213392617349525,-0.24172659723672824,0.07100653516755692,0.0670526095908806
1600,-0.24559099997015904,-0.22079317239115512,-0.026110829279937926,-0.02627495449255468
1601,-0.02754319477186595,-0.2869505535495807,0.12842051863567186,0.1141267046641401
1602,-0.1357763122556772,-0.22177792366685561,-0.019351854614902568,-0.016725851213034524
1603,-0.19113127032914562,-0.32650472979021805,0.028438423204320964,0.028856196472799973
1604,-0.14775745277670016,-0.10286174688908119,-0.13328459311867744,-0.1292411446987556
1605,-0.09593864701142905,-0.24709796783145827,0.08173435588314283,0.08162991256602309
1606,-0.08928411566351346,-0.21698845155322127,0.1126048163289666,0.123004386619319
1607,0.12709259646086357,0.05507146906985765,0.045731252424577,0.07208080928650293
1608,-0.22838769359314848,-0.15500880307958578,-0.07225985497299393,-0.06911163498552714
1609,-0.10498045417922472,0.06545611888633582,-0.1592312971859986,-0.16152905016263314
1610,-0.07636298528841275,-0.16737787592133924,0.059831100235743485,0.05656351645728267
1611,-0.0892691951896392,-0.1501447285965802,-0.01902360418966906,-0.017054101638268027
1612,-0.00616215571006535,0.05984602070961773,-0.08453940497150188,-0.0770045656650055
1613,0.17261496225120107,0.1947718659544627,0.04702933365163677,0.03603294440631434
1614,-0.11812539166243918,-0.274745605920444,0.08328608516606485,0.09188027811763301
1615,0.09026886693921397,-0.12585419712930082,0.1238548536301513,0.12037838321745097
1616,0.028319059413326964,-0.243442451732267,0.15930589955536983,0.16220047148697442
1617,-0.16043985556981288,-0.15805257974993284,-0.056115902241055164,-0.05675748261764793
1618,-0.24776938915579957,-0.14210259317835933,-0.02526036226910566,-0.025230521321357165
1619,-0.10451791948912295,-0.17658380830175163,0.03916624391990689,0.04438840977589448
1620,-0.11533526304795438,-0.17952314165497893,-0.04837217630031929,-0.0397630628748769
1621,0.03224314404225478,-0.18650592342812808,0.1470561905046104,0.1462504849154009
1622,-0.047596311658858276,-0.13889469129539553,0.038599265912685386,0.045611888633582995
1623,-0.10339888394855419,-0.198248336367163,-0.007818328310107127,-0.0009996717495747663
1624,-0.11039658619557756,-0.21525767658380826,0.08121213929754409,0.08691176031750768
1625,0.041165587419056425,0.0006266599027185102,0.043925875085792716,0.045149353943481234
1626,-0.23211781206171106,-0.13286681985019844,-0.14416161857300586,-0.14665333771000563
1627,-0.0339440780639193,0.03934528960639789,-0.02442481573214765,-0.02766255856285995
1628,-0.2291635582346095,-0.01717346542926203,-0.19438393363373216,-0.20467906060696486
1629,-0.007475157410999372,-0.017367431589627284,-0.049685178001253306,-0.052072453821133347
1630,-0.07472173316224522,-0.15782877264181908,0.03219838262063203,0.029408254006147234
1631,-0.06277043358897078,-0.20581301662140786,0.07994389901823282,0.09089552684193249
1632,-0.18635671868938553,-0.11436543224612812,-0.12555578765181583,-0.1246605592193608
1633,-0.13701471158724,-0.07321476530094594,-0.06939512398913789,-0.06603801736743159
1634,-0.11727492465160694,-0.17892632270000894,-0.07399062994240696,-0.0731103219838262
1635,-0.08977649130136371,0.05302736414908537,-0.02333562113932738,-0.022992450240219623
1636,0.053624183104055374,-0.24420339589985374,0.12419802452925903,0.12797290441944434
1637,-0.028990480737668228,0.14202799080898806,-0.0947002476798663,-0.09711736444749484
1638,-0.08465876876249588,-0.18265644116857147,0.0367043657306556,0.029229208319656228
1639,-0.12345200083554653,-0.026797171078153437,-0.05301244367521112,-0.04728298170749902
1640,-0.08210736772999909,-0.19618931097251646,-0.012145265733639698,-0.012712243740861207
1641,0.0042970964757840695,-0.36013547790277806,0.3195070275431947,0.32252096326579327
1642,-0.020948345319447344,-0.1449524036883411,0.16029065083107036,0.1501745695443287
1643,-0.13174778430962966,-0.08831428486168719,-0.03260123541523678,-0.03278028110172779
1644,0.04895407478141505,-0.1636179165050282,0.08713556742562144,0.08685207842201068
1645,0.00544597296410134,-0.09455104294112379,0.08877681955178895,0.08577780430306464
1646,-0.029199367371907727,-0.0678881561278386,0.011712571991286442,0.009593864701142906
1647,-0.19438393363373216,-0.07654203097490375,-0.1048610903882307,-0.1038763391125302
1648,-0.1320611142609889,-0.22700008952284323,-0.04079257557220017,-0.04926740473277431
1649,-0.05286323893646861,-0.2791769866610963,0.11793142550207392,0.1161111276894154
1650,-0.09571483990331532,-0.3625227537226582,0.13846199755304225,0.13227000089522842
1651,-0.1533227895317955,0.0027453671928620448,-0.17582286413416487,-0.17503207901882964
1652,0.1755990570260511,-0.2682850407328936,0.32247620184417053,0.3140908955268419
1653,-0.06472501566649756,-0.273790695592492,0.1501148876488317,0.15117424129390347
1654,0.08779206827608843,-0.06602309689355733,0.12477992301035477,0.12733132404285158
1655,0.14824982841455042,-0.1687654799916445,0.2648234907940676,0.26633045865536686
1656,-0.13608964220703648,-0.1705111754349318,-0.03758467368923637,-0.030706335233207004
1657,-0.09334248455730952,0.040762734624451666,-0.10915818686401478,-0.12534690101757628
1658,-0.0013279221748082716,-0.04838709677419354,0.10860612933066752,0.10917310733788904
1659,-0.19032556473993612,-0.3354719345886425,0.03409328280266181,0.02209722180776461
1660,-0.25143982572886514,-0.07278207155859269,-0.17752379815582944,-0.18210438363522422
1661,-0.15481483691922054,-0.260078780102056,0.03084061949807525,0.03255647399361403
1662,-0.15873892154814837,-0.15409865417325652,-0.05350481931306138,-0.06481453850974307
1663,-0.06290471785383903,0.010832264032705676,-0.10805407179732027,-0.10681567246575749
1664,-0.14872728357852644,-0.23866790009250693,-0.017113783533765033,-0.029080003580913727
1665,0.07342365193518545,-0.3387992002626003,0.2127808779206827,0.2126316731819402
1666,-0.12327295514905551,-0.0818089582525141,-0.06260630837635403,-0.06999194294410789
1667,-0.243621497418758,-0.22125570708125689,-0.11141117841902656,-0.10742741189460175
1668,-0.10826295843155975,-0.23366954134463308,0.11251529348572109,0.09725164871236308
1669,-0.20321685416728832,0.04380651129479872,-0.26240637402643907,-0.26850884784100737
1670,-0.26354033004088206,-0.3205066992927695,-0.020262003521231833,-0.025305123690728414
1671,-0.054086717794157135,-0.1973083465130852,0.11790158455432542,0.10808391274506877
1672,-0.017561397749992536,-0.10745725284235025,0.011369401092178686,0.025558771746590672
1673,0.01457730297514249,-0.10204112082599741,0.0396735400316314,0.0333771000566978
1674,-0.2551550237235534,-0.08086896839843633,-0.21760019098206557,-0.2179433618811733
1675,-0.1021306436692429,-0.15457610933723254,0.021440720957297602,0.02139595953567485
1676,-0.09465548625824355,-0.03897227775954164,-0.06620214258004833,-0.06259138790247977
1677,-0.2404285160096684,-0.18283548685506248,-0.03495867028736832,-0.028199695622332963
1678,-0.13337411596192292,-0.09219360806899228,-0.09097012921130374,-0.08203276536062785
1679,0.057727313419474194,-0.21512339231894,0.19051953090030138,0.1878189251290621
1680,-0.0860612933066754,-0.17101847154665628,0.08173435588314283,0.0789889886902808
1681,0.07591537107218524,-0.29082987675688576,0.20872250902688663,0.20676792694935986
1682,-0.13365760496553367,-0.05726477872937244,-0.028304138939452713,-0.01771060248873504
1683,-0.014547462027393989,-0.21291516218555098,0.11297782817582284,0.1159320820029244
1684,-0.19723374414371397,-0.033227895317955294,-0.11463400077586462,-0.12745068783384558
1685,-0.1757482617647936,-0.26312255677240304,-0.0045059831100235734,-0.00798245352272388
1686,-0.18386499955238575,-0.19151920264987615,0.01906836561129181,0.023529587299692633
1687,0.021798812330279606,-0.09438691772850705,0.05083405448957058,0.05214705619050461
1688,-0.15842559159678907,-0.2311181403121363,0.021276595744680847,0.02623019307093193
1689,-0.12698815314374381,-0.09077616305093847,-0.023037211661842374,-0.035719614454955084
1690,-0.18831130076691233,-0.3162096028169854,0.08462892781474739,0.10909850496851779
1691,-0.13981976067559904,-0.22332965294977764,0.08692668079138191,0.09097012921130374
1692,0.1308973172987974,-0.10253349646384768,0.13981976067559904,0.1375220076989645
1693,0.07606457581092774,-0.3123452000835546,0.2787741338664916,0.2770881203187013
1694,-0.021694369013159853,-0.07003670436573065,0.02015756020411208,0.015890304676076508
1695,0.05131150965354659,-0.19093730416878038,0.11919966578138519,0.12619736802840859
1696,-0.11679746948763091,-0.3230581003252663,0.11699143564799618,0.10854644743517051
1697,-0.2011578287726418,-0.23745934170869262,-0.01045925218584942,-0.018068693861717045
1698,-0.08692668079138191,-0.2803855450449106,0.08859777386529795,0.08950792277162722
1699,-0.011906538151651694,-0.019545820775267817,-0.0017904568649100294,-0.0021187072901435347
1700,-0.16845215004028527,-0.11496225120109813,-0.1125451344334696,-0.10694995673062577
1701,0.033093611053087044,-0.2349228611500701,0.17634508071976362,0.17862791322252392
1702,-0.03748023037211662,-0.2242248813822327,0.1723911551430873,0.169332457998866
1703,0.003491390886574557,-0.08152546924890333,0.027632717615111452,0.027632717615111452
1704,-0.1500850467010832,0.01281668705798096,-0.10748709379009876,-0.09786338814120735
1705,-0.14604159828116137,-0.22153919608486763,-0.013577631225567722,-0.0034466294649518063
1706,-0.07184208170451492,-0.08016770612634656,-0.046223628062427254,-0.04607442332368475
1707,-0.0823460953119871,-0.10599504640267374,0.02163468711766285,0.038315776909074624
1708,-0.258646414610128,-0.14314702634955684,-0.22118110471188562,-0.214168481990988
1709,-0.048267732983199536,-0.10954611918474529,-0.006908179403777863,-0.012100504312016947
1710,-0.06562024409895258,0.007131986511891617,-0.0774223389334845,-0.08121213929754409
1711,-0.02818477514845871,-0.10196651845662616,0.07410999373340096,0.07245382113335919
1712,-0.18422309092536776,-0.1765092059323804,-0.09801259287994984,-0.09825132046193785
1713,-0.2475754229954343,-0.2125869117603175,-0.07005162483960489,-0.06274059264122227
1714,0.09884813941690787,-0.1714362448151353,0.15481483691922054,0.15360627853540626
1715,-0.12203455581749274,-0.18605830921190053,0.005087881591119333,0.0014025245441795229
1716,-0.11779714123720568,-0.14953298916773594,0.04374682939930172,0.055534003759959406
1717,0.12657037987526482,-0.11517113783533763,0.2116767628539882,0.19081794037778635
1718,-0.05087881591119333,-0.2167795649189818,0.15320342574080148,0.13999880636209006
1719,-0.060308555399719486,-0.05602637939780967,-0.016278236996807013,0.0008803079585807643
1720,-0.04331413565694846,0.0050729611172450825,-0.10492077228372772,-0.10524902270896123
1721,0.013637313121064724,-0.14562382501268237,0.07105129658917966,0.07223001402524544
1722,-0.2729402285816597,-0.23702664796633938,-0.07504998358747872,-0.08242069768135835
1723,-0.23175972068872902,-0.04132971263167318,-0.19090746322103191,-0.185610694995673
1724,-0.20657396078899462,-0.2775954164304258,0.06092029482856375,0.05583241323744441
1725,-0.24020470890155465,-0.23087941273014825,-0.04492554683536748,-0.04501506967861298
1726,-0.18137328041538595,-0.09334248455730952,-0.11385813613440363,-0.11896093819939718
1727,0.021067709110441344,-0.3431410581600071,0.29579839455701107,0.30466115603831573
1728,0.06315836590970128,0.008847841007430395,0.05510131001760615,0.057190176360001184
1729,-0.11708095849124166,-0.04144907642266718,-0.08068992271194532,-0.09474500910148904
1730,0.06818656560532362,-0.06755990570260512,0.08497209871385514,0.07173763838739518
1731,-0.07278207155859269,-0.07795947599295754,-0.04185192921727194,-0.04367222702993047
1732,-0.06300916117095878,-0.23001402524544176,0.1709587896511593,0.16945182178986004
1733,-0.3222971561576795,-0.16787025155918947,-0.18337262391453552,-0.18941541583360683
1734,-0.11896093819939718,0.018441705708573303,-0.12416818358151054,-0.12000537137059472
1735,-0.1458923935424189,-0.12676434603563005,-0.038569424964936885,-0.03645071767479335
1736,-0.17246575751245857,-0.3645071767479335,0.10650234251439825,0.10717376383873949
1737,-0.12934558801587537,-0.1352988570917012,-0.10156366566202142,-0.09350660976992627
1738,-0.08488257587060963,-0.015502372355346003,-0.010668138820088923,-0.005684700546089343
1739,-0.13750708722509022,0.021291516218555098,-0.14836919220554443,-0.1476231685118319
1740,-0.06954432872788038,-0.045253797260601,-0.025424487481722415,-0.02020232162573483
1741,-0.20464921965921634,-0.2850258124198024,-0.05310196651845661,-0.061651398048402
1742,-0.22050968338754437,-0.2635850914625048,-0.041404315001044426,-0.04428396645877472
1743,0.04840201724806779,-0.02964698158813523,0.08367401748679536,0.0791381934290233
1744,-0.06368058249530004,-0.1592909790814956,0.11075467756855957,0.11102324609829604
1745,0.08273402763271762,-0.13238936468622242,0.07803407836232878,0.07803407836232878
1746,0.05453433201038465,0.17409208916475183,-0.05080421354182208,-0.04717853839037928
1747,0.03858434543881113,-0.08177911730476559,0.019814389305004326,0.021142311479812596
1748,-0.06459073140162931,-0.2807287159440183,0.18438721613798456,0.18089582525140993
1749,-0.1708692668079138,-0.020843902002327594,-0.14811554414968217,-0.14463907373698187
1750,-0.03321297484408104,-0.21989794395870008,0.06885798692966488,0.0731401629315747
1751,0.039255766763152386,-0.053206409835576375,0.07858613589567603,0.07761630509384977
1752,-0.23878726388350094,-0.20450001492047384,-0.09490913431410579,-0.07815344215332277
1753,-0.15280057294619676,-0.27986332845931183,0.07403539136402972,0.07704932708662826
1754,0.046178866640804506,-0.27729700695294074,0.19448837695085192,0.18860971024439735
1755,0.046895049386768514,-0.18232819074333798,0.1005192324908239,0.10147414281877593
1756,-0.14826474888842467,-0.2349527020978186,0.04567157052908,0.05071469069857657
1757,-0.23058100325266329,-0.23331144997165107,-0.07461728984512547,-0.0732595267225687
1758,-0.13010653218346213,-0.1130524305451941,-0.009668467070514159,-0.009086568589418397
1759,-0.07173763838739518,-0.1567097371012503,-0.059741577392497976,-0.06994718152248515
1760,-0.07430395989376622,-0.30618304437348925,0.1616334934797529,0.16325982513204618
1761,0.04559696815970875,-0.4086270179940914,0.30285577869953145,0.29684282772820864
1762,0.011205275879561933,-0.2307152875175315,0.10638297872340424,0.10796454895407476
1763,-0.21106502342514394,-0.2700008952284324,-0.021172152427561097,-0.01882963802930381
1764,-0.06430724239801855,-0.28902449941810143,0.025558771746590672,0.03249679209811703
1765,0.17583778460803914,-0.15666497567962756,0.19351854614902567,0.19577153770403746
1766,0.03619706961893109,-0.0640237533944078,0.033869475694548054,0.030527289546716
1767,-0.15485959834084329,-0.03657008146578735,-0.10154874518814716,-0.09975828832323713
1768,-0.09623705648891406,-0.18947509772910381,0.02203753991226761,0.018053773387842795
1769,-0.33905284831846255,-0.13162842051863566,-0.19436901315985797,-0.1887887559308883
1770,0.11678254901375666,-0.13310554743218644,0.14727999761272417,0.14783205514607142
1771,-0.24938080033421858,-0.31250932529617137,0.04204589537763719,0.053728626421175124
1772,-0.2785503267583778,-0.1805824953000507,-0.10581600071618272,-0.10589060308555397
1773,-0.11059055235594281,-0.08931395661126196,-0.045343320103846486,-0.045179194891229735
1774,-0.1579779773805616,-0.0855838381426994,-0.10214556414311718,-0.10253349646384768
1775,-0.03476470412700307,-0.11815523261018768,-0.0017009340216645277,-0.003416788517203306
1776,-0.21610814359464053,-0.24863477664050607,-0.02808033183133896,-0.025364805586225416
1777,-0.13796962191519202,-0.1448927217928441,-0.04270239622810419,-0.0488794724120438
1778,0.15878368296977108,-0.08716540837336993,0.1641252126167527,0.16461758825460293
1779,-0.17940377786398493,0.007594521201993375,-0.13956611261973675,-0.1302109755005819
1780,-0.0430306466533377,-0.20244098952582731,0.06377010533854553,0.06424756050252155
1781,-0.07504998358747872,-0.2188684312613768,0.10686043388738024,0.12745068783384558
1782,-0.17779236668556592,-0.08715048789949567,-0.0707678075855689,-0.0673510190683656
1783,-0.17610635313777565,-0.2422935752439497,0.06059204440333024,0.06842529318731162
1784,-0.0072215093551371195,-0.2411596192295067,0.076735997135269,0.08122705977141832
1785,-0.10848676553967351,0.015741099937334007,-0.05878666706454596,-0.05129658917967234
1786,0.014263973023783233,-0.008788159111933393,0.05935364507176747,0.052102294768881854
1787,-0.1097251648712363,-0.3007818328310107,0.12786846110232458,0.122526931455343
1788,-0.1530840619498075,-0.2758497209871385,0.10583092119005698,0.10071319865118913
1789,-0.12316851183193576,-0.23799647876816565,0.07093193279818566,0.08303243711020261
1790,-0.1446838351586046,0.0556533675509534,-0.19790516546805523,-0.20561905046104262
1791,-0.04762615260660678,-0.060129509713228474,0.011115753036316433,0.019336934141028318
1792,-0.11515621736146336,-0.2817433081674674,0.07795947599295754,0.06797767897108412
1793,-0.09156694816627375,-0.10854644743517051,0.003491390886574557,-0.0003730118468562561
1794,-0.20981170361970694,-0.22282235683805313,-0.027767001879979703,-0.025379726060099667
1795,-0.12421294500313329,0.008982125272298648,-0.043463340395690955,-0.053206409835576375
1796,-0.03160156366566202,-0.09026886693921397,-0.006863417982155113,-0.01172749246516069
1797,-0.20388827549162958,-0.350228283250276,0.14398257288651484,0.14347527677479036
1798,-0.07406523231177821,-0.025409567007848164,-0.07797439646683177,-0.07846677210468203
1799,-0.17176449524036883,-0.08195816299125659,-0.08215212915162184,-0.07951120527587956
1800,-0.1009370057593029,-0.29511205275879554,0.10829279937930826,0.10750201426397302
1801,-0.289293067947838,-0.17488287428008711,-0.061352988570917005,-0.05714541493837843
1802,-0.2884127599892572,-0.12028886037420546,-0.12477992301035477,-0.12449643400674405
1803,-0.12258661335084,-0.10199635940437467,-0.07084240995494016,-0.05947300886276147
1804,-0.06821640655307211,-0.1346721971889827,-0.022753722658231623,-0.024991793739369158
1805,-0.16967562889797377,-0.29599236071737633,0.018859478977052306,0.02708066008176419
1806,-0.0031482199874668013,-0.09893766226015337,0.04874518814717555,0.06314344543582703
1807,-0.007818328310107127,-0.13665662021425798,0.11960251857598996,0.12045298558682223
1808,0.03303392915759004,-0.18907224493449906,0.13826803139267702,0.137432484855719
1809,-0.1639461669302617,-0.11391781802990061,-0.002760287666736295,0.0018799797081555305
1810,-0.10929247112888302,-0.14532541553519737,0.023827996777177642,0.02029184446898033
1811,-0.2224791859389454,-0.036018023932440094,-0.21245262749544921,-0.21293008265942526
1812,-0.05425084300677389,-0.17246575751245857,0.04425412551102623,0.05629494792754617
1813,-0.020470890155471332,-0.046551878487660764,0.04067321178120616,0.039225925815403885
1814,0.03167616603503327,0.015576974724717254,-0.05959237265375547,-0.05869714422130046
1815,-0.050088030795858066,-0.15403897227775953,0.04219510011637969,0.03789800364059562
1816,0.10139954044940465,-0.27901286144847953,0.21575005222165852,0.2104234430485512
1817,-0.13185222762674942,-0.11584255915967889,-0.03419772611978156,-0.0273492286115007
1818,-0.04215033869475694,-0.30112500373011847,0.15885828533914234,0.1609769926292859
1819,0.0022231506072632862,-0.11047118856494881,0.07440840321088596,0.07073796663782041
1820,-0.091402822953657,0.07234937781623943,-0.13447823102861745,-0.137790576228701
1821,-0.167601683029453,0.0214108800095491,-0.2194503297424726,-0.2189281131568738
1822,-0.11496225120109813,-0.2208826952344006,0.08740413595535794,0.08630002088866341
1823,-0.1584852734922861,-0.09031362836083673,-0.13037510071319863,-0.13625376741965323
1824,-0.11633493479752915,0.059234281280773474,-0.08009310375697531,-0.07986929664886155
1825,0.01962042314463907,0.027155262451135444,0.025379726060099667,0.025379726060099667
1826,0.006550088030795856,-0.04989406463549282,0.08022738802184357,0.07792963504520903
1827,-0.023007370714093874,-0.18729670854346328,0.009384978066903402,0.012786846110232458
1828,0.0031034585658440503,0.06250186505923427,0.012070663364268448,0.018441705708573303
1829,0.043090328548834704,-0.003953925576676315,0.03200441646026677,0.03845006117394288
1830,-0.14611620065053266,-0.09929575363313538,0.005222165855987586,0.007564680254244874
1831,-0.03489898839187132,-0.29253081077855025,0.13328459311867744,0.13147921577989313
1832,-0.16479663394109395,-0.012428754737250454,-0.11090388230730207,-0.10571155739906297
1833,0.045000149204738736,0.019993434991495324,0.009429739488526153,-0.010086240338993165
1834,0.08073468413356806,-0.10877025454328428,0.09305899555369876,0.09514786189609381
1835,-0.05499686670048639,-0.20794664438542562,0.031064426606189008,0.043582704186684966
1836,-0.10626361493241024,-0.1784190265882844,-0.022932768344722625,-0.017889648175226043
1837,-0.3239682492315955,-0.13901405508638953,-0.1777625257378174,-0.17277908746381782
1838,-0.04796932350571453,-0.12686878935274984,-0.006579928978544357,-0.003372027095580555
1839,0.10408522574676969,-0.0427322371758527,0.08767270448509444,0.09177583480051324
1840,0.09786338814120735,-0.023201336874459126,0.08467368923637013,0.08586732714631015
1841,-0.10771090089821252,-0.20290352421592908,0.027214944346632443,0.028930798842171222
1842,-0.08618065709766941,-0.13276237653307868,-0.03565993255945808,-0.030258721016979497
1843,-0.11621557100653514,-0.12495896869684579,-0.0792873981677658,-0.08752349974635193
1844,-0.043791590820924466,-0.02524544179523141,-0.07248366208110768,-0.056384470770791666
1845,-0.16408045119512993,-0.11839396019217568,0.013458267434573722,0.013786517859807225
1846,-0.12812210915818684,-0.16330458655366895,-0.0636955029691743,-0.06946972635850913
1847,0.04807376682283429,-0.28043030646653333,0.21625734833338303,0.2175852705081913
1848,0.010250365551609918,-0.2660320491778818,0.17552445465667987,0.1735698725791531
1849,-0.15274089105069977,-0.17100355107278206,-0.028706991734057465,-0.02924412879353048
1850,-0.1366864611620065,-0.1603652532004416,-0.05090865685894184,-0.04531347915609799
1851,-0.31048014084927333,0.02757303571961445,-0.28938259079108347,-0.2837874130882396
1852,-0.006057712392945599,-0.01583062278057951,-0.02255975649786637,-0.028841275998925723
1853,-0.25519978514517616,-0.16142460684551338,-0.10114589239354242,-0.1013846199755304
1854,0.010131001760615916,0.05519083286085164,-0.049685178001253306,-0.051968010504013604
1855,-0.08734445405986094,-0.276834472262839,0.09507325952672255,0.08859777386529795
1856,-0.09277550655008802,0.051057861597684336,-0.11509653546596638,-0.11590224105517591
1857,-0.07090209185043715,-0.1490704544776342,0.011906538151651694,0.017352511115753033
1858,-0.03403360090716481,-0.11054579093432007,0.055593685655456415,0.06186028468264151
1859,-0.0704992390558324,-0.12622720897615708,0.03234758735937453,0.04222494106412819
1860,-0.09053743546895049,-0.21700337202709555,0.03718182089463161,0.03989734713974515
1861,-0.07681059950464025,-0.33465130852555874,0.0709468532720599,0.08109277550655007
1862,-0.22485154128495116,-0.29203843514070005,-0.0668437229566411,-0.06858941839992838
1863,-0.21612306406851478,-0.20860314523589263,-0.059502849810509975,-0.06100981767180924
1864,-0.2405628002745367,-0.38670884187281784,-0.023290859717704632,-0.025767658380830172
1865,-0.14128196711527555,-0.17115275581152453,-0.04185192921727194,-0.04292620333621795
1866,-0.11172450837038582,-0.2197487392199576,0.07413983468114947,0.0733490495658142
1867,-0.22925308107785497,-0.13899913461251528,-0.09757989913759658,-0.09846020709617737
1868,-0.07015606815672465,-0.16503536152308196,0.01593506609769926,0.00974306943988541
1869,-0.021172152427561097,-0.05356450120855837,-0.026424159231297182,-0.025230521321357165
1870,-0.001521888335173525,-0.21956969353346661,0.06960401062337739,0.07057384142520365
1871,0.017561397749992536,-0.34090298707886957,0.12916654232938435,0.12800274536719286
1872,-0.16642296559338723,-0.19524932111843868,-0.010817343558831426,-0.014368416340902985
1873,0.047327743129121774,-0.17834442421891317,0.1918026916534869,0.16757184208170448
1874,-0.022395631285249615,0.016949658321148278,-0.029318731162901734,-0.022410551759123865
1875,-0.0024767986631255407,-0.11596192295067291,0.02585718122407567,0.025364805586225416
1876,-0.2891587836829697,-0.3165229327683447,-0.043045567127211956,-0.03671928620452985
1877,-0.29721583957506487,-0.13514965235295873,-0.23120766315538177,-0.22834293217152576
1878,-0.10262301930709318,-0.11773745934170868,-0.022664199814986123,-0.024230849571782394
1879,-0.030005072961117242,0.03886783444242189,-0.08768762495896867,-0.08837396675718419
1880,0.05380322879054637,-0.06353137775655754,0.03956909671451165,0.038852913968547634
1881,-0.12973352033660587,-0.14716063382173017,-0.005252006803736086,-0.0058189848109575955
1882,-0.04926740473277431,-0.013085255587717464,-0.0046551878487660755,-0.007325952672256868
1883,-0.06439676524126406,-0.17039181164393777,0.004103130315418817,0.007728805466861626
1884,-0.1848199098803378,-0.1561129181462803,-0.05889111038166571,-0.05690668735639042
1885,-0.14159529706663482,-0.20663364268449164,-0.030064754856614237,-0.03683864999552385
1886,-0.06288979737996478,-0.28171346721971885,0.16515472531407593,0.1604846169914356
1887,0.028020649935841954,-0.1284951210050431,0.058025722896959196,0.051236907284175334
1888,0.024230849571782394,-0.11105308704604455,0.12284026140670226,0.11452955745874488
1889,-0.20639491510250363,-0.19442869505535496,-0.08127182119304106,-0.08407687028140012
1890,0.029870788696248988,-0.41310316015636656,0.24760526394318277,0.24397958879173998
1891,0.059532690758258476,-0.19311569335442091,0.12322819372743277,0.11629017337590641
1892,-0.15487451881471753,0.014472859658022736,-0.12512309390946252,-0.13292650174569542
1893,0.010593536450717672,-0.09395422398615379,-0.0021485482378920348,-0.002551401032496792
1894,0.15030885380919695,-0.169093730416878,0.2544388409775894,0.24896302706573958
1895,-0.3001850138760407,-0.19542836680492973,-0.045388081525469234,-0.03594342156306884
1896,-0.09347676882217777,-0.2145564143117185,0.017442033958998533,0.02014263973023783
1897,0.0029840947748500488,-0.24341261078451845,0.15148757124526271,0.14939870490286766
1898,-0.03233266688550028,-0.3495121005043119,0.15772432932469932,0.151741219301125
1899,-0.07697472471725701,-0.17992599444958368,0.08385306317328636,0.0858524066724359
1900,0.007624362149741874,-0.18447673898123004,0.1282265524753066,0.12257169287696576
1901,-0.12836083674017484,0.01408492733729223,-0.11858792635254092,-0.10871057264778727
1902,-0.06200948942138401,-0.11903554056876844,0.11585747963355314,0.11803586881919369
1903,0.13426934439437793,-0.15955954761123212,0.2394736056817164,0.23493778162394433
1904,-0.14377368625227535,-0.024230849571782394,-0.1645728268329802,-0.166348363224016
1905,-0.20203813673122256,-0.03342186147832055,-0.08976157082748946,-0.08015278565247232
1906,0.1325982513204619,-0.008877681955178896,0.1112470532064098,0.11012801766584106
1907,-0.07233445734236517,-0.08916475187251946,0.02699113723851869,0.027498433350243195
1908,0.017113783533765033,-0.12515293485721105,0.04649219659216376,0.04152367879203843
1909,-0.0053415296469815875,-0.21543672227029925,0.09910178747277013,0.10153382471427293
1910,-0.12436214974187577,-0.3205514607143922,0.06860433887380263,0.06115902241055175
1911,-0.015666497567962758,-0.1903852466354331,0.11757333412909192,0.12933066754200112
1912,-0.04464205783175673,-0.02014263973023783,-0.012637641371489955,-0.016293157470681267
1913,-0.027214944346632443,-0.32004416460266777,0.13165826146638415,0.13664169974038373
1914,-0.10847184506579928,-0.21234818417832946,0.15385992659126854,0.16725851213034523
1915,-0.1320909552087374,-0.08082420697681357,-0.12069171316881024,-0.10777058279370952
1916,0.06372534391692279,-0.17586762555578764,0.12764465399421085,0.13024081644833038
1917,-0.0462385485363015,-0.18092566619915842,0.06442660618901255,0.07090209185043715
1918,-0.31146489212497386,-0.3232073050640088,-0.031124108501686013,-0.02809525230521321
1919,0.005058040643370833,0.030393005281847744,-0.09898242368177611,-0.09889290083853061
1920,-0.10569663692518873,-0.1249291277490973,-0.03388439616842231,-0.014219211602160482
1921,-0.0550565485959834,0.14811554414968217,-0.23019307093193275,-0.23196860732296853
1922,-0.24378562263137477,-0.2824147294918086,-0.06278535406284502,-0.03715197994688311
1923,-0.058025722896959196,-0.26977708812031864,0.13723851869535375,0.13928262361612603
1924,-0.3274894810659186,-0.215660529378413,-0.1617230163229984,-0.20473874250246185
1925,-0.22159887798036465,-0.05474321864462415,-0.11167974694876308,-0.10971024439736206
1926,-0.028125093252961714,-0.1437886067261496,0.011369401092178686,0.023947360568171643
1927,-0.008206260630837634,-0.2280743636417892,0.08777714780221418,0.08732953358598668
1928,-0.17906060696487716,-0.24929127749097307,-0.05399719495091163,-0.05265435230222911
1929,-0.09129837963653725,0.01227954999850795,-0.17194354092685982,-0.168795320939393
1930,-0.12630181134552831,-0.0890603085553997,-0.022694040762734617,-0.015009996717495746
1931,-0.08118229834979558,-0.07915311390289753,-0.01897884276804631,-0.02988570917012324
1932,0.07252842350273044,-0.12943511085912088,0.09147742532302823,0.09037331025633373
1933,-0.019202649876160063,-0.24591925039539253,0.11488764883172689,0.11740920891647517
1934,-0.16803437677180624,-0.19645787950225296,-0.0520276923995106,-0.04531347915609799
1935,-0.0308555399719495,-0.014830951031004742,-0.08016770612634656,-0.08083912745068782
1936,-0.11727492465160694,-0.24641162603324276,-0.022127062755513113,-0.017218226850884782
1937,-0.18965414341559486,-0.2654053892751634,-0.027065739607889938,-0.025961624541195424
1938,-0.12100504312016948,-0.10647250156664974,-0.010683059293963175,-0.02451433857539315
1939,-0.09253677896810002,0.012786846110232458,-0.04435856882814597,-0.04362746560830771
1940,-0.12088567932917547,-0.12894273522127062,-0.13346363880516843,-0.12719703977798333
1941,-0.2748351287636895,-0.1619915848527349,-0.11120229178478706,-0.11714064038673866
1942,0.013696995016561722,-0.15685894183999283,0.12024409895258271,0.12194503297424725
1943,-0.03680880904777535,-0.052475306615738106,0.005669780072215092,0.0123243114201307
1944,-0.07876518158216704,-0.15866431917877707,0.06445644713676105,0.0638447077079168
1945,-0.21301960550267074,-0.06873862313867087,-0.09447644057175254,-0.11057563188206856
1946,-0.34123123750410306,-0.21956969353346661,-0.14483303989734714,-0.1449524036883411
1947,-0.13323983169705467,-0.03752499179373936,-0.08874697860404045,-0.09444659962400405
1948,-0.026916534869147444,-0.1549192802363403,0.1415057742233893,0.1485929993136582
1949,-0.17503207901882964,0.02224642654650711,-0.16046969651756138,-0.16184238011399238
1950,-0.24378562263137477,-0.30591447584375275,0.005326609173107337,0.012145265733639698
1951,-0.28988988690280804,-0.30387037092298047,-0.06757482617647936,-0.06930560114589239
1952,-0.16230491480409417,-0.20549968667004861,-0.07182716123064067,-0.07179732028289217
1953,-0.10235445077735666,-0.29373936916236454,0.053788308316672126,0.04862582435618154
1954,-0.06097997672406074,-0.1713765629196383,0.11687207185700216,0.11885649488227744
1955,-0.04470173972725373,-0.21661543970636504,0.10738265047297901,0.09990749306197963
1956,-0.0636955029691743,-0.32930977887857715,0.09999701590522514,0.12394437647339678
1957,-0.15206946972635849,-0.2248963027065739,0.0334367819521948,0.03868878875593088
1958,-0.0669630867476351,-0.15718719226522632,-0.011936379099400195,-0.021485482378920354
1959,-0.18056757482617647,-0.15336755095341825,-0.08367401748679536,-0.076735997135269
1960,0.003864402733430813,0.10692011578287725,-0.034884067917997065,-0.0028050490883590458
1961,-0.028319059413326964,-0.25106681388200885,0.1700038793232073,0.17227179135209333
1962,0.12215391960848676,-0.23447524693384258,0.274805287815941,0.2743576735997135
1963,-0.10797946942794902,-0.012637641371489955,-0.04100146220643967,-0.04731282265524753
1964,0.02335054161320163,-0.2880845095640237,0.17104831249440478,0.17729999104771568
1965,0.013115096535465965,0.08588224762018441,-0.03486914744412282,-0.03792784458834412
1966,-0.07502014263973023,0.05278863656709737,-0.13267285368983314,-0.1140371818208946
1967,0.03876339112530213,-0.12754021067709106,0.09135806153203424,0.08953776371937572
1968,0.11939363194175047,-0.08722509026886693,0.10584584166393123,0.10657694488376948
1969,-0.1521888335173525,-0.05629494792754617,-0.0794366029065083,-0.07096177374593415
1970,-0.07149891080540716,-0.06335233207006653,0.02163468711766285,0.031124108501686013
1971,-0.1221986810301095,0.02697621676464444,-0.07476649458386797,-0.07351317477843095
1972,-0.059711736444749475,-0.06720181432962309,-0.021649607591537102,-0.021828653278028107
1973,-0.1314642953060189,-0.0335561457431888,-0.11996060994897195,-0.13162842051863566
1974,-0.028871116946674224,-0.1276894154158336,-0.08292799379308285,-0.09008982125272297
1975,-0.09349168929605202,-0.1575005222165856,-0.014099847811166482,-0.018247739548208047
1976,-0.023007370714093874,0.05013279221748082,-0.0065351675569216075,-0.00790785115335263
1977,-0.09035838978245947,0.10350332726567393,-0.11236608874697858,-0.11996060994897195
1978,-0.20733490495658138,-0.2311778222076333,-0.07111097848467667,-0.06368058249530004
1979,-0.12360120557428902,-0.3879024797827578,0.17227179135209333,0.17970218734146992
1980,0.0758706096505625,0.07933215958938854,-0.0556235266032049,-0.0515203962877861
1981,0.0034018680433290554,-0.22665691862373546,0.08348005132643012,0.07557220017307748
1982,-0.1396556354629823,-0.21988302348482586,-0.019530900301393567,-0.02017248067798633
1983,-0.2188535107875026,-0.13564202799080896,-0.06681388200889259,-0.05917459938527647
1984,-0.16806421771955476,-0.23360985944913606,-0.02387275819880039,-0.013264301274208466
1985,-0.014935394348124494,-0.19550296917430093,0.042747157649726954,0.050416281221091576
1986,-0.05723493778162393,-0.13944674882874278,0.024111485780788394,0.0243502133627764
1987,-0.11212736116499059,-0.19062397421742114,0.10423443048551222,0.10168302945301541
1988,-0.14733967950822116,-0.0734385724090597,-0.04595505953269076,-0.05262451135448062
1989,-0.13783533765032374,-0.05002834890036107,-0.1101429381397153,-0.10683059293963175
1990,-0.07063352332070065,-0.22634358867237622,0.06738086001611411,0.06673927963952135
1991,-0.2879054638775327,-0.17568857986929665,-0.14887648831726893,-0.14032705678732355
1992,-0.05869714422130046,-0.2697621676464444,0.10236937125123093,0.11257497538121809
1993,0.1283160753185521,-0.2671212437707021,0.26786726746441464,0.2665841067112291
1994,-0.09344692787442926,-0.35103398883948544,0.009922115126376412,0.005416132016352838
1995,-0.08886634239503446,-0.2084987019187729,0.07357285667392796,0.0789293067947838
1996,-0.14119244427203007,-0.11309719196681683,-0.11896093819939718,-0.10466712422786546
1997,-0.26155590701560677,-0.36801348810838225,0.004908835904628331,-0.010369729342603919
1998,-0.14278893497657483,0.13771597385932977,-0.22968577482020824,-0.2267912028886037
1999,-0.1472650771388499,-0.16369251887439942,0.03281012204947629,0.026215272597057675
2000,-0.13364268449165945,-0.25637850258124195,0.061352988570917005,0.06275551311509653
2001,0.02096326579332159,-0.20065053266091729,0.08712064695174718,0.08732953358598668
2002,0.1017427113485124,-0.19134015696338513,0.15673957804899882,0.16236459669959116
2003,-0.1627674494941959,-0.15433738175524453,-0.10912834591626627,-0.10815851511444001
2004,-0.07203604786488019,-0.23089433320402253,0.05695144877801318,0.0548775029094924
2005,-0.12130345259765447,0.15684402136611858,-0.13910357792963501,-0.14020769299632954
2006,-0.167303273551968,-0.20282892184655782,0.08521082629584315,0.08503178060935214
2007,-0.1369848706394915,-0.10865089075229026,-0.013682074542687475,-0.008594192951568139
2008,-0.12497388917072004,-0.3964071498910805,0.10803915132344603,0.10920294828563754
2009,0.0789293067947838,-0.04823789203545104,0.08267434573722061,0.08410671122914862
2010,0.15138312792814296,-0.15436722270299302,0.229491808659843,0.23401271224374084
2011,0.04420936408940348,-0.20402255975649786,0.17462922622422486,0.1787920384351407
2012,-0.1513532869803945,-0.22001730774969408,0.017233147324759033,0.018441705708573303
2013,-0.08334576706156187,-0.16215571006535165,0.04370206797767897,0.0460595028498105
2014,0.009713228492136908,-0.007146906985765866,-0.007102145564143117,-0.009489421384023155
2015,-0.18074662051266746,-0.06923099877652113,-0.05889111038166571,-0.05738414252036644
2016,0.04428396645877472,-0.10477156754498522,0.11388797708215212,0.11632001432365491
2017,-0.12263137477246275,-0.03668944525678135,-0.05616066366267792,-0.05954761123213272
2018,-0.06832084987019187,0.07692996329563427,-0.06089045388081525,-0.06685864343051534
2019,0.049133120467906057,-0.12848020053116885,0.10762137805496699,0.11352988570917012
2020,-0.19429441079048668,-0.25272298648205066,-0.026170511175434927,-0.032079018829638026
2021,-0.008251022052460385,-0.14053594342156306,0.12204947629136698,0.11675270806600815
2022,-0.04237414580287069,-0.16839246814478825,0.004938676852376831,0.004371698845155322
2023,0.07416967562889795,0.018546149025693053,0.0674107009638626,0.07379666378204171
2024,-0.054131479215779876,-0.08200292441287935,-0.02190325564739936,-0.025126078004237412
2025,0.08831428486168719,0.013309062695831217,0.09243233565098026,0.09840052520068036
2026,0.1470860314523589,-0.1552475306615738,0.08395750649040612,0.08383814269941212
2027,-0.05733938109874368,-0.1805526543523022,0.025334964638476915,0.02945301542776998
2028,0.0826146638417236,-0.13777565575482675,0.2157351317477843,0.21612306406851478
2029,-0.06157679567903076,-0.047148697442630776,0.0019844230252752827,0.0012383993315627703
2030,-0.2305959237265375,0.11591716152905016,-0.21994270538032284,-0.23156575452836378
2031,-0.12118408880666048,-0.16687057980961473,0.022321028915878366,0.029587299692638236
2032,-0.0639043896034138,-0.045984900480439246,-0.028289218465578463,-0.019769627883381574
2033,-0.03286980394497328,-0.039584017188385896,-0.03959893766226015,-0.03956909671451165
2034,0.15250216346871173,0.07263286681985019,0.0584136552176897,0.05654859598340842
2035,-0.038539584017188384,-0.1747933514368416,0.023604189669063885,0.026812091552027687
2036,-0.04844677866969054,-0.3312046790606069,0.09141774342753124,0.09083584494643548
2037,-0.04213541822088269,-0.12019933753095997,0.07312524245770045,0.07737757751186176
2038,0.008071976365969381,-0.13889469129539553,0.08304735758407686,0.08401718838590312
2039,-0.06475485661424606,-0.17268956462057233,0.040524007042463665,0.04501506967861298
2040,0.09904210557727311,-0.0669332457998866,0.08192832204350808,0.08103309361105307
2041,-0.1331204679060607,-0.019322013667154067,-0.03227298499000328,-0.02526036226910566
2042,-0.25330488496314635,-0.14942854585061618,-0.12078123601205573,-0.1131121124406911
2043,-0.02370863298618364,-0.26456984273820533,0.13344871833129418,0.11728984512548117
2044,0.012115424785891197,-0.09519262331771655,0.1523081973083465,0.15192026498761596
2045,-0.0554146399689654,0.06847005460893438,-0.042881441914595204,-0.03298916773596729
2046,0.12880845095640236,-0.1052191817612127,0.1385365999224135,0.14995076243621494
2047,-0.056280027453671916,-0.1164393781146489,0.0400017904568649,0.04629823043179851
2048,0.006057712392945599,0.01833726239145355,-0.030109516278236992,-0.02336546208707588
2049,-0.16919817373399776,-0.13186714810062364,-0.08655366894452567,-0.08391274506878338
2050,-0.14431082331174835,-0.053415296469815875,-0.04413476172003222,-0.045432842947091996
2051,-0.15741099937334008,-0.22045000149204735,0.05016263316522932,0.04540300199934349
2052,-0.10275730357196143,-0.09305899555369876,-0.01586046372832801,-0.0023574348721315383
2053,-0.1853272059920623,-0.08603145235892691,-0.045790934320074,-0.028468264152069465
2054,-0.016322998418429765,-0.1762704783503924,0.0549073438572409,0.056384470770791666
2055,-0.2844886753603294,0.030661573811584252,-0.2618990779147145,-0.2772671660051923
2056,0.041270030736176175,-0.08637462325803465,0.09683387544388408,0.08292799379308285
2057,-0.15602339530303477,0.012383993315627704,-0.07582584822893974,-0.07481125600549074
2058,-0.289233386052341,-0.15133836650652024,-0.1257049923905583,-0.1387156456089045
2059,-0.10565187550356599,0.01909820655904031,-0.043687147503804716,-0.027498433350243195
2060,-0.08101817313717882,-0.25554295604428395,0.013458267434573722,0.011817015308406191
2061,-0.11420130703351138,-0.169630867476351,0.03704753662976336,0.03460057891438632
2062,-0.047700754975978026,-0.12674942556175584,0.010220524603861416,-0.000492375637850258
2063,-0.10204112082599741,-0.26962788338157617,0.12475008206260628,0.12360120557428902
2064,-0.08103309361105307,-0.12824147294918084,-0.025797499328578673,-0.038315776909074624
2065,-0.02916952642415923,-0.2964250544597296,0.1871176628569723,0.18750559517770285
2066,0.006833577034406612,-0.01468174629226224,-0.002924412879353048,0.011981140521022945
2067,-0.15782877264181908,0.013100176061591712,-0.15048789949568794,-0.14938378442899344
2068,-0.045149353943481234,-0.15541165587419054,0.0948792933663573,0.09426755393751304
2069,-0.06156187520515651,-0.18152248515412847,0.09649070454477632,0.11141117841902656
2070,-0.25721404911819995,0.09665482975739309,-0.260914326639014,-0.27720748410969526
2071,-0.1955775715436722,-0.15832114827966934,-0.03627167198830235,-0.03574945540270358
2072,0.028378741308823965,-0.07121542180179642,0.06482945898361732,0.07866073826504727
2073,-0.21630210975500574,-0.11799110739757093,-0.14172958133150307,-0.14332607203604783
2074,-0.2926800155172928,-0.1347020381367312,-0.10548775029094923,-0.13100176061591715
2075,0.016561726000417772,-0.10116081286741666,0.06769418996747335,0.06620214258004833
2076,0.0245292590492674,-0.20617110799438987,0.0890603085553997,0.09492405478798004
2077,-0.05663811882665393,-0.2662110948643729,0.06280027453671928,0.05687684640864193
2078,-0.121870430604876,0.033019008683715795,-0.09186535764375875,-0.10408522574676969
2079,-0.03281012204947629,-0.010474172659723672,-0.003461549938826057,-0.0059980304974485985
2080,-0.07479633553161648,-0.1625287219122079,0.04699949270388827,0.05290800035809136
2081,-0.15265136820745426,-0.12716719883023483,0.017083942586016528,0.01675569216078302
2082,-0.21612306406851478,-0.21448181194234725,-0.12994240697084536,-0.1450120855838381
2083,-0.15278565247232248,-0.1276894154158336,-0.007087225090268865,-0.014980155769747244
2084,-0.12853988242666586,0.05901047417265972,-0.10729312762973349,-0.11699143564799618
2085,0.00014920473874250242,-0.12036346274357673,0.07263286681985019,0.0764077467100355
2086,0.03879323207305063,-0.3460207096177374,0.13680582495300048,0.1576646474292023
2087,-0.2534839306496374,-0.3397690310644266,0.05859270090418071,0.05859270090418071
2088,-0.1972188236698397,-0.076497269553281,-0.15205454925248424,-0.15779893169407058
2089,-0.2508728477216436,-0.20309749037629432,-0.11170958789651157,-0.10991913103160154
2090,-0.015606815672465756,-0.08300259616245412,0.044761421622750736,0.040732893676703165
2091,0.09383486019515978,-0.33001104115066693,0.21906239742174208,0.2219122079317239
2092,-0.12748052878159408,-0.032586314941362535,-0.06829100892244336,-0.06976813583599413
2093,-0.13946166930261703,-0.09669959117901583,-0.07569156396407148,-0.07203604786488019
2094,-0.15462087075885525,-0.23983169705469842,0.029751424905254988,0.01469666676613649
2095,0.0796753304884963,-0.28689087165408367,0.2867715078630897,0.2925009698308018
2096,-0.07572140491181999,-0.05769747247172569,-0.0462385485363015,-0.043015726179463455
2097,-0.1438184476738981,-0.22337441437140043,0.05738414252036644,0.05431052490227089
2098,-0.030393005281847744,-0.10199635940437467,-0.0026558443496165433,-0.001969502551401032
2099,-0.02614067022768643,-0.11396257945152337,0.0580854047924562,0.056891766882516175
2100,-0.0952075437915908,0.16727343260421948,-0.20071021455641427,-0.1897287457849661
2101,-0.06902211214228163,-0.23517650920593233,0.10738265047297901,0.10302587210169793
2102,-0.16655724985825549,-0.262227328339948,0.07179732028289217,0.0734385724090597
2103,-0.25563247888752944,-0.14377368625227535,-0.09998209543135088,-0.09080600399868698
2104,0.030333323386350745,-0.16582614663841722,0.08850825102205245,0.08886634239503446
2105,-0.08468860971024439,-0.059607293127629725,-0.028826355525051472,-0.028915878368296972
2106,-0.034615499388260564,-0.17959774402435016,0.01586046372832801,0.01045925218584942
2107,-0.0670824505386291,-0.02215690370326161,-0.07876518158216704,-0.07288651487571245
2108,-0.08676255557876517,-0.3601653188505266,0.1553967354003163,0.15573990629942405
2109,-0.15291993673719073,-0.10921786875951178,0.023156575452836378,0.026051147384440927
2110,-0.17067530064754854,-0.21381039061800597,-0.05904031512040822,-0.05947300886276147
2111,-0.17946345975948194,-0.4029572379218764,0.1290919399600131,0.13153889767539015
2112,-0.28530930142341315,0.030900301393572256,-0.2851600966846706,-0.28507057384142515
2113,0.02090358389782459,-0.14620572349377814,0.028378741308823965,0.028005729461967707
2114,-0.13240428516009667,-0.1986959505833905,0.008206260630837634,0.009071648115544149
2115,0.1643042583032437,-0.20159052251499504,0.21409387962161675,0.20546984572230012
2116,-0.06994718152248515,-0.06911163498552714,0.08019754707409506,0.08732953358598668
2117,0.02875175315568022,-0.09268598370684251,0.04664140133090626,0.04737250455074452
2118,-0.0003431708991077556,-0.1598579570887171,0.09960908358449463,0.10053415296469816
2119,-0.1972635850914625,0.06742562143773685,-0.22168840082361013,-0.20729014353495862
2120,-0.3163289666079794,-0.13777565575482675,-0.2075736325385694,-0.20250067142132433
2121,0.058562859956432206,-0.1594103428724896,0.04470173972725373,0.04741726597236728
2122,-0.09546119184745305,-0.0278266837754767,-0.0023872758198800388,-0.010310047447106918
2123,-0.12995732744471963,-0.09037331025633373,-0.036167228671182584,-0.03216854167288353
2124,-0.05217689713825311,-0.26177971412372053,0.10863597027841602,0.10915818686401478
2125,0.17236131419533882,-0.027617797141237202,0.0998328906926084,0.09599832890692607
2126,-0.18989287099758287,-0.33860523410223503,0.06223329652949777,0.0674405419116111
2127,-0.21600370027752078,-0.24153263107636294,0.02346990540419563,0.02869207126018322
2128,-0.2583032437110202,-0.17524096565306913,-0.09094028826355523,-0.09392438303840529
2129,-0.0977887857718361,-0.20153084061949805,0.04644743517054101,0.04972993942287607
2130,0.027020978186267194,0.1183044373489302,-0.062128853212378016,-0.05389275163379188
2131,-0.030930142341320754,0.05895079227716271,-0.053847990212169135,-0.05043120169496583
2132,-0.19706961893109723,-0.32065590403151195,-0.0003133299513592551,0.009220852854286652
2133,-0.0881650801229447,-0.16254364238608213,0.05087881591119333,0.04822297156157679
2134,-0.1265853003491391,-0.20743934827370114,0.030691414759332757,0.03452597654501506
2135,-0.20569365283041388,-0.20924472561248544,-0.08270418668496911,-0.0799737399659813
2136,-0.20305272895467158,-0.18186565605323624,-0.06884306645579062,-0.06281519501059353
2137,-0.19235474918683415,-0.2756706753006475,0.018605830921190055,0.021291516218555098
2138,-0.09159678911402225,-0.1257646742860553,0.025439407955596665,0.03800244695771537
2139,-0.12034854226970247,-0.10259317835934469,0.019232490823908568,0.03363074811256005
2140,-0.06056220345558174,-0.2134224582972755,0.09458088388887229,0.09262630181134551
2141,0.060621885351078736,-0.23344573423651932,0.12069171316881024,0.12491420727522305
2142,-0.11736444749485242,-0.2465309898242368,-0.022649279341111873,-0.017755363910357792
2143,-0.20444033302497686,-0.12759989257258808,-0.10147414281877593,-0.09038823073020798
2144,-0.08828444391393869,-0.379263525409567,0.16418489451224966,0.16749723971233324
2145,-0.06023395303034824,-0.0245889409447644,-0.0050729611172450825,-0.01041449076422667
2146,-0.017964250544597295,-0.14784697561994567,0.08480797350123838,0.0827638685804661
2147,-0.08057055892095132,-0.053310853152696125,-0.008847841007430395,-0.014517621079645486
2148,-0.08130166214078959,-0.19453313837247468,0.026439079705171432,0.025469248903345166
2149,-0.016666169317537522,-0.0893288770851362,0.01726298827250753,0.019709945987884572
2150,-0.2517979171018471,-0.11127689415415831,-0.1717346542926203,-0.17312225836292558
2151,-0.1302109755005819,-0.1788367998567634,-0.0050431201694965825,-0.0023574348721315383
2152,-0.20814061054579092,-0.05026707648234908,-0.08342036943093312,-0.08489749634448389
2153,-0.21783891856405355,-0.2974694876309271,-0.11294798722807435,-0.11587240010742739
2154,-0.04394079555966697,-0.2852346990540419,0.11694667422637342,0.12947987228074362
2155,-0.03203425740801527,-0.013309062695831217,0.0017009340216645277,0.0054310524902270885
2156,-0.12809226821043834,-0.41532631076362975,0.16075318552117213,0.1588732058130166
2157,0.0549371848049894,-0.09407358777714779,0.091402822953657,0.0921488466473695
2158,-0.24833636716302107,-0.41298379636537247,0.045880457163319496,0.03674912715227835
2159,-0.04489570588761899,-0.3730566082778788,0.18558085404792452,0.18910208588224758
2160,0.09702784160424933,-0.0034018680433290554,0.11400734087314612,0.11251529348572109
2161,-0.0791381934290233,-0.12688370982662409,-0.026737489182656442,-0.04256811196323594
2162,-0.25628897973799647,-0.24976873265494912,-0.033973919011667804,-0.03537644355584733
2163,-0.23789203545104587,-0.05912983796365371,-0.17637492166751212,-0.16491599773208795
2164,-0.17003372027095576,-0.31062934558801586,0.03686849094327235,0.032511712571991286
2165,-0.2854585061621557,-0.2700904180716779,0.025931783593446923,0.02345498493032138
2166,-0.054564172958133136,-0.1891916087254931,0.036659604309032846,0.030825699024201
2167,-0.2273581808958252,-0.17257020082957833,-0.08904538808152544,-0.09546119184745305
2168,-0.13892453224314402,-0.04292620333621795,-0.04435856882814597,-0.03463041986213482
2169,-0.062173614634000764,-0.0028498105099817967,-0.010324967920981169,-0.010265286025484167
2170,-0.11831935782280444,-0.15465071170660377,-0.03554056876846408,-0.04750678881561277
2171,-0.1202142580048342,-0.28028110172779086,0.07804899883620303,0.09143266390140549
2172,-0.1920115782877264,-0.2874578496613052,0.0054310524902270885,0.0064158037659276055
2173,-0.16470711109784847,0.16078302646892062,-0.21630210975500574,-0.2166452806541135
2174,-0.14249052549908983,-0.08640446420578315,-0.1287338485870311,-0.13094207872042013
2175,-0.09959416311062037,-0.09665482975739309,-0.010384649816478169,-0.009772910387633909
2176,0.061427590940288254,-0.22353853958401718,0.11634985527140342,0.11726000417773268
2177,-0.10575631882068573,-0.41526662886813276,0.06284503595834202,0.057995881949210695
2178,-0.031034585658440507,0.11755841365521766,-0.0676494285458506,-0.0670824505386291
2179,0.023932440094297392,-0.0826146638417236,0.04176240637402644,0.04186684969114619
2180,-0.15751544269045983,0.00426725552803557,-0.050923577332816085,-0.05277371609322311
2181,0.18380531765688876,-0.2756557548267733,0.2930977887857718,0.31583659097012917
2182,-0.2656291963832771,-0.25549819462266116,-0.04783503924084628,-0.04034496135597266
2183,-0.06029363492584524,-0.2320730506400883,0.10686043388738024,0.10902390259914654
2184,-0.016173793679687264,0.045238876786726744,-0.006908179403777863,-0.01596490704544776
2185,-0.04398555698128972,-0.012100504312016947,-0.09252185849422576,-0.08189848109575959
2186,0.27661066515472527,-0.04446301214526573,0.16913849183850077,0.1746441466980991
2187,-0.012398913789501954,-0.12797290441944434,0.02023216257348333,0.01884455850317806
2188,-0.13273253558533016,-0.0667542001133956,-0.08110769598042433,-0.0827638685804661
2189,-0.09219360806899228,-0.11657366237951718,0.017486795380621287,0.016203634627435768
2190,-0.05053564501208557,-0.12812210915818684,0.06664975679627584,0.06979797678374264
2191,-0.13150905672764165,-0.05780191578884544,-0.045179194891229735,-0.053116886992330865
2192,-0.041240189788427674,-0.19957625854197128,0.0609053743546895,0.06442660618901255
2193,-0.16176777774462114,-0.08580764525081315,-0.13340395690967144,-0.12994240697084536
2194,-0.15882844439139387,-0.2702097818626719,0.08012294470472382,0.08327116469219062
2195,-0.04027035898660141,-0.19010175763182235,0.16038017367431587,0.15991763898421413
2196,-0.09620721554116558,-0.10647250156664974,-0.010071319865118914,-0.018396944286950552
2197,-0.1559040315120408,-0.22482170033720267,-0.016129032258064516,-0.01712870400763928
2198,0.11539494494345139,-0.10268270120259017,0.07542299543433498,0.06333741159619229
2199,-0.15800781832831007,-0.23414699650860907,0.0057294619677120935,-0.0015069678612992746
2200,-0.10141446092327891,-0.1924591925039539,-0.016949658321148278,-0.015353167616603502
2201,-0.2928889021515323,-0.2336844618185073,-0.11388797708215212,-0.11385813613440363
2202,-0.13591059652054546,-0.19987466801945628,-0.024812748052878152,-0.01580078183283101
2203,-0.19210110113097187,-0.062203455581749265,-0.1039957029035242,-0.10530870460445822
2204,-0.13477664050610247,-0.23560920294828563,0.017248067798633283,0.02794604756647071
2205,-0.09501357763122555,-0.22500074602369372,0.006356121870430604,0.013010653218346211
2206,-0.05020739458685207,-0.2298200590850765,0.04771567544985228,0.057249858255498186
2207,0.022813404553728624,-0.19886007579600726,0.09262630181134551,0.08979141177523799
2208,-0.05668288024827668,-0.20734982543045563,0.03688341141714661,0.03645071767479335
2209,-0.15769448837695083,-0.12160186207513948,0.0018799797081555305,-0.016248396049058516
2210,-0.12555578765181583,-0.1597385932977231,-0.009862433230879411,-0.0023723553460057887
2211,-0.047059174599385266,-0.11818507355793618,0.04616394616693026,0.04565665005520575
2212,-0.15384500611739427,-0.12036346274357673,-0.026215272597057675,-0.02827429799170421
2213,0.13265793321595892,-0.05956253170600697,0.12446659305899554,0.12005013279221748
2214,-0.3320849870191877,-0.21394467488287425,-0.044940467309241734,-0.03604786488018859
2215,-0.17104831249440478,-0.0275282742979917,-0.10727820715585926,-0.09082092447256125
2216,0.06835069081794036,-0.035451045925218576,0.057786995314971196,0.052012771925636345
2217,-0.15939542239861534,-0.2097221807764614,0.08871713765629194,0.08788159111933394
2218,-0.0464175942227925,-0.01518904240398675,-0.037002775208140604,-0.046686162752529015
2219,-0.17406224821700333,0.04168780400465519,-0.13807406523231175,-0.1305989078213124
2220,-0.03721166184238011,-0.1461609620721554,0.1040553847990212,0.09384978066903403
2221,0.010742741189460177,-0.07985437617498731,-0.008832920533556145,-0.01341350601295097
2222,-0.01605442988869326,-0.012801766584106708,-0.06033839634746798,-0.05619050461042642
2223,-0.16340902987078865,-0.17112291486377607,-0.04970009847512757,-0.04796932350571453
2224,-0.01159320820029244,-0.06691832532601234,0.11572319536868489,0.1159320820029244
2225,0.012712243740861207,-0.290367342066784,0.0884336486526812,0.090507594521202
2226,-0.0970726030258721,-0.14862284026140668,0.08115245740204709,0.08339052848318461
2227,0.1957267762824147,-0.015756020411208257,0.15001044433171196,0.15180090119662196
2228,-0.02615559070156068,0.09395422398615379,-0.01833726239145355,-0.030795858076452506
2229,-0.15733639700396881,-0.19029572379218762,0.045000149204738736,0.04541792247321774
2230,-0.13504520903583894,-0.12785354062845034,-0.029333651636775978,-0.03009459580436274
2231,-0.17140640386738681,-0.08327116469219062,-0.13594043746829396,-0.1221389991346125
2232,0.12500373011846855,0.06718689385574884,-0.02002327593924383,0.013726835964310225
2233,-0.10154874518814716,-0.09898242368177611,-0.047357584076870275,-0.05002834890036107
2234,-0.18693861717048132,-0.0854346334039569,-0.21037868162692844,-0.21118438721613797
2235,-0.17780728715944014,-0.20269463758168957,-0.08100325266330459,-0.09537166900420757
2236,-0.058070484318581944,-0.16485631583659094,0.04128495121005043,0.03474978365312882
2237,-0.11333591954880486,0.017591238697741037,-0.024976873265494907,-0.027692399510608454
2238,-0.10784518516308075,-0.2016651248843663,0.04237414580287069,0.03064665333771
2239,-0.2327892333860523,-0.09287994986720778,-0.17057085733042882,-0.15751544269045983
2240,-0.08440512070663364,-0.21163200143236544,0.07876518158216704,0.08155531019665183
2241,-0.14638476918026913,-0.07149891080540716,-0.12816687057980958,-0.12485452537972605
2242,0.03570469398108084,-0.015442690459849003,0.01675569216078302,0.024409895258273397
2243,0.05114738444092983,0.01028020649935842,0.09302915460595026,0.09414819014651903
2244,-0.10881501596490703,0.023425143982572883,-0.07215541165587418,-0.07070812569007191
2245,-0.09786338814120735,-0.07776550983259227,-0.10492077228372772,-0.11251529348572109
2246,-0.09883321894303361,0.07051415952970666,-0.10853152696129628,-0.1098743696099788
2247,-0.2049625496105756,-0.08989585509235773,-0.039584017188385896,-0.05002834890036107
2248,-0.2526185431649309,-0.23398287129599235,-0.11888633583002595,-0.11949807525887021
2249,-0.13949151025036552,-0.022291187968129865,-0.08477813255348988,-0.08728477216436392
2250,-0.19651756139774998,-0.06830592939631762,-0.1641550535645012,-0.13528393661782695
2251,0.05365402405180388,0.11993076900122346,-0.02466354331413565,-0.02272388171048312
2252,-0.0018501387604070304,-0.013174778430962965,0.07120050132792216,0.07552743875145473
2253,-0.0706186028468264,-0.062457103637611526,-0.05031183790397182,-0.050998179702187334
2254,-0.09235773328160901,-0.31685118319357813,0.17922473217749393,0.18174629226224223
2255,-0.2277908746381785,-0.30509384978066895,-0.012831607531855211,-0.013786517859807225
2256,-0.055265435230222905,0.049148040941780304,-0.13674614305750346,-0.12824147294918084
2257,-0.292515890304676,-0.2360866581122616,-0.13100176061591715,-0.13371728686103068
2258,0.12630181134552831,-0.1423264002864731,0.19184745307510964,0.19617439049864221
2259,-0.09302915460595026,-0.34481215123392317,0.06812688370982661,0.07214049118199993
2260,-0.16691534123123747,-0.030079675330488487,-0.07548267732983198,-0.07813852167944853
2261,-0.03163140461341052,0.1226761361940855,-0.11818507355793618,-0.1156933544209364
2262,-0.008116737787592133,-0.38362030378084805,0.1646325087284772,0.17192862045298557
2263,0.12125869117603173,-0.1559040315120408,0.1730774969413028,0.2003670436573065
2264,-0.10284682641520694,-0.45182178986004584,0.08676255557876517,0.08574796335531615
2265,-0.008370385843454387,-0.13949151025036552,0.07564680254244874,0.07558712064695174
2266,-0.2504699949270388,-0.08709080600399867,-0.1327026946375817,-0.13046462355644414
2267,-0.018068693861717045,-0.290068932589299,0.1876846408641938,0.19375727373101365
2268,-0.14448986899823937,-0.09923607173763838,-0.07596013249380798,-0.07475157410999371
2269,-0.034436453701769565,0.04959565515800782,-0.049535973262510816,-0.042941123810092206
2270,-0.09082092447256125,-0.28863656709737096,0.07499030169198173,0.07120050132792216
2271,0.05774223389334845,0.06253170600698277,-0.032183462146757776,-0.02572289695920742
2272,-0.21379547014413175,-0.15906717197338183,-0.12825639342305512,-0.12904717853839034
2273,-0.1859837068425293,0.1013249380800334,-0.21865954462713733,-0.22232998120020286
2274,-0.017964250544597295,-0.033019008683715795,0.0122646295246337,0.01272716421473546
2275,0.10512965891796722,0.22347885768852013,-0.06379994628629404,-0.06329265017456955
2276,-0.0014920473874250244,-0.05912983796365371,0.07269254871534718,0.07695980424338275
2277,-0.34036585001939657,-0.336038912595864,-0.02151532332666885,-0.021739130434782608
2278,-0.19794992688967797,-0.2526334636388051,0.016845215004028528,0.01848646713019605
2279,-0.10122049476291366,-0.29923010354808866,0.09878845752141087,0.1013846199755304
2280,-0.1811793142550207,-0.22056936528304136,0.04896899525528929,0.05510131001760615
2281,-0.17448002148548236,-0.3103160156366566,-0.0491778818895288,-0.05177404434364835
2282,-0.22532899644892718,-0.09975828832323713,-0.09003013935722597,-0.08812031870132193
2283,-0.1193488705201277,-0.12433230879412727,-0.019292172719405566,-0.019426456984273817
2284,0.05748858583748619,-0.1306585897168094,0.13919310077288052,0.13185222762674942
2285,0.01763600011936379,0.06679896153501834,-0.004699949270388827,-0.005595177702843842
2286,-0.11678254901375666,-0.1128435439109546,0.05399719495091163,0.05381814926442063
2287,0.012592879949867205,0.1598579570887171,-0.11217212258661333,-0.10954611918474529
2288,-0.05883142848616872,0.07697472471725701,-0.11709587896511592,-0.11012801766584106
2289,-0.1729432126764346,-0.006982781773149114,-0.020381367312225833,-0.028483184625943715
2290,-0.027065739607889938,-0.31213631344931514,0.1413565694846468,0.1389692936647668
2291,-0.09893766226015337,-0.06544119841246157,-0.07000686341798214,-0.06855957745217987
2292,-0.04677568559577451,-0.15232311778222077,0.07237921876398794,0.07828772641819103
2293,-0.20321685416728832,-0.34898988391871316,0.0367342066784041,0.03404852138103906
2294,-0.06970845394049714,-0.24933603891259581,0.04061352988570916,0.045776013846199747
2295,-0.06572468741607232,-0.19814389305004326,0.053668944525678136,0.05519083286085164
2296,-0.14204291128286234,-0.3540777655098326,0.08794127301483094,0.07525887022171822
2297,-0.051759123869774104,-0.39075229029273967,0.1792993345468652,0.17934409596848794
2298,0.010190683656112916,-0.009922115126376412,0.017755363910357792,0.021724209960908354
2299,-0.16693026170511172,-0.308615081614992,0.04628330995792426,0.04604458237593625
2300,0.027020978186267194,-0.04702933365163677,0.029721583957506487,0.02928889021515323
2301,-0.11776730028945719,-0.16516964578795018,-0.029184446898033477,-0.02214198322938736
2302,-0.3008713556742562,-0.28974068216406546,-0.08486765539673538,-0.08097341171555608
2303,-0.13540330040882095,-0.2491271522783563,0.06478469756199456,0.05001342842648682
2304,-0.17558413655217686,-0.11229148637760733,-0.05926412222852196,-0.061323147623168504
2305,-0.18780400465518782,-0.14989108054071795,0.06133806809704275,0.060756169615947
2306,-0.26955328101220494,-0.18511831935782277,-0.1409089552684193,-0.12360120557428902
2307,-0.15703798752648382,-0.14095371669004206,-0.013801438333681477,-0.009444659962400405
2308,-0.10738265047297901,-0.14598191638566438,0.044537614514636975,0.041538599265912676
2309,-0.2079615648592999,-0.06318820685744977,-0.12363104652203753,-0.1186625287219122
2310,-0.17103339202053053,-0.15009996717495744,-0.10157858613589567,-0.10321983826206318
2311,-0.10426427143326071,-0.0645012085583838,-0.03297424726209304,-0.03152696129629076
2312,-0.09319327981856702,-0.039554176240637395,-0.12201963534361848,-0.122944704723822
2313,0.07461728984512547,-0.10041478917370414,-0.012801766584106708,-0.01344334696069947
2314,-0.07551251827758047,-0.18210438363522422,0.04110590552355942,0.04371698845155322
2315,-0.13708931395661123,-0.19339918235803166,0.030124436752111242,0.0276774790367342
2316,-0.006982781773149114,-0.34893020202321623,0.08925427471576497,0.08947808182387872
2317,-0.06614246068455133,-0.10151890424039867,0.017039181164393777,0.017248067798633283
2318,0.06484437945749157,-0.25854197129300827,0.15508340544895705,0.15830622780579506
2319,-0.04674584464802601,-0.18341738533615826,0.07152875175315566,0.07525887022171822
2320,-0.07670615618752051,-0.1811196323595237,0.08689683984363342,0.08985109367073496
2321,-0.08391274506878338,-0.2651815821670496,0.040986541732565426,0.04110590552355942
2322,-0.0046551878487660755,-0.19202649876160066,0.16779564918981824,0.17304765599355434
2323,-0.1471158724001074,-0.19028080331831337,-0.06624690400167109,-0.05610098176718092
2324,-0.23341589328877083,-0.10748709379009876,-0.06068156724657574,-0.06715705290800035
2325,-0.11903554056876844,-0.07502014263973023,-0.07645250813165824,-0.076735997135269
2326,-0.010906866402076927,-0.29593267882187935,0.12771925636358208,0.13650741547551548
2327,-0.2117961266449822,-0.19829309778878573,-0.07530363164334097,-0.07397570946853271
2328,-0.05177404434364835,-0.15879860344364535,-0.02326101876995613,-0.026573363970039687
2329,-0.07769090746322103,-0.19802452925904923,0.031049506132314757,0.02939333353227298
2330,-0.10705440004774551,-0.10595028498105098,-0.0333771000566978,-0.045716331950702745
2331,0.1753603294440631,0.07193160454776042,0.05504162812210915,0.05887618990779146
2332,-0.07082748948106592,-0.29350064158037653,0.10753185521172151,0.11378353376503235
2333,-0.33403956909671445,-0.3154934200710214,-0.04409000029840947,-0.044507773566888474
2334,0.043045567127211956,-0.06536659604309032,0.04216525916863119,0.04071797320282891
2335,-0.0893288770851362,-0.24308436035928496,0.11814031213631343,0.12237772671660048
2336,-0.2256870878219092,-0.10442839664587746,-0.11078451851630806,-0.1246008773238638
2337,0.06551580078183282,-0.12976336128435437,0.1252573781743308,0.13602996031153947
2338,-0.045179194891229735,-0.06945480588463489,0.0018202978126585297,-0.0016710930739160276
2339,-0.012443675211124704,-0.22258362925606515,0.12027393990033121,0.1218405896571275
2340,-0.06118886335830024,-0.1591119333950046,0.013622392647190472,0.012607800423741457
2341,-0.1850437169884515,-0.03762943511085911,-0.09895258273402761,-0.09884813941690787
2342,-0.16378204171764493,-0.1357912327295515,-0.01108591208856793,-0.01108591208856793
2343,-0.19007191668407383,-0.13362776401778517,-0.09972844737548861,-0.10147414281877593
2344,0.0009698308018262658,-0.23258034675181283,0.20114290829876752,0.19645787950225296
2345,-0.011861776730028945,-0.0706186028468264,0.08236101578586134,0.08331592611381336
2346,-0.2926203336217958,-0.15463579123272952,-0.1901465190534451,-0.1859837068425293
2347,-0.025916863119572673,0.09604309032854884,-0.06481453850974307,-0.060621885351078736
2348,-0.08925427471576497,-0.33994807675091754,0.17495747664945835,0.1837307152875175
2349,0.019933753095998326,-0.24958968696845807,0.12491420727522305,0.12070663364268447
2350,-0.031944734564769775,-0.04395571603354122,0.03292948584047029,0.020605174420339586
2351,-0.07539315448658648,-0.09235773328160901,-0.043896034138044215,-0.047894721136343285
2352,-0.22128554802900538,-0.33921697353107927,-0.01287636895347796,-0.010847184506579927
2353,0.003491390886574557,-0.19351854614902567,0.04816328966607979,0.04843185819581629
2354,-0.012070663364268448,-0.2040076392826236,0.09355137119154902,0.0893288770851362
2355,-0.10281698546745843,-0.2433678493628957,0.015666497567962758,0.027632717615111452
2356,-0.24315896272865622,-0.26803139267703135,-0.15148757124526271,-0.1561726000417773
2357,-0.1449524036883411,-0.2249709050759452,-0.057772074841096956,-0.06751514428098235
2358,0.026618125391662435,-0.08898570618602844,0.02226134702038136,0.02626003401868043
2359,-0.3091671391483393,-0.3691026827012025,-0.07540807496046074,-0.07579600728119124
2360,0.037599594163110615,-0.15217391304347824,0.06999194294410789,0.0734385724090597
2361,-0.20785712154218014,-0.1944734564769777,-0.06065172629882724,-0.05947300886276147
2362,-0.23174480021485477,-0.22000238727581983,-0.11291814628032586,-0.11196323595237383
2363,-0.18866939213989434,-0.0794366029065083,-0.0921488466473695,-0.09698308018262658
2364,-0.23477365641132755,0.0640237533944078,-0.21552624511354476,-0.2150189490018203
2365,-0.1543821431768673,-0.15108471845065796,0.019322013667154067,0.01848646713019605
2366,0.024693384261884156,-0.21297484408104797,0.06432216287189281,0.0644415266628868
2367,-0.20581301662140786,-0.21254215033869472,-0.01583062278057951,-0.01593506609769926
2368,0.153173584793053,-0.08433051833726238,0.058533019008683705,0.05951777028438422
2369,-0.11085912088567931,-0.16791501298081224,0.051803885291396845,0.054564172958133136
2370,0.00793769210110113,-0.3326072036047864,0.13171794336188117,0.13453791292411446
2371,-0.21615290501626327,-0.10227984840798543,-0.1487571245262749,-0.1432514696666766
2372,0.01781504580585479,-0.4264719047476947,0.2513204619378711,0.2553937513055414
2373,0.04652203753991226,-0.26686759571483987,0.1266002208230133,0.12169138491838498
2374,0.08249530005072961,-0.14451970994598787,0.1270030736176181,0.1273910059383486
2375,0.04398555698128972,-0.2389364686222434,0.15891796723463936,0.15948494524186088
2376,0.1343141058160007,-0.23334129091939956,0.19756199456894746,0.1940258422607502
2377,-0.1406105457909343,-0.2643758765778401,0.011175434931813432,0.012667482319238458
2378,-0.18270120259019426,-0.13080779445555188,-0.07833248783981378,-0.076258541971293
2379,-0.2172271791352093,-0.3509146250484915,0.08603145235892691,0.09629673838441107
2380,-0.1144549550893736,-0.055131150965354654,-0.06457581092775505,-0.06584405120706634
2381,-0.05813016621407895,-0.11127689415415831,-0.02387275819880039,-0.012563039002118706
2382,-0.1098146877144818,-0.18383515860463723,0.04489570588761899,0.05059532690758258
2383,-0.007131986511891617,-0.11814031213631343,-0.0796454895407478,-0.07921279579839453
2384,0.04916296141565455,-0.09599832890692607,0.1470263495568619,0.14198322938736532
2385,-0.12398913789501953,-0.18213422458297274,0.02163468711766285,0.02524544179523141
2386,0.0010593536450717673,-0.19566709438691768,0.18917668825161885,0.1880725731849243
2387,-0.28080331831338956,-0.304198621348214,-0.055727969920324666,-0.04959565515800782
2388,-0.06451612903225806,-0.2623616126048163,0.09598340843305184,0.09089552684193249
2389,-0.1291516218555101,-0.25120109814687713,0.00848974963444839,0.02003819641311808
2390,-0.15462087075885525,-0.3340246486228402,0.0334367819521948,0.05316164841395362
2391,-0.09619229506729132,-0.25203664468383513,0.09860941183491985,0.10199635940437467
2392,-0.1640655307212557,-0.2542747157649726,0.01774044343648354,0.008310703947957385
2393,-0.11018769956133805,-0.11545462683894839,-0.08479305302736415,-0.09170123243114199
2394,-0.06485929993136581,-0.07318492435319744,-0.05677240309152218,-0.054429888693264886
2395,-0.03764435558473337,-0.32064098355763776,0.09829608188356061,0.09828116140968635
2396,0.06609769926292858,-0.05780191578884544,0.08777714780221418,0.08771746590671718
2397,-0.15751544269045983,-0.32234191757930225,-0.0044463012145265724,0.0057294619677120935
2398,-0.05824953000507295,-0.2249410641281967,0.06827608844856912,0.057593029154605936
2399,-0.07042463668646115,-0.10162334755751841,0.01107099161469368,0.007952612574975381
2400,-0.12746560830771983,-0.19496583211482793,-0.0021037868162692842,-0.011294798722807434
2401,-0.17282384888544058,-0.05993554355286323,-0.11261973680284083,-0.11085912088567931
2402,-0.1616334934797529,-0.17292829220256034,0.002551401032496792,7.460236937125121e-05
2403,-0.010906866402076927,0.18529736504431377,-0.20296320611142607,-0.20350034317089907
2404,-0.2165259168631195,-0.0944018382023813,-0.11350004476142161,-0.11279878248933185
2405,0.09462564531049505,0.00737071409387962,0.1128435439109546,0.11411178419026587
2406,-0.04744710692011578,0.021619766643788604,-0.01153352630479544,-0.0120855838381427
2407,0.0016114111784190262,-0.039121482498284135,0.0275282742979917,0.021485482378920354
2408,-0.0676494285458506,-0.08189848109575959,0.013726835964310225,0.011936379099400195
2409,-0.15636656620214254,0.03554056876846408,-0.15478499597147202,-0.1558145086687953
2410,0.008236101578586135,-0.2628987496642893,0.14538509743069436,0.14574318880367637
2411,-0.05962221360150397,0.021575005222165853,-0.11670794664438541,-0.10732296857748201
2412,0.0800334218614783,-0.1556653039300528,0.12439199068962427,0.12469040016710929
2413,-0.15141296887589148,-0.025469248903345166,-0.09866909373041685,-0.09150726627077675
2414,-0.2695682014860792,-0.21109486437289243,-0.08521082629584315,-0.09031362836083673
2415,-0.09085076542030975,-0.154188177016502,-0.045716331950702745,-0.049073438572409055
2416,0.0030586971442213002,-0.09881829846915936,-0.014532541553519738,-0.00738563456775387
2417,-0.062039330369132506,-0.42490525499089843,0.1663036018023932,0.16991435647996178
2418,-0.1129032258064516,0.03375011190355405,-0.11391781802990061,-0.10654710393602099
2419,-0.08395750649040612,-0.23671331801498013,0.09763958103309359,0.10211572319536867
2420,-0.15127868461102323,-0.2653457073796663,0.062173614634000764,0.06129330667542
2421,-0.07082748948106592,-0.3845752141088,0.10504013607472172,0.11069499567306255
2422,-0.0736772999910477,-0.10183223419175792,0.045761093372325506,0.04212049774700844
2423,-0.08779206827608843,-0.0009549103279520156,-0.09411834919877053,-0.09473008862761481
2424,-0.12096028169854672,-0.0982363999880636,-0.045000149204738736,-0.038539584017188384
2425,-0.061964727999761264,0.11102324609829604,-0.17694189967473364,-0.1746441466980991
2426,0.13340395690967144,-0.029826027274626236,0.14071498910805405,0.14998060338396346
2427,0.1785383903792784,-0.138088985706186,0.1757333412909194,0.1745247829071051
2428,0.009549103279520155,-0.2604219510011638,0.14331115156217358,0.1519053445137417
2429,-0.09196980096087849,-0.09729641013398582,0.02245531318074662,0.022753722658231623
2430,-0.05198293097788786,-0.08935871803288471,0.05010295126973232,0.05687684640864193
2431,-0.000552057533347259,-0.19606994718152246,0.08455432544537614,0.08262958431559785
2432,-0.02245531318074662,0.0025663215063710418,-0.05195309003013936,-0.049923905583241314
2433,0.029035242159290972,-0.11239592969472707,0.11073975709468532,0.11821491450568468
2434,-0.03418280564590731,-0.15426277938587327,-0.009489421384023155,-0.003834561785682313
2435,-0.08239085673360985,-0.14161021754050906,-0.01818805765271105,-0.03110918802781176
2436,-0.18747575422995433,-0.06508310703947956,-0.17562889797379963,-0.1744352600638596
2437,-0.1196472799976127,-0.20918504371698843,0.03184029124765002,0.027632717615111452
2438,-0.05280355704097162,-0.04409000029840947,-0.04431380740652322,-0.04411984124615797
2439,-0.1591716152905016,-0.16173793679687265,0.0025066396108740408,0.0033421861478320552
2440,-0.12818179105368382,0.00613231476231685,-0.12427262689863029,-0.11551430873444538
2441,-0.017337590641878783,-0.14629524633702365,0.09662498880964458,0.09507325952672255
2442,-0.13628360836740172,-0.17152576765838082,0.0006863417982155112,0.006848497508280861
2443,-0.06156187520515651,-0.12067679269493596,-0.017755363910357792,-0.021008027214944346
2444,-0.09607293127629732,-0.14228163886485032,0.04943152994539106,0.04926740473277431
2445,-0.09493897526185431,-0.42163767121243767,0.12785354062845034,0.12833099579242635
2446,-0.09222344901674076,-0.15139804840201723,0.056265106979797676,0.046656321804780514
2447,-0.10235445077735666,0.13929754409000028,-0.15372564232640026,-0.15371072185252602
2448,-0.11178419026588284,-0.19888991674375578,0.03155680224403927,0.03345170242606905
2449,-0.08658350989227416,-0.23899615051774042,0.12307898898869024,0.12657037987526482
2450,-0.06332249112231804,0.002685685297365044,-0.008265942526334634,-0.0030139357225985493
2451,-0.07291635582346094,-0.16851183193578223,0.05554892423383366,0.06644087016203634
2452,-0.14636984870639488,-0.17488287428008711,-0.08273402763271762,-0.09314851839694427
2453,-0.23170003879323206,-0.11473844409298437,-0.13532869803944972,-0.13662677926650948
2454,-0.11591716152905016,-0.16931753752499176,-0.03680880904777535,-0.0398824266658709
2455,-0.07436364178926322,-0.2724926143654322,0.09729641013398582,0.08992569604010622
2456,-0.027423830980871946,-0.27808779206827605,0.19526424159231295,0.19496583211482793
2457,-0.00017904568649100292,0.0063262809226821036,-0.04711885649488227,-0.03828593596132612
2458,-0.05083405448957058,-0.13765629196383275,0.04122526931455343,0.04101638268031393
2459,-0.3233714302766255,-0.18959446152009785,-0.18459610277222405,-0.18349198770552946
2460,-0.12548118528244454,-0.0007012622720897614,-0.06597833547193457,-0.07276715108471844
2461,-0.106785831518009,0.045298558682223745,-0.13498552714034195,-0.14760824803795766
2462,-0.2121691384918385,-0.4023454984930321,0.09613261317179432,0.0882546029661902
2463,-0.022947688818596875,-0.33742651666616924,0.22062904717853837,0.21234818417832946
2464,-0.2421742114529557,-0.1423114798125988,-0.07716869087762226,-0.07066336426844916
2465,-0.19524932111843868,-0.15172629882725072,-0.07561696159470024,-0.07234937781623943
2466,-0.06718689385574884,-0.2157649726955328,0.09049267404732773,0.09003013935722597
2467,-0.11144101936677508,0.02811017277908746,-0.10265286025484169,-0.10978484676673331
2468,-0.03142251797917101,-0.17870251559189518,0.043791590820924466,0.05228134045537286
2469,-0.019963594043746827,-0.07436364178926322,0.07391602757303571,0.07490077884873622
2470,-0.027304467189877946,-0.13688042732237174,0.1331204679060607,0.13055414639968962
2471,-0.022679120288860367,-0.057309540150995195,-0.030601891916087254,-0.02663304586553668
2472,-0.23314732475903435,-0.15411357464713077,-0.09213392617349525,-0.08837396675718419
2473,-0.07879502252991553,0.023529587299692633,-0.07588553012443675,-0.07190176360001194
2474,-0.09611769269792007,-0.1005789143863209,-0.0091164095371669,0.010847184506579927
2475,-0.1461311211244069,0.03036316433409925,-0.06290471785383903,-0.06521739130434782
2476,-0.18596878636865505,-0.09944495837187789,-0.13967055593685654,-0.1400435677837128
2477,0.0890603085553997,0.002879651457730297,0.04001671093073915,0.041672883530780934
2478,0.10514457939184146,-0.19069857658679235,0.20071021455641427,0.20172480677986332
2479,-0.31850735579361994,-0.017471874906747037,-0.21002059025394643,-0.21504878994956877
2480,0.07773566888484378,-0.018262660022082298,0.10393602100802721,0.10098176718092564
2481,-0.21231834323058096,-0.18747575422995433,-0.06738086001611411,-0.08185371967413685
2482,-0.1327026946375817,-0.09534182805645908,-0.022395631285249615,-0.018396944286950552
2483,-0.2776252573781743,-0.07764614604159827,-0.18887827877413385,-0.19139983885888215
2484,-0.24706812688370977,-0.17904568649100294,-0.10830771985318252,-0.1043836352242547
2485,0.19131031601563664,-0.15068186565605324,0.22392647190474765,0.22613470203813668
2486,-0.10339888394855419,-0.23211781206171106,0.006773895138909611,0.012115424785891197
2487,0.00919101190653815,-0.11194831547849958,0.06536659604309032,0.06478469756199456
2488,-0.05865238279967771,-0.10609948971979348,-0.02206738086001611,-0.0274387514547462
2489,-0.04901375667691205,-0.07960072811912505,-0.041478917370415674,-0.040941780310942665
2490,-0.04170272447852943,-0.07206588881262868,-0.013667154068813223,-0.012100504312016947
2491,-0.15009996717495744,-0.09407358777714779,-0.012786846110232458,-0.01277192563635821
2492,-0.090925367789681,-0.25922831309122374,0.05666795977440243,0.053847990212169135
2493,0.1793590164423622,-0.16513980484020171,0.2405031183790397,0.25616961594700244
2494,-0.00796753304884963,-0.04155351973978693,0.06590373310256334,0.06136790904479125
2495,-0.05914475843752797,-0.08164483303989735,0.006550088030795856,0.00425233505416132
2496,-0.034884067917997065,-0.2513801438333681,0.13435886723762344,0.1369848706394915
2497,0.06651547253140759,-0.030288561964727994,0.06848497508280861,0.06712721196025184
2498,0.04383635224254722,-0.2779535078034078,0.19820357494554025,0.19829309778878573
2499,-0.10020590253946464,-0.06630658589716809,-0.05144579391841484,-0.06106949956730625
2500,0.04431380740652322,-0.02875175315568022,0.06757482617647936,0.0671421324341261
2501,-0.13699979111336574,-0.18249231595595472,0.01896392229417206,0.013890961176926979
2502,-0.047685834502103785,-0.04659663990928351,0.049535973262510816,0.017039181164393777
2503,0.004013607472173315,-0.07828772641819103,0.0,0.0122646295246337
2504,-0.17334606547103934,-0.0007907851153352629,-0.14032705678732355,-0.14362448151353285
2505,0.09714720539524334,0.19253379487332511,-0.01166781056966369,-0.009041807167795646
2506,0.02205246038614186,-0.18286532780281098,0.1494882277461132,0.15709766942198083
2507,-0.0491778818895288,-0.167601683029453,0.00848974963444839,0.003580913729820059
2508,-0.049923905583241314,-0.15241264062546625,0.03971830145325415,0.03752499179373936
2509,0.09816179761869237,-0.2073050640088329,0.17831458327116465,0.18140312136313447
2510,-0.08958252514099846,-0.008832920533556145,-0.0640237533944078,-0.05477305959237264
2511,-0.17033212974844078,-0.3316672137507087,0.01605442988869326,0.017277908746381784
2512,0.07719853182537077,-0.07903375011190354,0.0983259228313091,0.10095192623317714
2513,-0.2570648443794575,-0.1348214019277252,-0.09896750320790187,-0.10851660648742202
2514,-0.05763779057622869,0.04138939452717018,-0.04043448419921816,-0.05117722538867833
2515,0.036316433409925096,-0.0520575333472591,-0.0027155262451135443,-0.0016710930739160276
2516,-0.21105010295126972,-0.25035063113604483,-0.052042612873384846,-0.06118886335830024
2517,-0.1319715914177434,-0.29260541314792154,0.10459252185849421,0.11435051177225386
2518,0.05495210527886365,0.021589925696040103,0.021246754796932346,0.03348154337381755
2519,-0.18907224493449906,-0.19357822804452268,-0.05604129987168391,-0.05702605114738443
2520,0.07452776700187998,-0.2564829458983617,0.16954134463310552,0.17251051893408131
2521,0.016382680313926767,0.12498880964459429,-0.09722180776461459,-0.0978484676673331
2522,-0.03491390886574557,-0.25619945689475093,0.10168302945301541,0.09581928322043506
2523,-0.11175434931813431,0.00857927247769389,-0.07549759780370624,-0.07390110709916145
2524,-0.32595267225687086,-0.27358180895825246,0.008907522902927395,0.015397929038226253
2525,-0.1649607591537107,-0.07746710035510727,-0.06982781773149115,-0.08134642356241233
2526,-0.14448986899823937,-0.2653904688012891,-0.04510459252185849,-0.03560025066396108
2527,-0.10532362507833248,-0.0947002476798663,-0.0556235266032049,-0.045000149204738736
2528,-0.16755692160783023,-0.18507355793620003,-0.01289128942735221,0.0035063113604488073
2529,-0.1669899436006087,-0.1350302885619647,-0.06875354361254511,-0.07006654531347914
2530,-0.14629524633702365,-0.10812867416669152,0.026901614395273186,0.03278028110172779
2531,-0.11876697203903194,-0.30173674315896265,0.016800453582405773,0.020754379159082088
2532,-0.18935573393810984,-0.24597893229088952,0.04149383784428993,0.039390051028020644
2533,0.001104115066694518,-0.39140879114320665,0.20746918922144966,0.21630210975500574
2534,0.10680075199188324,0.05101310017606158,0.1272418011996061,0.13174778430962966
2535,-0.33514368416340895,-0.29758885142192115,-0.09449136104562679,-0.09191011906538152
2536,-0.10718868431261375,-0.3030348243860224,0.1254662648085703,0.12085583838142698
2537,0.07470681268837097,-0.08392766554265763,0.05674256214377368,0.06109934051505475
2538,-0.016740771686908774,0.000492375637850258,-0.023798155829429138,-0.02333562113932738
2539,0.02056041299871684,-0.22959625197696273,0.05337053504819313,0.049744859896750315
2540,-0.0049834382739995815,-0.21492942615857474,0.06118886335830024,0.05908507654203096
2541,-0.04186684969114619,-0.0643520038196413,-0.019754707409507324,-0.018859478977052306
2542,-0.09834084330518335,-0.15309898242368178,0.020262003521231833,0.02200769896451911
2543,-0.18422309092536776,-0.33068246247500815,0.04156844021366118,0.04252335054161319
2544,-0.08835904628330994,-0.12910686043388736,-0.03216854167288353,-0.015636656620214254
2545,-0.1421771955477306,-0.19333950046253467,0.08880666049953746,0.08897078571215421
2546,0.05710065351675569,0.08873205813016619,0.018605830921190055,0.036361194831547844
2547,-0.11530542210020589,-0.3743099280833158,0.17598698934678164,0.1794783802333562
2548,0.0669332457998866,-0.0061472352361911,0.06184536420876725,0.06139774999253976
2549,-0.23156575452836378,-0.20636507415475513,-0.051251827758049595,-0.04407507982453522
2550,-0.043582704186684966,-0.2544836023992122,0.14341559487929334,0.13406045776013845
2551,-0.004670108322640326,-0.27316403568977343,0.1190206200948942,0.12019933753095997
2552,0.0015815702306705259,-0.20047148697442627,0.12334755751842677,0.11870729014353494
2553,-0.18131359851988899,-0.23653427232848911,-0.007191668407388618,-0.004610426427143326
2554,-0.016561726000417772,-0.2935752439497478,0.16336426844916593,0.16584106711229146
2555,0.06618722210617409,-0.09399898540777654,0.0882546029661902,0.07440840321088596
2556,-0.2491271522783563,-0.0432693742353257,-0.14722031571722716,-0.14554922264331113
2557,-0.13279221748082717,-0.05663811882665393,-0.12718211930410905,-0.13507504998358744
2558,-0.0402106770911044,-0.23344573423651932,0.10338396347467993,0.10426427143326071
2559,-0.1340753782340127,-0.137492166751216,-0.03565993255945808,-0.03463041986213482
2560,-0.15621736146340007,-0.17691205872698512,-0.07824296499656827,-0.0708871713765629
2561,-0.015009996717495746,-0.15927605860762137,0.11985616663185221,0.11960251857598996
2562,-0.08706096505625018,-0.10136969950165614,-0.053668944525678136,-0.04792456208409178
2563,-0.0019247411297782816,-0.1927874429291874,0.03770403748023037,0.039225925815403885
2564,-0.16233475575184264,-0.25264838411267937,0.03057205096833875,0.035719614454955084
2565,-0.1994718152248515,0.053295932678821864,-0.2080809286502939,-0.21021455641431172
2566,-0.07181224075676643,-0.20108322640327053,0.08716540837336993,0.08298767568857986
2567,-0.17300289457193158,-0.08700128316075317,-0.1195279162066187,-0.12152725970576823
2568,-0.18957954104622357,-0.2721345229924502,-0.03977798334875115,-0.05525051475634865
2569,0.023514666825818386,-0.08592700904180717,0.1407895914774253,0.1476828504073289
2570,-0.1794783802333562,-0.2398466175285727,-0.030199039121482495,-0.03054221002059025
2571,-0.23832472919339917,-0.36012055742890386,0.0920294828563755,0.07778043030646653
2572,-0.21777923666855656,-0.10775566231983527,-0.13773089433320398,-0.13649249500164123
2573,-0.11438035272000237,-0.18944525678135535,0.03224314404225478,0.018784876607681057
2574,0.12994240697084536,-0.18020948345319443,0.2151532332666885,0.20781236012055743
2575,-0.11785682313270268,-0.2171078153442153,-0.057399062994240684,-0.06221837605562352
2576,-0.15826146638417235,-0.14278893497657483,-0.05648891408791142,-0.05404195637253439
2577,-0.14998060338396346,-0.1512190027155262,-0.0427919190713497,-0.042448748172241944
2578,-0.18920652919936734,-0.31216615439706363,-0.01896392229417206,-0.018635671868938553
2579,0.03436185133239831,-0.07664647429202351,0.10150398376652442,0.10566679597744023
2580,0.17164513144937482,-0.11827459640118167,0.106785831518009,0.1090686640207693
2581,-0.09975828832323713,-0.42396526513682065,0.19568201486079193,0.19848706394915103
2582,-0.21012503357106618,0.027796842827728208,-0.2245531318074662,-0.21661543970636504
2583,0.09498373668347705,-0.3603294440631434,0.2806839545223956,0.2743427531258392
2584,-0.24673987645847628,-0.3304586553668944,-0.003774879890185312,-0.003252663304586553
2585,-0.09273074512846526,-0.27832651965026406,0.030467607651219,0.029617140640386737
2586,-0.18901256303900207,-0.013249380800334217,-0.1602608098833219,-0.16346871176628566
2587,-0.32537077377577506,-0.2679567903076602,-0.12566023096893555,-0.1256453104950613
2588,-0.09607293127629732,-0.11740920891647517,-0.06553072125570707,-0.061457431888036755
2589,-0.060278714451970986,-0.1398048402017248,-0.014249052549908983,-0.015517292829220253
2590,-0.22980513861120228,-0.21225866133508398,-0.0928053474978365,-0.09380501924741129
2591,0.0393751305541464,-0.10415982811614094,0.13643281310614422,0.12495896869684579
2592,-0.030064754856614237,-0.11837903971830144,0.07897406821640654,0.08097341171555608
2593,-0.3312046790606069,-0.11770761839396018,-0.25370773775775113,-0.24459132822058427
2594,-0.05848825758706096,-0.14454955089373636,-0.051669601026528594,-0.043896034138044215
2595,-0.07124526274954492,0.03794276506221837,-0.032407269254871536,-0.029766345379129238
2596,-0.0487302676733013,0.0024171167676285397,-0.05595177702843841,-0.051028020649935835
2597,-0.17013816358807554,-0.26512190027155264,0.10645758109277549,0.10572647787293722
2598,-0.08988093461848347,-0.24002566321506366,0.04034496135597266,0.04074781415057741
2599,-0.13999880636209006,-0.09389454209065677,-0.051117543493181344,-0.03950941481901465
2600,-0.19981498612395926,0.043478260869565216,-0.0881650801229447,-0.09619229506729132
2601,-0.052475306615738106,-0.08982125272298648,-0.013249380800334217,-0.017531556802244035
2602,-0.07593029154605949,-0.06808212228820386,-0.07755662319835277,-0.07885470442541254
2603,0.15633672525439407,-0.09993733400972814,0.18473038703709227,0.1809405866730327
2604,-0.05087881591119333,-0.24650114887648825,0.12057234937781622,0.11673778759213391
2605,-0.012190027155262448,-0.21549640416579627,0.09449136104562679,0.09337232550505803
2606,-0.1355077437259407,-0.05635462982304317,-0.0045059831100235734,-0.00553549580734684
2607,-0.22893975112649573,-0.09474500910148904,-0.0706782847423234,-0.07030527289546715
2608,-0.2509325296171406,-0.1230342275670675,-0.11996060994897195,-0.11405210229476886
2609,-0.033869475694548054,-0.1287040076392826,0.019381695562651065,0.016039509414819013
2610,0.08880666049953746,-0.3184625943719972,0.23440064456447132,0.24300975798991373
2611,-0.10784518516308075,0.09171615290501625,-0.19687565277073196,-0.1988302348482588
2612,0.042210020590253944,-0.10451791948912295,0.13905881650801227,0.1495479096416102
2613,-0.09074632210318997,-0.0785413744740533,-0.00613231476231685,-0.004968517800125331
2614,-0.016830294530154274,-0.10008653874847065,0.03418280564590731,0.04435856882814597
2615,0.13943182835486853,0.09614753364566858,0.10390618006027871,0.10068335770344064
2616,-0.004595505953269075,-0.15235295872996923,0.09089552684193249,0.09455104294112379
2617,-0.1130225895974456,0.041971293008265936,-0.15027901286144846,-0.1503237742830712
2618,-0.048804870042672546,-0.22270299304705915,0.09774402435021336,0.09592372653755482
2619,-0.06830592939631762,-0.15767956790307658,0.07487093790098771,0.06499358419623406
2620,-0.09434215630688429,0.07851153352630477,-0.12310882993643876,-0.12115424785891198
2621,-0.09810211572319537,0.07354301572617945,-0.10991913103160154,-0.10587568261167972
2622,-0.08874697860404045,-0.11470860314523587,0.0027304467189877947,0.00022380710811375367
2623,-0.11505177404434362,-0.34015696338515705,0.15799289785443582,0.16063382173017812
2624,-0.01633791889230402,-0.1604249350959386,0.10803915132344603,0.10694995673062577
2625,0.03542120497747008,-0.09201456238250126,0.02442481573214765,0.004819313061382829
2626,-0.09276058607621376,-0.20132195398525857,-0.007549759780370624,0.003252663304586553
2627,-0.14395273193876634,-0.33145832711646916,0.02193309659514786,0.021157231953686847
2628,-0.121751066813882,-0.214287845781982,-0.006848497508280861,-0.007579600728119124
2629,-0.09326788218793829,-0.1726448031989496,0.10665154725314074,0.10065351675569215
2630,0.015562054250843007,-0.02078422010683059,-0.013861120229178476,-0.012190027155262448
2631,-0.2164811554414968,0.0015964907045447764,-0.17288353078093757,-0.1772552296260929
2632,0.028423502730446713,-0.12903225806451613,0.1106203933036913,0.09720688729074034
2633,0.13774581480707826,-0.046716003700277516,0.13346363880516843,0.1402226134702038
2634,-0.18746083375608005,-0.1535018352182865,-0.077034406612754,-0.06624690400167109
2635,0.017591238697741037,-0.35391364029721584,0.18359643102264928,0.16787025155918947
2636,-0.0275581152457402,-0.11223180448211033,0.0670824505386291,0.07666139476589776
2637,0.01113067351019068,-0.022574676971740617,0.06400883292053354,0.06457581092775505
2638,-0.08721016979499267,-0.17273432604219507,-0.04225478201187669,-0.04141923547491868
2639,-0.10035510727820714,-0.23141654978962128,0.0645012085583838,0.06842529318731162
2640,-0.02044104920772283,-0.03248187162424278,0.006565008504670108,0.01107099161469368
2641,-0.016681089791411773,0.0767658380830175,-0.09231297185998626,-0.09656530691414758
2642,-0.17964250544597296,-0.1641699740383754,-0.047805198293097775,-0.044716660201127974
2643,-0.03398883948554206,-0.30540717973202824,0.15508340544895705,0.15770940885082507
2644,-0.17069022112142276,-0.19424964936886394,-0.03036316433409925,-0.02427561099340515
2645,-0.13649249500164123,-0.13734296201247348,-0.03816657217033212,-0.04553728626421174
2646,0.10414490764226669,-0.10692011578287725,0.11350004476142161,0.10768105995046401
2647,-0.12495896869684579,-0.11560383157769089,-0.05440004774551639,-0.053445137417564376
2648,0.0215004028527946,-0.09113425442392048,0.12583927665542657,0.12306406851481601
2649,0.11505177404434362,-0.04659663990928351,0.13255348989883917,0.1437587657784011
2650,-0.06033839634746798,-0.14147593327564081,0.0998328906926084,0.10247381456835067
2651,0.011697651517412193,-0.06706753006475485,0.04397063650741547,0.03755483274148787
2652,0.02224642654650711,-0.02255975649786637,0.07636298528841275,0.08721016979499267
2653,0.1140968637163916,-0.08800095491032794,0.08806063680582492,0.08834412580943568
2654,-0.28571215421801793,-0.17449494195935658,-0.17670317209274564,-0.1653785324221897
2655,-0.049819462266121564,-0.2522604517919489,0.23716093223120766,0.24330816746739872
2656,-0.13476172003222822,-0.1137984542389066,0.07422935752439495,0.08092865029393333
2657,-0.05138611202291783,-0.031482199874668014,-0.028990480737668228,-0.01951597982751932
2658,-0.023096893557339376,0.015591895198591504,0.004968517800125331,0.013995404494046728
2659,-0.12104980454179223,-0.22149443466324487,-0.04344841992181671,-0.04313508997045745
2660,-0.01417445018053773,-0.13237444421234817,0.08685207842201068,0.09070156068156723
2661,-0.09649070454477632,-0.21073677299991045,0.011966220047148696,0.011369401092178686
2662,-0.053877831159917636,-0.13955119214586253,0.014801110083256243,0.005356450120855838
2663,-0.051624839604905846,-0.03568977350720658,-0.03630151293605084,-0.03645071767479335
2664,-0.04041956372534391,-0.2569305601145892,0.11867744919578645,0.11718540180836141
2665,0.0016710930739160276,-0.16393124645638743,0.138029303810689,0.13677598400525198
2666,-0.11827459640118167,-0.15223359493897523,0.018635671868938553,0.022992450240219623
2667,-0.3868132851899376,-0.3663125540867177,-0.1012055742890394,-0.10019098206559039
2668,-0.13212079615648592,-0.10711408194324251,-0.08171943540926858,-0.0794366029065083
2669,-0.07136462654053892,-0.12786846110232458,0.03192981409089552,0.036958013786517856
2670,-0.10092208528542866,-0.09332756408343529,0.00919101190653815,0.015323326668855
2671,-0.14075975052967682,-0.16233475575184264,-0.022649279341111873,-0.023678792038435138
2672,-0.1729133717286861,-0.1617230163229984,0.025887022171824176,0.04479126257049923
2673,-0.11615588911103814,-0.17664349019724865,0.021798812330279606,0.021276595744680847
2674,-0.040807496046074414,-0.18534212646593654,0.15294977768493925,0.14781713467219718
2675,0.03540628450359583,-0.16624391990689621,0.11191847453075107,0.107024559099997
2676,-0.0970129211303751,-0.04380651129479872,-0.0668437229566411,-0.0641132762376533
2677,-0.09984781116648263,-0.0642624809763958,-0.03840529975232013,-0.04203097490376294
2678,-0.11555907015606814,-0.1943540926859837,0.021022947688818596,0.01593506609769926
2679,0.1546805526543523,0.10427919190713496,0.1037868162692847,0.10529378413058398
2680,-0.09914654889439287,-0.15338247142729253,-0.04411984124615797,-0.04467189877950523
2681,-0.05108770254543284,-0.16142460684551338,0.137432484855719,0.12331771657067826
2682,-0.20617110799438987,-0.11978156426248096,-0.06939512398913789,-0.054758139118498396
2683,-0.2517829966279729,-0.2281937274327832,-0.14116260332428154,-0.13286681985019844
2684,-0.11169466742263731,-0.30412401897884267,0.04553728626421174,0.049625496105756305
2685,0.08289815284533436,-0.22867118259675925,0.18349198770552946,0.18000059681895494
2686,-0.3227596908477813,-0.2056787323565396,-0.1498164781713467,-0.15550117871743604
2687,-0.19608486765539673,-0.09340216645280652,-0.08479305302736415,-0.09010474172659722
2688,-0.09504341857897405,-0.07484109695323922,-0.04989406463549282,-0.032019336934141024
2689,-0.04938676852376831,0.03950941481901465,-0.042657634806481444,-0.03479454507475157
2690,0.013458267434573722,-0.2566918325326012,0.1787920384351407,0.16745247829071047
2691,-0.15703798752648382,-0.020530572050968334,-0.10301095162782369,-0.10872549312166153
2692,-0.10657694488376948,0.057831756736593944,-0.17204798424397957,-0.17397272537375785
2693,-0.049744859896750315,-0.14941362537674194,0.06638118826653934,0.05666795977440243
2694,-0.16281221091581866,-0.2821461609620721,0.04643251469666675,0.03036316433409925
2695,-0.016233475575184265,-0.04091193936319417,0.03807704932708662,0.038673868282056635
2696,0.1033093611053087,0.013174778430962965,0.09196980096087849,0.08886634239503446
2697,0.008430067738951387,-0.04595505953269076,-0.0027006057712392942,-0.003983766524424815
2698,-0.15203962877861,-0.1905046104264271,-0.09792307003670435,-0.09279042702396226
2699,0.09207424427799826,-0.018665512816687053,0.04567157052908,0.0335561457431888
2700,0.09320820029244127,-0.06360598012592879,0.08595684998955566,0.08482289397511264
2701,-0.04653695801378651,0.04959565515800782,-0.016576646474292023,-0.013219539852585716
2702,-0.16672137507087223,-0.16108143594640564,0.03654024051803885,0.02745367192862045
2703,-0.12921130375100712,-0.04583569574169675,-0.05495210527886365,-0.05551908328608515
2704,-0.21640655307212556,-0.07481125600549074,-0.08219689057324459,-0.08206260630837635
2705,0.03721166184238011,-0.061994568947509765,0.030900301393572256,0.02628987496642893
2706,-0.07123034227567067,-0.1933842618841574,0.019157888454537312,0.027110501029512693
2707,-0.11063531377756555,-0.049983587478738316,-0.036525320044164596,-0.03546596639909283
2708,-0.09095520873742949,-0.09344692787442926,-0.05462385485363014,-0.05886126943391721
2709,-0.048640744830055795,-0.06044283966458774,0.003834561785682313,0.005266927277610336
2710,-0.12961415654561187,-0.14848855599653843,-0.03318313389633254,-0.031303154188177015
2711,-0.05959237265375547,-0.018755035659932556,-0.11530542210020589,-0.11430575035063112
2712,-0.1503834561785682,-0.17439049864223685,-0.021425800483423352,-0.020008355465369575
2713,0.05736922204649218,-0.1716749723971233,0.1585747963355316,0.1587240010742741
2714,-0.10547282981707497,-0.05061024738145683,-0.05072961117245083,-0.038644027334308134
2715,-0.11333591954880486,-0.09798275193220135,0.0183820238130763,0.020351526364477332
2716,-0.44542090656799255,-0.18310405538479899,-0.20948345319447342,-0.20617110799438987
2717,-0.08767270448509444,-0.21492942615857474,0.021037868162692843,0.020411208259974337
2718,-0.2522306108442004,-0.0794366029065083,-0.1473247590343469,-0.1530840619498075
2719,-0.09274566560233952,-0.12048282653457071,-0.033600907164811546,-0.03210885977738652
2720,-0.1295097132284921,-0.12064695174718745,-0.04540300199934349,-0.04438840977589448
2721,-0.168675957148399,-0.0700814657873534,-0.06379994628629404,-0.06639610874041359
2722,-0.18659544627137356,-0.12355644415266627,-0.07785503267583777,-0.06490406135298855
2723,-0.008400226791202886,-0.14017785204858102,0.1199456894750977,0.11782698218495417
2724,0.030064754856614237,-0.08962728656262121,0.12310882993643876,0.12472024111485779
2725,-0.229491808659843,-0.09110441347617197,-0.10777058279370952,-0.10750201426397302
2726,0.013159857957088714,-0.1339261734952702,0.05441496821939064,0.05052072453821132
2727,0.0029990152487242992,-0.028408582256572466,0.017904568649100294,0.03227298499000328
2728,-0.13925278266837754,-0.09007490077884871,-0.035883739667571836,-0.028438423204320964
2729,-0.13967055593685654,-0.28669690549371846,-0.05098325922831308,-0.04935692757601981
2730,0.014159529706663482,-0.28877085136223923,0.1417743427531258,0.15748560174271134
2731,-0.08115245740204709,-0.12779385873295332,-0.06354629823043179,-0.06488914087911431
2732,-0.06979797678374264,-0.13517949330070722,0.05249022708961236,0.055504162812210905
2733,-0.16439378114648917,-0.31911909522246423,0.0307361761809555,0.04764107308048104
2734,-0.27774462116916826,-0.07099161469368266,-0.17579302318641635,-0.1643639401987407
2735,-0.11030706335233205,-0.06888782787741338,-0.0398525857181224,-0.02396228104204589
2736,0.15138312792814296,-0.17917997075587117,0.16245411954283664,0.16540837336993822
2737,0.04349318134343946,-0.029572379218763985,0.02287308644922562,0.021545164274417352
2738,-0.21385515203962874,-0.1751514428098236,-0.040255438512727164,-0.040703052728954664
2739,-0.03591358061532034,-0.026677807287159436,-0.09116409537166899,-0.09581928322043506
2740,-0.035346602608098826,-0.21610814359464053,-0.015517292829220253,0.0025364805586225413
2741,-0.013323983169705466,-0.4078959147742532,0.20999074930619796,0.22056936528304136
2742,0.016382680313926767,-0.21588433648652677,0.17039181164393777,0.1664528065411357
2743,0.012980812270597712,-0.10339888394855419,0.05086389543731908,0.04535824057772073
2744,-0.13141953388439614,-0.32196890573244596,0.020455969681597085,0.01344334696069947
2745,-0.14823490794067617,-0.12667482319238457,-0.06317328638357553,-0.06283011548446778
2746,-0.23346065471039354,-0.13343379785741993,-0.04034496135597266,-0.03131807466205126
2747,0.0459998209543135,-0.03537644355584733,0.08928411566351346,0.08798603443645368
2748,-0.15588911103816655,-0.23711617080958486,0.04135955357942168,0.051371191549043585
2749,-0.12439199068962427,-0.28356360598012587,0.05965205454925247,0.06397899197278505
2750,-0.024976873265494907,-0.1194085524156247,0.0704992390558324,0.07430395989376622
2751,-0.0731103219838262,-0.1957267762824147,0.1101727790874638,0.10909850496851779
2752,0.07410999373340096,-0.20221718241771355,0.1462803258631494,0.14915997732087968
2753,-0.0764674286055325,-0.06238250126824027,-0.043299215183074204,-0.06251678553310852
2754,-0.04228462295962519,-0.2493211184387216,0.08985109367073496,0.0890901495031482
2755,0.055966697502312666,-0.09868401420429111,0.10718868431261375,0.0985944913610456
2756,0.010981468771448179,-0.005938348601951597,0.009310375697532151,0.01633791889230402
2757,-0.002208230133389036,-0.04252335054161319,-0.006341201396556354,-0.0019844230252752827
2758,-0.16866103667452476,-0.11819999403181042,-0.010683059293963175,-0.0050431201694965825
2759,-0.076497269553281,-0.2778341440124138,0.03500343170899107,0.03674912715227835
2760,-0.15171137835337647,-0.07827280594431678,-0.1324788875294679,-0.13920802124675477
2761,-0.0765271105010295,-0.10823311748381126,0.02990062964399749,0.031004744710692006
2762,-0.18907224493449906,-0.21094565963414993,-0.008698636268687892,-0.0060278714451970986
2763,0.021082629584315594,0.01699441974277103,0.018247739548208047,0.001641252126167527
2764,-0.08907522902927395,-0.22237474262182566,0.04650711706603801,0.05096833875443883
2765,-0.11275402106770908,-0.21151263764137146,0.13479156097997672,0.1381188266539345
2766,-0.09007490077884871,-0.13799946286294051,0.01665124884366327,0.02081406105457909
2767,-0.13970039688460503,-0.20281400137268357,-0.11126197368028407,-0.10844200411805077
2768,0.05077437259407358,0.04574617289845124,0.052370863298618356,0.05217689713825311
2769,-0.07239413923786218,-0.19471218405896568,0.08237593625973559,0.07804899883620303
2770,-0.19789024499418098,-0.07909343200740056,-0.03377995285130256,-0.02188833517352511
2771,-0.24342753125839273,-0.04619378711467875,-0.10835248127480528,-0.10275730357196143
2772,-0.10227984840798543,-0.008131658261466383,-0.04959565515800782,-0.04808868729670854
2773,-0.03464534033600907,-0.024738145683506903,-0.022619438393363372,-0.01896392229417206
2774,0.007400555041628122,-0.26601712870400757,0.12569007191668405,0.12388469457789979
2775,0.023559428247441134,-0.41107397570946846,0.1980543702067977,0.18932589299036134
2776,-0.1481603055713049,-0.2977977380561606,0.12628689087165407,0.12797290441944434
2777,-0.05075945212019933,-0.08376354033004088,-0.04741726597236728,-0.0551162304914804
2778,0.13708931395661123,-0.11918474530751094,0.16287189281131564,0.17661364924950015
2779,0.01706902211214228,-0.11436543224612812,0.06793291754946136,0.07058876189907791
2780,-0.06541135746471308,-0.038435140700068635,-0.07445316463250871,-0.07318492435319744
2781,-0.13125540867177937,-0.018605830921190055,-0.0520575333472591,-0.04895407478141505
2782,-0.03291456536659604,-0.1953686849094327,0.009772910387633909,0.010921786875951179
2783,0.11036674524782905,-0.10236937125123093,0.18749067470382857,0.18672973053624178
2784,-0.007102145564143117,-0.09237265375548326,0.06547103936021006,0.06815672465757511
2785,-0.05954761123213272,-0.06946972635850913,-0.08665811226164541,-0.08467368923637013
2786,-0.12937542896362386,-0.33153292948584046,0.07236429829011369,0.08143594640565782
2787,-0.2642863537345945,-0.20546984572230012,-0.07214049118199993,-0.0650980275133538
2788,-0.20614126704664137,0.05671272119602517,-0.15384500611739427,-0.15745576079496282
2789,0.02018740115186058,-0.27467100355107277,0.20767807585568915,0.2055593685655456
2790,-0.2187341469965086,-0.1966220047148697,-0.05713049446450418,-0.05586225418519291
2791,-0.13185222762674942,0.0038793232073050634,-0.05769747247172569,-0.059637134075378226
2792,0.024842589000626653,-0.22783563605980123,0.05090865685894184,0.04967025752737906
2793,-0.14371400435677836,-0.2659872877562591,0.03755483274148787,0.04468681925337947
2794,-0.023768314881680637,-0.06921607830264688,0.06306884306645578,0.06014443018710273
2795,-0.11558891110381665,-0.11740920891647517,0.04983438273999581,0.05014771269135507
2796,0.04746202739399002,0.030079675330488487,-0.019933753095998326,-0.019963594043746827
2797,0.04404523887678673,-0.25866133508400224,0.1903852466354331,0.18884843782638536
2798,-0.1254364238608218,0.04270239622810419,-0.12463071827161229,-0.11793142550207392
2799,-0.25073856345677537,-0.21603354122526927,-0.12260153382471424,-0.12692847124824683
2800,0.039091641550535634,0.0031482199874668013,0.05350481931306138,0.053340694100444626
2801,-0.19322013667154064,-0.1301960550267076,-0.11560383157769089,-0.11922950672913368
2802,-0.028886037420548478,-0.2252245531318074,0.06550088030795857,0.06858941839992838
2803,-0.1261227656590373,-0.05687684640864193,-0.03906180060278713,-0.03680880904777535
2804,-0.02070961773745934,-0.21085613679090445,0.091641550535645,0.08455432544537614
2805,-0.08152546924890333,-0.28184775148458713,0.06560532362507832,0.06447136761063531
2806,-0.17380860016114108,-0.20785712154218014,-0.03474978365312882,-0.03701769568201486
2807,-0.04892423383366655,-0.321849541941452,0.20740950732595267,0.2213004685028796
2808,-0.11693175375249917,-0.16093223120766312,0.03292948584047029,0.033899316642296555
2809,-0.0033421861478320552,-0.32653457073796655,0.17667333114499714,0.1780012533198054
2810,-0.0012980812270597711,-0.33814269941213326,0.2342215988779803,0.23498254304556712
2811,0.10017606159171613,0.09596848795917758,-0.01481603055713049,-0.018680433290561304
2812,-0.08270418668496911,-0.27499925397630626,0.10887469786040402,0.10887469786040402
2813,-0.2397720151592014,-0.25687087821909216,0.014099847811166482,0.011369401092178686
2814,-0.09501357763122555,-0.15970875234997461,-0.018068693861717045,-0.006997702247023364
2815,-0.12968875891498313,-0.36634239503446625,0.10671122914863775,0.11230640685148158
2816,-0.09643102264927933,-0.07208080928650293,-0.043582704186684966,-0.04340365850019397
2817,-0.12010981468771446,-0.17406224821700333,-0.024126406254662645,-0.026051147384440927
2818,-0.21862970367938883,-0.302467846378801,-0.09556563516457281,-0.10223508698636269
2819,0.17950822118110468,-0.1307481125600549,0.25127570051624837,0.244695771537704
2820,-0.02445465667989615,-0.1565306914147593,0.06014443018710273,0.057772074841096956
2821,-0.10198143893050042,-0.13018113455283337,0.041344633105547424,0.045089672047984246
2822,0.10075796007281189,-0.06978305630986838,0.09004505983110021,0.08473337113186714
2823,-0.15229327683447225,-0.10857628838291902,-0.00013428426486825217,0.0010891945928202678
2824,-0.02517083942586016,-0.21704813344871832,0.040658291307331916,0.027781922353853957
2825,-0.09379009877353703,-0.07837724926143654,-0.08373369938229237,-0.0854644743517054
2826,0.05314672794007937,-0.092119005699621,0.048775029094924045,0.0515203962877861
2827,0.18191041747485898,-0.0046253469010175755,0.09405866730327354,0.09404374682939928
2828,-0.19035540568768458,0.05219181761212735,-0.23784727402942313,-0.23910059383486018
2829,-0.1473545999820954,-0.15585927009041806,-0.025916863119572673,-0.020127719256363582
2830,-0.029691743009757986,-0.13079287398167763,-0.0734385724090597,-0.06748530333323385
2831,-0.2438900659484945,0.02296260929247113,-0.2237325057443824,-0.22540359881829844
2832,-0.10404046432514695,-0.2722688072573185,0.04595505953269076,0.035316761660350325
2833,0.010205604129987169,-0.05135627107516934,0.050699770224702324,0.04419444361552922
2834,-0.15129360508489748,-0.19483154784995968,0.0022529915550117867,-0.002685685297365044
2835,0.13987944257109602,-0.2492465160693503,0.21765987287756255,0.22794007937692096
2836,-0.2560054907343857,-0.26456984273820533,-0.08491241681835814,-0.08588224762018441
2837,0.02633463638805168,-0.02442481573214765,0.059816179761869225,0.0584136552176897
2838,-0.04031512040822416,0.0004625346901017576,0.021276595744680847,0.012428754737250454
2839,-0.16881024141326728,-0.2818626719584613,0.05377338784279788,0.06056220345558174
2840,-0.07154367222702993,-0.21704813344871832,0.03833069738294888,0.035182477395482074
2841,-0.05061024738145683,-0.1201545761093372,-0.025887022171824176,-0.026618125391662435
2842,-0.16461758825460293,-0.20245590999970156,-0.0736474590432992,-0.076019814389305
2843,-0.16886992330876427,-0.1302258959744561,-0.055847333711318656,-0.03943481244964339
2844,-0.2985885231714959,-0.09717704634299185,-0.11769269792008592,-0.1140371818208946
2845,0.031780609352153016,-0.1701232431142013,0.10891945928202677,0.10454776043687147
2846,-0.06141267046641401,-0.04252335054161319,-0.033123452000835545,-0.03873355017755364
2847,-0.27041866849691143,-0.2289099101787472,-0.13228492136910266,-0.1289725761690191
2848,-0.05604129987168391,0.009384978066903402,-0.12133329354540298,-0.12343708036167228
2849,0.04444809167139148,0.05066992927695383,-0.014263973023783233,-0.020262003521231833
2850,-0.18507355793620003,0.0031183790397183012,-0.1285846438482886,-0.1418041837008743
2851,0.10547282981707497,0.09183551669601024,0.04095670078481692,0.04180716779564918
2852,-0.15181582167049623,-0.1473247590343469,-0.021560084748291602,-0.011264957775058934
2853,-0.1900271552624511,-0.1343439467637492,-0.048983915729163545,-0.061323147623168504
2854,-0.057518426785234694,-0.3961087404135954,0.18802781176330158,0.18049297245680518
2855,-0.07816836262719704,-0.1556653039300528,0.10520426128733847,0.1097550058189848
2856,-0.05918951985915072,-0.2717465906717197,0.028602548416937715,0.0278266837754767
2857,-0.07187192265226343,0.05583241323744441,-0.10386141863865596,-0.10454776043687147
2858,-0.027423830980871946,0.002760287666736295,0.02397720151592014,0.027035898660141444
2859,-0.04162812210915818,-0.04243382769836769,-0.02924412879353048,-0.02945301542776998
2860,0.019426456984273817,-0.12282534093282801,0.10665154725314074,0.09935543552863237
2861,0.02070961773745934,-0.37268359643102256,0.18847542597952907,0.18759511802094833
2862,-0.21239294559995225,-0.09860941183491985,-0.12643609561039656,-0.1318820685744979
2863,0.03348154337381755,-0.11993076900122346,0.09643102264927933,0.09762466055921934
2864,-0.06320312733132404,-0.14707111097848463,0.05002834890036107,0.04540300199934349
2865,-0.19495091164095368,-0.10633821730178149,-0.04200113395601444,-0.043299215183074204
2866,0.009534182805645905,-0.19463758168959444,0.04734266360299603,0.06609769926292858
2867,-0.09602816985467458,-0.20794664438542562,0.10029542538271013,0.08165975351377158
2868,0.05038644027334308,-0.18758019754707406,0.14104323953328757,0.13528393661782695
2869,0.018650592342812806,-0.13225508042135414,0.1059204440333025,0.10548775029094923
2870,0.07457252842350272,0.051759123869774104,-0.028483184625943715,-0.03546596639909283
2871,-0.11002357434872129,0.026424159231297182,-0.14117752379815582,-0.1398943630449703
2872,-0.007087225090268865,-0.15338247142729253,0.03354122526931455,0.03377995285130256
2873,-0.006609769926292858,-0.11600668437229565,0.10320491778818895,0.11187371310912833
2874,-0.12164662349676224,-0.24251738235206347,0.12683894840500132,0.12516785533108532
2875,-0.18064217719554773,-0.30073707140938793,0.02834890036107546,0.0277073199844827
2876,-0.06860433887380263,-0.025499089851093667,-0.10116081286741666,-0.11394765897764912
2877,-0.1894004953597326,-0.2113485124287547,0.04377667034705022,0.047103936021008014
2878,-0.22591089493002292,-0.2929784249947778,-0.0609650562501865,-0.06387454865566529
2879,-0.06309868401420429,-0.30507892930679475,0.17540509086568587,0.181015189042404
2880,0.004804392587508579,-0.1285249619527916,0.09117901584554325,0.09196980096087849
2881,-0.25721404911819995,-0.07848169257855628,-0.21178120617110793,-0.21290024171167676
2882,-0.21539196084867654,-0.024409895258273397,-0.13409029870788697,-0.13049446450419264
2883,-0.18680433290561305,-0.17706126346572765,0.0058189848109575955,0.013174778430962965
2884,-0.049446450419265306,0.03842022022619438,-0.07766106651547251,-0.08355465369580138
2885,-0.030945062815195008,-0.10812867416669152,0.0702903524215929,0.0733788905135627
2886,-0.0760496553370535,-0.08277878905434036,-0.08498701918772938,-0.08643430515353165
2887,-0.24565068186565603,-0.2696726448031989,-0.08624033899316641,-0.06678404106114409
2888,0.004162812210915818,-0.3601653188505266,0.2032914565366596,0.198964519113127
2889,-0.03267583778460804,-0.35010891945928196,0.1947420250067142,0.1917131688102414
2890,-0.04964041657963056,-0.06130822714929425,-0.060412998716839236,-0.059831100235743485
2891,-0.14914505684700544,-0.15654561188863356,0.005505654859598341,0.017277908746381784
2892,-0.2620781236012055,-0.17370415684402135,-0.05993554355286323,-0.06053236250783325
2893,-0.2859658022738802,-0.19517471874906744,-0.1021306436692429,-0.09572976037718957
2894,0.04465697830563098,0.11757333412909192,0.011578287726418189,0.012055742890394197
2895,-0.33242815791829544,-0.2762525737817433,-0.14610128017665838,-0.1426844916594551
2896,-0.17909044791262566,-0.2191220793172391,0.015144280982363997,0.003745038942436811
2897,-0.21318373071528746,-0.06160663662677926,-0.12704783503924083,-0.12665990271851033
2898,-0.05522067380860015,-0.01580078183283101,-0.03971830145325415,-0.045850616215570995
2899,-0.17938885739011068,-0.10001193637909937,-0.0710960580108024,-0.07785503267583777
2900,-0.08345021037868161,-0.03809196980096087,-0.05878666706454596,-0.04644743517054101
2901,-0.055474321864462404,0.1065172629882725,-0.14905553400375995,-0.15187550356599325
2902,-0.17665841067112287,-0.12983796365372563,-0.10408522574676969,-0.10609948971979348
2903,-0.03691325236489511,-0.049148040941780304,-0.05893587180328846,-0.06851481603055712
2904,-0.07931723911551429,-0.0458207752678225,-0.10035510727820714,-0.09598340843305184
2905,-0.18086598430366144,-0.1859837068425293,0.022231506072632867,0.028706991734057465
2906,-0.09549103279520156,0.050252156008474824,-0.057249858255498186,-0.04956581421025932
2907,-0.11267941869833784,-0.2725224553131807,0.049879144161618566,0.046581719435409265
2908,-0.08536003103458564,-0.18725194712184057,0.009549103279520155,0.0120855838381427
2909,-0.09771418340246486,-0.05141595297066635,-0.08630002088866341,-0.09261138133747128
2910,-0.15824654591029808,0.06664975679627584,-0.17370415684402135,-0.17565873892154812
2911,0.041240189788427674,-0.08022738802184357,0.049282325206648554,0.05377338784279788
2912,-0.1331204679060607,-0.0767658380830175,-0.011876697203903193,-0.002879651457730297
2913,0.1281071886843126,-0.12560054907343857,0.17127211960251854,0.18310405538479899
2914,0.09913162842051863,-0.1955178896481752,0.2710005669780072,0.27581988003939
2915,-0.14235624123422158,-0.3298021545164274,0.044597296410133984,0.043358897078571206
2916,0.05335561457431887,-0.1763301602458894,0.1521888335173525,0.16258840380770492
2917,-0.1314046134105219,-0.2986332845931186,0.06502342514398257,0.06482945898361732
2918,-0.19057921279579834,0.10192175703500342,-0.22152427561099336,-0.2257169287696577
2919,-0.01045925218584942,-0.10414490764226669,0.047730595923726526,0.056444152666288674
2920,-0.27664050610247376,-0.0366745247829071,-0.1810301095162782,-0.17349527020978184
2921,0.06223329652949777,-0.19965086091134251,0.17268956462057233,0.16678105696636922
2922,-0.0396436990838829,-0.3243114201307033,0.14783205514607142,0.1478022141983229
2923,-0.2405777207484109,-0.24024947032317742,-0.02811017277908746,-0.028259377517829958
2924,-0.027393990033123445,-0.09450628151950104,0.047387425024618776,0.04628330995792426
2925,0.060174271134851236,-0.06157679567903076,0.02323117782220763,0.01277192563635821
2926,-0.09669959117901583,-0.16063382173017812,0.014845871504878993,0.021336277640177845
2927,-0.35424189072244927,-0.12610784518516305,-0.16787025155918947,-0.1779564918981827
2928,-0.21928620452985584,-0.08609113425442391,-0.16563218047805195,-0.167900092506938
2929,-0.05707081256900718,-0.2015756020411208,0.05668288024827668,0.0549073438572409
2930,-0.08091372982005907,-0.24429291874309925,0.14371400435677836,0.13882008892602427
2931,-0.20385843454388106,-0.2986332845931186,-0.030034913908865743,-0.027319387663752196
2932,-0.04501506967861298,-0.258348005132643,0.167780728715944,0.168377547670914
2933,-0.18719226522634358,-0.2794604756647071,-0.04041956372534391,-0.039211005341529645
2934,-0.1342842648682522,-0.22579153113902892,-0.04674584464802601,-0.041672883530780934
2935,-0.022694040762734617,-0.0009101489063292648,0.05075945212019933,0.0515203962877861
2936,0.02217182417713586,0.046716003700277516,-0.08895586523827995,-0.0881352391751962
2937,0.05875682611679746,-0.10866581122616452,0.020575333472591082,0.013861120229178476
2938,-0.07648234907940676,-0.17477843096296736,0.011384321566052935,-0.0012234788576885199
2939,0.10332428157918293,-0.21155739906299423,0.11906538151651695,0.11272418011996058
2940,-0.10580108024230848,-0.21949509116409532,0.05028199695622332,0.046029661902062
2941,-0.007504998358747873,-0.09180567574826173,0.06302408164483303,0.06406851481603054
2942,-0.02396228104204589,-0.2671063232968279,0.14423622094237712,0.1526066067858315
2943,-0.008191340156963383,-0.03622691056667959,-0.06664975679627584,-0.06887290740353913
2944,-0.10766613947658978,-0.1947420250067142,0.08271910715884336,0.0824057772074841
2945,-0.03434693085852406,-0.05007311032198382,-0.09435707678075855,-0.10393602100802721
2946,-0.18710274238309804,-0.04443317119751723,-0.07488585837486197,-0.09053743546895049
2947,-0.03210885977738652,-0.09928083315926112,0.004849154009131329,0.0051624839604905845
2948,-0.10709916146936825,0.021231834323058096,-0.11151562173614633,-0.10196651845662616
2949,-0.09663990928351882,-0.05374354689504938,-0.005684700546089343,-0.005804064337083344
2950,-0.021664528065411352,-0.05645907314016293,0.03213870072513502,0.028408582256572466
2951,-0.04838709677419354,0.0059681895497000976,-0.014428098236399987,-0.009578944227268656
2952,-0.01481603055713049,-0.19089254274715764,0.0394944943451404,0.0364656381486676
2953,0.036793888573901104,-0.09960908358449463,0.05804064337083344,0.05804064337083344
2954,0.08074960460744232,0.1428635373459461,-0.0397033809793799,-0.03707737757751186
2955,-0.0673510190683656,-0.1499955238578377,0.06612754021067707,0.058368893796066953
2956,-0.1799856763450807,-0.08531526961296289,-0.07157351317477842,-0.07561696159470024
2957,-0.10791978753245202,-0.24274118946017723,-0.01462206439676524,-0.017755363910357792
2958,0.044298886932648975,0.002551401032496792,-0.011115753036316433,-0.01028020649935842
2959,-0.10756169615947,-0.198128972576169,0.07593029154605949,0.07082748948106592
2960,-0.13016621407895912,-0.2644653994210856,0.09577452179881231,0.09240249470323177
2961,0.11127689415415831,-0.06975321536211988,0.1963832771328817,0.19669660708424097
2962,0.02297752976634538,0.12419802452925903,-0.02215690370326161,-0.021381039061800597
2963,0.03366058906030855,-0.17994091492345793,0.1198860075796007,0.11828951687505594
2964,-0.03418280564590731,-0.20303780848079733,-0.059816179761869225,-0.06730625764674285
2965,0.041747485900152176,-0.08073468413356806,0.006445644713676105,0.011414162513801437
2966,-0.183342782966787,-0.2778639849601623,0.07184208170451492,0.07660171287040074
2967,0.0035212318343230574,-0.16421473545999818,0.08491241681835814,0.09317835934469276
2968,-0.11740920891647517,-0.2039777983348751,0.01035480886872967,0.019426456984273817
2969,0.003491390886574557,-0.22467249559846014,0.13789501954582076,0.1343737877114977
2970,-0.08643430515353165,-0.08444988212825638,0.06353137775655754,0.058398734743815454
2971,-0.06661991584852733,0.004759631165885828,-0.07173763838739518,-0.06870878219092237
2972,0.01162304914804094,-0.4103428724896302,0.2488884246963683,0.24354689504938673
2973,-0.11990092805347495,-0.228775625913879,-0.038703709229805136,-0.04016591566948166
2974,-0.16803437677180624,-0.1307481125600549,-0.10891945928202677,-0.11266449822446359
2975,-0.19924800811673776,-0.24509862433230872,-0.04409000029840947,-0.04790964161021753
2976,0.005371370594730088,-0.19365283041389392,0.16178269821849542,0.16390140550863894
2977,-0.006729133717286861,-0.24938080033421858,0.16058906030855535,0.16449822446360896
2978,0.19681597087523497,-0.23839933156277038,0.32468443197755953,0.32584822893975113
2979,-0.08728477216436392,-0.0736176180955507,-0.029572379218763985,-0.03252663304586553
2980,-0.2211214228163886,-0.13771597385932977,-0.13543314135656945,-0.12227328339948074
2981,0.05325117125719912,-0.0800035809137298,0.03871862970367938,0.03770403748023037
2982,-0.12894273522127062,-0.32234191757930225,0.023842917251051893,0.021381039061800597
2983,-0.062099012264629515,-0.10039986869982988,-0.04349318134343946,-0.043582704186684966
2984,-0.1161708095849124,-0.28196711527558116,0.08803079585807644,0.08680731700038793
2985,-0.1800751991883262,-0.2291635582346095,-0.007490077884873622,0.00028348900361075465
2986,0.01936677508877682,-0.3737131091283459,0.22955149055534002,0.22986482050669926
2987,-0.0893885589806332,0.013279221748082716,-0.06882814598191637,-0.05892095132941421
2988,-0.10823311748381126,-0.0003133299513592551,-0.028572707469189215,-0.024842589000626653
2989,-0.009877353704753662,-0.22183760556235263,0.11384321566052938,0.10917310733788904
2990,0.14092387574229356,-0.19108650890752288,0.1629166542329384,0.16057413983468113
2991,-0.08565844051207065,-0.14795141893706543,0.07912327295514904,0.07419951657664646
2992,-0.04964041657963056,-0.13441854913312046,0.011787174360657694,0.007415475515502371
2993,-0.14819014651905343,-0.13534361851332397,-0.05707081256900718,-0.05520575333472591
2994,-0.06309868401420429,-0.14847363552266418,0.016173793679687264,0.01542776998597475
2995,-0.15696338515711256,-0.22962609292471126,0.010041478917370415,0.0034764704127003064
2996,0.07734773656411327,-0.3402614067022768,0.2690459849004804,0.26807615409865415
2997,-0.18240279311270924,-0.1647817134672197,-0.027319387663752196,-0.026439079705171432
2998,-0.059577452179881224,0.0015964907045447764,-0.07305064008832919,-0.07140938796216167
2999,-0.0011637969621915189,0.029915550117871743,-0.02332070066545313,-0.023290859717704632
3000,0.091581868640148,-0.3172391155143087,0.21773447524693382,0.21073677299991045
3001,-0.12154218017964248,-0.20009847512757004,0.05072961117245083,0.055175912386977395
3002,-0.14129688758914982,-0.19022112142281639,-0.0008206260630837634,-0.0024171167676285397
3003,-0.021097550058189845,-0.05589209513294142,0.00613231476231685,0.003983766524424815
3004,-0.11081435946405657,-0.0730804810360777,-0.0639043896034138,-0.07516934737847274
3005,0.01039957029035242,-0.12375041031303151,0.0855539971949509,0.08310703947957386
3006,-0.12986780460147412,-0.0707678075855689,-0.08527050819134015,-0.08121213929754409
3007,-0.22206141267046636,-0.2596162454119542,-0.0491778818895288,-0.05252006803736086
3008,-0.0058786667064545965,-0.05672764166989942,-0.0056996210199635935,-0.0066843722956641104
3009,-0.11651398048402016,-0.27755065500880305,0.04388111366416997,0.039554176240637395
3010,-0.14650413297126316,0.07413983468114947,-0.19333950046253467,-0.19469726358509146
3011,-0.18834114171466085,-0.19735310793470798,-0.047387425024618776,-0.04683536749127152
3012,0.07822804452269404,-0.08452448449762762,0.052042612873384846,0.08582256572468741
3013,-0.17735967294321264,-0.30706335233207,0.03815165169645787,0.0400913133001104
3014,-0.2855032675837784,-0.0797946942794903,-0.18635671868938553,-0.18860971024439735
3015,-0.18317865775417022,-0.167840410611441,-0.011444003461549937,-0.008668795320939391
3016,0.09729641013398582,-0.09558055563844706,0.1339261734952702,0.14196830891349105
3017,-0.00044761421622750735,-0.2792814299782161,0.18769956133806806,0.19211602160484614
3018,-0.08036167228671182,-0.10624869445853599,-0.00010444331711975173,-0.0003879323207305063
3019,0.08433051833726238,-0.16998895884933302,0.14044642057831755,0.13237444421234817
3020,-0.0550863895437319,-0.23701172749246513,0.05633970934916892,0.052475306615738106
3021,-0.10001193637909937,-0.16051445793918412,0.03406344185491331,0.03375011190355405
3022,-0.17544985228730864,-0.31377756557548264,0.05654859598340842,0.05144579391841484
3023,-0.021455641431171853,-0.37701053385455524,0.24673987645847628,0.2566918325326012
3024,0.0792873981677658,-0.019933753095998326,0.04664140133090626,0.04410492077228372
3025,-0.2643907970517143,-0.2879502252991554,0.06338217301781503,0.059920623078988974
3026,-0.22941720629047174,-0.0366148428874101,-0.13243412610784516,-0.12610784518516305
3027,-0.1706603801736743,-0.30306466533377097,0.11751365223359492,0.12179582823550474
3028,0.0642326400286473,-0.10642774014502698,0.051759123869774104,0.05171436244815134
3029,-0.006818656560532362,-0.2351914296798066,0.10602488735042224,0.11264957775058934
3030,-0.20930440750798243,-0.3723404255319148,0.04210557727313419,0.03548088687296708
3031,0.08880666049953746,-0.5258124198024529,0.3232371460117573,0.3205514607143922
3032,-0.0765867923965265,-0.06059204440333024,-0.044806183044373483,-0.04829757393094804
3033,-0.14727999761272417,0.009071648115544149,-0.14457939184148486,-0.13674614305750346
3034,-0.046551878487660764,-0.198964519113127,0.028483184625943715,0.03777863984960162
3035,-0.0057891438632090945,-0.2120050132792217,0.08770254543284293,0.08328608516606485
3036,-0.07148399033153291,0.0060875533406941,0.03009459580436274,0.030228880069230992
3037,-0.12149741875801974,-0.024469577153770402,-0.009817671809256662,-0.011921458625525946
3038,-0.24756050252156006,-0.20825997433678492,-0.009041807167795646,-0.01039957029035242
3039,-0.19808421115454622,-0.23516158873205809,-0.03803228790546387,-0.018083614335591292
3040,-0.06068156724657574,-0.08271910715884336,-0.0394049715018949,-0.04192653158664318
3041,0.06345677538718629,-0.21430276625585626,0.22956641102921424,0.23061084420041178
3042,-0.029811106800751986,-0.002954253827101548,-0.009668467070514159,-0.00802721494434663
3043,-0.24112977828175822,-0.20455969681597086,-0.12964399749336036,-0.15056250186505923
3044,0.049401688997642565,-0.19151920264987615,0.1494882277461132,0.15030885380919695
3045,-0.10539822744770372,-0.28586135895676046,-0.009951956074124912,-0.007117066038017366
3046,-0.01606935036256751,-0.1585449553877831,0.12977828175822861,0.13252364895109067
3047,-0.16724359165647099,-0.12906209901226462,-0.04901375667691205,-0.047685834502103785
3048,-0.2956044283966458,-0.3406941004446301,-0.026647966339410932,-0.029781265853003485
3049,0.0008952284324550147,-0.13873056608277876,0.15265136820745426,0.14992092148846647
3050,-0.16539345289606394,0.059070156068156715,-0.11024738145683505,-0.10730804810360776
3051,-0.2987675688579869,-0.22383694906150214,-0.14692190623974216,-0.14811554414968217
3052,0.008967204798424397,-0.21313896929366474,0.1606785831518009,0.15663513473187907
3053,0.04519411536510399,-0.24405419116111124,0.12348184178329502,0.12097520217242097
3054,-0.06408343528990479,-0.08134642356241233,-0.04355286323893646,-0.04028527946047566
3055,-0.2977977380561606,-0.12592879949867206,-0.13525409567007846,-0.1338963325475217
3056,-0.09192503953925575,-0.12386977410402553,-0.019441377458148067,-0.019888991674375574
3057,-0.2018143296231088,-0.07663155381814925,-0.1037868162692847,-0.11024738145683505
3058,-0.16346871176628566,-0.05117722538867833,-0.10988929008385304,-0.10034018680433288
3059,-0.168377547670914,-0.024872429948375158,-0.05774223389334845,-0.07032019336934141
3060,-0.08637462325803465,-0.12733132404285158,-0.056071140819432416,-0.056578436931156925
3061,0.0727522306108442,-0.10005669780072214,0.08531526961296289,0.08667303273551967
3062,-0.11852824445704392,0.008042135418220882,-0.08203276536062785,-0.0890603085553997
3063,-0.12218376055623524,-0.1137686132911581,-0.023410223508698636,-0.01902360418966906
3064,-0.023305780191578886,-0.2003222822356838,0.12930082659425263,0.12853988242666586
3065,0.07215541165587418,0.1328966607979469,-0.00796753304884963,-0.00737071409387962
3066,-0.0003431708991077556,-0.18401420429112825,0.01924741129778281,0.01936677508877682
3067,-0.06379994628629404,-0.21483990331532926,0.04320969233982871,0.049401688997642565
3068,-0.15584434961654378,-0.2728805466861627,0.09349168929605202,0.08759810211572318
3069,-0.13432902628987495,-0.07458744889737695,-0.12868908716540836,-0.12598848139416907
3070,-0.059786338814120724,0.01471158724001074,0.0005371370594730087,0.0012383993315627703
3071,0.032750440153979286,0.0519381695562651,0.00738563456775387,0.013577631225567722
3072,-0.08706096505625018,-0.13998388588821578,0.01702426069051953,0.009608785175017159
3073,-0.076497269553281,-0.13934230551162302,-0.05468353674912715,-0.053087046044582364
3074,-0.09478977052311179,0.09044791262570497,-0.14927934111187371,-0.14683238339649665
3075,-0.05044612216884008,-0.08635970278416041,-0.048775029094924045,-0.04767091402822954
3076,-0.15106979797678372,-0.13219539852585716,-0.08583748619856164,-0.08146578735340633
3077,-0.08152546924890333,0.03840529975232013,-0.10038494822595564,-0.10039986869982988
3078,-0.04323953328757721,-0.10656202440989523,0.03583897824594909,0.03746530989824236
3079,-0.0029393333532272982,-0.12251201098146876,0.026170511175434927,0.005833905284831845
3080,-0.12002029184446897,0.05404195637253439,-0.13055414639968962,-0.1259437199725463
3081,-0.019322013667154067,-0.1345826743457372,0.07698964519113125,0.07593029154605949
3082,0.07791471457133477,-0.0973710125033571,0.11608128674166689,0.10196651845662616
3083,-0.228059443167915,-0.1403121363134493,-0.008982125272298648,-0.0183820238130763
3084,-0.08040643370833456,-0.24872429948375155,0.09771418340246486,0.13432902628987495
3085,0.02385783772492614,-0.027796842827728208,0.039927188087493654,0.0394944943451404
3086,-0.05887618990779146,-0.23192384590134582,0.03157172271791352,0.029766345379129238
3087,-0.31200202918444686,-0.1412372056936528,-0.06638118826653934,-0.06712721196025184
3088,-0.21458625525946698,-0.2674793351436841,-0.05890603085553996,-0.047655993554355285
3089,-0.24693384261884158,-0.1885947897705231,-0.15969383187610037,-0.15448658649398703
3090,-0.1161708095849124,-0.25111157530363165,-0.06344185491331204,-0.05677240309152218
3091,-0.03833069738294888,0.013577631225567722,0.0024618781892512902,0.003416788517203306
3092,-0.09578944227268657,-0.20530572050968338,0.0787204201605443,0.04946137089313955
3093,-0.02014263973023783,-0.32341619169824826,0.08794127301483094,0.09390946256453105
3094,-0.054221002059025386,-0.3264301274208468,0.13109128345916266,0.14263973023783233
3095,-0.19310077288054664,-0.2614365432246128,-0.045253797260601,-0.033496463847691796
3096,-0.27462624212944997,-0.11190355405687682,-0.13876040703052725,-0.14835427173167018
3097,-0.09259646086359702,-0.24957476649458382,0.05932380412401897,0.058995553698785466
3098,-0.05390767210766613,-0.045984900480439246,0.03200441646026677,0.04456745546238548
3099,-0.06244218316373728,-0.1670943869177285,0.09605801080242307,0.09934051505475812
3100,-0.06633642684491657,-0.01700934021664528,-0.07243890065948494,-0.07588553012443675
3101,-0.032750440153979286,-0.11824475545343319,0.015009996717495746,0.01778520485810629
3102,-0.1738981230043866,-0.20973710125033568,-0.07134970606666467,-0.045776013846199747
3103,-0.3266837754767091,-0.22671660051923248,-0.08139118498403508,-0.08541971293008264
3104,-0.08944824087613022,-0.15738115842559156,-0.0023126734505087877,0.006982781773149114
3105,-0.04356778371281072,-0.29336635731550825,0.10454776043687147,0.10011637969621916
3106,-0.1466980991316284,-0.17997075587120645,0.05674256214377368,0.06177076183939601
3107,-0.2942317448002148,-0.18447673898123004,-0.14320670824505385,-0.14647429202351464
3108,-0.14214735459998207,-0.10744233236847602,0.017412193011250035,0.028513025573692216
3109,-0.1653188505266927,0.02066485631583659,-0.14190862701799406,-0.13968547641073079
3110,-0.1102324609829608,-0.05368386499955238,-0.04805884634896004,-0.03861418638655963
3111,-0.07582584822893974,-0.13420966249888094,-0.011518605830921187,-0.013085255587717464
3112,-0.09663990928351882,-0.03391423711617081,-0.05080421354182208,-0.05921936080689922
3113,-0.19432425173823517,-0.15474023454984928,0.013995404494046728,0.008997045746172896
3114,-0.24393482737011724,0.040971621258691165,-0.12542150338694755,-0.1254065829130733
3115,0.05959237265375547,0.03303392915759004,0.08300259616245412,0.06709737101250335
3116,0.17783712810718866,-0.03698785473426636,0.17750887768195517,0.18446181850735577
3117,-0.09620721554116558,-0.11561875205156515,0.013204619378711467,0.012682402793112708
3118,-0.04403031840291246,-0.29082987675688576,0.07748202082898151,0.07769090746322103
3119,0.023514666825818386,-0.13237444421234817,0.09340216645280652,0.08467368923637013
3120,0.0640535943421563,-0.1189012563039002,0.12321327325355852,0.12673450508788156
3121,0.11767777744621168,0.031616484139536265,0.10687535436125449,0.10512965891796722
3122,-0.15101011608128673,-0.3134343946763749,0.007504998358747873,0.006445644713676105
3123,-0.09347676882217777,0.09599832890692607,-0.08233117483811285,-0.08662827131389692
3124,-0.2623168511831936,-0.16388648503476466,-0.15908209244725607,-0.15530721255707078
3125,-0.10593536450717674,-0.1133508400226791,0.024186088150159647,0.02203753991226761
3126,-0.11487272835785264,0.0092357733281609,-0.08173435588314283,-0.09152218674465101
3127,-0.13744740532959324,-0.1482945898361732,0.007325952672256868,0.007042463668646115
3128,-0.05131150965354659,-0.12082599743367847,0.03770403748023037,0.04112082599743368
3129,-0.21849541941452055,-0.012100504312016947,-0.15571006535167553,-0.1581271821193041
3130,0.01833726239145355,-0.26360001193637905,0.14368416340902984,0.1462206439676524
3131,-0.16072334457342363,-0.363283697890245,0.0949688162096028,0.08726985169048967
3132,0.0366446838351586,-0.14350511772253885,0.12718211930410905,0.12901733759064188
3133,-0.09586404464205782,-0.22374742621825666,0.023395303034824386,0.02332070066545313
3134,-0.2774462116916833,-0.1619915848527349,-0.10044463012145266,-0.09732625108173433
3135,0.010265286025484167,-0.011056071140819431,0.054221002059025386,0.05520575333472591
3136,-0.06280027453671928,-0.30798842171227353,0.10286174688908119,0.10723344573423649
3137,0.012697323266986959,-0.28988988690280804,0.1903852466354331,0.1845065799289785
3138,-0.03648055862254185,0.04085225746769716,-0.05071469069857657,-0.05313180746620512
3139,-0.15026409238757424,-0.06338217301781503,-0.08777714780221418,-0.0900152188833517
3140,0.08009310375697531,-0.2051117543493181,0.10933723255050579,0.11530542210020589
3141,0.11041150666945182,-0.0985049685178001,0.1472053952433529,0.1469965086091134
3142,-0.1308973172987974,-0.2111694667422637,0.07134970606666467,0.0785413744740533
3143,-0.07704932708662826,0.0884336486526812,-0.11769269792008592,-0.11805078929306793
3144,-0.032690758258482285,-0.16860135477902777,0.06193488705201276,0.0677091104413476
3145,-0.08500193966160365,-0.20754379159082087,-0.07166303601802392,-0.06799259944495836
3146,-0.20408224165199482,0.0061173942884426005,-0.1809107457252842,-0.1789114022261347
3147,-0.08928411566351346,-0.16296141565456118,0.035078034078362325,0.03157172271791352
3148,-0.13423950344662944,-0.3751156336725254,0.026483841126794184,0.047939482557966026
3149,-0.09071648115544147,-0.11533526304795438,-0.08430067738951388,-0.08371877890841811
3150,-0.19035540568768458,0.12297454567157051,-0.30304974485989666,-0.28893497657485595
3151,-0.23025275282742974,0.003745038942436811,-0.14193846796574255,-0.14739936140371815
3152,0.09495389573572857,-0.11808063024081644,0.18370087433976903,0.18610307063352333
3153,-0.09508818000059681,0.0048640744830055795,-0.035988182984691586,-0.033869475694548054
3154,0.028886037420548478,-0.12569007191668405,0.07169287696577242,0.08461400734087314
3155,0.123004386619319,-0.007027543194771865,0.12464563874548654,0.12536182149145056
3156,-0.08715048789949567,-0.2857569156396407,0.08544955387783115,0.08191340156963384
3157,-0.04349318134343946,-0.14908537495150842,0.04243382769836769,0.05448957058876189
3158,-0.019963594043746827,-0.16513980484020171,0.11787174360657691,0.12037838321745097
3159,-0.20615618752051562,-0.25361821491450565,-0.036495479096416095,-0.04804392587508579
3160,-0.185013876040703,-0.11012801766584106,-0.04340365850019397,-0.04813344871833128
3161,-0.08856793291754944,-0.1288532123780251,0.008101817313717884,0.012160186207513949
3162,-0.09352153024380053,0.136895347796246,-0.08371877890841811,-0.08010802423084956
3163,0.02781176330160245,-0.21145295574587444,0.1341649010772582,0.13397093491689294
3164,-0.29056130822714926,-0.1254961057563188,-0.15148757124526271,-0.15721703321297484
3165,-0.003357106621706305,-0.3064814538509743,0.15127868461102323,0.14932410253349643
3166,-0.04989406463549282,-0.24938080033421858,0.05566828802482766,0.05716033541225268
3167,0.0275282742979917,-0.23360985944913606,0.21600370027752078,0.20147115872400104
3168,-0.24065232311778217,-0.4006744054191161,-0.03482438602250007,-0.035182477395482074
3169,0.03771895795410461,-0.09089552684193249,0.08573304288144189,0.08710572647787292
3170,0.06299424069708454,-0.07026051147384439,0.09841544567455461,0.10723344573423649
3171,-0.2879054638775327,-0.06327772970069528,-0.25112649577750584,-0.2519172808928411
3172,-0.2049625496105756,-0.318686401480111,0.017113783533765033,0.015487451881471754
3173,0.04383635224254722,-0.23099877652114226,0.14526573363970038,0.13943182835486853
3174,-0.23604189669063888,-0.08604637283280114,-0.1589328877085136,-0.13995404494046731
3175,-0.013503028856196472,-0.3081823878726388,0.23187908447972302,0.2289099101787472
3176,0.028229536570081464,-0.21836113514965227,0.14246068455134134,0.14302766255856283
3177,-0.034078362328787554,-0.1483393512577959,-0.007281191250634119,-0.0019844230252752827
3178,0.021843573751902358,-0.12407866073826501,0.03570469398108084,0.04030019993434991
3179,-0.09538658947808182,-0.18355166960102648,0.0064158037659276055,0.00616215571006535
3180,-0.006803736086658111,-0.17207782519172807,0.1157530363164334,0.10359285010891946
3181,-0.010862104980454177,-0.22235982214795139,0.15657545283638205,0.15796305690668733
3182,0.001521888335173525,-0.04088209841544566,0.061830443734893006,0.054832741487869645
3183,-0.041508758318164175,-0.0797946942794903,0.06420279908089879,0.06377010533854553
3184,-0.055011787174360643,-0.16178269821849542,0.015711258989585506,0.016308077944555518
3185,-0.009310375697532151,0.33905284831846255,-0.19205633970934916,-0.1847602279848408
3186,-0.2020232162573483,-0.10539822744770372,-0.09513294142221955,-0.10442839664587746
3187,-0.15903733102563336,0.13673122258362924,-0.1771657067828474,-0.1899376324192056
3188,-0.13580615320342573,-0.08107785503267582,0.0004774551639760078,0.001044433171197517
3189,-0.17045149353943478,-0.1649010772582137,-0.07160335412252693,-0.06791799707558711
3190,0.19101190653815162,-0.12931574706812687,0.18141804183700874,0.18050789293067945
3191,-0.07863089731729879,-0.1412670466414013,-0.005833905284831845,-0.005833905284831845
3192,-0.19292172719405565,-0.25590104741726594,0.008907522902927395,0.010369729342603919
3193,-0.16515472531407593,-0.23898123004386618,-0.020754379159082088,-0.019650264092387574
3194,0.0018501387604070304,-0.2235534600578914,0.11526066067858315,0.1126048163289666
3195,-0.057249858255498186,-0.11763301602458894,0.04037480230372116,0.03852466354331413
3196,-0.28187759243233557,-0.0885231714959267,-0.14832443078392166,-0.15339739190116677
3197,-0.1093969144460028,-0.17045149353943478,-0.021768971382531106,-0.020575333472591082
3198,-0.21851033988839483,-0.06861925934767688,-0.14851839694428695,-0.15021933096595147
3199,-0.16628868132851896,-0.20509683387544386,0.05314672794007937,0.05249022708961236
3200,-0.12461579779773803,-0.021142311479812596,-0.06186028468264151,-0.06393423055116229
3201,-0.0983557637790576,-0.23638506758974664,0.07257318492435319,0.07272238966309569
3202,-0.1778222076333144,-0.21169168332786245,-0.025931783593446923,-0.01581570230670526
3203,-0.0459998209543135,-0.10718868431261375,0.038912595864044636,0.04100146220643967
3204,-0.18389484050013424,0.01675569216078302,-0.18138820088926022,-0.1765390468801289
3205,0.04374682939930172,-0.11253021395959535,0.09925099221151261,0.09414819014651903
3206,-0.18968398436334338,-0.09532690758258482,-0.1499955238578377,-0.15235295872996923
3207,-0.14772761182895167,-0.04796932350571453,-0.091044731580675,-0.09149234579690248
3208,-0.14362448151353285,0.007206588881262868,-0.136716302109755,-0.14281877592432335
3209,-0.04455253498851123,-0.28222076333144336,0.14275909402882633,0.16039509414819011
3210,0.0273492286115007,-0.20512667482319238,0.08106293455880156,0.08412163170302288
3211,-0.10962072155411653,-0.15101011608128673,-0.02624511354480618,-0.025767658380830172
3212,-0.1494882277461132,-0.24624750082062605,0.06760466712422786,0.07722837277311927
3213,0.21774939572080804,-0.4147145713347855,0.38715645608904536,0.3885589806332248
3214,-0.1474888842469637,-0.22110650234251433,0.007833248783981379,0.011011309719196682
3215,-0.012428754737250454,-0.23983169705469842,0.1121572021127391,0.13435886723762344
3216,-0.25761690191280473,-0.1261227656590373,-0.1086807317000388,-0.10797946942794902
3217,-0.06852973650443137,-0.21151263764137146,0.08300259616245412,0.08071976365969383
3218,-0.062069171316881014,-0.26036226910566673,0.10923278923338604,0.11135149652352958
3219,-0.010638297872340424,-0.015890304676076508,-0.03630151293605084,-0.023529587299692633
3220,0.07969025096237056,-0.0669332457998866,0.16754200113395598,0.16696010265286024
3221,0.09829608188356061,-0.26998597475455816,0.15756020411208257,0.15879860344364535
3222,-0.07782519172808927,0.10559219360806898,-0.1190803019903912,-0.12798782489331859
3223,-0.05244546566798961,0.006952940825400613,-0.010608456924591923,-0.013189698904837215
3224,0.00552057533347259,-0.2372653755483274,0.10877025454328428,0.10396586195577572
3225,0.04676076512190026,-0.0182925009698308,-0.054086717794157135,-0.05671272119602517
3226,-0.14017785204858102,-0.18085106382978722,-0.03330249768732654,-0.03892751633791888
3227,0.06694816627376085,-0.07312524245770045,0.10427919190713496,0.11217212258661333
3228,-0.12073647459043298,-0.30639193100772877,0.14326639014055084,0.13591059652054546
3229,-0.06427740145027004,-0.10771090089821252,-0.01827758049595655,-0.02925904926740473
3230,0.1942347288949897,-0.05898063322491122,0.2220763331443406,0.22392647190474765
3231,-0.13504520903583894,-0.13641789263226997,0.021246754796932346,0.033332338635075044
3232,0.1512339231894005,-0.03281012204947629,0.18507355793620003,0.1942347288949897
3233,-0.15250216346871173,-0.19210110113097187,-0.0024767986631255407,-0.00856435200381964
3234,-0.24306943988541072,-0.0490883590462833,-0.1879532093939303,-0.1840888066604995
3235,-0.02346990540419563,-0.04371698845155322,0.011742412939034943,0.013726835964310225
3236,-0.1045029990152487,-0.26362985288412755,0.06333741159619229,0.0639640714989108
3237,-0.09728148966011159,-0.1193190295723792,-0.09150726627077675,-0.08518098534809465
3238,-0.10794962848020051,-0.16428933782936947,-0.0008952284324550147,-0.00304377667034705
3239,-0.13122556772403088,-0.12315359135806152,-0.00022380710811375367,-0.006550088030795856
3240,-0.09350660976992627,-0.18323833964966724,-0.01887439945092656,-0.018561069499567304
3241,-0.1507117066038017,-0.21961445495508933,0.02955745874488973,0.033392020530572046
3242,0.07906359105965205,-0.05017755363910357,0.11745397033809792,0.10988929008385304
3243,-0.09352153024380053,-0.12128853212378024,-0.04074781415057741,-0.03804720837933812
3244,0.02890095789442272,-0.10727820715585926,0.15329294858404702,0.16081286741666911
3245,-0.10214556414311718,-0.1502044104920772,-0.010757661663334426,-0.012577959475992955
3246,0.0017755363910357791,-0.12093044075079822,0.025379726060099667,0.024320372415027897
3247,0.13826803139267702,-0.137492166751216,0.12736116499060007,0.12621228850228283
3248,0.09364089403479454,-0.20123243114201306,0.18916176777774457,0.1888931992480081
3249,-0.18174629226224223,-0.1338963325475217,-0.01605442988869326,-0.020635015368088087
3250,-0.2992748649697114,-0.28844260093700574,-0.16715406881322548,-0.16604995374653098
3251,-0.009892274178627912,-0.08749365879860344,0.014651905344513737,0.017576318223866787
3252,-0.42447256124854515,-0.262346692130942,-0.26507713884992984,-0.2633463638805168
3253,-0.12439199068962427,-0.012100504312016947,-0.09898242368177611,-0.09256661991584852
3254,-0.09956432216287188,-0.1308973172987974,0.06906687356390438,0.045149353943481234
3255,-0.15321834621467575,-0.045731252424577,-0.03580913729820059,-0.03300408820984154
3256,-0.0184715466563218,-0.1616036525320044,0.056578436931156925,0.06265106979797677
3257,-0.13607472173316223,-0.018665512816687053,-0.08576288382919041,-0.08524066724359164
3258,0.1540240518038853,-0.12455611590224103,0.10747217331622451,0.10818835606218852
3259,-0.21768971382531108,-0.19135507743725938,-0.040732893676703165,-0.04943152994539106
3260,0.14656381486676015,-0.3015576974724717,0.2955745874488973,0.29875264838411264
3261,-0.2171078153442153,-0.244397362060219,-0.10530870460445822,-0.10477156754498522
3262,-0.21733162245232904,-0.1815672465757512,0.011876697203903193,0.010608456924591923
3263,-0.04218017964250544,-0.08413655217689713,0.022604517919489118,0.017859807227477542
3264,-0.09837068425293187,0.06556056220345557,-0.029751424905254988,-0.031885052669272766
3265,0.08176419683089133,-0.05769747247172569,0.15536689445256782,0.15345707379666376
3266,-0.11202291784787083,-0.16842230909253675,0.0519978514517621,0.04792456208409178
3267,-0.2655396735400316,-0.007922771627226878,-0.20108322640327053,-0.20514159529706658
3268,-0.07381158425591595,-0.15065202470830472,-0.012652561845364207,-0.0003282504252335054
3269,-0.15036853570469397,-0.12475008206260628,-0.02626003401868043,-0.04118050789293067
3270,-0.07600489391543074,-0.023275939243830382,-0.09962400405836888,-0.09344692787442926
3271,-0.17794157142430841,-0.0046253469010175755,-0.1624690400167109,-0.17474859001521886
3272,-0.03950941481901465,-0.25895974456148724,0.19523440064456446,0.19292172719405565
3273,-0.290367342066784,-0.26279430634716955,-0.1261824475545343,-0.12507833248783978
3274,-0.18595386589478077,-0.07454268747575421,-0.16966070842409953,-0.1849094327235833
3275,-0.03348154337381755,-0.21439228909910177,0.12312375041031302,0.12112440691116348
3276,-0.24169675628897969,-0.22080809286502937,-0.019963594043746827,-0.02699113723851869
3277,-0.25305123690728415,-0.06441168571513829,-0.20794664438542562,-0.20860314523589263
3278,-0.2079615648592999,-0.014070006863417979,-0.10407030527289546,-0.10700963862612276
3279,-0.27634209662498876,-0.13337411596192292,-0.1164393781146489,-0.10644266061890124
3280,-0.16710930739160276,-0.06733609859449136,-0.01587538420220226,-0.02451433857539315
3281,-0.11858792635254092,-0.10899406165139802,-0.07496046074423324,-0.07272238966309569
3282,-0.06494882277461131,-0.2389066276744949,0.15963414998060335,0.1649010772582137
3283,-0.2311181403121363,-0.14249052549908983,-0.08741905642923217,-0.09003013935722597
3284,-0.1439974933603891,-0.0391960848676554,-0.05566828802482766,-0.05240070424636685
3285,-0.1878636865506848,-0.2940974605353466,0.09459580436274655,0.09611769269792007
3286,-0.0022977529766345377,0.08343528990480736,-0.030676494285458503,-0.03009459580436274
3287,0.13234460326459965,-0.27996777177643156,0.2690310644266061,0.26158574796335526
3288,-0.09920623078988987,-0.39382590791083527,0.17982155113246392,0.1877443227596908
3289,-0.10915818686401478,-0.11839396019217568,-0.04562680910745725,-0.04656679896153501
3290,-0.08152546924890333,-0.11949807525887021,0.04170272447852943,0.032795201575602034
3291,-0.28571215421801793,-0.2199576258541971,-0.08937363850675895,-0.10962072155411653
3292,-0.07567664349019725,-0.260078780102056,0.04192653158664318,0.047999164453463035
3293,-0.09110441347617197,-0.3361433559129837,0.061651398048402,0.05972665691862372
3294,-0.09558055563844706,-0.041165587419056425,-0.0828235504759631,-0.08570320193369341
3295,-0.03491390886574557,-0.2147951418937065,0.028319059413326964,0.03075109665482975
3296,-0.10803915132344603,-0.0855838381426994,-0.0009101489063292648,-0.0045656650055205745
3297,-0.20681268837098266,-0.12733132404285158,-0.15381516516964577,-0.14860791978753243
3298,-0.15915669481662736,-0.22001730774969408,0.01289128942735221,0.010011637969621914
3299,0.02645400017904568,-0.2800423741458028,0.18722210617409207,0.183641192444272
3300,-0.08486765539673538,-0.13332935454030018,0.0027752081406105457,0.0023126734505087877
3301,-0.19051953090030138,-0.14792157798931693,-0.07781027125421501,-0.09080600399868698
3302,-0.09760974008534509,-0.08568828145981915,-0.055966697502312666,-0.05589209513294142
3303,-0.18044821103518247,-0.0729312762973352,-0.049774700844498816,-0.057354301572617936
3304,0.04871534719942705,-0.12994240697084536,0.15573990629942405,0.14819014651905343
3305,-0.04502999015248724,-0.14110292142878456,0.026573363970039687,0.025230521321357165
3306,0.10894930022977528,-0.09656530691414758,0.09513294142221955,0.11536510399570289
3307,-0.008430067738951387,-0.18274596401181697,0.07724329324699351,0.07685536092626301
3308,-0.20766315538181487,-0.3740712005013278,0.05498194622661214,0.05290800035809136
3309,0.041478917370415674,-0.20455969681597086,-0.006385962818179105,-0.008519590582196888
3310,-0.2218823669839754,-0.2955447465011488,-0.0304377667034705,-0.027781922353853957
3311,-0.023096893557339376,-0.13000208886634237,0.037062457103637605,0.03704753662976336
3312,-0.10821819700993701,-0.16872071857002177,-0.037241502790128604,-0.0400913133001104
3313,-0.008788159111933393,-0.2825788547044254,0.14344543582704183,0.1431022649279341
3314,0.07849661305243054,-0.30312434722926795,0.19043000805705587,0.18968398436334338
3315,-0.0369430933126436,-0.08055563844707707,0.03131807466205126,0.03097490376294351
3316,0.06700784816925784,-0.11012801766584106,0.138447077079168,0.1316731819402584
3317,-0.2088866342395034,-0.09389454209065677,-0.14480319894959862,-0.1468473038703709
3318,0.006788815612783861,0.0184118647608248,0.024678463788009905,0.02406672435916564
3319,0.06626182447554534,-0.2120497747008445,0.20068037360866575,0.20800632628092264
3320,-0.1585747963355316,-0.05147563486616334,-0.1794186983378592,-0.1770911044134761
3321,0.08549431529945391,0.16957118558085402,-0.02517083942586016,-0.039330369132523635
3322,-0.08452448449762762,-0.3113306078601056,0.21637671212437704,0.20430604876010858
3323,-0.058324132374444206,-0.11606636626779265,0.010862104980454177,0.012115424785891197
3324,-0.25169347378472734,-0.08456924591925039,-0.1938318761003849,-0.2024111485780788
3325,-0.22711945331383723,-0.17400256632150635,-0.0855539971949509,-0.08356957416967561
3326,-0.08534511056071138,-0.17752379815582944,0.027796842827728208,0.04419444361552922
3327,0.013353824117453969,-0.21473545999820953,0.07096177374593415,0.08753842022022618
3328,-0.3300408820984154,0.06814180418370086,-0.28498105099817966,-0.28262361612604814
3329,-0.05064008832920533,-0.021455641431171853,-0.009071648115544149,-0.008161499209214882
3330,-0.07154367222702993,-0.2705380322879054,0.07666139476589776,0.08415147265077137
3331,-0.13243412610784516,-0.37542896362388467,0.026409238757422935,0.031034585658440507
3332,-0.13253856942496492,-0.31039061800602785,0.0518188057652711,0.0459998209543135
3333,-0.20197845483572555,-0.23790695592492014,0.013741756438184476,0.019396616036525316
3334,-0.0014472859658022736,-0.16624391990689621,0.09228313091223776,0.09847512757005161
3335,-0.15775417027244784,-0.2113783533765032,0.007594521201993375,-0.007863089731729878
3336,-0.19314553430216944,-0.059308883650144716,-0.12042314463907373,-0.11418638655963712
3337,-0.036316433409925096,-0.0800632628092268,0.026215272597057675,0.029617140640386737
3338,0.03167616603503327,-0.05708573304288144,0.016143952731938763,0.008280863000208886
3339,-0.049535973262510816,-0.0034018680433290554,-0.11318671481006236,-0.12343708036167228
3340,0.04652203753991226,-0.21915192026498756,0.22479185938945415,0.22573184924353193
3341,0.010757661663334426,-0.36386559637134075,0.21337769687565272,0.22006206917131685
3342,-0.07436364178926322,-0.09065679925994449,-0.005669780072215092,0.004968517800125331
3343,-0.04411984124615797,-0.04034496135597266,-0.009295455223657902,-0.012831607531855211
3344,-0.09302915460595026,-0.14005848825758704,-0.04240398675061919,-0.039106562024409895
3345,-0.21967413685058632,-0.2321924144310823,-0.0797051714362448,-0.07801915788845451
3346,-0.09252185849422576,0.033287577213452296,-0.11423114798125988,-0.11487272835785264
3347,-0.06453104950613231,-0.23161051594998655,0.10935215302438002,0.09150726627077675
3348,-0.2625406582913073,0.010712900241711676,-0.16928769657724327,-0.1663036018023932
3349,-0.06976813583599413,-0.31082331174838107,0.14253528692071257,0.14169974038375457
3350,-0.10410014622064395,-0.09231297185998626,-0.012622720897615704,-0.006430724239801855
3351,-0.008057055892095131,-0.17355495210527883,0.1303004983438274,0.13474679955835395
3352,-0.10460744233236847,-0.13582107367729998,-0.057951120527587954,-0.059696815970875235
3353,0.025484169377219416,-0.09771418340246486,0.09752021724209958,0.10345856584405119
3354,-0.040389722777595415,-0.2212706275551311,0.12482468443197756,0.1314642953060189
3355,-0.18162692847124823,-0.024961952791620657,-0.060935215302438,-0.05999522544836022
3356,0.09937035600250661,-0.13716391632598252,0.15139804840201723,0.14956283011548446
3357,-0.3101966518456626,-0.13315030885380919,-0.19871087105726473,-0.1892512906209901
3358,-0.10326459968368595,-0.11487272835785264,-0.01462206439676524,-0.006356121870430604
3359,-0.07188684312613768,-0.16660201127987823,0.02255975649786637,0.022321028915878366
3360,-0.04881979051654679,-0.13887977082152125,0.06468025424487481,0.062128853212378016
3361,0.04085225746769716,-0.14262480976395808,0.07758646414610126,0.07842201068305929
3362,-0.031810450299901524,-0.11441019366775086,0.01471158724001074,0.010817343558831426
3363,-0.030303482438602244,-0.17136164244576405,0.1419235474918683,0.14132672853689832
3364,0.10154874518814716,-0.17255528035570408,0.13934230551162302,0.13956611261973675
3365,-0.15796305690668733,-0.04110590552355942,-0.07400555041628121,-0.07455760794962847
3366,0.10242905314672791,-0.18249231595595472,0.16743755781683622,0.17251051893408131
3367,-0.1803437677180627,-0.08835904628330994,-0.1293903494374981,-0.1238548536301513
3368,-0.1947420250067142,-0.022425472232998116,-0.10830771985318252,-0.10781534421533226
3369,-0.09032854883471098,-0.23942884426009367,0.06579928978544357,0.05881650801229447
3370,0.0023574348721315383,-0.14443018710274236,0.1007878010205604,0.10751693473784725
3371,0.06882814598191637,-0.05944316791501297,0.06291963832771329,0.0582644504789472
3372,-0.17504699949270386,-0.2807287159440183,0.06526215272597057,0.06057712392945599
3373,-0.09056727641669898,-0.09477485004923755,0.02645400017904568,0.030079675330488487
3374,-0.044507773566888474,-0.10806899227119451,0.040837336993822915,0.04186684969114619
3375,-0.09143266390140549,-0.4367521112470531,0.20636507415475513,0.2083494971800304
3376,-0.1350899704574617,-0.17470382859359612,0.006938020351526363,0.010116081286741666
3377,-0.09005998030497447,-0.10342872489630268,-0.03852466354331413,-0.04001671093073915
3378,-0.010787502611082926,-0.2996478768165676,0.18029900629643997,0.18065709766942195
3379,-0.26079496284802,-0.17313717883679983,-0.1496971143803527,-0.12985288412759988
3380,0.12892781474739637,-0.007818328310107127,0.08689683984363342,0.08421115454626837
3381,-0.16928769657724327,-0.09395422398615379,-0.2021127391005938,-0.19900928053474976
3382,-0.14363940198740707,-0.2684193249977619,0.06835069081794036,0.08661335084002267
3383,-0.10186207513950642,0.038569424964936885,-0.09231297185998626,-0.09647578407090208
3384,-0.17544985228730864,-0.44051207066336423,0.138148667601683,0.13520933424845571
3385,0.05883142848616872,-0.25643818447673894,0.20420160544298882,0.21003551072782067
3386,-0.23626570379875264,-0.21433260720360478,-0.13556742562143773,-0.1446241532631076
3387,-0.05014771269135507,-0.20667840410611438,0.10465220375399122,0.11460415982811613
3388,-0.166825818387992,-0.154188177016502,-0.0645608904538808,-0.06344185491331204
3389,-0.053967354003163125,-0.16132016352839365,0.01893408134642356,0.024574020470890152
3390,-0.13949151025036552,-0.3037510071319865,0.013174778430962965,0.01709886305989078
3391,0.09689355733938108,-0.16096207215541164,0.15238279967771776,0.1446838351586046
3392,-0.03643579720091909,-0.14911521589925694,0.026125749753812176,0.03542120497747008
3393,-0.03983766524424815,0.026439079705171432,-0.044761421622750736,-0.045910298111068
3394,-0.10690519530900298,-0.1725403598818298,-0.02011279878248933,-0.023783235355554887
3395,-0.107024559099997,-0.14241592312971857,-0.0046551878487660755,-0.010220524603861416
3396,-0.13204619378711466,-0.2683596431022649,0.08967204798424397,0.07985437617498731
3397,-0.15600847482916055,-0.35406284503595825,0.10299603115394942,0.09969860642774012
3398,0.03252663304586553,-0.02524544179523141,0.026573363970039687,0.026528602548416932
3399,-0.05426576348064814,-0.09893766226015337,0.04868550625167855,0.04374682939930172
3400,-0.09365581450866878,0.00014920473874250242,-0.11079943899018233,-0.10796454895407476
3401,0.0047148697442630765,-0.184834830354212,0.08280863000208885,0.06987257915311389
3402,-0.0549371848049894,0.08527050819134015,-0.11788666408045116,-0.11773745934170868
3403,-0.09738593297723135,-0.1752111247053206,0.0024171167676285397,0.008474829160574139
3404,-0.27661066515472527,-0.18844558503178058,-0.16534869147444123,-0.16833278624929124
3405,-0.0828235504759631,-0.13738772343409625,-0.0048939154307540795,-0.024141326728536895
3406,-0.15145773029751425,-0.21839097609740082,-0.041478917370415674,-0.03849482259556562
3407,-0.1508161499209215,-0.07713884992987377,-0.03983766524424815,-0.028438423204320964
3408,0.01599474799319626,-0.08394258601653187,0.03983766524424815,0.031124108501686013
3409,-0.10415982811614094,-0.13243412610784516,-0.050998179702187334,-0.0455223657903375
3410,-0.06524723225209632,-0.12404881979051653,0.028498105099817966,0.03219838262063203
3411,-0.0947002476798663,-0.043090328548834704,-0.013338903643579718,-0.0055802572289695915
3412,-0.06748530333323385,-0.17282384888544058,0.03170600698278177,0.030005072961117242
3413,-0.03224314404225478,-0.18410372713437378,0.0729014353495867,0.07876518158216704
3414,-0.1078302646892065,-0.02984094774850049,-0.06796275849720987,-0.07321476530094594
3415,-0.12640625466264807,-0.08735937453373517,-0.07396078899465847,-0.07102145564143117
3416,-0.11763301602458894,0.07294619677120945,-0.08488257587060963,-0.10617409208916473
3417,-0.060383157769090735,0.10477156754498522,-0.1001611411178419,-0.08716540837336993
3418,-0.22244934499119687,-0.13708931395661123,-0.05918951985915072,-0.05683208498701918
3419,-0.13547790277819222,-0.1126346572767151,-0.03340694100444629,-0.021664528065411352
3420,0.030870460445823755,-0.2172570200829578,0.169332457998866,0.16434901972486646
3421,-0.09653546596639907,-0.1617230163229984,0.029990152487242988,0.025946704067321174
3422,-0.11345528333979885,-0.02984094774850049,0.028378741308823965,0.03354122526931455
3423,-0.12751036972934257,-0.364835427173167,0.1097251648712363,0.11066515472531405
3424,-0.053549580734684125,-0.17437557816836258,0.01581570230670526,0.005625018650592342
3425,-0.08349497180030435,-0.08437527975888512,-0.032795201575602034,-0.03224314404225478
3426,-0.1388350093998985,-0.19363790994001967,-0.07991405807048432,-0.07701948613887977
3427,-0.038211333591954874,-0.16455790635910594,0.05707081256900718,0.0642326400286473
3428,-0.12433230879412727,-0.30072215093551363,0.035286920712601824,0.03564501208558383
3429,-0.0019545820775267817,-0.24791859389454204,0.167482319238459,0.17738951389096116
3430,-0.12771925636358208,-0.2668377547670914,0.04811852824445703,0.06311360448807854
3431,-0.10465220375399122,0.18246247500820623,-0.12748052878159408,-0.1374026439079705
3432,0.03927068723702665,0.10880009549103278,-0.0609053743546895,-0.0642624809763958
3433,-0.08310703947957386,-0.2442481573214765,0.16357315508340542,0.17122735818089582
3434,-0.18438721613798456,0.06952940825400614,-0.15217391304347824,-0.15072662707767595
3435,0.0021037868162692842,-0.2523052132135716,0.13462743576735994,0.14183402464862283
3436,-0.14302766255856283,0.00613231476231685,-0.1045029990152487,-0.10853152696129628
3437,-0.03372027095580555,-0.11951299573274445,0.02218674465101011,0.0241711676762854
3438,0.011637969621915191,-0.18286532780281098,0.17048133448718328,0.16103667452478287
3439,-0.05575781086807317,0.017039181164393777,-0.12054250843006771,-0.12058726985169048
3440,-0.09426755393751304,-0.2428307123034227,0.025499089851093667,0.029826027274626236
3441,-0.18957954104622357,-0.322625406582913,0.08797111396257944,0.0890603085553997
3442,-0.06297932022321028,-0.24806779863328454,0.11858792635254092,0.13400077586464143
3443,-0.013025573692220464,-0.01153352630479544,0.07096177374593415,0.09456596341499804
3444,-0.10927755065500878,-0.15329294858404702,-0.0038793232073050634,-0.0023872758198800388
3445,-0.03480946554862582,-0.23993614037181818,0.08467368923637013,0.08615081614992091
3446,-0.044507773566888474,0.08161499209214883,-0.1048610903882307,-0.09960908358449463
3447,-0.15112947987228073,-0.1780012533198054,-0.12436214974187577,-0.11996060994897195
3448,-0.031168869923308758,-0.1721225866133508,0.12853988242666586,0.122109158186864
3449,0.11746889081197216,-0.06339709349168929,0.09410342872489628,0.09681895497000984
3450,0.18608815015964905,-0.1801647220315717,0.2166005192324908,0.2096475784070902
3451,-0.09575960132493808,-0.3659246217659873,0.090985049685178,0.09929575363313538
3452,-0.05872698516904896,-0.024081644833039893,0.03392915759004505,0.032616155889111036
3453,0.08380830175166362,-0.09252185849422576,0.057249858255498186,0.05222165855987585
3454,-0.05129658917967234,0.1377010533854555,-0.16248396049058514,-0.16060398078242963
3455,-0.090925367789681,-0.32228223568380526,0.12248217003372026,0.12395929694727102
3456,0.0022977529766345377,0.03195965503864402,-0.10332428157918293,-0.08538987198233415
3457,-0.2534242487541404,0.027737160932231202,-0.22740294231744798,-0.22892483065262148
3458,-0.10854644743517051,0.0058189848109575955,-0.11731968607322968,-0.11529050162633164
3459,-0.04614902569305601,-0.2675539375130554,0.14783205514607142,0.1455044612216884
3460,-0.28329503745038936,-0.12337739846617526,-0.17849362895765566,-0.17762824147294917
3461,-0.10044463012145266,-0.31973083465130847,0.07594521201993375,0.0670824505386291
3462,-0.06915639640714988,0.03471994270538031,-0.09646086359702782,-0.09489421384023156
3463,-0.25339440780639194,0.040598609411834914,-0.2482916057413983,-0.2484109695323923
3464,-0.23477365641132755,-0.11136641699740381,-0.21389991346125153,-0.21452657336397
3465,-0.14319178777117958,-0.11427590940288262,-0.092477097072603,-0.07963056906687356
3466,-0.06002506639610874,-0.12084091790755273,0.0246486228402614,0.024394974784399146
3467,0.055847333711318656,0.013711915490435973,0.0018501387604070304,-0.005386291068604338
3468,-0.08692668079138191,-0.22329981200202914,0.08482289397511264,0.07840709020918503
3469,-0.2475455820476858,-0.24245770045656648,-0.07184208170451492,-0.06727641669899435
3470,-0.3100922085285428,-0.24117453970338096,-0.15853003491390882,-0.1545015069678613
3471,-0.22644803198949595,-0.08424099549401688,-0.15957446808510636,-0.16303601802393242
3472,-0.11038166572170328,-0.2722688072573185,0.06879830503416788,0.07142430843603592
3473,0.045343320103846486,0.18067201814329623,-0.029124765002536475,-0.03498851123511683
3474,-0.008683715794813642,-0.10832264032705675,0.05474321864462415,0.057727313419474194
3475,-0.03127331324042851,-0.2629882725075348,0.11348512428754735,0.11609620721554115
3476,-0.10501029512697321,-0.03795768553609262,-0.06587389215481483,-0.06515770940885082
3477,-0.1347020381367312,-0.23295335859866906,0.04586553668944525,0.044537614514636975
3478,0.04640267374891825,-0.10647250156664974,0.03725642326400286,0.06057712392945599
3479,-0.04744710692011578,-0.1726448031989496,0.06427740145027004,0.06597833547193457
3480,-0.21533227895317955,-0.07698964519113125,-0.1344334696069947,-0.1317627047835039
3481,-0.04367222702993047,-0.3086598430366148,0.09926591268538687,0.09580436274656082
3482,-0.15056250186505923,-0.02836382083494971,-0.11840888066604995,-0.11963235952373845
3483,-0.08268926621109485,-0.08767270448509444,-0.014249052549908983,-0.019187729402285813
3484,0.08243561815523259,-0.09543135089970456,0.14025245441795228,0.13586583509892272
3485,-0.12928590612037838,-0.032959326788218786,-0.09567007848169257,-0.09498373668347705
3486,-0.14857807883978394,0.0427919190713497,-0.13253856942496492,-0.13201635283936616
3487,-0.17513652233594934,-0.04556712721196024,-0.017516636328369785,-0.02370863298618364
3488,-0.06939512398913789,-0.3560621885351078,0.08300259616245412,0.07264778729372444
3489,0.02628987496642893,-0.1278983020500731,0.08658350989227416,0.08494225776610664
3490,-0.02505147563486616,-0.11069499567306255,0.058368893796066953,0.052042612873384846
3491,-0.14102831905941332,-0.2414580287069917,0.051057861597684336,0.04491062636149324
3492,-0.01605442988869326,-0.1521888335173525,0.027916206618722204,0.02916952642415923
3493,-0.09508818000059681,-0.18459610277222405,0.012010981468771447,0.014189370654411983
3494,-0.1761361940855241,-0.22987974098057348,0.0459998209543135,0.017979171018471542
3495,-0.14923457969025095,-0.12856972337441433,-0.007460236937125123,-0.012354152367879201
3496,-0.05699621019963593,0.014607143922890987,-0.07904867058577779,-0.08388290412103487
3497,-0.13049446450419264,-0.24193548387096772,0.02008295783474083,0.019605502670764823
3498,-0.07731789561636476,-0.4997314314702634,0.23616126048163288,0.24112977828175822
3499,-0.13744740532959324,-0.005028199695622333,-0.05993554355286323,-0.06485929993136581
3500,-0.01599474799319626,-0.022410551759123865,0.011384321566052935,0.01159320820029244
3501,-0.059816179761869225,-0.15697830563098683,0.11211244069111635,0.12018441705708571
3502,-0.2040673211781206,-0.08322640327056785,-0.13867088418728177,-0.13746232580346748
3503,-0.024036883411417145,-0.23738473933932142,0.16082778789054336,0.1536211990092805
3504,0.07330428814419145,-0.430306466533377,0.2936050848974963,0.29569395123989134
3505,-0.17130196055026706,-0.1444152666288681,-0.007012622720897615,-0.0045656650055205745
3506,-0.2474560592044403,-0.02936349258452448,-0.1255259467040673,-0.11936379099400196
3507,0.0427919190713497,-0.2701351794933007,0.21037868162692844,0.20821521291516215
3508,-0.1190803019903912,-0.1005789143863209,-0.024290531467279396,-0.026215272597057675
3509,-0.16070842409954936,-0.0886126943391722,-0.08279370952821459,-0.08300259616245412
3510,-0.028796514577302968,-0.1781802990062964,0.07948136432813106,0.08646414610128017
3511,-0.14899585210826294,-0.0794366029065083,-0.10536838649995522,-0.10920294828563754
3512,-0.19319029572379215,-0.24293515562054246,-0.05447465011488764,-0.05915967891140222
3513,-0.10887469786040402,-0.08151054877502908,-0.06739578048998836,-0.06629166542329383
3514,0.06615738115842558,-0.08155531019665183,0.14369908388290412,0.14398257288651484
3515,-0.12221360150398375,-0.3744591328220584,0.14736952045596965,0.16743755781683622
3516,0.005296768225358836,-0.12668974366625882,0.1442959028378741,0.1429978216108143
3517,-0.05542956044283966,-0.06851481603055712,-0.04101638268031393,-0.04162812210915818
3518,0.06278535406284502,0.11172450837038582,-0.02994539106562024,-0.03057205096833875
3519,-0.05059532690758258,-0.23457969025096234,0.09091044731580673,0.10008653874847065
3520,-0.04804392587508579,-0.14911521589925694,0.01848646713019605,0.017352511115753033
3521,-0.10059383486019514,-0.16387156456089041,-0.018202978126585296,-0.018158216704962548
3522,-0.022858165975351372,-0.17376383873951834,0.05630986840142042,0.06544119841246157
3523,0.076795679030766,-0.1803437677180627,0.15650085046701082,0.16073826504729788
3524,0.01087702545432843,-0.07869057921279578,0.029676822535883735,0.043194771865954454
3525,0.10912834591626627,-0.15399421085613677,0.21005043120169495,0.20928948703410816
3526,-0.03818149264420637,-0.22206141267046636,0.05929396317627046,0.05666795977440243
3527,0.030676494285458503,-0.15897764913013634,0.10808391274506877,0.11378353376503235
3528,-0.17049625496105753,-0.37759243233565093,0.06262122885022828,0.06891766882516187
3529,-0.07769090746322103,-0.045611888633582995,-0.03813673122258362,-0.03883799349467339
3530,-0.1279281429978216,-0.2360568171645131,0.013711915490435973,0.01527856524723225
3531,-0.19459282026797164,-0.3088090477753573,-0.0454626838948405,-0.049879144161618566
3532,-0.12513801438333677,-0.30904777535734534,0.04899883620303779,0.061666318522276255
3533,-0.14152069469726355,-0.1594103428724896,-0.044806183044373483,-0.04267255528035569
3534,-0.11760317507684044,-0.031139028975560257,-0.13974515830622777,-0.13768613291158124
3535,-0.0578466772104682,-0.24157739249798568,0.07321476530094594,0.07519918832622123
3536,-0.12555578765181583,-0.0796156485929993,-0.05316164841395362,-0.043015726179463455
3537,-0.122944704723822,-0.010742741189460177,0.0021485482378920348,-0.005117722538867833
3538,-0.08704604458237591,-0.26456984273820533,0.11388797708215212,0.12160186207513948
3539,-0.018501387604070302,0.007833248783981379,-0.004177732684790068,0.001641252126167527
3540,-0.07154367222702993,-0.2048133448718331,-0.013846199755304227,-0.013801438333681477
3541,-0.27183611351496517,-0.0984452866223031,-0.12956939512398913,-0.1295097132284921
3542,-0.06748530333323385,0.01766584106711229,-0.04452269404076272,-0.05086389543731908
3543,-0.03613738772343409,-0.1546805526543523,-0.007773566888484377,-0.0025663215063710418
3544,-0.09543135089970456,-0.09920623078988987,0.00547581391184984,-0.0007161827459640117
3545,-0.2109008982125272,0.0028945719316045473,-0.21876398794425708,-0.21309420787204197
3546,-0.17180925666199154,-0.2164513144937483,0.03471994270538031,0.027379069559249198
3547,-0.03950941481901465,-0.12639133418877382,0.04956581421025932,0.054892423383366654
3548,-0.09535674853033331,0.03537644355584733,-0.09738593297723135,-0.09581928322043506
3549,-0.12457103637611529,-0.4171466085762883,0.17276416698994357,0.16769120587269848
3550,-0.22149443466324487,-0.34421533227895307,0.03404852138103906,0.05999522544836022
3551,-0.12455611590224103,-0.14305750350631133,0.009623705648891406,0.01778520485810629
3552,-0.06890274835128762,-0.28163886485034756,0.09392438303840529,0.08731461311211243
3553,-0.09222344901674076,0.0491778818895288,-0.11887141535615169,-0.12670466414013307
3554,-0.12997224791859388,-0.2521858494225776,0.03206409835576378,0.03452597654501506
3555,-0.12395929694727102,-0.21880874936587985,0.03800244695771537,0.04831249440482229
3556,-0.16505028199695623,-0.2460236937125123,-0.02794604756647071,-0.027931127092596455
3557,-0.02915460595028498,-0.1252275372265823,0.026051147384440927,0.026304795440303175
3558,0.06251678553310852,0.05908507654203096,-0.03442153322789531,-0.034779624600877315
3559,-0.0276774790367342,-0.07085733042881441,0.016218555101310015,0.021843573751902358
3560,-0.14993584196234072,-0.025320044164602665,-0.08450956402375338,-0.09320820029244127
3561,-0.15879860344364535,-0.2436960997881292,0.009310375697532151,0.011652890095789443
3562,-0.02942317448002148,-0.049133120467906057,-0.025290203216854164,-0.023007370714093874
3563,-0.17334606547103934,-0.18367103339202048,-0.012831607531855211,-0.007072304616394616
3564,-0.08916475187251946,-0.1857748202082898,-0.04037480230372116,-0.03492882933961982
3565,-0.14368416340902984,-0.2710154874518814,0.11717048133448715,0.1164990600101459
3566,0.03482438602250007,-0.004550744531646324,-0.0044463012145265724,-0.015114440034615496
3567,-0.07789979409746053,-0.09380501924741129,-0.03651039957029034,-0.038987198233415885
3568,-0.1308973172987974,-0.060308555399719486,-0.05108770254543284,-0.049043597624660554
3569,0.014308734445405983,0.002879651457730297,-0.001044433171197517,-0.008012294470472381
3570,0.06324788875294678,-0.05814508668795321,0.11921458625525945,0.1222583629256065
3571,0.0007758646414610126,-0.3207305064008832,0.16090239025991465,0.16443854256811194
3572,-0.15981319566709437,-0.11339560144430184,-0.10326459968368595,-0.09355137119154902
3573,-0.11696159470024767,-0.16408045119512993,-0.04125511026230193,-0.042448748172241944
3574,-0.09902718510339885,-0.34038077049327076,0.1273910059383486,0.1319119095222464
3575,-0.1588135239175196,-0.009593864701142906,-0.11120229178478706,-0.11420130703351138
3576,-0.10001193637909937,-0.1722419504043448,-0.007728805466861626,-0.007594521201993375
3577,-0.307779535078034,-0.13861120229178478,-0.12328787562292977,-0.12316851183193576
3578,-0.1183342782966787,-0.20934916892960515,-0.02624511354480618,-0.02188833517352511
3579,-0.08992569604010622,-0.10004177732684788,-0.024976873265494907,-0.020381367312225833
3580,-0.0337351914296798,-0.14247560502521558,0.034332010384649815,0.0430306466533377
3581,0.02255975649786637,-0.06018919160872548,0.08919459282026797,0.09049267404732773
3582,-0.03167616603503327,-0.154009131330011,0.09000029840947747,0.08442004118050789
3583,-0.14923457969025095,0.00604279191907135,-0.1217212258661335,-0.11887141535615169
3584,-0.024917191369997906,-0.31118140312136305,0.13004685028796514,0.12825639342305512
3585,-0.05228134045537286,-0.052475306615738106,-0.052042612873384846,-0.0647100951926233
3586,-0.1876846408641938,-0.24409895258273395,-0.05633970934916892,-0.05359434215630687
3587,-0.04993882605711557,-0.2144370505207245,0.016263316522932766,0.02255975649786637
3588,-0.2666736295544746,-0.11775237981558292,-0.1348512428754737,-0.1349109247709707
3589,-0.12721196025185758,-0.17324162215391958,0.010638297872340424,0.00975798991375966
3590,-0.12272089761570824,-0.10812867416669152,0.04188177016502044,0.03630151293605084
3591,-0.1013249380800334,-0.335561457431888,0.10502521560084747,0.1306884306645579
3592,-0.32459490913431405,-0.09377517829966278,-0.13138969293664765,-0.11546954731282263
3593,-0.168795320939393,-0.2172570200829578,0.01108591208856793,-0.008743397690310644
3594,0.03412312375041031,-0.15903733102563336,0.11543970636507413,0.11927426815075645
3595,-0.04141923547491868,-0.18264152069469722,0.07085733042881441,0.06872370266479662
3596,0.025558771746590672,-0.16524424815732142,0.10360777058279369,0.10603980782429648
3597,0.05486258243561815,-0.038435140700068635,0.042344304855122195,0.039106562024409895
3598,-0.09056727641669898,-0.024738145683506903,-0.03892751633791888,-0.040359881829846914
3599,0.1132314762316851,-0.1338664915997732,0.1045029990152487,0.10796454895407476
3600,0.023738473933932143,-0.005953269075825847,-0.11858792635254092,-0.11079943899018233
3601,-0.011742412939034943,-0.19771119930769,0.15775417027244784,0.1483393512577959
3602,-0.08797111396257944,-0.22161379845423887,0.0974903762943511,0.10065351675569215
3603,-0.09747545582047684,-0.1778818895288114,0.08961236608874697,0.08892602429053147
3604,-0.06703768911700635,-0.1903852466354331,0.10074303959893764,0.10198143893050042
3605,-0.11348512428754735,-0.09895258273402761,-0.053116886992330865,-0.0584136552176897
3606,-0.13810390618006024,-0.06909671451165288,-0.15793321595893883,-0.16325982513204618
3607,-0.05350481931306138,0.010235445077735666,-0.09974336784936289,-0.08092865029393333
3608,0.053549580734684125,-0.18680433290561305,0.09003013935722597,0.09149234579690248
3609,-0.17943361881173342,-0.2590791083524812,-0.013010653218346211,-0.01045925218584942
3610,-0.06736593954223985,-0.15514308734445406,0.014786189609381993,0.005848825758706096
3611,-0.003983766524424815,-0.17295813315030883,0.15077138849929872,0.15200978783086147
3612,-0.057399062994240684,-0.2942615857479633,0.08607621378054965,0.09105965205454923
3613,-0.13753692817283875,0.10974008534511055,-0.23062576467428603,-0.22377726716600518
3614,0.009623705648891406,-0.308137626451016,0.168079138193429,0.17055593685655454
3615,-0.272358330100564,-0.014323654919280235,-0.21810748709379008,-0.21673480349735907
3616,-0.1680492972456805,-0.2096923398287129,-0.043478260869565216,-0.02096326579332159
3617,0.033093611053087044,-0.16200650532660918,0.15469547312822654,0.15754528363820836
3618,-0.08183879920026259,-0.16405061024738143,0.08662827131389692,0.10587568261167972
3619,-0.04386619319029572,-0.26859837068425285,0.11208259974336782,0.11620065053266089
3620,0.033899316642296555,0.06524723225209632,-0.06023395303034824,-0.05875682611679746
3621,-0.26804631315090566,-0.20069529408254003,-0.06830592939631762,-0.06869386171704812
3622,-0.012100504312016947,-0.15500880307958578,0.09077616305093847,0.09185043716988452
3623,-0.07906359105965205,-0.14174450180537732,0.0013577631225567721,0.011921458625525946
3624,-0.03345170242606905,-0.25402106770911037,0.07466205126674821,0.07616901912804751
3625,0.12170630539225923,-0.10841216317030228,0.15669481662737605,0.15656053236250783
3626,-0.09407358777714779,-0.21109486437289243,0.06551580078183282,0.0763480648145385
3627,-0.12140789591477423,-0.1602608098833219,0.035988182984691586,0.02796096804034496
3628,-0.18971382531109185,-0.08613589567604667,-0.1781504580585479,-0.18001551729282922
3629,0.07690012234788576,0.04849154009131329,-2.9840947748500487e-05,0.003416788517203306
3630,-0.13268777416370742,-0.04837217630031929,-0.10736772999910477,-0.10966548297573929
3631,0.0055802572289695915,-0.07585568917668824,0.07588553012443675,0.07278207155859269
3632,0.07327444719644295,0.020530572050968334,0.0009698308018262658,0.0049834382739995815
3633,-0.16757184208170448,-0.1955775715436722,0.03486914744412282,0.0369729342603921
3634,-0.14017785204858102,-0.17018292500969828,0.013771597385932975,0.008131658261466383
3635,0.08097341171555608,-0.10880009549103278,0.11803586881919369,0.12115424785891198
3636,-0.0032675837784608038,-0.12994240697084536,0.12163170302288798,0.1183342782966787
3637,0.16060398078242963,-0.14983139864522096,0.21267643460356297,0.2258362925606517
3638,-0.20915520276923993,-0.27355196801050397,-0.028572707469189215,-0.03237742830712303
3639,-0.09213392617349525,-0.015591895198591504,-0.03421264659365581,-0.03525707976485333
3640,-0.047103936021008014,-0.09235773328160901,-0.03806212885321237,-0.03767419653248187
3641,-0.1323296827907254,-0.153173584793053,-0.033257736265703795,-0.03753991226761361
3642,-0.23631046522037535,-0.16476679299334546,-0.18132851899376323,-0.18086598430366144
3643,-0.09902718510339885,-0.20054608934379756,0.08494225776610664,0.08237593625973559
3644,-0.11488764883172689,-0.3754737250455074,0.16231983527796842,0.16954134463310552
3645,-0.06500850467010832,-0.09766942198084208,-0.04673092417415176,-0.051162304914804085
3646,-0.06481453850974307,-0.20928948703410816,0.07748202082898151,0.07057384142520365
3647,-0.152934857211065,-0.00425233505416132,-0.17404732774312912,-0.17027244785294376
3648,-0.008653874847065141,-0.04807376682283429,0.10245889409447641,0.10201127987824893
3649,-0.22573184924353193,-0.04043448419921816,-0.1955477305959237,-0.19942705380322875
3650,-0.011802094834531943,-0.2204947629136701,0.09860941183491985,0.1136790904479126
3651,0.1503834561785682,-0.0006863417982155112,0.054012115424785886,0.055936856554564166
3652,-0.09322312076631555,-0.026737489182656442,-0.08256990242010086,-0.09768434245471636
3653,-0.12551102623019306,-0.16912357136462652,0.01645728268329802,0.026573363970039687
3654,-0.08686699889588491,0.152994539106562,-0.11572319536868489,-0.11609620721554115
3655,-0.1631255408671779,0.1230342275670675,-0.16769120587269848,-0.16812389961505175
3656,-0.0486705857778043,-0.12430246784637879,0.01592014562382501,0.010026558443496163
3657,-0.11954283668049295,-0.18647608248037956,0.05666795977440243,0.07072304616394616
3658,-0.04030019993434991,-0.08677747605263941,0.04822297156157679,0.045388081525469234
3659,-0.0800334218614783,-0.13085255587717465,-0.04964041657963056,-0.053445137417564376
3660,0.18186565605323624,-0.15876876249589683,0.2111097848467667,0.21169168332786245
3661,-0.042344304855122195,-0.09289487034108201,0.023663871564560887,0.00968338754438841
3662,-0.11472352361911013,-0.1856554564172958,-0.032750440153979286,-0.03189997314314702
3663,-0.2080212467547969,-0.045790934320074,-0.1361045626809107,-0.13279221748082717
3664,-0.2189728745784966,-0.04409000029840947,-0.09655038644027332,-0.08658350989227416
3665,-0.17582286413416487,-0.1314642953060189,-0.12524245770045656,-0.1220793172391155
3666,-0.19316045477604366,-0.22315060726328667,-0.0402106770911044,-0.04868550625167855
3667,0.13586583509892272,-0.12264629524633701,0.2113783533765032,0.20485810629345583
3668,-0.13738772343409625,-0.12583927665542657,-0.08007818328310105,-0.07539315448658648
3669,-0.18977350720658887,-0.03807704932708662,-0.09304407507982453,-0.10227984840798543
3670,-0.19268299961206767,-0.1784190265882844,-0.07527379069559248,-0.0884933305481782
3671,0.028035570409716208,-0.038599265912685386,0.0549073438572409,0.0493270866282713
3672,-0.07063352332070065,-0.09361105308704604,0.006341201396556354,0.008370385843454387
3673,-0.06748530333323385,-0.30412401897884267,0.09975828832323713,0.09796783145832709
3674,-0.2818179105368386,-0.11414162513801436,-0.17746411626033237,-0.18443197755960727
3675,0.04711885649488227,-0.06227805795112051,0.045492524842589,0.049237563785025806
3676,-0.2553639103577929,-0.1811196323595237,-0.1757482617647936,-0.19313061382829516
3677,0.006878338456029363,-0.04377667034705022,0.05337053504819313,0.049879144161618566
3678,-0.1404613410521918,-0.04559696815970875,-0.006445644713676105,-0.006057712392945599
3679,0.0024618781892512902,-0.2105428068395452,0.1004893915430754,0.10671122914863775
3680,-0.2136611858792635,-0.25379726060099667,0.009429739488526153,0.008624033899316642
3681,-0.20403748023037208,-0.17136164244576405,-0.08397242696428038,-0.0854346334039569
3682,-0.10506997702247022,-0.23638506758974664,0.007281191250634119,-0.002924412879353048
3683,0.015636656620214254,-0.12577959475992956,0.03270567873235654,0.03668944525678135
3684,-0.012757005162483959,-0.347542597952911,0.14587747306854462,0.1493390230073707
3685,-0.14493748321446687,-0.11660350332726567,-0.0024469577153770398,-0.0028498105099817967
3686,-0.30977887857718356,-0.2991704216525916,-0.07079764853331741,-0.06302408164483303
3687,-0.05821968905732445,-0.261809555071469,0.09616245411954281,0.09616245411954281
3688,-0.2543791590820924,-0.04435856882814597,-0.1764196830891349,-0.17248067798633282
3689,-0.037241502790128604,0.1330160245889409,-0.07170779743964667,-0.07123034227567067
3690,-0.15490435976246603,-0.18286532780281098,0.016427441735549518,0.017725522962609288
3691,-0.08465876876249588,0.0823460953119871,-0.0674405419116111,-0.07885470442541254
3692,-0.0366446838351586,-0.11646921906239739,0.04001671093073915,0.037062457103637605
3693,0.05262451135448062,-0.12731640356897733,0.07627346244516724,0.07519918832622123
3694,-0.213929754409,-0.21190056996210196,-0.03698785473426636,-0.02964698158813523
3695,-0.050998179702187334,-0.2858911999045089,0.13025573692220463,0.1457730297514249
3696,-0.11285846438482885,-0.12388469457789979,0.06086061293306675,0.06069648772045
3697,-0.18229834979558948,-0.31291217809077615,0.025320044164602665,0.017397272537375785
3698,-0.151979946883113,-0.11972188236698397,-0.036286592462176595,-0.03876339112530213
3699,-0.01830742144370505,0.05168452150040285,-0.05096833875443883,-0.04970009847512757
3700,-0.08847841007430396,0.01906836561129181,-0.09687863686550682,-0.09908686699889586
3701,-0.03482438602250007,0.150905672764167,-0.21865954462713733,-0.21106502342514394
3702,-0.20376891170063557,-0.14081943242517378,-0.14947330727223895,-0.1473844409298439
3703,-0.06339709349168929,-0.1257348333383068,0.0023872758198800388,0.0026558443496165433
3704,-0.048640744830055795,-0.08486765539673538,0.03243711020262003,0.03097490376294351
3705,-0.0009698308018262658,-0.0305571304944645,-0.055265435230222905,-0.05402703589866013
3706,-0.07895914774253229,0.01765092059323804,-0.05699621019963593,-0.043329056130822705
3707,-0.12788338157619883,-0.1869087762227328,0.05001342842648682,0.05131150965354659
3708,-0.012309390946256452,-0.17616603503327263,0.05766763152397719,0.05453433201038465
3709,0.017471874906747037,0.08914983139864523,-0.06632150637104234,-0.06215869416012652
3710,0.046850287965145766,0.030213959595356745,0.03879323207305063,0.042448748172241944
3711,-0.15278565247232248,-0.15603831577690902,-0.07354301572617945,-0.06845513413506013
3712,-0.28508549431529945,-0.02942317448002148,-0.16433409925099218,-0.17636000119363787
3713,-0.0397929038226254,-0.151323446032646,0.11754349318134343,0.1126048163289666
3714,-0.19512995732744468,-0.08619557757154366,-0.12164662349676224,-0.10511473844409296
3715,-0.016322998418429765,-0.16266300617707616,0.0754528363820835,0.07494554027035898
3716,0.029199367371907727,-0.10774074184596101,0.11057563188206856,0.10469696517561396
3717,-0.09962400405836888,-0.14428098236399986,-0.015397929038226253,-0.009623705648891406
3718,-0.09757989913759658,-0.022679120288860367,-0.03466026080988332,-0.019918832622124075
3719,-0.05298260272746262,-0.2729402285816597,0.10266778072871593,0.10299603115394942
3720,-0.02834890036107546,-0.0730804810360777,0.012757005162483959,0.010384649816478169
3721,-0.060994897197934994,-0.21106502342514394,0.044269045984900474,0.040971621258691165
3722,-0.22225537883083166,-0.1670943869177285,-0.06524723225209632,-0.06511294798722805
3723,0.0003431708991077556,-0.03072125570708125,0.026424159231297182,0.02466354331413565
3724,-0.15199486735698725,-0.17838918564053594,-0.08473337113186714,-0.08588224762018441
3725,-0.1817761332099907,-0.12545134433469604,-0.07609441675867624,-0.07561696159470024
3726,-0.04373190892542746,-0.10618901256303899,0.009608785175017159,0.005804064337083344
3727,-0.15651577094088506,-0.05742890394198919,-0.08953776371937572,-0.08734445405986094
3728,-0.1656172600041777,-0.32786249291277486,0.04787980066246904,0.05283339798872012
3729,0.10026558443496164,0.06323296827907253,0.09168631195726776,0.09919131031601564
3730,-0.13582107367729998,-0.18847542597952907,-0.03552564829458983,-0.02518575989973441
3731,-0.16284205186356718,-0.2831607531855211,0.10292142878457819,0.10442839664587746
3732,-0.13711915490435975,-0.00552057533347259,-0.07381158425591595,-0.07312524245770045
3733,0.06314344543582703,-0.003252663304586553,0.022902927396974124,0.022694040762734617
3734,-0.03254155351973978,-0.015502372355346003,-0.033362179582823545,-0.030512369072841744
3735,-0.17480827191071588,-0.21106502342514394,-0.09132822058428573,-0.09290979081495628
3736,-0.12889797379964785,-0.08397242696428038,-0.016322998418429765,-0.019605502670764823
3737,-0.011831935782280444,-0.17797141237205688,0.04955089373638506,0.04865566530393004
3738,0.0,-0.1459222344901674,0.1352690161439527,0.13268777416370742
3739,-0.06194980752588702,-0.3704753662976335,0.23359493897526182,0.2380710811375369
3740,-0.12925606517262986,-0.09655038644027332,-0.10232460982960817,-0.09959416311062037
3741,-0.22225537883083166,-0.054295604428396635,-0.17300289457193158,-0.16188714153561518
3742,0.024021962937542895,-0.06256154695473126,0.05929396317627046,0.05519083286085164
3743,-0.02272388171048312,-0.20197845483572555,0.09990749306197963,0.1134702038136731
3744,-0.13367252543940794,-0.20509683387544386,0.019456297932022318,0.018173137178836795
3745,0.0640535943421563,-0.07752678225060426,0.10747217331622451,0.11129181462803257
3746,-0.16431917877711794,-0.08440512070663364,-0.1402226134702038,-0.13907373698188652
3747,-0.1122168840082361,-0.27868461102324604,0.1450120855838381,0.12883829190415086
3748,-0.1449524036883411,0.008161499209214882,-0.14689206529199367,-0.15004028527946045
3749,0.08125690071916683,-0.12627197039777982,0.12770433588970784,0.13070335113843215
3750,0.07176747933514367,0.045716331950702745,0.11253021395959535,0.11819999403181042
3751,-0.0920294828563755,-0.15139804840201723,-0.03233266688550028,-0.03485422697024857
3752,-0.336038912595864,-0.3612097520217242,-0.0092059323804124,-0.0056996210199635935
3753,-0.08841872817880696,-0.19702485750947446,-0.044865864939870485,-0.036316433409925096
3754,0.21670496254961055,-0.059502849810509975,0.18713258333084656,0.17729999104771568
3755,0.03786816269284712,-0.08118229834979558,0.04267255528035569,0.04403031840291246
3756,-0.07548267732983198,-0.19641311808063022,-0.07475157410999371,-0.0705589209513294
3757,0.024827668526752403,-0.046223628062427254,0.07366237951717346,0.08216704962549609
3758,-0.09086568589418399,-0.10962072155411653,0.01096654829757393,0.011548446778669688
3759,0.07079764853331741,-0.2760884485691265,0.22888006923099874,0.229790218137328
3760,-0.015054758139118496,-0.07798931694070603,-0.0045059831100235734,-0.00671421324341261
3761,-0.17109307391602754,-0.39910775566231976,0.14792157798931693,0.1360448807854137
3762,-0.035286920712601824,-0.20466414013309062,0.07840709020918503,0.08254006147235235
3763,0.1269732326698696,0.06468025424487481,-0.0033123452000835543,-0.0018799797081555305
3764,-0.2391751962042314,-0.17885172033063768,-0.09056727641669898,-0.09177583480051324
3765,-0.04138939452717018,-0.12673450508788156,0.01530840619498075,0.03500343170899107
3766,-0.09449136104562679,-0.39686968458118227,0.22773119274268147,0.22774611321655572
3767,-0.1330906269583122,0.033153292948584046,-0.15726179463459758,-0.1531437438453045
3768,-0.21155739906299423,0.03651039957029034,-0.15106979797678372,-0.14778729372444865
3769,-0.14956283011548446,-0.16451314493748317,0.006863417982155113,0.008832920533556145
3770,-0.13092715824654588,-0.07390110709916145,-0.06453104950613231,-0.06576944883769507
3771,-0.04088209841544566,-0.12833099579242635,-0.0275282742979917,-0.02696129629077019
3772,-0.003580913729820059,-0.21621258691176026,0.10287666736295545,0.1035480886872967
3773,-0.1818358151054877,-0.15030885380919695,-0.02945301542776998,-0.026215272597057675
3774,0.18035868819193698,-0.01104115066694518,0.06618722210617409,0.06781355375846736
3775,-0.11585747963355314,-0.0852555877174659,-0.06415803765927605,-0.05875682611679746
3776,-0.1715854495538778,-0.21530243800543103,-0.05592193608068992,-0.055534003759959406
3777,-0.14733967950822116,-0.20068037360866575,-0.07460236937125123,-0.07969025096237056
3778,-0.1681089791411775,-0.13956611261973675,-0.11769269792008592,-0.11718540180836141
3779,-0.0551162304914804,-0.08043627465608306,-0.00552057533347259,0.006669451821789859
3780,-0.09144758437527974,-0.11640953716690039,-0.05690668735639042,-0.05678732356539643
3781,0.09862433230879411,-0.07203604786488019,0.1133806809704276,0.1134105219181761
3782,0.007863089731729878,-0.05956253170600697,0.014323654919280235,0.013338903643579718
3783,0.016770612634657275,-0.11957267762824145,0.020933424845573093,0.02990062964399749
3784,0.08683715794813641,-0.20737966637820415,0.16998895884933302,0.17113783533765028
3785,-0.04362746560830771,-0.11100832562442181,0.07024559099997014,0.0694846468323834
3786,0.1160216048461699,0.03064665333771,0.09532690758258482,0.09413326967264479
3787,0.05760794962848019,-0.20827489481065914,0.19985974754558203,0.2039777983348751
3788,0.02936349258452448,-0.16815374056280025,0.08634478231028617,0.08746381785085491
3789,-0.09367073498254304,-0.11505177404434362,-0.011697651517412193,-0.012040822416519947
3790,0.02163468711766285,0.08079436602906508,-0.0020441049207722837,-0.008683715794813642
3791,-0.02015756020411208,-0.11275402106770908,0.0003730118468562561,0.0022380710811375367
3792,0.015472531407597504,-0.17177941571424304,0.1793291754946137,0.18032884724418846
3793,-0.2386380591447584,0.17171973381874606,-0.2824445704395571,-0.2777595416430425
3794,-0.15421801796425053,-0.14563874548655664,-0.028781594103428718,-0.03264599683685953
3795,-0.2240309152218674,-0.09453612246724953,-0.07931723911551429,-0.08203276536062785
3796,-0.042612873384858696,-0.2761630509384978,0.13973023783235355,0.13398585539076718
3797,-0.1496075915371072,-0.10269762167646443,-0.11788666408045116,-0.11382829518665512
3798,-0.19465250216346866,-0.259840052520068,-0.02278356360598012,-0.023992121989794394
3799,-0.055295276177971406,-0.27408910506997697,0.11505177404434362,0.11808063024081644
3800,0.015009996717495746,-0.0860612933066754,0.09310375697532153,0.09601324938080033
3801,-0.18458118229834977,-0.29845423890662764,0.03777863984960162,0.043478260869565216
3802,-0.07402047089015547,-0.04673092417415176,0.01688997642565128,0.009534182805645905
3803,-0.20245590999970156,-0.048267732983199536,-0.08715048789949567,-0.08695652173913043
3804,-0.14071498910805405,-0.229909581928322,-0.008459908686699888,-0.004416460266778072
3805,-0.09475992957536329,-0.11090388230730207,-0.01093670734982543,-0.01794933007072304
3806,-0.05665303930052818,-0.12112440691116348,0.0556533675509534,0.05304228462295962
3807,-0.2560800931037569,-0.06836561129181462,-0.20711109784846762,-0.2043358897078571
3808,-0.2261645429858852,-0.18070185909104472,-0.14769777088120317,-0.1357763122556772
3809,-0.12934558801587537,-0.12122885022828324,-0.04513443346960699,-0.04865566530393004
3810,-0.14998060338396346,-0.2615260660678583,0.03313837247470979,0.03959893766226015
3811,-0.04716361791650502,-0.010518934081346422,-0.06151711378353375,-0.057652711050102945
3812,-0.08155531019665183,0.15047297902181372,-0.14745904329921514,-0.14686222434424515
3813,-0.14551938169556264,-0.1558145086687953,-0.08262958431559785,-0.0711557399062994
3814,-0.08834412580943568,0.009220852854286652,-0.037375787054996855,-0.024738145683506903
3815,0.07409507325952672,-0.19568201486079193,0.19954641759422279,0.20791680343767716
3816,-0.06330757064844379,0.018396944286950552,-0.08176419683089133,-0.061830443734893006
3817,-0.1774044343648354,-0.20385843454388106,0.035182477395482074,0.021440720957297602
3818,-0.1281967115275581,-0.15199486735698725,0.05114738444092983,0.055907015606815665
3819,0.10583092119005698,-0.09110441347617197,0.13956611261973675,0.1474142818775924
3820,0.0003879323207305063,-0.03248187162424278,-0.027767001879979703,-0.022947688818596875
3821,-0.1615439706365074,-0.2673450508788159,0.12009489421384022,0.13795470144131775
3822,0.06106949956730625,-0.03495867028736832,0.03124347229268001,0.03210885977738652
3823,-0.0335859866909373,-0.13007669123571364,0.014905553400375993,0.015502372355346003
3824,-0.0760496553370535,-0.11117245083703857,-0.02925904926740473,-0.025901942645698423
3825,0.12477992301035477,-0.08818000059681894,0.12425770642475603,0.1287040076392826
3826,-0.1461908030199039,-0.13973023783235355,0.025021634687117662,0.024723225209632653
3827,-0.012757005162483959,-0.3567634508071976,0.1697054698457223,0.16824326340604576
3828,0.11285846438482885,0.02623019307093193,0.06496374324848556,0.062367580794366016
3829,-0.107084240995494,-0.20699173405747362,0.012398913789501954,0.026662886813285186
3830,0.047566470711109775,0.0005072961117245083,0.02096326579332159,0.020351526364477332
3831,-0.04849154009131329,-0.22808928411566348,0.12585419712930082,0.13037510071319863
3832,-0.0054608934379755895,-0.09977320879711139,-0.01341350601295097,-0.01474142818775924
3833,-0.27990808988093463,-0.22523947360568167,-0.14778729372444865,-0.14824982841455042
3834,-0.07475157410999371,0.08625525946704066,-0.13225508042135414,-0.13917818029900628
3835,-0.006818656560532362,-0.22161379845423887,0.09398406493390228,0.09003013935722597
3836,-0.07882486347766404,-0.16070842409954936,0.007102145564143117,0.0007609441675867626
3837,0.019396616036525316,-0.1941452060517442,0.17894124317388316,0.17741935483870963
3838,-0.0742144370505207,-0.1731819402584226,0.09695323923487809,0.08552415624720239
3839,-0.05498194622661214,-0.1381188266539345,-0.014278893497657486,-0.009474500910148904
3840,-0.24869445853600305,-0.051281668705798096,-0.2073050640088329,-0.2187938288920056
3841,-0.09752021724209958,0.07190176360001194,-0.17268956462057233,-0.17330130404941657
3842,-0.024857509474500907,-0.02754319477186595,-0.007878010205604129,-0.008221181104711884
3843,-0.0490883590462833,-0.01472650771388499,0.0003431708991077556,0.0037301184685625613
3844,-0.13316522932768343,-0.04259795291098444,-0.1128435439109546,-0.11400734087314612
3845,0.05168452150040285,-0.018784876607681057,0.10711408194324251,0.09877353704753662
3846,0.03224314404225478,-0.23874250246187814,0.24483005580257225,0.23892154814836913
3847,-0.09535674853033331,-0.11942347288949895,0.017397272537375785,0.005774223389334844
3848,-0.07387126615141296,-0.0920294828563755,0.09399898540777654,0.09441675867625554
3849,-0.1385365999224135,-0.25130554146399686,0.05641431171854018,0.06465041329712631
3850,-0.2016949658321148,-0.1552176897138253,-0.07815344215332277,-0.07075288711169465
3851,-0.12437707021575004,-0.10226492793411117,-0.012115424785891197,-0.005207245382113335
3852,-0.028587627943063465,-0.0366148428874101,0.07342365193518545,0.07710900898212526
3853,-0.004431380740652322,0.0792277162722688,-0.08928411566351346,-0.10504013607472172
3854,-0.07245382113335919,0.05059532690758258,-0.12977828175822861,-0.13292650174569542
3855,-0.2655396735400316,-0.2908149562830115,-0.06039807824296499,-0.06539643699083882
3856,-0.24557607949628477,-0.09356629166542328,-0.1587240010742741,-0.15241264062546625
3857,-0.11041150666945182,-0.2319536868490943,-0.022500074602369368,-0.019650264092387574
3858,-0.03216854167288353,-0.04362746560830771,0.01662140789591477,0.01530840619498075
3859,-0.09455104294112379,0.053057205096833863,-0.1616334934797529,-0.15415833606875354
3860,-0.016681089791411773,0.014398257288651484,-0.048267732983199536,-0.057443824415863445
3861,-0.10037002775208138,-0.1274208468860971,-0.006520247083047357,-0.015711258989585506
3862,-0.0182925009698308,-0.07185700217838918,0.05741398346811493,0.061532034257408004
3863,-0.2127510369729342,-0.40343469308585234,0.09956432216287188,0.09799767240607558
3864,0.0860612933066754,-0.05271403419772611,0.04328429470919996,0.04601474142818775
3865,0.020948345319447344,-0.1659156694816627,0.0860016114111784,0.08471845065799288
3866,-0.045268717734475244,-0.22230014025245437,0.030124436752111242,0.04465697830563098
3867,0.008624033899316642,-0.09693831876100382,0.07169287696577242,0.07442332368476022
3868,-0.04101638268031393,-0.026424159231297182,-0.01769568201486079,-0.012906209901226462
3869,-0.07312524245770045,-0.04946137089313955,-0.02937841305839873,-0.02578257885470442
3870,-0.16140968637163913,-0.12357136462654053,-0.08128674166691532,-0.0795559666975023
3871,-0.22306108442004113,-0.04004655187848766,-0.10935215302438002,-0.10298111068007519
3872,-0.06084569245919249,-0.07570648443794574,0.05857778043030646,0.060457760138461984
3873,-0.21745098624332307,-0.07621378054967025,-0.12925606517262986,-0.13040494166094713
3874,-0.11391781802990061,-0.26327176151114556,0.12668974366625882,0.11654382143176865
3875,0.007504998358747873,-0.06496374324848556,0.06089045388081525,0.029691743009757986
3876,-0.18049297245680518,-0.15650085046701082,-0.08313688042732235,-0.08198800393900509
3877,0.010638297872340424,-0.015517292829220253,-0.0518188057652711,-0.05058040643370833
3878,-0.17252543940795553,-0.1887887559308883,0.03630151293605084,0.055235594282474404
3879,-0.10842708364417654,-0.15065202470830472,0.03557040971621258,0.03906180060278713
3880,-0.01099638924532243,-0.3286831189758586,0.19926292859061204,0.21560084748291602
3881,-0.15914177434275312,-0.07539315448658648,-0.05754826773298319,-0.0675002238071081
3882,-0.022589597445614867,0.1440870162036346,-0.06359105965205453,-0.06420279908089879
3883,-0.10326459968368595,-0.09937035600250661,-0.05951777028438422,-0.05938348601951597
3884,-0.022589597445614867,-0.1352391751962042,0.06703768911700635,0.06952940825400614
3885,-0.21172152427561095,-0.20321685416728832,-0.107203604786488,-0.11473844409298437
3886,-0.10715884336486525,-0.08865745576079494,0.0010145922234490166,-0.0184118647608248
3887,-0.09008982125272297,-0.2390558324132374,0.10999373340097278,0.11411178419026587
3888,-0.03725642326400286,-0.025842260750201424,0.0274387514547462,0.029229208319656228
3889,-0.07319984482707169,-0.18531228551818804,0.05363910357792963,0.052072453821133347
3890,-0.07930231864164006,-0.3358897078571215,0.17759840052520065,0.17907552743875144
3891,0.007713884992987375,0.05156515770940884,-0.05441496821939064,-0.05246038614186386
3892,-0.11241085016860133,-0.0980275133538241,0.08430067738951388,0.08157023067052609
3893,-0.19648772045000149,-0.08382322222553786,-0.13664169974038373,-0.13662677926650948
3894,-0.2974993285786756,-0.011473844409298438,-0.19136999791113363,-0.2020530572050968
3895,-0.1764644445107576,-0.20891647518725193,0.002611082927993793,0.009429739488526153
3896,-0.11282862343708036,-0.055966697502312666,-0.07582584822893974,-0.0701411476828504
3897,0.061830443734893006,-0.07760138461997551,0.061726000417773264,0.04640267374891825
3898,-0.14314702634955684,-0.4479126257049923,0.151323446032646,0.15009996717495744
3899,-0.1755990570260511,-0.1883859031362836,-0.0008206260630837634,-0.0015815702306705259
3900,-0.15441198412461576,-0.08747873832472917,-0.061114260988929,-0.0646205723493778
3901,-0.14751872519471215,-0.24503894243681174,0.021485482378920354,0.012115424785891197
3902,-0.19827817731491146,-0.00919101190653815,-0.17768792336844613,-0.16951150368535703
3903,-0.057190176360001184,-0.33702366387156446,0.08124198024529257,0.07557220017307748
3904,0.011220196353436183,-0.0887022171824177,0.08092865029393333,0.08503178060935214
3905,-0.15867923965265135,-0.21613798454238903,0.01888931992480081,0.016158873205813017
3906,-0.016158873205813017,-0.2941720629047178,0.1441466980991316,0.1426098892900838
3907,-0.17177941571424304,-0.15015964907045443,-0.06089045388081525,-0.059070156068156715
3908,-0.13235952373847393,-0.09074632210318997,0.010608456924591923,0.010026558443496163
3909,-0.09702784160424933,-0.02372355346005789,-0.013234460326459965,-0.02206738086001611
3910,0.04209065679925994,-0.20541016382680313,0.16980991316284205,0.1735698725791531
3911,0.035719614454955084,0.022604517919489118,0.017248067798633283,0.016084270836441764
3912,-0.010444331711975173,-0.1909223836949061,0.10821819700993701,0.10568171645131448
3913,-0.1595297066634836,-0.1995314971203485,-0.03184029124765002,0.0027304467189877947
3914,-0.10026558443496164,0.0895974456148727,-0.12527229864820505,-0.12248217003372026
3915,-0.1802244039270687,0.07333412909193995,-0.24008534511056068,-0.2261048610903882
3916,-0.14011817015308403,-0.1908030199039121,-0.004998358747873831,-7.460236937125121e-05
3917,-0.16806421771955476,-0.15186058309211897,-0.02827429799170421,-0.01108591208856793
3918,-0.11079943899018233,-0.15805257974993284,0.03579421682432633,0.025484169377219416
3919,-0.14410193667750887,-0.17898600459550593,0.057921279579839446,0.054429888693264886
3920,-0.06159171615290501,-0.15454626838948402,0.03871862970367938,0.04814836919220553
3921,0.051132463967055584,-0.06718689385574884,0.019351854614902568,0.016322998418429765
3922,-0.07318492435319744,-0.19760675599057026,0.14314702634955684,0.15023425143982572
3923,-0.13282205842857567,-0.17934409596848794,0.03604786488018859,0.03548088687296708
3924,-0.13750708722509022,-0.15847035301841184,0.03479454507475157,0.03246695115036853
3925,0.12566023096893555,-0.03677896810002685,0.09192503953925575,0.09650562501865058
3926,-0.08971680940586671,-0.04179224732177494,-0.030154277699859743,-0.018113455283339797
3927,-0.059786338814120724,0.1187222106174092,-0.12985288412759988,-0.12898749664289336
3928,0.06599325594580882,0.03539136402972158,0.08206260630837635,0.07737757751186176
3929,-0.1197368028408582,-0.31425502073945866,0.05244546566798961,0.04959565515800782
3930,-0.10545790934320072,-0.23304288144191454,0.015069678612992746,0.009474500910148904
3931,-0.13795470144131775,-0.3428277282086478,0.10421951001163796,0.10429411238100922
3932,0.0485213810390618,-0.18957954104622357,0.06681388200889259,0.07118558085404791
3933,-0.1970099370356002,-0.14880188594789767,-0.06644087016203634,-0.055011787174360643
3934,-0.0012980812270597711,-0.15712751036972933,0.15699322610486108,0.14984631911909518
3935,-0.1953686849094327,-0.04328429470919996,-0.1461311211244069,-0.14229655933872457
3936,-0.08474829160574138,-0.015039837665244244,-0.12119900928053473,-0.11350004476142161
3937,-0.009892274178627912,-0.023544507773566883,0.014965235295872997,0.029796186326877735
3938,-0.02345498493032138,-0.2861000865387484,0.10011637969621916,0.10301095162782369
3939,0.019635343618513323,-0.11887141535615169,0.12284026140670226,0.1161708095849124
3940,-0.23748918265644112,-0.18198501984423027,-0.1289725761690191,-0.1322998418429769
3941,-0.028960639789919723,-0.08236101578586134,0.06612754021067707,0.06281519501059353
3942,-0.28007221509355135,-0.14255020739458682,-0.21475038047208375,-0.20546984572230012
3943,0.1734803497359076,-0.17324162215391958,0.2922920831965623,0.28974068216406546
3944,-0.17735967294321264,-0.26336128435439105,0.05271403419772611,0.052341022350869855
3945,-0.09777386529796185,-0.4249350959386469,0.15699322610486108,0.15691862373548982
3946,-0.28020649935841957,-0.3191787771179612,-0.007564680254244874,0.003789800364059562
3947,-0.06678404106114409,-0.19592074244277996,0.0454626838948405,0.04085225746769716
3948,-0.11153054221002057,-0.09532690758258482,-0.08774730685446568,-0.08174927635701709
3949,-0.10401062337739846,-0.09757989913759658,0.06214377368625226,0.06709737101250335
3950,-0.030109516278236992,-0.18540180836143352,0.0677091104413476,0.09220852854286651
3951,-0.030795858076452506,-0.1732714631016681,-0.015457610933723252,-0.01936677508877682
3952,-0.07916803437677179,-0.17501715854495536,0.0022977529766345377,0.0035212318343230574
3953,-0.11421622750738562,-0.3939751126495777,0.07476649458386797,0.07463221031899972
3954,-0.17594222792515887,-0.15062218376055622,0.0016860135477902774,-0.0026409238757422932
3955,-0.02864730983856047,-0.15399421085613677,0.08215212915162184,0.07960072811912505
3956,-0.08583748619856164,-0.19190713497060663,0.05868222374742621,0.05632478887529467
3957,-0.03871862970367938,-0.2285667392796395,0.05813016621407895,0.05492226433111515
3958,-0.18886335830025958,-0.11561875205156515,-0.07567664349019725,-0.07678075855689175
3959,-0.16140968637163913,-0.20546984572230012,-0.052415624720241104,-0.051968010504013604
3960,-0.17915012980812264,-0.04652203753991226,-0.16596043090328547,-0.1757333412909194
3961,-0.22476201844170568,-0.13679090447912623,-0.08701620363462743,-0.06787323565396436
3962,-0.0700814657873534,-0.12360120557428902,-0.01477126913550774,-0.02514099847811166
3963,-0.03503327265673957,0.008206260630837634,0.021321357166303602,0.022291187968129865
3964,-0.11524574020470889,-0.168377547670914,-0.06032347587359373,-0.05337053504819313
3965,-0.2224791859389454,-0.18428277282086475,0.04135955357942168,0.043761749873175965
3966,-0.12970367938885738,-0.07528871116946674,-0.0863298618364119,-0.08767270448509444
3967,-0.12773417683745636,-0.1704216525916863,-0.06250186505923427,-0.05769747247172569
3968,0.04771567544985228,-0.13882008892602427,0.08468860971024439,0.08610605472829817
3969,-0.010683059293963175,0.07431888036764048,-0.05929396317627046,-0.057249858255498186
3970,-0.1236907284175345,-0.20999074930619796,0.036018023932440094,0.03858434543881113
3971,-0.12345200083554653,-0.14371400435677836,0.008355465369580137,0.025409567007848164
3972,-0.19011667810569663,-0.1278087792068276,-0.18395452239563123,-0.19289188624630715
3973,-0.05575781086807317,-0.01833726239145355,-0.012846528005729458,-0.008265942526334634
3974,0.02682701202590194,-0.10933723255050579,0.06742562143773685,0.055011787174360643
3975,-0.11754349318134343,-0.2957387126615141,0.07205096833875443,0.06681388200889259
3976,-0.1894004953597326,-0.1136492495001641,-0.13665662021425798,-0.11627525290203215
3977,-0.22446360896422066,-0.2067380860016114,-0.05363910357792963,-0.060174271134851236
3978,-0.2601086210498045,-0.22116618423801138,-0.10071319865118913,-0.10412998716839246
3979,-0.15278565247232248,-0.22150935513711914,-0.028423502730446713,-0.023290859717704632
3980,-0.21415356151711373,-0.03167616603503327,-0.16236459669959116,-0.16470711109784847
3981,0.03419772611978156,-0.17194354092685982,0.06681388200889259,0.0639640714989108
3982,-0.0792575572200173,-0.2724926143654322,0.15667989615350178,0.15594879293366354
3983,-0.12704783503924083,-0.0737071409387962,-0.07390110709916145,-0.07457252842350272
3984,-0.15018949001820295,0.06360598012592879,-0.19696517561397747,-0.1881770165020441
3985,-0.1113067351019068,-0.08364417653904686,0.024887350422249408,0.002924412879353048
3986,-0.2182716123064068,-0.19421980842111541,-0.09868401420429111,-0.09868401420429111
3987,-0.21854018083614332,0.0727522306108442,-0.21907731789561635,-0.22911879681298677
3988,-0.1497866372235982,-0.36838649995523853,0.061546954731282265,0.06351645728268329
3989,-0.05087881591119333,0.01286144847960371,-0.07493061979648472,-0.07270746918922144
3990,0.15159201456238247,0.04792456208409178,0.05586225418519291,0.04874518814717555
3991,-0.030527289546716,-0.044836023992121984,0.009847512757005161,0.028259377517829958
3992,-0.14951806869386167,-0.18059741577392494,0.034884067917997065,0.032899644892721784
3993,-0.09977320879711139,-0.17868759511802093,0.07129002417116766,0.07133478559279041
3994,-0.04435856882814597,-0.18567037689117,0.07149891080540716,0.0702306705260959
3995,-0.06329265017456955,-0.3026618125391662,0.1590522514995076,0.15527737160932228
3996,0.0008803079585807643,-0.20435081018173137,0.09456596341499804,0.08986601414460922
3997,-0.1741368505863746,-0.3901853122855181,0.19559249201754644,0.19226522634358864
3998,-0.06311360448807854,0.04858106293455879,-0.09435707678075855,-0.09311867744919576
3999,-0.0857927247769389,-0.27661066515472527,0.054519411536510395,0.0519978514517621
4000,0.11191847453075107,-0.0921488466473695,0.152278356360598,0.14161021754050906
4001,-0.11517113783533763,0.008773238638059145,-0.10700963862612276,-0.08726985169048967
4002,-0.10110113097191964,-0.056235266032049175,0.018650592342812806,0.014383336814777235
4003,-0.07264778729372444,-0.2001283160753185,0.03901703918116439,0.04425412551102623
4004,-0.0045656650055205745,0.08659843036614841,-0.06579928978544357,-0.06642594968816208
4005,-0.1960550267076482,-0.17991107397570946,0.04146399689654143,0.04185192921727194
4006,-0.11205275879561934,-0.34833338306824624,0.07191668407388617,0.06529199367371906
4007,0.04795440303184028,-0.04423920503715198,0.04176240637402644,0.04033004088209841
4008,-0.05363910357792963,0.027274626242129448,-0.032153621199009275,-0.02514099847811166
4009,-0.16951150368535703,-0.20917012324311415,-0.07827280594431678,-0.07985437617498731
4010,-0.05905523559428246,-0.1921906239742174,0.04916296141565455,0.05007311032198382
4011,0.060308555399719486,0.057443824415863445,-0.0578466772104682,-0.05863746232580347
4012,0.004177732684790068,-0.2059473008862761,0.09207424427799826,0.09162663006177076
4013,-0.19827817731491146,-0.28251917280892835,0.08758318164184893,0.09838560472680613
4014,-0.01635283936617827,0.041046223628062414,-0.04355286323893646,-0.05633970934916892
4015,-0.08755334069410044,-0.10468204470173971,-0.04350810181731372,-0.03509295455223658
4016,-0.18977350720658887,-0.22977529766345378,0.0007012622720897614,0.01518904240398675
4017,-0.005804064337083344,-0.014308734445405983,0.05043120169496583,0.03383963474679955
4018,-0.23428128077347732,-0.2074542687475754,-0.09088060636805825,-0.09684879591775834
4019,0.06702276864313209,0.0829429142669571,0.07336397003968845,0.06582913073319208
4020,-0.2925606517262988,-0.3083017516636328,-0.1716749723971233,-0.1618722210617409
4021,-0.01659156694816627,-0.1896392229417206,0.16476679299334546,0.16593058995553694
4022,0.20578317567365936,-0.07443824415863447,0.16915341231237502,0.1709587896511593
4023,-0.1798961535018352,-0.2798782489331861,0.049625496105756305,0.053310853152696125
4024,0.05710065351675569,0.13231476231685116,-0.0366446838351586,-0.0490883590462833
4025,-0.2408313688042732,-0.3195070275431947,-0.05214705619050461,-0.05050580406433707
4026,0.0010891945928202678,-0.16258840380770492,0.1286144847960371,0.12928590612037838
4027,-0.18444689803348152,-0.15748560174271134,-0.05156515770940884,-0.04871534719942705
4028,0.035316761660350325,-0.19205633970934916,0.1409089552684193,0.14866760168302942
4029,0.01481603055713049,-0.1629166542329384,0.10900898212527228,0.10775566231983527
4030,-0.0704395571603354,-0.19132523648951086,0.031139028975560257,0.036018023932440094
4031,-0.02381307630330339,-0.1535615171137835,0.06544119841246157,0.06900719166840738
4032,0.044865864939870485,-0.10390618006027871,0.04567157052908,0.04632807137954701
4033,-0.3289516875055951,-0.20770791680343764,-0.12751036972934257,-0.12824147294918084
4034,-0.14181910417474858,-0.10917310733788904,-0.1005789143863209,-0.10541314792157798
4035,-0.028915878368296972,-0.11900569962101995,0.04980454179224732,0.05150547581391184
4036,-0.03613738772343409,-0.16482647488884242,0.01213034525976545,0.005744382441586345
4037,-0.03889767539017038,-0.2238518695353764,0.1613649249500164,0.1469069857658679
4038,-0.12477992301035477,-0.15360627853540626,0.03791292411446987,0.03886783444242189
4039,-0.08274894810659185,-0.07594521201993375,0.06488914087911431,0.05101310017606158
4040,-0.2243890065948494,-0.30157261794634593,-0.09846020709617737,-0.10147414281877593
4041,-0.3544507773566888,-0.3876040703052729,-0.029229208319656228,-0.04916296141565455
4042,-0.32963802930381064,-0.22015159201456233,-0.08513622392647188,-0.08541971293008264
4043,-0.0796454895407478,-0.013622392647190472,-0.09319327981856702,-0.09196980096087849
4044,0.07716869087762226,-0.061919966578138516,0.06265106979797677,0.05693652830413893
4045,0.0007460236937125122,-0.24706812688370977,0.1435498791441616,0.14204291128286234
4046,0.06415803765927605,-0.07900390916415503,0.05322133030945062,0.050953418280564586
4047,-0.21997254632807137,-0.1912207931723911,-0.09720688729074034,-0.1036972934260392
4048,-0.15150249171913696,-0.289173704156844,0.026304795440303175,0.029811106800751986
4049,-0.16540837336993822,-0.24241293903494374,0.00854943152994539,0.014443018710274239
4050,-0.059666975023126734,-0.03924084628927814,-0.06778371281071886,-0.08718032884724418
4051,-0.1723911551430873,-0.10581600071618272,-0.05359434215630687,-0.0549670257527379
4052,-0.06557548267732982,-0.2230461639461669,0.05389275163379188,0.058100325266330445
4053,0.08780698874996268,0.040255438512727164,0.044269045984900474,0.0520873742950076
4054,-0.17838918564053594,-0.11059055235594281,-0.08832920533556143,-0.08832920533556143
4055,-0.03179552982602726,-0.055011787174360643,-0.011817015308406191,-0.012473516158873205
4056,0.037972606009966874,-0.24823192384590131,0.18232819074333798,0.1855360926263018
4057,0.09881829846915936,-0.12073647459043298,0.14198322938736532,0.14554922264331113
4058,-0.06186028468264151,-0.17349527020978184,0.05954761123213272,0.05402703589866013
4059,-0.16075318552117213,-0.11936379099400196,-0.05878666706454596,-0.052132135716630355
4060,-0.16476679299334546,-0.13356808212228818,-0.047432186446241524,-0.04850646056518755
4061,-0.21230342275670672,-0.29518665512816683,0.09373041687804003,0.09508818000059681
4062,-0.12865924621765984,-0.04468681925337947,-0.02809525230521321,-0.01894900182029781
4063,-0.12009489421384022,-0.09176091432663899,-0.031049506132314757,-0.04262779385873295
4064,-0.06688848437826385,-0.15101011608128673,0.06945480588463489,0.05738414252036644
4065,-0.09352153024380053,-0.2380412401897884,0.11133657604965531,0.1133209990749306
4066,-0.08753842022022618,-0.17606159171615288,-0.032183462146757776,-0.051550237235534584
4067,0.030333323386350745,-0.14838411267941867,0.1387156456089045,0.14125212616752705
4068,-0.14636984870639488,-0.30619796484736356,0.019605502670764823,0.02214198322938736
4069,-0.01587538420220226,-0.25718420817045146,0.11540986541732563,0.11494733072722388
4070,-0.11159022410551757,-0.3181045029990152,0.06374026439079704,0.06033839634746798
4071,-0.02636447733580018,-0.0551162304914804,0.013726835964310225,0.011444003461549937
4072,-0.051699441974277095,-0.09490913431410579,-0.0028199695622332962,-0.005147563486616334
4073,-0.1770761839396019,0.05037151979946882,-0.16169317537524988,-0.1553967354003163
4074,-0.14044642057831755,-0.04819313061382829,-0.10994897197935004,-0.11454447793261913
4075,-0.12667482319238457,-0.06606785831518008,-0.057891438632090945,-0.055936856554564166
4076,0.08812031870132193,-0.20078481692578556,0.1443555847333711,0.14050610247381454
4077,-0.1956521739130434,0.0010593536450717673,-0.14008832920533554,-0.13916325982513203
4078,-0.004431380740652322,-0.1832532601235415,0.1129032258064516,0.11391781802990061
4079,-0.40225597564978655,-0.17285368983318905,-0.23936916236459665,-0.26370445525349884
4080,-0.06266599027185103,-0.2090358389782459,0.10953119871087104,0.11396257945152337
4081,-0.16473695204559693,-0.04959565515800782,-0.09714720539524334,-0.0880755572796992
4082,-0.03257139446748828,-0.11411178419026587,0.021201993375309595,0.015726179463459757
4083,-0.1580376592760586,-0.18722210617409207,-0.021425800483423352,-0.02693145534302169
4084,-0.0863298618364119,-0.0787204201605443,-0.01665124884366327,-0.015890304676076508
4085,-0.04811852824445703,-0.20729014353495862,0.1377010533854555,0.1320312733132404
4086,-0.13370236638715643,-0.3127032914565366,0.02067977678971084,0.02008295783474083
4087,-0.07449792605413147,-0.11394765897764912,-0.008176419683089135,-0.009429739488526153
4088,-0.07191668407388617,-0.10175763182238666,0.029736504431380734,0.03185521172152427
4089,0.008609113425442391,-0.09547611232132731,0.05450449106263614,0.07228969592074243
4090,-0.09317835934469276,-0.16606487422040522,0.0004326937423532571,0.01041449076422667
4091,0.01924741129778281,-0.22332965294977764,0.1502939333353227,0.15286025484169374
4092,-0.15924621765987287,-0.24935095938647006,0.06638118826653934,0.07152875175315566
4093,-0.2677777446211691,-0.21373578824863473,-0.046029661902062,-0.04310524902270896
4094,0.1099042105577273,-0.06308376354033003,0.1845065799289785,0.1838500790785115
4095,-0.041643042583032426,-0.29311270925964605,0.10204112082599741,0.10317507684044044
4096,-0.038315776909074624,-0.20302288800692306,0.0670824505386291,0.07160335412252693
4097,-0.17282384888544058,-0.1508161499209215,-0.06826116797469488,-0.0713049446450419
4098,-0.011861776730028945,-0.026647966339410932,-0.01781504580585479,-0.008221181104711884
4099,-0.06500850467010832,0.10941183491987704,-0.10060875533406939,-0.08964220703649546
4100,-0.035286920712601824,0.12754021067709106,-0.036659604309032846,-0.05428068395452239
4101,-0.03149712034854227,-0.11081435946405657,0.010787502611082926,0.00552057533347259
4102,0.10198143893050042,-0.23028259377517826,0.20733490495658138,0.1985765867923965
4103,-0.13822326997105427,-0.10693503625675149,-0.07954104622362804,-0.08054071797320282
4104,0.009922115126376412,-0.306347169586106,0.1197368028408582,0.12284026140670226
4105,0.036167228671182584,-0.35163080779445555,0.24711288830533254,0.2520515651577094
4106,-0.151741219301125,-0.20250067142132433,0.09801259287994984,0.11108292799379307
4107,-0.16982483363671627,-0.25937751782996626,0.02185849422577661,0.02854286652144072
4108,-0.1126943391722121,-0.15832114827966934,-0.01893408134642356,-0.024723225209632653
4109,-0.09473008862761481,-0.02381307630330339,-0.10189191608725492,-0.10626361493241024
4110,-0.09056727641669898,-0.024499418101518896,-0.10684551341350598,-0.1161708095849124
4111,0.006952940825400613,-0.05878666706454596,0.006505326609173106,-0.00044761421622750735
4112,-0.10217540509086569,-0.11521589925696038,0.02306705260959088,0.023559428247441134
4113,0.07239413923786218,-0.060756169615947,0.0793470800632628,0.07282683298021543
4114,-0.1168869923308764,-0.19981498612395926,-0.03592850108919459,-0.03176568887827877
4115,-0.05813016621407895,-0.14584763212079613,-0.008161499209214882,-0.0024469577153770398
4116,-0.17422637342962008,-0.24394974784399148,0.05319148936170212,0.051057861597684336
4117,-0.2138402315657545,-0.077631225567724,-0.22246426546507114,-0.21927128405598156
4118,0.010474172659723672,0.012204947629136698,0.015383008564352001,0.019874071200501324
4119,-0.013652233594938973,0.0520276923995106,-0.040389722777595415,-0.0400913133001104
4120,-0.08221181104711885,-0.053206409835576375,0.0517889648175226,0.06029363492584524
4121,-0.17436065769448836,0.15914177434275312,-0.1631255408671779,-0.16675121601862075
4122,-0.09702784160424933,-0.17624063740264387,-0.0014920473874250244,-0.0013130017009340216
4123,-0.16039509414819011,-0.12333263704455251,-0.18285040732893676,-0.1865506848497508
4124,-0.18747575422995433,-0.13432902628987495,-0.09637134075378234,-0.09914654889439287
4125,-0.04249350959386469,-0.2203455581749276,0.09102981110680074,0.09420787204201603
4126,-0.033093611053087044,-0.12322819372743277,0.03231774641162603,0.024767986631255408
4127,-0.07245382113335919,-0.258944824087613,0.2011876697203903,0.19586106054728297
4128,-0.02984094774850049,-0.012786846110232458,-0.027975888514219206,-0.023663871564560887
4129,-0.056265106979797676,-0.08158515114440033,0.008191340156963383,0.004849154009131329
4130,-0.20602190325564737,-0.20082957834740828,-0.07381158425591595,-0.09410342872489628
4131,-0.11634985527140342,-0.18020948345319443,0.015487451881471754,0.020381367312225833
4132,-0.09919131031601564,-0.18523768314881675,0.062427262689863025,0.0676792694935991
4133,0.03657008146578735,-0.13517949330070722,0.07921279579839453,0.08400226791202887
4134,-0.053624183104055374,-0.08013786517859806,0.0029990152487242992,0.0024021962937542897
4135,-0.06478469756199456,-0.20248575094745005,0.014323654919280235,0.015039837665244244
4136,0.0337650323774283,-0.2058279370952821,0.13786517859807226,0.1403121363134493
4137,-0.11057563188206856,-0.3098684014204291,0.11424606845513412,0.11206767926949357
4138,-0.25334964638476914,-0.08425591596789112,-0.19844230252752826,-0.20156068156724655
4139,0.0674405419116111,0.06009966876547999,-0.020396287786100083,-0.015338247142729251
4140,-0.18085106382978722,-0.3124496434006744,0.03474978365312882,0.04022559756497866
4141,0.03743546895049386,-0.13303094506281518,0.1328966607979469,0.13479156097997672
4142,-0.12245232908597176,-0.28495121005043117,-0.06011458923935423,-0.06174092089164751
4143,-0.18914684730387035,-0.2095282146160962,0.010190683656112916,0.009817671809256662
4144,0.0789889886902808,-0.10023574348721313,0.09632657933215957,0.10381665721703319
4145,-0.026901614395273186,-0.07737757751186176,0.04943152994539106,0.047685834502103785
4146,-0.14716063382173017,-0.2819372743278326,-0.07687028140013727,-0.08540479245620838
4147,0.13567186893855745,-0.27714780221419827,0.290785115335263,0.30306466533377097
4148,0.06718689385574884,-0.12754021067709106,0.07786995314971203,0.07636298528841275
4149,-0.06876846408641937,0.15927605860762137,-0.14674286055325114,-0.14032705678732355
4150,-0.09417803109426753,-0.22227029930470585,0.13607472173316223,0.12843543910954608
4151,-0.07488585837486197,-0.14935394348124495,0.06612754021067707,0.06432216287189281
4152,-0.09152218674465101,-0.2276267494255617,0.07436364178926322,0.07405031183790395
4153,0.15745576079496282,0.013294142221956969,0.08873205813016619,0.09601324938080033
4154,-0.01726298827250753,0.04307540807496046,-0.07376682283429321,-0.0727522306108442
4155,-0.2652711050102951,0.055534003759959406,-0.26786726746441464,-0.2800871355674256
4156,0.012548118528244456,-0.18752051565157704,0.15026409238757424,0.14677270150099964
4157,-0.2797439646683178,-0.27256721673480344,-0.06663483632240158,-0.07782519172808927
4158,-0.06290471785383903,-0.018128375757214047,-0.03203425740801527,-0.030139357225985493
4159,-0.024201008624033894,-0.12458595684998953,0.07412491420727521,0.07481125600549074
4160,-0.08194324251738233,-0.33115991763898417,0.06932052161976664,0.07082748948106592
4161,-0.09968368595386587,-0.016024588940944762,-0.09429739488526155,-0.0970726030258721
4162,-0.048327414878696545,-0.3093461848348303,0.17283876935931483,0.17260004177732682
4163,-0.05265435230222911,-0.302706573960789,0.1789114022261347,0.17589746650353616
4164,-0.07440840321088596,-0.38323237146011746,0.13519441377458147,0.13810390618006024
4165,-0.04856614246068454,-0.048610903882307294,-0.09625197696278832,-0.09004505983110021
4166,0.029811106800751986,-0.28031094267553935,0.14632508728477214,0.15633672525439407
4167,-0.08533019008683715,-0.07243890065948494,0.038644027334308134,0.0398525857181224
4168,-0.11120229178478706,0.004580585479394825,-0.024245770045656645,-0.024141326728536895
4169,-0.33072722389663095,-0.11705111754349316,-0.29279937930828676,-0.29236668556593354
4170,-0.107203604786488,-0.2197039777983348,-0.0030885380919698003,-0.013294142221956969
4171,0.048775029094924045,0.04723822028587627,-0.04256811196323594,-0.033257736265703795
4172,0.07106621706305391,-0.062173614634000764,0.06420279908089879,0.06248694458536002
4173,0.029124765002536475,-0.015024917191369997,-0.01089194592820268,-0.01342842648682522
4174,-0.06666467727015009,-0.26491301363731307,0.06849989555668287,0.07057384142520365
4175,-0.04626838948405001,-0.14918981826862818,0.03072125570708125,0.031482199874668014
4176,-0.20312733132404284,-0.008609113425442391,-0.16961594700247676,-0.16886992330876427
4177,-0.13215063710423441,-0.15445674554623853,-0.06921607830264688,-0.06984273820536539
4178,-0.17442033958998535,-0.34995971472053944,0.07918295485064604,0.07791471457133477
4179,-0.06324788875294678,-0.2832801169765151,0.09308883650144727,0.09147742532302823
4180,-0.1002506639610874,-0.16696010265286024,-0.020366446838351582,-0.03980782429649965
4181,-0.09610277222404581,-0.13440362865924618,-0.08743397690310643,-0.09353645071767477
4182,-0.27910238429172507,-0.24169675628897969,-0.08913491092477097,-0.09282026797171077
4183,-0.20639491510250363,-0.31540389722777595,0.12388469457789979,0.12983796365372563
4184,0.036495479096416095,-0.057309540150995195,0.0273492286115007,0.03788308316672137
4185,-0.19762167646444445,-0.2886813285189937,-0.017621079645489538,-0.0241711676762854
4186,-0.16421473545999818,-0.15781385216794483,-0.10805407179732027,-0.1156933544209364
4187,-0.10605472829817074,-0.11836411924442718,0.019381695562651065,0.017964250544597295
4188,0.023738473933932143,-0.03345170242606905,0.06306884306645578,0.05663811882665393
4189,-0.22638835009399896,-0.12182566918325324,-0.1593208200292441,-0.1579779773805616
4190,-0.11594700247679865,-0.1880128912894273,0.0008504670108322638,0.016203634627435768
4191,-0.1632896660797947,-0.02218674465101011,-0.1344931515024917,-0.13634329026289874
4192,-0.1260332428157918,-0.1485034764704127,-0.08685207842201068,-0.08197308346513085
4193,-0.17821013995404492,-0.09996717495747663,-0.09029870788696247,-0.08922443376801646
4194,-0.17409208916475183,-0.0882546029661902,-0.09346184834830353,-0.09311867744919576
4195,-0.13607472173316223,-0.10278714451970992,-0.03564501208558383,-0.0367043657306556
4196,0.06844021366118587,0.07315508340544895,-0.005804064337083344,-0.0004774551639760078
4197,0.1330906269583122,-0.10772582137208676,0.20302288800692306,0.19847214347527675
4198,-0.17549461370893135,0.0397033809793799,-0.15979827519322012,-0.13070335113843215
4199,-0.1654382143176867,-0.1772850705738414,-0.11581271821193038,-0.12346692130942079
4200,-0.11723016322998416,-0.08373369938229237,-0.01754647727611829,-0.0023723553460057887
4201,0.027393990033123445,-0.25508042135418213,0.14930918205962218,0.1485333174181612
4202,-0.21874906747038284,-0.3400375995941631,0.1847602279848408,0.18468562561546953
4203,-0.16275252902032167,-0.38394855420608154,0.06932052161976664,0.07804899883620303
4204,-0.2039479573871266,-0.3307570648443794,0.06291963832771329,0.06129330667542
4205,-0.2245083703858434,0.09607293127629732,-0.29584315597863386,-0.29903613738772333
4206,-0.07612425770642474,-0.17747903673420665,0.08045119512995733,0.07921279579839453
4207,-0.1253170600698278,-0.012577959475992955,-0.05659335740503118,-0.05414639968965413
4208,-0.013711915490435973,-0.10674107009638625,-0.0337053504819313,-0.033093611053087044
4209,-0.21661543970636504,-0.003998686998299065,-0.15684402136611858,-0.15621736146340007
4210,-0.09747545582047684,-0.1325684103727134,0.016561726000417772,0.022410551759123865
4211,0.05989078213124048,-0.2520963265793321,0.19996419086270176,0.20305272895467158
4212,-0.10606964877204499,-0.21082629584315596,-0.006699292769538359,-0.0057891438632090945
4213,-0.20006863417982151,-0.038271015487451876,-0.1432514696666766,-0.14610128017665838
4214,-0.10002685685297363,-0.2480528781594103,-0.018769956133806803,-0.025558771746590672
4215,-0.02308197308346513,-0.31377756557548264,0.17346542926203334,0.1768971382531109
4216,-0.05935364507176747,0.007654203097490375,-0.10490585180985347,-0.1006385962818179
4217,0.06042791919071349,0.1283160753185521,0.07284175345408969,0.08512130345259765
4218,-0.12622720897615708,-0.07140938796216167,-0.06254662648085701,-0.06906687356390438
4219,-0.06781355375846736,-0.17074990301691978,0.02082898152845334,0.021008027214944346
4220,-0.23851869535376438,-0.08331592611381336,-0.12655545940139057,-0.13121064725015663
4221,-0.2654650711706603,-0.2028886037420548,-0.0737369818865447,-0.08283847094983736
4222,-0.03016919817373399,-0.13973023783235355,0.10196651845662616,0.10005669780072214
4223,-0.11928918862463068,0.019695025514010322,-0.12404881979051653,-0.13007669123571364
4224,-0.18120915520276917,-0.13976007878010202,-0.11053087046044581,-0.11096356420279907
4225,0.04240398675061919,-0.1002506639610874,0.0804213541822088,0.08494225776610664
4226,0.013115096535465965,-0.1578586135895676,0.10460744233236847,0.09962400405836888
4227,-0.006788815612783861,-0.26498761600668436,0.1575005222165856,0.1627674494941959
4228,-0.18232819074333798,-0.01830742144370505,-0.05711557399062994,-0.059831100235743485
4229,-0.03298916773596729,-0.22783563605980123,0.09928083315926112,0.08670287368326818
4230,0.0027006057712392942,-0.21542180179642503,0.07048431858195815,0.06821640655307211
4231,-0.22200173077496937,-0.15039837665244246,-0.018262660022082298,-0.02178389185640536
4232,-0.1753603294440631,-0.15196502640923876,-0.20526095908806058,-0.2088866342395034
4233,-0.10116081286741666,-0.21768971382531108,0.05984602070961773,0.05648891408791142
4234,-0.06721673480349735,0.03613738772343409,-0.05642923219241443,-0.0699024201008624
4235,-0.11105308704604455,-0.13425442392050368,0.007296111724508369,0.004610426427143326
4236,-0.07628838291904148,-0.1895497000984751,0.009638626122765658,0.010578615976843423
4237,0.06018919160872548,-0.06706753006475485,0.06468025424487481,0.06409835576377905
4238,-0.11752857270746916,-0.038211333591954874,-0.0881650801229447,-0.0892691951896392
4239,0.02011279878248933,-0.15508340544895705,0.19177285070573838,0.18234311121721222
4240,-0.01729282922025603,-0.017501715854495534,-0.039584017188385896,-0.03498851123511683
4241,-0.3503327265673957,-0.35349586702873675,-0.06745546238548535,-0.08340544895705886
4242,-0.1614544477932619,-0.07816836262719704,-0.05863746232580347,-0.057682551997851446
4243,-0.1434901972486646,-0.3636716302109754,0.08303243711020261,0.07167795649189818
4244,-0.12215391960848676,-0.39742174211452946,0.0796753304884963,0.08483781444898689
4245,-0.030005072961117242,0.11191847453075107,-0.039419891975769145,-0.054012115424785886
4246,-0.060248873504222485,-0.15092059323804125,0.06124854525379725,0.05842857569156395
4247,-0.10265286025484169,-0.10932231207663153,-0.021694369013159853,-0.024290531467279396
4248,0.013249380800334217,0.08252514099847812,-0.029602220166512486,-0.03865894780818238
4249,-0.2807883978395153,-0.018650592342812806,-0.21410880009549102,-0.21922652263435885
4250,-0.16142460684551338,-0.2648234907940676,0.03604786488018859,0.027841604249350952
4251,0.04246366864611619,-0.1649010772582137,0.17018292500969828,0.1713765629196383
4252,-0.16261824475545342,-0.1709587896511593,-0.010175763182238666,-0.00028348900361075465
4253,-0.031914893617021274,-0.1770463429918534,0.04967025752737906,0.05020739458685207
4254,-0.035615171137835334,0.016904896899525526,-0.08233117483811285,-0.06127838620154575
4255,-0.02757303571961445,-0.1926083972426964,0.0731103219838262,0.07048431858195815
4256,-0.15912685386887884,-0.042851600966846703,-0.08324132374444211,-0.08721016979499267
4257,-0.02866223031243472,-0.19606994718152246,0.054131479215779876,0.05314672794007937
4258,-0.10787502611082926,-0.2774611321655575,0.10151890424039867,0.10259317835934469
4259,-0.035988182984691586,-0.16140968637163913,0.04589537763719375,0.05232610187699561
4260,-0.20248575094745005,-0.16700486407448295,-0.08595684998955566,-0.07784011220196352
4261,-0.1126048163289666,-0.13904389603413803,-0.032019336934141024,-0.049819462266121564
4262,-0.0019098206559040312,0.014830951031004742,-0.026573363970039687,-0.023663871564560887
4263,0.052878159410342865,-0.029706663483632236,0.10160842708364416,0.10392110053415295
4264,0.050043269374235325,0.10911342544239204,-0.011787174360657694,-0.006191996657813852
4265,-0.032079018829638026,-0.1910417474859001,0.08728477216436392,0.08767270448509444
4266,0.04374682939930172,-0.04635791232729551,0.0644415266628868,0.06418787860702456
4267,-0.1487571245262749,-0.18941541583360683,0.019888991674375574,0.02252991555011787
4268,0.14838411267941867,0.020366446838351582,0.10492077228372772,0.10753185521172151
4269,-0.07173763838739518,-0.09622213601503982,-0.008937363850675895,-0.01148876488317269
4270,-0.1069648772045,-0.17282384888544058,-0.014159529706663482,-0.015681418041837005
4271,-0.23168511831935779,-0.26342096624988803,-0.06620214258004833,-0.06952940825400614
4272,-0.2932320730506401,-0.33754588045716327,-0.1217809077616305,-0.11191847453075107
4273,-0.030407925755721994,-0.18992271194533134,0.08883650144728596,0.08440512070663364
4274,-0.24114469875563244,-0.3143893050043269,0.07015606815672465,0.0758109277550655
4275,0.1189907791471457,0.021306436692429348,0.10875533406941003,0.1045029990152487
4276,-0.198367700158157,-0.15909701292113035,0.07200620691713168,0.06593357405031182
4277,0.0852555877174659,-0.1349706066664677,0.1434305153531676,0.14243084360359284
4278,-0.11885649488227744,-0.10037002775208138,-0.04895407478141505,-0.05965205454925247
4279,-0.15802273880218431,-0.013577631225567722,-0.09705768255199784,-0.10365253200441644
4280,-0.2676434603563009,-0.16575154426904595,-0.05708573304288144,-0.05738414252036644
4281,0.08334576706156187,0.03413804422428456,0.1258243561815523,0.1257945152338038
4282,0.09355137119154902,0.04673092417415176,0.04801408492733729,0.04614902569305601
4283,-0.033287577213452296,-0.29373936916236454,0.11294798722807435,0.1097251648712363
4284,-0.22504550744531643,-0.08079436602906508,-0.107084240995494,-0.10850168601354777
4285,0.0154128495121005,-0.023559428247441134,-0.03812181074870937,-0.02916952642415923
4286,-0.2125869117603175,-0.25463280713795466,-0.03455581749276357,-0.03418280564590731
4287,-0.1330906269583122,-0.10729312762973349,0.010086240338993165,0.021321357166303602
4288,0.0732893676703172,-0.13753692817283875,0.05666795977440243,0.08416639312464562
4289,-0.2100951926233177,-0.17364447494852434,-0.12937542896362386,-0.1245411954283668
4290,0.0427919190713497,-0.30658589716809403,0.22350869863626863,0.23029751424905254
4291,-0.08970188893199246,0.22529915550117868,-0.19963594043746827,-0.20006863417982151
4292,-0.10630837635403301,-0.3131509056727641,0.10729312762973349,0.1037271343737877
4293,-0.08518098534809465,-0.10192175703500342,-0.09347676882217777,-0.0949688162096028
4294,-0.1300617707618394,-0.014502700605771237,-0.11366416997403836,-0.10959088060636804
4295,0.07528871116946674,-0.25803467518128376,0.1551281668705798,0.1463400077586464
4296,-0.20071021455641427,-0.2796395213511981,0.05707081256900718,0.05441496821939064
4297,-0.03761451463698486,0.013890961176926979,-0.009817671809256662,-4.476142162275073e-05
4298,-0.185610694995673,-0.20934916892960515,0.0007758646414610126,0.016293157470681267
4299,0.08594192951568141,0.000492375637850258,0.07557220017307748,0.07712392945599951
4300,0.02203753991226761,0.04876010862104979,-0.026304795440303175,-0.041135746471307924
4301,-0.039390051028020644,-0.1369848706394915,0.10465220375399122,0.08928411566351346
4302,0.04219510011637969,0.01462206439676524,-0.013741756438184476,-0.01162304914804094
4303,-0.21779415714243083,0.030586971442213,-0.1840440452388768,-0.19157888454537314
4304,-0.06250186505923427,-0.17925457312524243,0.05583241323744441,0.04216525916863119
4305,-0.13383665065202469,-0.33180149801557696,0.0277073199844827,0.018755035659932556
4306,0.11238100922085284,0.022932768344722625,0.0637850258124198,0.06988749962698815
4307,-0.23199844827071703,-0.09605801080242307,-0.1012652561845364,-0.09474500910148904
4308,-0.1888036764047626,0.007266270776759869,-0.2021127391005938,-0.20221718241771355
4309,-0.04947629136701381,-0.006221837605562352,-0.10169794992688966,-0.0981170361970696
4310,-0.13222523947360568,-0.046223628062427254,-0.03187013219539852,-0.03485422697024857
4311,-0.08433051833726238,0.13620900599803049,-0.059831100235743485,-0.051908328608516595
4312,-0.08544955387783115,-0.08268926621109485,-0.038435140700068635,-0.05286323893646861
4313,-0.27637193757273726,0.10566679597744023,-0.28483184625943714,-0.2874130882396824
4314,0.13400077586464143,-0.21640655307212556,0.22776103369042996,0.22338933484527462
4315,-0.008265942526334634,-0.055638447077079156,0.02185849422577661,0.022216585598758616
4316,-0.051624839604905846,-0.14930918205962218,0.032750440153979286,0.0455223657903375
4317,-0.21103518247739544,-0.01108591208856793,-0.1275700516248396,-0.10565187550356599
4318,-0.09747545582047684,0.04374682939930172,-0.1109784846766733,-0.11448479603712211
4319,-0.10959088060636804,-0.23489302020232158,-0.0243502133627764,-0.021142311479812596
4320,-0.05695144877801318,-0.07160335412252693,0.04031512040822416,0.040658291307331916
4321,0.029094924054787977,0.07597505296768224,-0.0911939363194175,-0.09780370624571035
4322,-0.18593894542090655,-0.37827877413386646,0.092178687595118,0.0917907552743875
4323,0.07206588881262868,-0.15018949001820295,0.137193757273731,0.13889469129539553
4324,-0.11466384172361313,-0.058995553698785466,-0.10835248127480528,-0.10612933066754199
4325,-0.16740771686908776,-0.1787920384351407,0.0025066396108740408,-1.4920473874250244e-05
4326,-0.15579958819492107,-0.08597177046342991,-0.009772910387633909,-0.006102473814568349
4327,-0.06791799707558711,-0.21281071886843123,0.08321148279669362,0.09759481961147085
4328,-0.17216734803497355,-0.012428754737250454,-0.07430395989376622,-0.07058876189907791
4329,0.03554056876846408,-0.14695174718749066,0.026692727761033687,0.02208230133389036
4330,-0.09264122228521976,-0.16542329384381246,0.009668467070514159,0.012518277580495955
4331,-0.11855808540479243,-0.26174987317597204,-0.017248067798633283,-0.006848497508280861
4332,-0.057891438632090945,-0.1134105219181761,0.04435856882814597,0.04752170928948703
4333,0.1221389991346125,-0.025558771746590672,0.016561726000417772,0.01768076154098654
4334,-0.07849661305243054,-0.2892035451045925,0.035316761660350325,0.03721166184238011
4335,-0.2980663065858971,-0.16114111784190263,-0.09640118170153084,-0.07321476530094594
4336,0.009996717495747662,-0.16493091820596217,0.08049595655158007,0.07564680254244874
4337,-0.0394646533973919,-0.1345826743457372,0.04723822028587627,0.040255438512727164
4338,-0.12977828175822861,-0.15007012622720894,0.008937363850675895,0.007639282623616125
4339,0.0678881561278386,-0.19407060368237292,0.1357763122556772,0.13635821073677298
4340,0.07146906985765866,0.07252842350273044,-0.059308883650144716,-0.07012622720897614
4341,0.07533347259108948,-0.33289069260839715,0.15481483691922054,0.1585747963355316
4342,-0.20545492524842585,-0.2559159678911402,-0.0025663215063710418,-0.0012533198054370204
4343,-0.3077496941302855,-0.1307182716123064,-0.25481185282444563,-0.24566560233953025
4344,-0.09616245411954281,-0.04444809167139148,-0.013592551699441973,-0.009295455223657902
4345,-0.10833756080093103,-0.17679269493599115,0.033257736265703795,0.02203753991226761
4346,-0.009489421384023155,-0.16464742920235145,0.09738593297723135,0.1012652561845364
4347,-0.153113902897556,-0.06754498522873086,-0.06485929993136581,-0.062307898898869014
4348,-0.04204589537763719,-0.21187072901435347,0.07692996329563427,0.07706424756050251
4349,0.03833069738294888,-0.014845871504878993,0.07243890065948494,0.06538151651696457
4350,-0.10753185521172151,-0.21163200143236544,0.10201127987824893,0.11435051177225386
4351,-0.08070484318581957,-0.15967891140222612,-0.030512369072841744,-0.03498851123511683
4352,0.12674942556175584,-0.17261496225120107,0.2369520455969681,0.23631046522037535
4353,-0.07937692101101129,-0.06650055205753333,-0.046581719435409265,-0.04661156038315777
4354,-0.14908537495150842,-0.2218525260362269,-0.028229536570081464,-0.037390707528871116
4355,0.05104294112381008,-0.13121064725015663,0.1713765629196383,0.15584434961654378
4356,-0.03267583778460804,-0.06539643699083882,-0.05863746232580347,-0.05713049446450418
4357,0.1645728268329802,-0.20626063083763535,0.2398466175285727,0.24247262093044075
4358,-0.019918832622124075,-0.09271582465459102,0.0731401629315747,0.07457252842350272
4359,-0.029094924054787977,-0.24372594073587772,0.07100653516755692,0.07105129658917966
4360,-0.030945062815195008,-0.09304407507982453,0.08452448449762762,0.08731461311211243
4361,-0.1303303392915759,-0.16320014323654916,0.034302169436901314,0.049580734684133564
4362,0.11723016322998416,-0.2111396257945152,0.24321864462415324,0.2453821133359195
4363,-0.11036674524782905,-0.19323505714541492,0.027513353824117452,0.020411208259974337
4364,0.017039181164393777,-0.09475992957536329,0.046223628062427254,0.03834561785682313
4365,-0.10721852526036225,0.08744889737698068,-0.17080958491241677,-0.15072662707767595
4366,-0.11897585867327146,-0.044970308256990235,-0.14553430216943689,-0.15726179463459758
4367,0.004595505953269075,-0.09447644057175254,0.10611441019366773,0.10626361493241024
4368,-0.0610844200411805,-0.23613141953388436,0.08045119512995733,0.07933215958938854
4369,-0.076676315239772,-0.1763898421413864,-0.03934528960639789,-0.04423920503715198
4370,-0.18929605204261282,0.025663215063710422,-0.17683745635761391,-0.17283876935931483
4371,-0.10271254215033868,-0.0921488466473695,-0.13556742562143773,-0.12009489421384022
4372,-0.03718182089463161,-0.17249559846020707,0.047432186446241524,0.05034167885172032
4373,-0.14835427173167018,-0.14620572349377814,-0.09507325952672255,-0.09287994986720778
4374,-0.05790635910596519,-0.1900271552624511,-0.06351645728268329,-0.05671272119602517
4375,0.09189519859150726,-0.1260332428157918,0.10885977738652977,0.11123213273253557
4376,-0.05277371609322311,-0.10997881292709855,0.023514666825818386,0.02490227089612366
4377,-0.02696129629077019,-0.17988123302796094,0.07998866043985556,0.08515114440034614
4378,-0.08650890752290291,-0.13658201784488672,-0.0522067380860016,-0.04228462295962519
4379,-0.06403867386828205,-0.31074870937900984,0.2101101130971919,0.20554444809167133
4380,-0.03300408820984154,-0.19544328727880395,-0.0020739458685207837,-0.0017307749694130284
4381,-0.037495150845990866,-0.14204291128286234,0.08582256572468741,0.08746381785085491
4382,0.0828533914237116,-0.13371728686103068,0.059816179761869225,0.05915967891140222
4383,-0.06280027453671928,0.007878010205604129,-0.07554235922532898,-0.06800751991883261
4384,-0.0974306943988541,-0.21457133478559273,0.03691325236489511,0.04135955357942168
4385,-0.12233296529497774,-0.06418787860702456,0.01398048402017248,0.016964578795022524
4386,-0.22004714869744257,-0.25029094924054784,-0.07851153352630477,-0.08215212915162184
4387,-0.11861776730028943,0.029035242159290972,-0.15247232252096324,-0.16334934797529166
4388,0.004535824057772074,-0.17900092506938017,0.07736265703798753,0.076795679030766
4389,-0.12185551013100174,-0.20114290829876752,-0.03592850108919459,-0.042642714332607204
4390,-0.17986631255408667,-0.19396616036525316,-0.02252991555011787,-0.004580585479394825
4391,-0.1140968637163916,-0.2864730983856047,0.07209572976037718,0.06799259944495836
4392,-0.06924591925039537,-0.1319119095222464,-0.023932440094297392,-0.029408254006147234
4393,-0.08300259616245412,-0.25123093909462557,0.033392020530572046,0.040986541732565426
4394,-0.12589895855092356,-0.21680940586673028,-0.0006117394288442599,-0.004043448419921816
4395,-0.1189012563039002,-0.2930679478380233,0.1467577810271254,0.15448658649398703
4396,-0.17191369997911132,-0.21351198114052097,-0.005848825758706096,-0.0030586971442213002
4397,0.017412193011250035,-0.20105338545552204,0.16863119572677623,0.1579779773805616
4398,-0.1466085762883829,-0.21704813344871832,0.07533347259108948,0.06080093103756974
4399,0.05131150965354659,-0.260257825788547,0.16002208230133388,0.16123064068514814
4400,-0.019933753095998326,-0.20251559189519852,0.14125212616752705,0.14101339858553907
4401,0.07200620691713168,-0.2322520963265793,0.18132851899376323,0.18291008922443375
4402,-0.10635313777565575,-0.1483393512577959,-0.012950971322849211,-0.022365790337501117
4403,0.005654859598340843,0.03249679209811703,-0.011652890095789443,-0.01777028438423204
4404,0.040762734624451666,-0.10854644743517051,0.0828533914237116,0.08419623407239413
4405,-0.0893885589806332,-0.04077765509832591,-0.05893587180328846,-0.05450449106263614
4406,0.17500223807108112,-0.07845185163080777,0.16745247829071047,0.16706454596998
4407,-0.26282414729491804,-0.17034705022231506,-0.18050789293067945,-0.18053773387842795
4408,0.04189669063889469,-0.08091372982005907,0.04222494106412819,0.04401539792903822
4409,-0.091641550535645,-0.32717615111455933,0.13007669123571364,0.13130017009340214
4410,-0.033899316642296555,-0.08348005132643012,0.02314165497896213,0.021545164274417352
4411,-0.22294172062904719,-0.2837128107188684,0.008042135418220882,0.005550416281221091
4412,-0.0032079018829638027,0.11369401092178685,0.04556712721196024,0.04783503924084628
4413,-0.08536003103458564,0.051550237235534584,-0.07281191250634118,-0.06897735072065887
4414,-0.11096356420279907,-0.18634179821551128,0.03345170242606905,0.03479454507475157
4415,0.013935722598549728,-0.20047148697442627,0.11555907015606814,0.11096356420279907
4416,-0.17832950374503892,-0.261451463698487,0.0012980812270597711,0.003745038942436811
4417,-0.07801915788845451,-0.04195637253439169,-0.07657187192265225,-0.07675091760914325
4418,-0.16889976425651276,-0.11936379099400196,-0.0736772999910477,-0.07534839306496374
4419,-0.053967354003163125,-0.18335770344066127,0.04725314075975052,0.055638447077079156
4420,-0.1543821431768673,-0.22794007937692096,-0.07509474500910147,-0.08828444391393869
4421,0.08777714780221418,-0.3079735012383993,0.2917251051893408,0.30755572796992026
4422,-0.23716093223120766,-0.32486347766405055,0.0025066396108740408,-0.010071319865118914
4423,-0.076079496284802,-0.19108650890752288,0.0152338038256095,0.0152338038256095
4424,-0.17334606547103934,-0.2503804720837933,-0.06197964847363551,-0.077153770403748
4425,0.05431052490227089,0.007072304616394616,-0.019322013667154067,-0.012563039002118706
4426,-0.14563874548655664,-0.04626838948405001,-0.019202649876160063,-0.01699441974277103
4427,-0.12188535107875025,-0.3689087165408373,0.05171436244815134,0.05696636925188743
4428,-0.3401122019635343,-0.21349706066664673,-0.10596520545492524,-0.1106203933036913
4429,-0.001462206439676524,0.022888006923099873,-0.03803228790546387,-0.04740234549849302
4430,-0.122347885768852,-0.006654531347915609,-0.0818686401480111,-0.07402047089015547
4431,-0.16982483363671627,-0.24821700337202704,-0.01729282922025603,-0.016143952731938763
4432,-0.22371758527050817,-0.28144489868998235,-0.03163140461341052,-0.03613738772343409
4433,-0.15753036316433408,-0.1256453104950613,-0.08319656232281936,-0.0799737399659813
4434,0.07816836262719704,-0.24560592044403326,0.27156754498522867,0.2644355584733371
4435,-0.16314046134105217,-0.11432067082450537,-0.01221986810301095,-0.018038852913968544
4436,-0.20135179493300703,-0.06985765867923964,-0.08380830175166362,-0.09434215630688429
4437,-0.05402703589866013,-0.030795858076452506,-0.009698308018262658,-0.029199367371907727
4438,-0.15978335471934585,-0.13235952373847393,-0.11466384172361313,-0.10644266061890124
4439,0.04925248425890005,-0.3274447196442959,0.17801617379367968,0.18198501984423027
4440,0.019411536510399566,-0.018396944286950552,0.07121542180179642,0.06642594968816208
4441,0.0005818984810957594,0.0515203962877861,-0.06639610874041359,-0.06772403091522186
4442,-0.18264152069469722,-0.23035719614454953,-0.0037301184685625613,-0.0005968189549700097
4443,-0.07692996329563427,-0.025484169377219416,-0.032287905463877525,-0.04373190892542746
4444,-0.1625585628599564,-0.17610635313777565,-0.05471337769687565,-0.06360598012592879
4445,-0.10902390259914654,-0.1341947420250067,0.014204291128286233,0.011339560144430183
4446,0.11354480618304436,0.016233475575184265,0.08318164184894511,0.07828772641819103
4447,-0.28981528453343675,-0.008131658261466383,-0.21757035003431707,-0.20351526364477332
4448,-0.07912327295514904,-0.27981856703768904,0.08356957416967561,0.08601653188505265
4449,-0.0183223419175793,0.015547133776968754,-0.03203425740801527,-0.03383963474679955
4450,-0.1631852227626749,-0.26416698994360055,0.04135955357942168,0.04656679896153501
4451,-0.10442839664587746,-0.31982035749455395,-0.007833248783981379,-0.012548118528244456
4452,-0.2430395989376622,-0.1581570230670526,-0.052415624720241104,-0.04858106293455879
4453,-0.08321148279669362,-0.1704216525916863,0.0798245352272388,0.0861209752021724
4454,0.00556533675509534,-0.1238548536301513,0.21355674256214377,0.22264331115156213
4455,0.058100325266330445,-0.28780102056041296,0.1608874697860404,0.15885828533914234
4456,-0.12188535107875025,-0.12721196025185758,-0.053519739786935625,-0.05389275163379188
4457,-0.07974993285786756,-0.03075109665482975,-0.0916117095878965,-0.08994061651398047
4458,-0.08804571633195069,-0.09780370624571035,-0.07863089731729879,-0.07539315448658648
4459,-0.023499746351944135,0.07331920861806569,-0.07333412909193995,-0.07442332368476022
4460,-0.18951985915072658,-0.13602996031153947,-0.026006385962818172,-0.027244785294380944
4461,0.008042135418220882,-0.05064008832920533,0.07921279579839453,0.08468860971024439
4462,-0.05411655874190563,-0.15938050192474112,0.08488257587060963,0.08706096505625018
4463,-0.01281668705798096,-0.42505445972964095,0.21243770702157497,0.2245083703858434
4464,-0.12868908716540836,-0.35628599564322155,0.06623198352779683,0.07090209185043715
4465,-0.03307869057921279,-0.08549431529945391,0.03075109665482975,0.03415296469815881
4466,0.0030288561964727993,-0.26480857032019334,0.23238638059144753,0.21634687117662854
4467,0.01906836561129181,-0.14208767270448508,0.045044910626361484,0.04403031840291246
4468,-0.02323117782220763,-0.10135477902778191,0.058025722896959196,0.08506162155710065
4469,-0.016934737847274027,-0.16542329384381246,0.08082420697681357,0.08686699889588491
4470,-0.06397899197278505,-0.05630986840142042,-0.02614067022768643,-0.028527946047566467
4471,0.07795947599295754,-0.3138969293664766,0.2237325057443824,0.22594073587777147
4472,0.03239234878099728,-0.08173435588314283,0.11436543224612812,0.11193339500462533
4473,0.14255020739458682,-0.013100176061591712,0.07246874160723343,0.09038823073020798
4474,-0.045328399629972246,-0.21701829250096982,0.009340216645280652,0.0038047208379338123
4475,-0.1720927456656023,-0.04074781415057741,-0.07509474500910147,-0.0734385724090597
4476,0.07199128644325742,-0.33596431022649276,0.27328339948076746,0.26445047894721135
4477,0.07170779743964667,-0.08876189907791472,0.0885828533914237,0.08895586523827995
4478,-0.054802900540121144,0.0399122676136194,-0.0796156485929993,-0.08655366894452567
4479,-0.35269016143952725,-0.11987108710572646,-0.15262152725970576,-0.15609799767240606
4480,-0.16076810599504637,-0.25631882068574496,0.019560741249142068,0.020366446838351582
4481,0.11521589925696038,-0.2663453791292411,0.25807943660290644,0.2586762555578765
4482,-0.276118289516875,-0.14986123959296943,-0.16642296559338723,-0.1253767419653248
4483,-0.02385783772492614,-0.13978991972785051,0.0393751305541464,0.040389722777595415
4484,-0.12275073856345677,-0.12263137477246275,-0.035988182984691586,-0.04989406463549282
4485,-0.1017128704007639,-0.006311360448807852,-0.0787204201605443,-0.07779535078034076
4486,-0.0007907851153352629,-0.2838918564053594,0.14044642057831755,0.12919638327713284
4487,0.1454000179045686,-0.10037002775208138,0.11496225120109813,0.10976992629285905
4488,0.03594342156306884,0.03858434543881113,0.034540897018889315,0.03395899853779356
4489,-0.1400734087314613,-0.1289725761690191,-0.07410999373340096,-0.07287159440183819
4490,-0.22929784249947777,-0.13652233594938976,-0.08601653188505265,-0.0863298618364119
4491,-0.02270896123660887,-0.2236728238488854,0.15133836650652024,0.1530840619498075
4492,-0.09537166900420757,-0.05945808838888722,-0.0785413744740533,-0.06800751991883261
4493,0.14953298916773594,-0.23431112172122584,0.23164035689773504,0.2414580287069917
4494,-0.07470681268837097,-0.11511145593984062,-0.06244218316373728,-0.06109934051505475
4495,-0.04844677866969054,-0.08955268419324997,-0.009399898540777654,-0.0021485482378920348
4496,-0.2827131389692936,-0.17106323296827905,-0.15007012622720894,-0.1473844409298439
4497,-0.01947121840589657,-0.3125839276655426,0.19292172719405565,0.18656560532362504
4498,0.012607800423741457,0.04677568559577451,0.0021485482378920348,0.0047148697442630765
4499,-0.053668944525678136,-0.1862522753722658,0.02936349258452448,0.03233266688550028
4500,0.05138611202291783,-0.11182895168750559,0.13355316164841394,0.1302109755005819
4501,-0.10781534421533226,-0.044537614514636975,-0.029676822535883735,-0.02939333353227298
4502,-0.19086270179940912,-0.005654859598340843,-0.15084599086866995,-0.15303930052818476
4503,-0.2849213691026827,-0.3528393661782698,-0.022201665124884366,-0.024976873265494907
4504,0.12079615648592998,0.09102981110680074,0.04801408492733729,0.04862582435618154
4505,0.0006266599027185102,-0.06266599027185103,-0.027155262451135444,-0.03045268717734475
4506,-0.06733609859449136,-0.07248366208110768,0.0008803079585807643,0.005550416281221091
4507,-0.04067321178120616,-0.34675181283757567,0.19789024499418098,0.19614454955089372
4508,-0.2184655784667721,-0.05019247411297782,-0.10589060308555397,-0.1098445286622303
4509,0.01404016591566948,-0.23698188654471664,0.07500522216585598,0.0825549819462266
4510,-0.031691086508907514,-0.10888961833427828,-0.02994539106562024,-0.030945062815195008
4511,-0.0955954761123213,-0.19651756139774998,0.07710900898212526,0.062427262689863025
4512,-0.11690191280475065,-0.1385365999224135,-0.056578436931156925,-0.044865864939870485
4513,-0.04938676852376831,-0.0430604876010862,-0.07621378054967025,-0.07794455551908328
4514,-0.1644833039897347,-0.14865268120915517,-0.01771060248873504,-0.024036883411417145
4515,-0.17085434633403956,-0.07408015278565246,-0.0398227447703739,-0.045776013846199747
4516,0.0022380710811375367,-0.018501387604070302,-0.009623705648891406,-0.01481603055713049
4517,0.08380830175166362,0.027185103398883945,0.07819820357494553,0.07927247769389155
4518,-0.10812867416669152,-0.11632001432365491,0.015397929038226253,0.011966220047148696
4519,-0.26270478350392407,0.0017307749694130284,-0.21730178150458052,-0.22231506072632864
4520,-0.10950135776312254,-0.2670317209274566,0.0519978514517621,0.039658619557757145
4521,-0.03233266688550028,-0.2861597684342454,0.09410342872489628,0.09450628151950104
4522,-0.17637492166751212,-0.22331473247590342,-0.08661335084002267,-0.0881352391751962
4523,0.04367222702993047,-0.18605830921190053,0.10924770970726028,0.11391781802990061
4524,-0.05262451135448062,-0.24753066157381154,0.024021962937542895,0.027901286144847957
4525,0.0061472352361911,-0.20770791680343764,0.18929605204261282,0.1803139267703142
4526,0.026215272597057675,-0.26531586643191785,0.12856972337441433,0.12209423771298976
4527,0.04158336068753543,-0.04414968219390647,0.06044283966458774,0.06320312733132404
4528,0.18071677956491894,-0.14642953060189187,0.15206946972635849,0.14899585210826294
4529,-0.0072215093551371195,-0.18671481006236756,0.0672614962251201,0.08365909701292112
4530,0.09467040673211781,-0.09198472143475275,0.182925009698308,0.19627883381576194
4531,-0.14011817015308403,-0.33787413088239676,0.09386470114290826,0.09192503953925575
4532,-0.10059383486019514,-0.1888036764047626,-0.06262122885022828,-0.057593029154605936
4533,0.019262331771657065,-0.2117662856972337,0.1346125152934857,0.14141625138014383
4534,0.02042612873384858,-0.2539464653397392,0.15369580137865177,0.1585449553877831
4535,-0.13840231565754527,-0.22500074602369372,-0.0029990152487242992,0.008892602429053145
4536,-0.07345349288293394,-0.1715854495538778,0.05271403419772611,0.03489898839187132
4537,-0.1432514696666766,0.03192981409089552,-0.07594521201993375,-0.07781027125421501
4538,0.10077288054668616,0.05437020679776789,0.04110590552355942,0.040553847990212166
4539,0.02928889021515323,-0.08288323237146011,0.08219689057324459,0.08121213929754409
4540,-0.12275073856345677,-0.1955178896481752,0.03651039957029034,0.03594342156306884
4541,-0.15984303661484286,0.05447465011488764,-0.14965235295872995,-0.15118916176777772
4542,0.07306556056220345,-0.10705440004774551,0.21003551072782067,0.20700665453134787
4543,-0.0025066396108740408,-0.13793978096744353,-0.010712900241711676,-0.02056041299871684
4544,-0.008146578735340634,-0.022485154128495118,0.016710930739160273,0.0154128495121005
4545,0.012070663364268448,-0.09313359792307002,0.04519411536510399,0.05160991913103159
4546,-0.2018143296231088,-0.10041478917370414,-0.17174957476649455,-0.18077646146041595
4547,0.007117066038017366,0.027871445197099456,-0.07291635582346094,-0.059577452179881224
4548,0.034376771806272556,0.0731700038793232,0.027289546716003695,0.027065739607889938
4549,-0.025901942645698423,-0.3499149532989167,0.13244904658171944,0.1425949688162096
4550,-0.19040016710930738,-0.2894273522127062,0.04604458237593625,0.03924084628927814
4551,-0.23657903375011188,0.013323983169705466,-0.19250395392557665,-0.214168481990988
4552,-0.013517949330070722,-0.2015756020411208,0.11066515472531405,0.11162006505326608
4553,-0.1001611411178419,0.036286592462176595,-0.11709587896511592,-0.11822983497955893
4554,-0.022485154128495118,-0.17570350034317087,0.1404911819999403,0.14050610247381454
4555,0.16227507385634565,-0.14440034615499386,0.18352182865327799,0.18211930410909846
4556,-0.19389155799588192,-0.1246605592193608,-0.05416132016352838,-0.024141326728536895
4557,-0.04237414580287069,-0.2846229596251976,0.11993076900122346,0.11318671481006236
4558,-0.08668795320939392,-0.13268777416370742,-0.051460714392289095,-0.04446301214526573
4559,-0.2047238220285876,-0.26725552803557034,-0.03801736743158962,-0.03245203067649428
4560,-0.08667303273551967,-0.10909850496851779,-0.07442332368476022,-0.07510966548297573
4561,-0.2753871862970368,-0.2731043537942765,-0.09235773328160901,-0.0974605353466026
4562,0.1552176897138253,0.07151383127928142,0.0888215809734117,0.08721016979499267
4563,-0.053519739786935625,0.005028199695622333,-0.026215272597057675,-0.02633463638805168
4564,0.0794067619587598,-0.20752887111694665,0.20491778818895282,0.1963534361851332
4565,0.04144907642266718,-0.23181940258422604,0.15538181492644207,0.15756020411208257
4566,-0.17670317209274564,0.02336546208707588,-0.13882008892602427,-0.13300110411506666
4567,-0.1381188266539345,-0.3180746620512667,0.09070156068156723,0.09156694816627375
4568,-0.08045119512995733,-0.15378532422189725,0.007430395989376622,0.003924084628927814
4569,-0.07663155381814925,-0.20702157500522214,0.06733609859449136,0.05365402405180388
4570,-0.0400017904568649,-0.08500193966160365,-0.00022380710811375367,-0.0015666497567962756
4571,-0.02187341469965086,-0.18555101310017605,0.10338396347467993,0.10423443048551222
4572,-0.03956909671451165,-0.1276595744680851,0.09589388558980631,0.0941929515681418
4573,-0.012160186207513949,0.016696010265286023,-0.027229864820506693,-0.02545432842947092
4574,-0.11148578078839783,-0.262645101608427,0.0822864134164901,0.08947808182387872
4575,-0.18823669839754106,-0.19126555459401387,-0.10104144907642264,-0.1038763391125302
4576,-0.09920623078988987,0.0023126734505087877,-0.11748381128584642,-0.11081435946405657
4577,-0.16422965593387243,-0.08419623407239413,-0.11678254901375666,-0.11573811584255914
4578,-0.1935036256751514,-0.16437886067261495,-0.038435140700068635,-0.03743546895049386
4579,-0.26440571752558856,-0.17122735818089582,-0.11433559129837963,-0.121751066813882
4580,0.07660171287040074,-0.16707946644385424,0.15742591984721435,0.16803437677180624
4581,-0.28110172779087456,-0.36664080451195125,-0.025767658380830172,-0.027200023872758196
4582,0.010041478917370415,-0.18647608248037956,0.1241234221598878,0.12452627495449255
4583,-0.11564859299931365,0.03398883948554206,-0.12351168273104353,-0.12624212945003133
4584,0.136179165050282,0.010444331711975173,0.15993255945808837,0.15787353406344182
4585,-0.16331950702754316,-0.08271910715884336,-0.04613410521918176,-0.047536629763361274
4586,0.22498582554981944,-0.12859956432216288,0.21539196084867654,0.21105010295126972
4587,-0.260078780102056,-0.16060398078242963,-0.15092059323804125,-0.1398048402017248
4588,-0.2074542687475754,-0.13692518874399448,-0.038748470651427884,-0.03900211870729014
4589,-0.05438512727164214,-0.3318611799110739,0.13744740532959324,0.1385962818179105
4590,-0.21706305392259256,-0.23637014711587237,-0.053295932678821864,-0.05217689713825311
4591,-0.15523261018769954,-0.12952463370236636,-0.025827340276327174,-0.03688341141714661
4592,-0.22110650234251433,-0.1772253886783444,-0.05669780072215092,-0.07986929664886155
4593,0.19093730416878038,-0.07621378054967025,0.19025096237056485,0.1804034496135597
4594,-0.3013637313121065,0.019575661723016318,-0.2655993554355286,-0.2682104383635224
4595,-0.2988421712273582,-0.08174927635701709,-0.13055414639968962,-0.1343439467637492
4596,-0.12774909731133058,-0.2560502521560084,0.05353466026080987,0.051833726239145346
4597,-0.2997523201336874,-0.34640864193846793,-0.07963056906687356,-0.0786010563695503
4598,-0.05156515770940884,-0.26885201874011516,0.17685237683148813,0.14208767270448508
4599,-0.18376055623526602,-0.16749723971233324,-0.07678075855689175,-0.07552743875145473
4600,-0.16863119572677623,-0.11514129688758913,-0.04774551639760078,-0.041643042583032426
4601,-0.077034406612754,-0.2428307123034227,0.16178269821849542,0.15726179463459758
4602,0.2112142281638865,-0.11557399062994239,0.16767628539882423,0.17154068813225506
4603,-0.16437886067261495,0.06699292769538359,-0.2165259168631195,-0.20830473575840766
4604,-0.20435081018173137,-0.1350601295097132,-0.08086896839843633,-0.0797350123839933
4605,0.06642594968816208,0.06567992599444958,-0.007878010205604129,-0.007803407836232878
4606,-0.18162692847124823,-0.01780012533198054,-0.07452776700187998,-0.07636298528841275
4607,-0.24715764972695525,-0.31646325087284766,-0.03828593596132612,-0.02876667362955447
4608,-0.20221718241771355,0.054131479215779876,-0.1764644445107576,-0.183163737280296
4609,-0.22464265465071168,-0.27737160932231203,-0.018038852913968544,-0.016427441735549518
4610,-0.06893258929903613,-0.07994389901823282,0.023902599146548888,0.02815493420071021
4611,-0.27670018799797075,-0.15864939870490283,-0.13826803139267702,-0.1345528333979887
4612,-0.18479006893258929,-0.3325624421831637,-0.02694637581689594,-0.028706991734057465
4613,0.10853152696129628,-0.27957983945570103,0.2021724209960908,0.20087433976903105
4614,-0.09561039658619555,-0.2725522962609292,0.08098833218943033,0.0797648533317418
4615,-0.006430724239801855,-0.11909522246426545,0.10598012592879949,0.09135806153203424
4616,-0.0271701829250097,-0.45213511981140514,0.3085404792456208,0.30210975500581894
4617,0.022306108442004115,-0.36346274357673597,0.1771657067828474,0.17260004177732682
4618,-0.2926203336217958,-0.22131538897675387,-0.11300766912357134,-0.11012801766584106
4619,-0.19639819760675598,-0.06964877204500014,-0.08670287368326818,-0.08431559786338812
4620,-0.07819820357494553,-0.1738981230043866,0.038569424964936885,0.045298558682223745
4621,0.02139595953567485,-0.07099161469368266,0.05323625078332487,0.05074453164632508
4622,-0.10571155739906297,-0.15497896213183726,-0.0052818477514845865,0.009951956074124912
4623,-0.057727313419474194,-0.17063053922592578,0.018859478977052306,0.02215690370326161
4624,0.017531556802244035,-0.29455999522544835,0.15553101966518454,0.15439706365074155
4625,-0.1418937065441198,-0.12383993315627703,-0.0736474590432992,-0.07437856226313745
4626,-0.1253170600698278,-0.12476500253648054,0.04024051803885291,0.040524007042463665
4627,0.10820327653606278,-0.07527379069559248,0.06285995643221629,0.05859270090418071
4628,-0.05665303930052818,-0.022634358867237622,-0.13534361851332397,-0.13365760496553367
4629,-0.30009549103279515,-0.1932947390409119,-0.11038166572170328,-0.11030706335233205
4630,-0.054086717794157135,-0.19301125003730116,0.05071469069857657,0.049043597624660554
4631,0.023798155829429138,-0.08967204798424397,0.0091164095371669,0.006729133717286861
4632,-0.1214824982841455,-0.21000566978007215,0.05877174659067171,0.07193160454776042
4633,-0.21337769687565272,-0.15062218376055622,-0.05431052490227089,-0.052370863298618356
4634,-0.1190206200948942,-0.20151592014562378,0.02021724209960908,0.01726298827250753
4635,-0.018128375757214047,-0.1319417504699949,0.04737250455074452,0.04737250455074452
4636,-0.026647966339410932,-0.2984393184327534,0.1104413476172003,0.11942347288949895
4637,-0.20933424845573093,-0.1141267046641401,-0.1156933544209364,-0.11000865387484704
4638,0.01778520485810629,-0.306705260959088,0.16782549013756676,0.16687057980961473
4639,-0.26679299334546863,-0.010220524603861416,-0.166348363224016,-0.16563218047805195
4640,-0.2705380322879054,-0.21992778490644857,-0.011220196353436183,-0.005923428128077347
4641,0.13950643072423977,0.027244785294380944,0.14507176747933512,0.14293813971531732
4642,-0.19651756139774998,-0.2275073856345677,0.02626003401868043,0.02042612873384858
4643,-0.04653695801378651,-0.07906359105965205,0.019695025514010322,0.01787472770135179
4644,-0.09677419354838708,-0.16719883023484824,0.01344334696069947,0.01709886305989078
4645,0.08792635254095668,-0.1036376115305422,0.15769448837695083,0.15460595028498103
4646,0.10427919190713496,-0.03448121512339231,0.11351496523529586,0.122347885768852
4647,0.07284175345408969,-0.30309450628151946,0.25502073945868514,0.2504849154009131
4648,0.06773895138909611,-0.1713467219718898,0.11703619706961892,0.11637969621915191
4649,-0.0978186267195846,-0.3214019277252245,0.13329951359255168,0.14383336814777234
4650,-0.004953597326251081,-0.023544507773566883,-0.006251678553310852,-0.013338903643579718
4651,-0.004461221688400823,0.02033660589060308,0.01769568201486079,0.01780012533198054
4652,-0.11851332398316969,-0.17403240726925487,0.05554892423383366,0.04183700874339768
4653,-0.08061532034257407,-0.18070185909104472,-0.012965891796723462,-0.011444003461549937
4654,0.1221986810301095,-0.2028438423204321,0.16980991316284205,0.1871176628569723
4655,-0.0645608904538808,-0.2718211930410909,0.049148040941780304,0.05610098176718092
4656,-0.11951299573274445,-0.04289636238846945,-0.05814508668795321,-0.062069171316881014
4657,-0.15738115842559156,-0.3595237384739339,0.17354003163140458,0.16964578795022528
4658,-0.06672435916564709,-0.09180567574826173,-0.03200441646026677,-0.03319805437020679
4659,-0.08482289397511264,0.10996389245322429,-0.15429262033362176,-0.15220375399122674
4660,-0.10736772999910477,-0.07342365193518545,-0.012070663364268448,-0.01096654829757393
4661,-0.30676494285458505,-0.04061352988570916,-0.12554086717794155,-0.13316522932768343
4662,-0.05110262301930709,0.07179732028289217,-0.07212557070812567,-0.07888454537316106
4663,-0.034376771806272556,-0.1949210706932052,0.05108770254543284,0.047432186446241524
4664,-0.0551460714392289,-0.14695174718749066,0.005953269075825847,0.003595834203694309
4665,0.16830294530154274,-0.1467577810271254,0.19216078302646888,0.19842738205365398
4666,-0.11993076900122346,-0.12889797379964785,-0.021157231953686847,-0.012980812270597712
4667,-0.04201605442988869,0.016815374056280023,-0.077153770403748,-0.07000686341798214
4668,-0.29526125749753807,0.06372534391692279,-0.33178657754170265,-0.3222523947360567
4669,0.0051923249082390845,-0.05769747247172569,0.09003013935722597,0.09320820029244127
4670,0.037733878427978866,-0.24036883411417143,0.1986959505833905,0.1970845394049715
4671,-0.3547193458864253,-0.1989346781653785,-0.25091760914326633,-0.2670168004535824
4672,0.10572647787293722,-0.09692339828712958,0.1650801229447047,0.16625884038077046
4673,0.10271254215033868,-0.2460982960818835,0.20572349377816238,0.21281071886843123
4674,-0.004058368893796066,-0.07200620691713168,-0.020649935841962338,0.007878010205604129
4675,-0.08473337113186714,-0.12743576735997134,0.06682880248276683,0.05813016621407895
4676,0.030810778550326757,-0.023425143982572883,-0.011324639670555936,-0.015472531407597504
4677,-0.05283339798872012,-0.2885619647279997,0.12251201098146876,0.13597027841604248
4678,0.0011936379099400194,-0.2939184148488556,0.19366775088776816,0.20527587956193485
4679,-0.09674435260063859,-0.10766613947658978,-0.11551430873444538,-0.11781206171107993
4680,-0.4504491062636148,-0.19932261048610903,-0.21488466473695203,-0.211840888066605
4681,-0.06784339470621585,-0.09261138133747128,-0.02305213213571663,-0.019993434991495324
4682,-0.04417952314165497,0.04030019993434991,-0.12655545940139057,-0.12337739846617526
4683,0.01662140789591477,-0.08088388887231057,0.015338247142729251,0.03249679209811703
4684,-0.1323296827907254,-0.08039151323446031,-0.03354122526931455,-0.030780937602578256
4685,-0.30415385992659116,-0.09410342872489628,-0.17970218734146992,-0.16895944615200975
4686,0.034406612754021064,-0.013503028856196472,0.013189698904837215,0.01781504580585479
4687,-0.076139178180299,-0.1196771209453612,0.02270896123660887,0.02190325564739936
4688,0.027274626242129448,-0.16227507385634565,0.08800095491032794,0.08868729670854344
4689,-0.09216376712124374,-0.08113753692817283,-0.0399421085613679,-0.05268419324997761
4690,-0.05680224403927068,-0.23462445167258508,0.07609441675867624,0.06738086001611411
4691,-0.031885052669272766,0.10341380442242844,-0.056981289725761684,-0.04033004088209841
4692,-0.044597296410133984,-0.1706603801736743,0.004685028796514577,0.005296768225358836
4693,-0.15775417027244784,0.024305451941153647,-0.12518277580495954,-0.12125869117603173
4694,-0.1314941362537674,-0.019665184566261817,-0.03974814240100265,-0.032854883471099036
4695,-0.03927068723702665,-0.10333920205305719,0.06302408164483303,0.061755841365521764
4696,-0.21949509116409532,0.062039330369132506,-0.17155560860612928,-0.16869087762227325
4697,-0.20660380173674311,-0.06670943869177284,-0.11723016322998416,-0.11570827489481064
4698,-0.28498105099817966,-0.11582763868580463,-0.15257676583808297,-0.153531676166035
4699,-0.021201993375309595,0.04122526931455343,-0.017039181164393777,-0.014070006863417979
4700,-0.015666497567962758,-0.26078004237414576,0.11587240010742739,0.11591716152905016
4701,-0.038435140700068635,-0.07085733042881441,0.04241890722449344,0.03830085643520037
4702,0.06663483632240158,-0.06023395303034824,0.0367043657306556,0.0638447077079168
4703,0.05165468055265435,-0.183462146757781,0.10404046432514695,0.10538330697382949
4704,-0.042538271015487454,-0.30355704097162123,0.04737250455074452,0.029766345379129238
4705,-0.22613470203813668,0.07534839306496374,-0.25157410999373336,-0.2520963265793321
4706,-0.1550983259228313,-0.3448718331294201,0.05229626092924711,0.05742890394198919
4707,-0.17003372027095576,-0.13444839008086895,-0.077153770403748,-0.07818328310107127
4708,-0.07522902927396972,-0.18191041747485898,0.02943809495389573,0.028513025573692216
4709,-0.22880546686162748,-0.051624839604905846,-0.2073199844827071,-0.20884187281788066
4710,0.04417952314165497,-0.2670018799797081,0.1687057980961475,0.16986959505833904
4711,-0.31770165020441044,-0.09204440333024975,-0.09968368595386587,-0.10083256244218315
4712,-0.1327026946375817,0.11788666408045116,-0.19759183551669598,-0.20318701321953983
4713,0.010518934081346422,-0.019799468831130075,-0.03704753662976336,-0.034675181283757565
4714,-0.09874369609978813,-0.17073498254304553,0.00671421324341261,0.001104115066694518
4715,0.04383635224254722,-0.11506669451821788,0.10681567246575749,0.11723016322998416
4716,0.009862433230879411,-0.1818954970009847,0.09581928322043506,0.08449464354987912
4717,0.15424785891199902,-0.12856972337441433,0.23004386619319026,0.22480677986332842
4718,0.2119154904359762,0.019560741249142068,0.13755184864671302,0.1337769687565277
4719,-0.06954432872788038,-0.21676464444510754,0.08552415624720239,0.08350989227417861
4720,-0.12472024111485779,-0.26698695950583384,0.045149353943481234,0.04795440303184028
4721,0.14331115156217358,-0.34324550147712685,0.26327176151114556,0.2667631523977201
4722,-0.03292948584047029,-0.19853182537077374,0.08743397690310643,0.08662827131389692
4723,-0.13003192981409087,-0.13441854913312046,-0.04088209841544566,-0.03752499179373936
4724,-0.029751424905254988,-0.3216854167288352,0.13514965235295873,0.13908865745576077
4725,-0.08325624421831636,-0.03436185133239831,-0.13479156097997672,-0.13516457282683297
4726,-0.13846199755304225,-0.15181582167049623,-0.056235266032049175,-0.05793620005371369
4727,0.14013309062695828,0.028811435051177222,0.1925487153471994,0.19001223478857687
4728,-0.22565724687416072,-0.17534540897018888,-0.05648891408791142,-0.06299424069708454
4729,-0.3896332547521708,-0.2505445972964101,-0.11579779773805614,-0.12585419712930082
4730,-0.032213303094506276,-0.03849482259556562,-0.0008504670108322638,-0.0009250693802035152
4731,-0.09170123243114199,-0.15211423114798125,0.09349168929605202,0.10762137805496699
4732,-0.15618752051565155,-0.08537495150845989,-0.06943988541076063,-0.07191668407388617
4733,0.0519381695562651,-0.017591238697741037,0.13420966249888094,0.13870072513503026
4734,0.052042612873384846,-0.21306436692429345,0.07003670436573065,0.06972337441437139
4735,0.04723822028587627,-0.25994449583718776,0.14075975052967682,0.15268120915520275
4736,-0.0363761153054221,-0.12833099579242635,0.0770045656650055,0.06579928978544357
4737,-0.09188027811763301,-0.4117304765599355,0.13680582495300048,0.13553758467368923
4738,0.030034913908865743,0.08452448449762762,-0.0025812419802452922,-0.0018799797081555305
4739,-0.04470173972725373,0.0430306466533377,-0.03776371937572737,-0.05147563486616334
4740,-0.0019993434991495327,-0.016815374056280023,-0.05268419324997761,-0.04180716779564918
4741,0.08474829160574138,-0.056473993614037175,0.1245411954283668,0.12195995344812148
4742,0.1289725761690191,-0.11781206171107993,0.1887738354570141,0.19132523648951086
4743,-0.041971293008265936,-0.24371102026200347,0.04702933365163677,0.04189669063889469
4744,-0.1008176419683089,-0.26615141296887584,0.07096177374593415,0.05353466026080987
4745,0.16011160514457937,-0.18085106382978722,0.21572021127391003,0.2167795649189818
4746,0.037390707528871116,0.08776222732833994,0.013741756438184476,0.00919101190653815
4747,-0.15997732087971112,-0.09796783145832709,-0.09402882635552505,-0.09525230521321355
4748,-0.1315836590970129,-0.2896660797946943,0.17021276595744678,0.16643788606726148
4749,-0.14647429202351464,-0.3133896332547521,0.07524394974784397,0.07637790576228701
4750,-0.16812389961505175,-0.10738265047297901,-0.11797618692369669,-0.11226164542985884
4751,-0.3000059681895496,-0.09162663006177076,-0.09213392617349525,-0.09455104294112379
4752,0.0824057772074841,-0.23035719614454953,0.19545820775267822,0.18581958162991255
4753,-0.004401539792903822,-0.2266718390976097,0.1864014801110083,0.17798633284593116
4754,0.05578765181582167,0.01874011518605831,0.014308734445405983,0.019262331771657065
4755,-0.010712900241711676,-0.2378025126078004,0.05720509683387543,0.05484766196174389
4756,-0.12315359135806152,-0.04993882605711557,0.004162812210915818,-0.020739458685207837
4757,-0.2714481811942347,-0.335859866909373,-0.02251499507624362,-0.018516308077944552
4758,0.09455104294112379,-0.06306884306645578,0.05350481931306138,0.052042612873384846
4759,-0.10874041359553578,-0.19022112142281639,0.10963564202799078,0.10402554385127269
4760,-0.184834830354212,-0.11224672495598459,0.006908179403777863,0.014562382501268237
4761,0.008847841007430395,-0.21140819432425167,0.23632538569424963,0.2372653755483274
4762,-0.20142639730237827,-0.05363910357792963,-0.09471516815374055,-0.10002685685297363
4763,0.01341350601295097,-0.28624929127749094,0.22600041777326846,0.22722389663095696
4764,0.0025215600847482912,-0.13661185879263524,0.0794067619587598,0.08118229834979558
4765,-0.04713377696875652,-0.2001283160753185,-0.008758318164184892,-0.008832920533556145
4766,-0.09669959117901583,0.04122526931455343,-0.15457610933723254,-0.16224523290859716
4767,-0.17349527020978184,-0.2859956432216286,0.019441377458148067,0.021798812330279606
4768,0.06177076183939601,-0.20230670526095904,0.1430724239801856,0.13756676912058724
4769,0.02631971591417743,-0.019262331771657065,0.09192503953925575,0.09361105308704604
4770,-0.050699770224702324,-0.15421801796425053,0.03234758735937453,0.04240398675061919
4771,0.1272418011996061,-0.10805407179732027,0.22768643132105876,0.23702664796633938
4772,-0.050088030795858066,-0.04359762466055921,0.028856196472799973,0.03307869057921279
4773,-0.053057205096833863,-0.31816418489451215,0.15236787920384348,0.15007012622720894
4774,-0.056578436931156925,-0.12734624451672583,0.044627137357882485,0.04149383784428993
4775,-0.32543045567127205,-0.2869953149712034,-0.18658052579749929,-0.1871176628569723
4776,-0.07466205126674821,-0.14890632926501743,-0.009504341857897405,0.00044761421622750735
4777,0.04540300199934349,-0.16402076929963294,0.1625287219122079,0.15987287756259136
4778,-0.2112888305332577,-0.33524812748052873,-0.01341350601295097,-0.01113067351019068
4779,-0.08719524932111843,-0.012846528005729458,-0.04468681925337947,-0.03777863984960162
4780,-0.16021604846169912,-0.03901703918116439,-0.11618573005878663,-0.11754349318134343
4781,0.0304377667034705,-0.19562233296529494,0.1498164781713467,0.15287517531556802
4782,-0.20770791680343764,-0.3219539852585718,0.03160156366566202,0.03513771597385932
4783,-0.011846856256154694,-0.12125869117603173,0.0798842171227358,0.08212228820387334
4784,-0.10439855569812896,-0.23853361582763866,0.06845513413506013,0.0543403658500194
4785,-0.25328996448927216,-0.17916505028199692,-0.12340723941392377,-0.12943511085912088
4786,0.07816836262719704,-0.11502193309659513,0.11238100922085284,0.12276565903733103
4787,-0.014950314821998744,-0.03764435558473337,0.03245203067649428,0.03276536062785353
4788,-0.02754319477186595,-0.20176956820148603,0.0701411476828504,0.07285667392796394
4789,0.10047447106920115,0.04046432514696666,0.09675927307451283,0.11711079943899015
4790,0.038539584017188384,-0.138864850347647,0.08931395661126196,0.09258154038972277
4791,-0.007788487362358627,-0.13929754409000028,0.1708692668079138,0.1549192802363403
4792,-0.08442004118050789,-0.2142580048342335,0.07766106651547251,0.07816836262719704
4793,-0.06941004446301213,-0.21783891856405355,0.03883799349467339,0.040553847990212166
4794,-0.07455760794962847,-0.18229834979558948,0.07825788547044253,0.0921488466473695
4795,0.030064754856614237,-0.18558085404792452,0.12604816328966606,0.1246008773238638
4796,-0.10890453880815253,-0.3108382322222554,0.10978484676673331,0.11096356420279907
4797,-0.28501089194592816,-0.1065172629882725,-0.12130345259765447,-0.11942347288949895
4798,-0.02578257885470442,-0.260257825788547,0.07593029154605949,0.0861209752021724
4799,0.004491062636149324,-0.29837963653725635,0.2482468443197756,0.27120945361224663
4800,-0.14956283011548446,-0.2809674435260064,0.03184029124765002,0.03173584793053027
4801,-0.26733013040494163,-0.2667034705022231,-0.10617409208916473,-0.10508489749634446
4802,-0.006997702247023364,0.02151532332666885,0.03142251797917101,0.04006147235236191
4803,-0.1378800990719465,-0.04980454179224732,-0.15900749007788484,-0.169750231267345
4804,0.1474739637730894,0.17151084718450657,0.032690758258482285,0.03640595625317059
4805,0.0829727552147056,-0.25960132493808,0.2237026647966339,0.20781236012055743
4806,-0.16989943600608753,-0.13322491122318042,-0.1375220076989645,-0.14195338843961683
4807,-0.014920473874250245,-0.13820834949718003,-0.008295783474083135,-0.012831607531855211
4808,-0.28104204589537757,-0.1306585897168094,-0.22216585598758615,-0.2307152875175315
4809,-0.1702426069051953,-0.44864372892483056,0.0760496553370535,0.07245382113335919
4810,-0.153591358061532,-0.2761481304646235,0.019381695562651065,0.027408910506997695
4811,0.07121542180179642,-0.07064844379457491,0.12945003133299512,0.13537345946107246
4812,0.09917638984214137,0.17456954432872784,-0.01277192563635821,-0.01108591208856793
4813,-0.092178687595118,-0.25460296619020617,0.12643609561039656,0.12737608546447432
4814,0.05257974993285786,-0.12030378084807972,0.08976157082748946,0.08943332040225595
4815,0.1893109725164871,-0.17783712810718866,0.2397421742114529,0.24335292888902146
4816,-0.11048610903882307,-0.019844230252752823,-0.035242159290979076,-0.041672883530780934
4817,-0.05437020679776789,-0.20054608934379756,0.13267285368983314,0.13064366924293513
4818,-0.03543612545134433,-0.0365850019396616,-0.006609769926292858,0.0011637969621915189
4819,-0.3264898093163438,-0.23526603204917787,-0.17276416698994357,-0.17771776431619465
4820,-0.03710721852526035,-0.183342782966787,0.0696338515711259,0.08510638297872339
4821,-0.058533019008683705,-0.11079943899018233,0.024156247202411146,0.020515651577094087
4822,-0.06596341499806033,0.009892274178627912,-0.0547282981707499,-0.05975649786637222
4823,-0.14247560502521558,-0.1780758556891767,0.008638954373190892,0.0009399898540777652
4824,-0.257512458595685,-0.03257139446748828,-0.17895616364775743,-0.17712094536122464
4825,-0.24782907105129653,-0.30716779564918983,0.1062785354062845,0.10832264032705675
4826,0.033332338635075044,-0.3242815791829548,0.15300945958043624,0.15424785891199902
4827,-0.1502939333353227,-0.11250037301184686,-0.01035480886872967,-0.009086568589418397
4828,-0.2957387126615141,-0.19250395392557665,-0.14360956103965858,-0.14360956103965858
4829,-0.0638447077079168,-0.02178389185640536,-0.035958342036943085,-0.03565993255945808
4830,-0.10128017665841066,-0.24866461758825453,0.06127838620154575,0.06011458923935423
4831,-0.04377667034705022,-0.10638297872340424,0.03185521172152427,0.02517083942586016
4832,-0.1112470532064098,-0.09099997015905223,-0.04955089373638506,-0.045776013846199747
4833,-0.13702963206111424,-0.13141953388439614,0.027722240458356952,0.03607770582793709
4834,-0.05240070424636685,-0.03110918802781176,-0.1045328399629972,-0.08782190922383694
4835,-0.2237026647966339,-0.30680970427620774,-0.06954432872788038,-0.07297603771895794
4836,-0.08952284324550147,-0.030318402912476495,-0.061636477574527754,-0.061546954731282265
4837,0.08052579749932856,0.0274387514547462,0.029333651636775978,0.03016919817373399
4838,-0.16443854256811194,-0.11993076900122346,-0.045776013846199747,-0.04320969233982871
4839,-0.2160633821730178,-0.17074990301691978,-0.045179194891229735,-0.05871206469517471
4840,-0.14899585210826294,-0.007504998358747873,-0.0549073438572409,-0.05299752320133687
4841,-0.05061024738145683,-0.10556235266032046,0.030407925755721994,0.028930798842171222
4842,0.06848497508280861,-0.03175076840440452,-0.00010444331711975173,0.022216585598758616
4843,-0.07263286681985019,-0.26897138253110914,0.08743397690310643,0.09489421384023156
4844,-0.13514965235295873,0.06468025424487481,-0.16869087762227325,-0.1726597236728238
4845,-0.2256274059264122,-0.07333412909193995,-0.15793321595893883,-0.16551281668705795
4846,0.061352988570917005,0.09531198710871057,-0.04416460266778072,-0.036167228671182584
4847,-0.05720509683387543,-0.13385157112589893,0.03278028110172779,0.027319387663752196
4848,-0.015323326668855,-0.13077795350780339,0.04758139118498403,0.051878487660768094
4849,-0.18802781176330158,-0.3442600937005759,-0.09222344901674076,-0.08342036943093312
4850,-0.06887290740353913,-0.10007161827459637,0.0427322371758527,0.03918116439378114
4851,-0.21489958521082625,-0.23792187639879436,0.04141923547491868,0.025126078004237412
4852,-0.09895258273402761,-0.32571394467488285,0.05842857569156395,0.06551580078183282
4853,-0.028199695622332963,-0.09185043716988452,0.006803736086658111,-0.004401539792903822
4854,-0.15535197397869355,-0.31368804273223716,0.06891766882516187,0.06939512398913789
4855,-0.034332010384649815,-0.07191668407388617,0.06069648772045,0.05672764166989942
4856,0.024111485780788394,-0.11463400077586462,0.013846199755304227,0.010638297872340424
4857,-0.14513144937483213,-0.14401241383426336,0.0003730118468562561,-0.004834233535257079
4858,-0.0792575572200173,-0.17230163229984183,0.056115902241055164,0.05536987854734266
4859,-0.16512488436632747,-0.26295843155978627,0.10250365551609919,0.1005789143863209
4860,-0.19371251230939093,-0.020620094894213837,-0.13501536808809045,-0.14686222434424515
4861,-0.0035659932559458083,-0.07563188206857449,-0.02693145534302169,-0.02693145534302169
4862,0.08104801408492733,-0.20930440750798243,0.1581271821193041,0.15650085046701082
4863,-0.1881770165020441,-0.18367103339202048,-0.013353824117453969,-0.0038942436811793134
4864,-0.183581510548775,-0.2205842857569156,-0.03425740801527856,-0.05827937095282145
4865,-0.16533377100056695,-0.14650413297126316,-0.10832264032705675,-0.11196323595237383
4866,-0.12485452537972605,-0.2683894840500134,0.02466354331413565,0.021037868162692843
4867,0.06133806809704275,-0.014159529706663482,0.046924890334517015,0.05393751305541463
4868,-0.10514457939184146,-0.09071648115544147,-0.010668138820088923,-0.008832920533556145
4869,-0.08359941511742412,-0.33320402255975645,0.14801110083256241,0.14377368625227535
4870,-0.008653874847065141,-0.1961147086031452,0.06650055205753333,0.07960072811912505
4871,0.023305780191578886,-0.04916296141565455,0.0518188057652711,0.04380651129479872
4872,-0.1322401599474799,-0.05431052490227089,-0.08145086687953207,-0.08337560800931038
4873,0.029497776849392733,-0.11493241025334963,-0.03224314404225478,-0.03206409835576378
4874,-0.03236250783324878,-0.09683387544388408,0.07184208170451492,0.0634866163349348
4875,0.10633821730178149,-0.184238011399242,0.15472531407597506,0.15873892154814837
4876,0.09407358777714779,-0.16951150368535703,0.14811554414968217,0.17255528035570408
4877,-0.26148130464623554,-0.34211154546268385,-0.02954253827101548,-0.029766345379129238
4878,-0.11520097878308615,-0.27291038763391123,0.04796932350571453,0.04619378711467875
4879,-0.09863925278266836,-0.09405866730327354,-0.04574617289845124,-0.03128823371430276
4880,-0.061755841365521764,-0.02937841305839873,-0.00020888663423950345,0.0027901286144847957
4881,-0.04676076512190026,-0.2041419235474918,0.06527707319984481,0.06400883292053354
4882,-0.0008057055892095131,0.038703709229805136,0.0515203962877861,0.051669601026528594
4883,0.047327743129121774,-0.12354152367879202,0.08582256572468741,0.0770045656650055
4884,-0.04259795291098444,-0.07749694130285577,0.045940139058816505,0.04610426427143326
4885,0.011324639670555936,-0.10360777058279369,0.08151054877502908,0.0797946942794903
4886,-0.06627674494941958,-0.16563218047805195,0.11181403121363133,0.12388469457789979
4887,-0.09635642027990808,-0.1221389991346125,-0.07369222046492195,-0.076139178180299
4888,-0.11558891110381665,-0.168377547670914,-0.04822297156157679,-0.041971293008265936
4889,-0.21921160216048458,-0.4039867506191996,0.04761123213273253,0.04409000029840947
4890,-0.05214705619050461,0.02943809495389573,-0.04673092417415176,-0.04846169914356479
4891,-0.14175942227925156,0.23811584255915963,-0.23158067500223806,-0.23192384590134582
4892,-0.2414580287069917,-0.15309898242368178,-0.15460595028498103,-0.15876876249589683
4893,-0.016129032258064516,-0.03786816269284712,0.008161499209214882,0.007788487362358627
4894,0.019381695562651065,-0.14289337829369458,0.13934230551162302,0.137671212437707
4895,-0.1510996389245322,-0.09416311062039329,-0.04841693772194204,-0.05463877532750439
4896,0.02067977678971084,-0.25397630628748763,0.08877681955178895,0.07266270776759869
4897,-0.13423950344662944,0.012369072841753452,-0.14820506699292765,-0.1465488943928859
4898,-0.137372802960222,-0.3149712034854227,0.08923935424189071,0.09044791262570497
4899,-0.004804392587508579,-0.12871892811315686,0.019157888454537312,0.02163468711766285
4900,-0.015711258989585506,-0.006997702247023364,0.032511712571991286,0.025931783593446923
4901,-0.02336546208707588,-0.17154068813225506,0.02811017277908746,0.027841604249350952
4902,-0.27343260421951,-0.18340246486228398,-0.06911163498552714,-0.07191668407388617
4903,-0.16691534123123747,-0.030691414759332757,-0.1186326877741637,-0.10908358449464353
4904,0.06588881262868908,-0.14457939184148486,0.1942347288949897,0.1916236459669959
4905,0.03768911700635612,0.23395303034824383,-0.06645579063591059,-0.06860433887380263
4906,-0.17940377786398493,-0.17189877950523705,-0.10472680612336246,-0.10472680612336246
4907,-0.33944078063919303,-0.19214586255259464,-0.16123064068514814,-0.16209602816985466
4908,-0.10214556414311718,-0.18592402494703228,0.018650592342812806,0.019187729402285813
4909,-0.11197815642624807,-0.08868729670854344,0.013010653218346211,0.01471158724001074
4910,-0.22955149055534002,-0.244397362060219,-0.08489749634448389,-0.09340216645280652
4911,0.022380710811375368,-0.15912685386887884,0.09156694816627375,0.0881949210706932
4912,-0.21087105726477873,-0.20353018411864757,-0.14493748321446687,-0.13679090447912623
4913,-0.11506669451821788,-0.23574348721315383,0.07039479573871266,0.07058876189907791
4914,0.05920444033302497,0.005848825758706096,0.11861776730028943,0.13691026827012026
4915,-0.1768672973053624,-0.24512846528005725,-0.028781594103428718,-0.026528602548416932
4916,-0.08576288382919041,-0.016666169317537522,-0.04574617289845124,-0.045238876786726744
4917,-0.14174450180537732,-0.04837217630031929,-0.061919966578138516,-0.07695980424338275
4918,-0.1256751514428098,0.015905225149950762,-0.15330786905792124,-0.1477723732505744
4919,0.21094565963414993,-0.07487093790098771,0.2475754229954343,0.24915699322610482
4920,-0.027334308137626447,-0.14713079287398165,0.0549670257527379,0.0609053743546895
4921,-0.14198322938736532,-0.31871624242785945,0.07506490406135298,0.06781355375846736
4922,0.03530184118647608,-0.23216257348333377,0.13625376741965323,0.1409686371639163
4923,-0.10832264032705675,-0.21874906747038284,0.07737757751186176,0.0854644743517054
4924,-0.08280863000208885,-0.38273999582226725,0.08544955387783115,0.0887022171824177
4925,-0.026797171078153437,-0.15072662707767595,0.06033839634746798,0.0579660410014622
4926,0.12109456596341499,-0.11831935782280444,0.13346363880516843,0.13519441377458147
4927,0.03057205096833875,0.047103936021008014,-0.03943481244964339,-0.04862582435618154
4928,-0.026573363970039687,-0.16578138521679447,0.09320820029244127,0.08446480260213063
4929,-0.028229536570081464,-0.19891975769150427,0.046223628062427254,0.04999850795261257
4930,-0.03734594610724836,-0.08091372982005907,-0.02188833517352511,-0.02069469726358509
4931,-0.044507773566888474,-0.07381158425591595,0.031064426606189008,0.03254155351973978
4932,0.09435707678075855,0.051057861597684336,-0.06648563158365908,-0.06979797678374264
4933,-0.12419802452925903,-0.060010145922234484,-0.14998060338396346,-0.14074483005580254
4934,-0.05459401390588164,0.019322013667154067,-0.06679896153501834,-0.07687028140013727
4935,-0.13738772343409625,-0.13816358807555726,-0.019232490823908568,-0.019187729402285813
4936,-0.12251201098146876,-0.14332607203604783,-0.04498522873086448,-0.04131479215779892
4937,-0.2058876189907791,0.17958282355047597,-0.28037062457103634,-0.2824744113873056
4938,-0.005759302915460594,-0.20718570021783891,0.1133806809704276,0.10805407179732027
4939,-0.11160514457939183,-0.021425800483423352,-0.04371698845155322,-0.04849154009131329
4940,0.08664319178777118,-0.11433559129837963,0.11545462683894839,0.1130822714929426
4941,-0.053579421682432626,-0.13882008892602427,0.007848169257855628,0.00853451105607114
4942,-0.1310166810897914,-0.21812240756766432,0.06860433887380263,0.06712721196025184
4943,-0.08779206827608843,-0.29196383277132876,0.08325624421831636,0.08550923577332814
4944,-0.16646772701500998,-0.16587090806003996,-0.04801408492733729,-0.04764107308048104
4945,-0.2047536629763361,-0.12574975381218106,-0.09220852854286651,-0.0790188296380293
4946,-0.2158694160126525,-0.20026260034018678,-0.09719196681686608,-0.09641610217540508
4947,0.07273731013696995,-0.09572976037718957,0.07058876189907791,0.06841037271343738
4948,-0.1727492465160693,-0.17315209931067407,-0.02323117782220763,-0.01794933007072304
4949,-0.15520276923995102,-0.18023932440094295,-0.07719853182537077,-0.0797946942794903
4950,-0.3009608785175017,-0.20478350392408462,-0.17697174062248214,-0.17395780489988358
4951,-0.08589716809405865,-0.1877443227596908,0.10131001760615917,0.10116081286741666
4952,-0.08553907672107665,-0.19687565277073196,0.027916206618722204,0.02614067022768643
4953,-0.06127838620154575,-0.14986123959296943,0.05062516785533108,0.04975978037062457
4954,-0.14532541553519737,-0.11900569962101995,-0.07752678225060426,-0.0894183999283817
4955,-0.19859150726627076,-0.2562292978424995,-0.03342186147832055,-0.03164632508728477
4956,-0.10156366566202142,-0.017964250544597295,-0.058398734743815454,-0.057980961475336455
4957,0.05551908328608515,-0.23699680701859088,0.24623258034675177,0.23838441108889616
4958,-0.07954104622362804,-0.21367610635313777,0.04043448419921816,0.03824117453970338
4959,-0.2177643161946823,-0.2189281131568738,-0.02578257885470442,-0.02578257885470442
4960,-0.05948792933663573,-0.08607621378054965,0.0037301184685625613,0.006938020351526363
4961,0.07766106651547251,0.0091462504849154,0.10744233236847602,0.12555578765181583
4962,-0.04355286323893646,-0.17759840052520065,0.07451284652800572,0.07724329324699351
4963,-0.12643609561039656,0.09117901584554325,-0.18013488108382322,-0.1737787592133926
4964,-0.20645459699800062,-0.2614365432246128,0.02634955686192593,0.027304467189877946
4965,-0.21715257676583805,-0.3177613320999075,-0.009026886693921397,-0.009504341857897405
4966,-0.029975232013368738,-0.259840052520068,0.11430575035063112,0.11963235952373845
4967,0.05138611202291783,0.04158336068753543,0.0025812419802452922,0.008071976365969381
4968,-0.062427262689863025,-0.3022888006923099,0.19010175763182235,0.1879532093939303
4969,-0.01662140789591477,-0.0556235266032049,-0.010563695502969173,-0.006191996657813852
4970,-0.11690191280475065,-0.24384530452687175,0.13661185879263524,0.13574647130792872
4971,-0.10329444063143445,0.026095908806063675,-0.09355137119154902,-0.09669959117901583
4972,-0.1360448807854137,-0.24741129778281754,-0.03834561785682313,-0.014801110083256243
4973,0.02948285637551848,-0.09443167915012979,0.014830951031004742,0.0017009340216645277
4974,-0.13204619378711466,-0.24881382232699706,-0.05726477872937244,-0.05920444033302497
4975,0.08700128316075317,0.06776879233684462,0.004804392587508579,0.004312016949658321
4976,-0.19523440064456446,-0.06872370266479662,-0.1619319029572379,-0.1616036525320044
4977,-0.11684223090925365,-0.1657366237951717,-0.06026379397809674,-0.06193488705201276
4978,-0.10071319865118913,-0.03160156366566202,-0.06569484646832383,-0.06611261973680284
4979,-0.1830145325415535,-0.13121064725015663,-0.05824953000507295,-0.051132463967055584
4980,-0.1389692936647668,-0.14798125988481392,-0.01887439945092656,-0.016725851213034524
4981,-0.08677747605263941,-0.23971233326370442,0.05641431171854018,0.05833905284831846
4982,-0.10086240338993166,-0.40310644266061885,0.16003700277520813,0.16345379129241142
4983,-0.25957148399033153,-0.20068037360866575,-0.14384828862164661,-0.14629524633702365
4984,-0.27419354838709675,-0.020933424845573093,-0.21876398794425708,-0.2212407866073826
4985,-0.010847184506579927,0.04110590552355942,-0.009265614275909401,-0.009534182805645905
4986,-0.1973083465130852,-0.08492733729223238,-0.07692996329563427,-0.07408015278565246
4987,-0.19304109098504965,-0.3441407299095819,0.07230461639461669,0.07684044045238876
4988,-0.09599832890692607,-0.1257348333383068,-0.045507445316463245,-0.05771239294559995
4989,-0.10020590253946464,-0.43664766792993337,0.12986780460147412,0.13525409567007846
4990,-0.05918951985915072,0.041135746471307924,-0.058368893796066953,-0.05459401390588164
4991,-0.2190474769478678,-0.12561546954731279,-0.03882307302079913,-0.03110918802781176
4992,-0.1254961057563188,-0.12160186207513948,-0.09398406493390228,-0.09856465041329711
4993,-0.199024201008624,-0.1128137029632061,-0.07202112739100593,-0.06984273820536539
4994,-0.06297932022321028,-0.2654501506967861,0.08785175017158543,0.06505326609173107
4995,0.0005371370594730087,-0.13162842051863566,0.040553847990212166,0.04364238608218196
4996,-0.13658201784488672,-0.13465727671510844,-0.039091641550535634,-0.03245203067649428
4997,-0.025842260750201424,0.06092029482856375,-0.07563188206857449,-0.07312524245770045
4998,-0.01900868371579481,-0.33133896332547513,0.2045746172898451,0.1933693414102832
4999,-0.31391184984035087,-0.21436244815135325,-0.08194324251738233,-0.08586732714631015
5000,-0.13207603473486318,-0.19156396407149887,-0.08112261645429858,-0.08124198024529257
5001,-0.17712094536122464,-0.25719912864432576,0.0012682402793112706,0.005237086329861836
5002,-0.10902390259914654,0.030407925755721994,-0.10198143893050042,-0.09053743546895049
5003,-0.008952284324550147,-0.21603354122526927,0.1260929247112888,0.1236907284175345
5004,-0.09647578407090208,-0.3469905404195637,0.08794127301483094,0.07712392945599951
5005,-0.1256453104950613,-0.15782877264181908,-0.029587299692638236,-0.030258721016979497
5006,-0.07303571961445494,-0.13180746620512668,-0.03195965503864402,-0.03124347229268001
5007,-0.09708752349974634,-0.09581928322043506,-0.053788308316672126,-0.06302408164483303
5008,-0.06077109008982124,-0.3333532272984989,0.09593864701142905,0.0994151174241294
5009,-0.14444510757661663,-0.30512369072841744,0.03879323207305063,0.0369430933126436
5010,0.02003819641311808,-0.09681895497000984,-0.01587538420220226,-0.00613231476231685
5011,-0.08901554713377695,-0.09437199725463279,-0.05053564501208557,-0.045328399629972246
5012,-0.2105129658917967,-0.0792575572200173,-0.06554564172958133,-0.0639043896034138
5013,-0.02626003401868043,-0.26395810330936104,0.230983856047268,0.24842589000626658
5014,-0.13052430545194113,-0.13534361851332397,-0.07413983468114947,-0.0711557399062994
5015,-0.030512369072841744,-0.09666975023126734,-0.0008355465369580138,-0.0006415803765927604
5016,-0.1967115275581152,-0.10875533406941003,-0.12073647459043298,-0.12701799409149234
5017,-0.08336068753543611,-0.12333263704455251,-0.03998686998299065,-0.03734594610724836
5018,-0.10004177732684788,-0.2196293754289636,-0.01874011518605831,-0.020127719256363582
5019,-0.12595864044642055,-0.17898600459550593,-0.03331741816120079,-0.0303780848079735
5020,-0.3009907194652502,-0.24663543314135652,-0.03075109665482975,-0.027767001879979703
5021,-0.12136313449315148,0.035212318343230575,-0.11390289755602637,-0.10393602100802721
5022,-0.019829309778878573,-0.09287994986720778,0.07266270776759869,0.06130822714929425
5023,-0.15363611948315478,-0.06763450807197635,-0.06294947927546178,-0.05554892423383366
5024,-0.13243412610784516,-0.3907373698188654,0.15166661693175373,0.14798125988481392
5025,-0.11497717167497239,-0.17765808242069764,0.050699770224702324,0.04391095461191847
5026,0.13041986213482137,-0.15363611948315478,0.14926442063799944,0.15727671510847183
5027,-0.08046611560383156,0.0368535704693981,-0.04810360777058279,-0.058398734743815454
5028,-0.1438781295693951,-0.2237026647966339,0.08195816299125659,0.0706782847423234
5029,0.021112470532064095,-0.16352839366178265,0.16642296559338723,0.16200650532660918
5030,-0.04434364835427172,-0.027767001879979703,-0.01650204410492077,-0.011115753036316433
5031,-0.03752499179373936,-0.04323953328757721,-0.00365551609919131,0.0011190355405687683
5032,0.023007370714093874,-0.19123571364626538,0.09287994986720778,0.09680403449613557
5033,-0.11564859299931365,-0.21361642445764076,-0.0054907343857240895,0.0056996210199635935
5034,-0.09331264360956103,-0.17130196055026706,0.04975978037062457,0.052341022350869855
5035,-0.05144579391841484,-0.16872071857002177,0.07005162483960489,0.07636298528841275
5036,-0.15927605860762137,-0.25634866163349346,0.04404523887678673,0.04406015935066097
5037,-0.06184536420876725,-0.2244337680164722,0.10814359464056578,0.107084240995494
5038,0.06739578048998836,-0.3138969293664766,0.20311241085016857,0.2028886037420548
5039,-0.026051147384440927,-0.21658559875861652,-0.0009698308018262658,-0.00035809137298200585
5040,-0.08388290412103487,-0.027155262451135444,-0.03753991226761361,-0.02866223031243472
5041,0.04218017964250544,-0.060159350660976975,0.12257169287696576,0.12343708036167228
5042,-0.2028886037420548,-0.2064098355763779,0.05471337769687565,0.05254990898510936
5043,-0.10083256244218315,-0.21281071886843123,-0.019680105040136075,-0.016725851213034524
5044,-0.1690638894691295,-0.2690310644266061,0.062039330369132506,0.062367580794366016
5045,-0.19756199456894746,-0.059860941183491986,-0.057563188206857435,-0.051192145862552586
5046,-0.16991435647996178,-0.12373548983915728,-0.053579421682432626,-0.062099012264629515
5047,0.024215929097908144,-0.09938527647638087,0.16322998418429766,0.16409537166900418
5048,-0.19114619080301987,-0.09514786189609381,-0.06932052161976664,-0.07330428814419145
5049,0.006221837605562352,-0.16342395034466292,0.08715048789949567,0.08944824087613022
5050,-0.17561397749992536,-0.17154068813225506,-0.11027722240458354,-0.10157858613589567
5051,-0.10954611918474529,0.005102802064993584,-0.051371191549043585,-0.051729282922025596
5052,-0.06086061293306675,0.02745367192862045,0.007430395989376622,0.0056996210199635935
5053,-0.09934051505475812,-0.20578317567365936,0.06268091074572528,0.0637850258124198
5054,-0.05240070424636685,-0.21318373071528746,0.1128435439109546,0.10344364537017693
5055,-0.2023216257348333,-0.3043925875085792,0.008653874847065141,0.006177076183939601
5056,0.05671272119602517,-0.11060547282981704,0.1348810838232222,0.1344633105547432
5057,-0.1293903494374981,-0.1412073647459043,-0.06958909014950314,-0.06208409179075527
5058,-0.0916713914833935,0.034302169436901314,-0.11854316493091818,-0.11773745934170868
5059,-0.12507833248783978,0.02816985467458446,-0.1424457640774671,-0.1434901972486646
5060,-0.20825997433678492,-0.21686908776222727,0.0030139357225985493,0.0027453671928620448
5061,-0.026513682074542685,-0.1739279639521351,0.13702963206111424,0.139521351198114
5062,-0.003178060935215302,-0.09550595326907581,-0.039211005341529645,-0.03627167198830235
5063,-0.19010175763182235,-0.24193548387096772,-0.060457760138461984,-0.06060696487720449
5064,-0.13583599415117423,-0.11954283668049295,-0.12542150338694755,-0.12616752708066006
5065,-0.019441377458148067,-0.14584763212079613,0.09055235594282474,0.0948792933663573
5066,-0.12093044075079822,-0.3214616096207215,-0.034108203276536055,-0.03770403748023037
5067,-0.2516636328369789,-0.31425502073945866,-0.039225925815403885,-0.03463041986213482
5068,-0.17700158157023063,-0.02585718122407567,-0.15560562203455577,-0.15562054250843002
5069,-0.022753722658231623,-0.08715048789949567,-0.007728805466861626,-0.009564023753394407
5070,-0.15153233266688548,-0.22777595416430424,0.07058876189907791,0.07464713079287398
5071,-0.05684700546089343,-0.054832741487869645,0.012115424785891197,0.007251350302885619
5072,-0.12919638327713284,-0.1496075915371072,-0.02964698158813523,-0.02372355346005789
5073,-0.014159529706663482,-0.23720569365283037,0.10423443048551222,0.1044731580675002
5074,0.024708304735758402,0.06512786846110231,-0.01095162782369968,-0.0055802572289695915
5075,0.11633493479752915,0.023947360568171643,0.013249380800334217,0.013055414639968963
5076,-0.05144579391841484,-0.21907731789561635,0.12166154397063648,0.11094864372892481
5077,-0.1912953955417624,-0.12173614634000776,-0.10004177732684788,-0.10851660648742202
5078,-0.1407000686341798,-0.2055593685655456,0.03246695115036853,0.03509295455223658
5079,-0.10153382471427293,-0.3607770582793709,0.14226671839097607,0.14450478947211362
5080,-0.11042642714332607,-0.24201008624033896,0.03873355017755364,0.041165587419056425
5081,-0.0019844230252752827,-0.1384769180269165,0.09966876547999162,0.10178747277013515
5082,-0.1439378114648921,-0.2720450001492047,0.010712900241711676,0.024812748052878152
5083,-0.0028050490883590458,-0.26242129450031326,0.11561875205156515,0.10551759123869772
5084,0.11876697203903194,-0.229372444868849,0.2736265703798752,0.28477216436394015
5085,-0.07712392945599951,-0.11987108710572646,-0.0007758646414610126,-0.0017158544955387781
5086,-0.17894124317388316,-0.0008355465369580138,-0.14653397391901166,-0.14795141893706543
5087,-0.20866282713138964,0.010295126973232668,-0.20072513503028855,-0.20436573065560557
5088,-0.06645579063591059,-0.305690668735639,0.13907373698188652,0.13946166930261703
5089,-0.01784488675360329,-0.018665512816687053,-0.10068335770344064,-0.10147414281877593
5090,-0.1714959267106323,0.11339560144430184,-0.2489928680134881,-0.25005222165855984
5091,-0.11827459640118167,-0.08715048789949567,-0.007952612574975381,-0.024812748052878152
5092,-0.20524603861418636,-0.15069678612992748,-0.05395243352928888,-0.055772731341947414
5093,-0.12694339172212107,-0.07217033212974842,-0.07149891080540716,-0.06730625764674285
5094,-0.17901584554325445,-0.06205425084300676,-0.10362269105666795,-0.09514786189609381
5095,-0.3015875384202202,-0.2513801438333681,-0.1539196084867655,-0.16618423801139923
5096,-0.16212586911760313,-0.06327772970069528,-0.03815165169645787,-0.04444809167139148
5097,-0.06935036256751513,-0.14207275223061083,0.012533198054370205,0.012577959475992955
5098,0.05402703589866013,0.13882008892602427,-0.06271075169347377,-0.058353973322192706
5099,-0.1927277610336904,-0.01087702545432843,-0.16152905016263314,-0.16220047148697442
5100,-0.0732595267225687,-0.2518874399450926,-0.013876040703052726,-0.013398585539076718
5101,-0.17495747664945835,-0.3681030109516278,0.002685685297365044,0.00367043657306556
5102,-0.19614454955089372,-0.2364447494852436,0.00799737399659813,0.014980155769747244
5103,-0.09571483990331532,-0.06332249112231804,-0.08452448449762762,-0.08809047775357345
5104,-0.15409865417325652,-0.10620393303691322,-0.02017248067798633,-0.01651696457879502
5105,-0.16106651547253137,-0.050043269374235325,-0.10644266061890124,-0.10323475873593745
5106,-0.06379994628629404,-0.18986303004983435,0.02209722180776461,0.020053116886992326
5107,-0.07187192265226343,0.05259467040673211,-0.11533526304795438,-0.13623884694577898
5108,0.03516755692160783,-0.038271015487451876,0.05101310017606158,0.04831249440482229
5109,-0.06917131688102413,-0.06436692429351555,-0.03404852138103906,-0.028527946047566467
5110,-0.17855331085315268,-0.0005371370594730087,-0.15184566261824473,-0.15015964907045443
5111,-0.08462892781474739,-0.015338247142729251,-0.06430724239801855,-0.07103637611530542
5112,-0.12976336128435437,-0.25634866163349346,0.12312375041031302,0.12285518188057651
5113,-0.1462803258631494,-0.15297961863268777,-0.008071976365969381,-0.011712571991286442
5114,-0.02572289695920742,-0.20643967652412637,0.06102473814568349,0.05975649786637222
5115,-0.1012652561845364,-0.0009996717495747663,-0.09425263346363881,-0.0797350123839933
5116,0.06366566202142579,-0.2858016770612634,0.23226701680045356,0.23171495926710628
5117,-0.0802124675479693,-0.18926621109486433,0.020978186267195845,0.032079018829638026
5118,-0.04138939452717018,-0.22801468174629225,0.12002029184446897,0.12619736802840859
5119,-0.03016919817373399,-0.2770881203187013,0.1131121124406911,0.11203783832174508
5120,-0.18914684730387035,-0.05938348601951597,-0.08962728656262121,-0.09147742532302823
5121,-0.0399122676136194,-0.17351019068365606,0.10599504640267374,0.10790486705857776
5122,-0.21597385932977226,-0.047685834502103785,-0.10885977738652977,-0.10880009549103278
5123,-0.029706663483632236,-0.23839933156277038,0.09413326967264479,0.09593864701142905
5124,-0.05453433201038465,-0.25321536211990087,0.09990749306197963,0.10557727313419474
5125,-0.2537823401271224,-0.10156366566202142,-0.12161678254901374,-0.12363104652203753
5126,-0.19853182537077374,-0.2802512607800423,0.059308883650144716,0.05833905284831846
5127,-0.15294977768493925,0.13215063710423441,-0.2033063770105338,-0.20473874250246185
5128,-0.2646742860553251,-0.25157410999373336,-0.09447644057175254,-0.09299931365820178
5129,-0.23878726388350094,-0.21876398794425708,-0.04313508997045745,-0.05090865685894184
5130,0.1197368028408582,-0.21219897943958696,0.20909552087374295,0.2132434126107845
5131,-0.017934409596848794,-0.17931425502073942,0.05492226433111515,0.05023723553460058
5132,-0.16224523290859716,-0.3813971531735847,0.10153382471427293,0.10451791948912295
5133,0.019874071200501324,-0.11878189251290619,0.04632807137954701,0.04823789203545104
5134,-0.0894183999283817,-0.10457760138461997,-0.061487272835785256,-0.06190504610426426
5135,0.06830592939631762,-0.23598221479514186,0.1739876458476321,0.18056757482617647
5136,-0.23425143982572882,-0.2699710542806839,-0.0091164095371669,-0.005669780072215092
5137,-0.14071498910805405,-0.20170988630598904,0.10190683656112917,0.10239921219897942
5138,-0.11558891110381665,-0.3608815015964907,0.08986601414460922,0.10415982811614094
5139,-0.04783503924084628,-0.08427083644176538,-0.010608456924591923,-0.014502700605771237
5140,-0.14275909402882633,-0.1352391751962042,-0.024961952791620657,-0.018143296231088298
5141,-0.19820357494554025,-0.033168213422458286,-0.14786189609381992,-0.14751872519471215
5142,0.04528363820834949,-0.12737608546447432,0.14101339858553907,0.13379188923040194
5143,-0.1497567962758497,-0.10717376383873949,-0.07399062994240696,-0.07951120527587956
5144,0.06626182447554534,-0.3064665333771,0.21733162245232904,0.22380710811375365
5145,0.08325624421831636,-0.17262988272507535,0.10757661663334425,0.11257497538121809
5146,-0.09898242368177611,-0.1001014592223449,-0.020873742950076088,-0.01697949926889678
5147,-0.18461102324609824,-0.08118229834979558,-0.07442332368476022,-0.09240249470323177
5148,-0.2407120050132792,-0.20079973739965976,0.002551401032496792,0.004938676852376831
5149,0.06394915102503655,-0.151681537405628,0.09677419354838708,0.10266778072871593
5150,0.016233475575184265,-0.15478499597147202,0.08167467398764583,0.07716869087762226
5151,0.07167795649189818,-0.2164811554414968,0.16064874220405237,0.16446838351586043
5152,-0.06957416967562888,-0.011787174360657694,-0.004595505953269075,-0.004670108322640326
5153,-0.08710572647787292,0.026080988332189428,-0.12933066754200112,-0.12994240697084536
5154,-0.006609769926292858,0.05821968905732445,-0.08671779415714241,-0.08568828145981915
5155,-0.2228969592074244,-0.2552147056190504,0.013846199755304227,0.01848646713019605
5156,-0.16039509414819011,-0.306645579063591,0.1403121363134493,0.12079615648592998
5157,-0.012025901942645698,-0.337053504819313,0.1400435677837128,0.14005848825758704
5158,-0.09935543552863237,0.12367580794366027,-0.10527886365670971,-0.11770761839396018
5159,-0.21883859031362832,-0.22388171048312494,-0.00020888663423950345,-0.00020888663423950345
5160,-0.028587627943063465,-0.13625376741965323,0.076556951448778,0.0783921697353108
5161,-0.08055563844707707,-0.29629077019486133,0.0671122914863776,0.062039330369132506
5162,-0.03612246724955984,-0.22532899644892718,0.04152367879203843,0.04240398675061919
5163,-0.0554146399689654,-0.16294649518068693,0.028677150786308968,0.028602548416937715
5164,0.037032616155889105,0.10965056250186504,-0.012443675211124704,-0.012339231894004953
5165,-0.05335561457431887,-0.09299931365820178,-0.024186088150159647,-0.0274685924024947
5166,-0.2382352063501536,-0.22959625197696273,0.01159320820029244,0.01045925218584942
5167,0.07525887022171822,-0.049580734684133564,0.036525320044164596,0.03552564829458983
5168,0.0017158544955387781,0.08425591596789112,-0.061815523261018766,-0.06724657575124585
5169,-0.25012682402793107,-0.18968398436334338,-0.06918623735489839,-0.06894750977291038
5170,-0.01890424039867506,-0.25248425890006265,0.10524902270896123,0.10436871475038045
5171,0.07488585837486197,-0.0856435200381964,0.047775357345349274,0.0491181999940318
5172,-0.08173435588314283,-0.15735131747784306,-0.016770612634657275,-0.027140341977261194
5173,0.03252663304586553,-0.11002357434872129,0.08077944555519083,0.05528035570409715
5174,-0.2368625227537226,-0.3534660260809883,-0.026095908806063675,-0.01899376324192056
5175,-0.008057055892095131,0.08331592611381336,0.0394646533973919,0.04567157052908
5176,-0.22162871892811314,-0.11309719196681683,-0.15908209244725607,-0.1597684342454716
5177,-0.06779863328459311,-0.10433887380263196,-0.122885022828325,-0.1157530363164334
5178,-0.16715406881322548,-0.30470591745993847,0.04138939452717018,0.0462385485363015
5179,-0.07223001402524544,-0.2489928680134881,0.08656858941839991,0.0696935334666229
5180,0.020411208259974337,-0.049685178001253306,0.022365790337501117,0.023514666825818386
5181,-0.02323117782220763,0.1405807048431858,-0.07603473486317924,-0.08395750649040612
5182,-0.08459908686699888,-0.15217391304347824,-0.0011339560144430186,-0.010190683656112916
5183,-0.08291307331920861,-0.14205783175673659,-0.04708901554713377,-0.0517889648175226
5184,-0.19778580167706122,-0.15065202470830472,-0.05583241323744441,-0.05038644027334308
5185,-0.0402106770911044,-0.03807704932708662,-0.019739786935633073,-0.013562710751693472
5186,-0.0337351914296798,-0.10377189579541043,0.010250365551609918,0.014308734445405983
5187,-0.10183223419175792,-0.029736504431380734,-0.07315508340544895,-0.06885798692966488
5188,-0.02199277849064486,-0.09058219689057323,0.05827937095282145,0.051669601026528594
5189,-0.05566828802482766,-0.181015189042404,0.01914296798066306,0.014980155769747244
5190,-0.18283548685506248,-0.36616334934797523,0.07572140491181999,0.07754170272447852
5191,-0.06891766882516187,-0.3203873355017755,0.12318343230581003,0.11824475545343319
5192,-0.09998209543135088,-0.025528930798842168,-0.02333562113932738,-0.02876667362955447
5193,-0.19533884396168416,-0.21219897943958696,-0.034227567067530065,-0.03155680224403927
5194,0.08964220703649546,-0.17130196055026706,0.12158694160126524,0.11879681298678045
5195,-0.23562412342215985,-0.11251529348572109,-0.12555578765181583,-0.13025573692220463
5196,-0.11160514457939183,-0.2548864551938169,0.09287994986720778,0.08682223747426217
5197,-0.1879830503416788,-0.2305959237265375,-0.05729461967712094,-0.05622034555817492
5198,-0.12989764554922262,-0.28586135895676046,0.04091193936319417,0.045238876786726744
5199,-0.0183820238130763,-0.13010653218346213,0.04030019993434991,0.044716660201127974
5200,-0.06603801736743159,-0.0886723762346692,0.06885798692966488,0.06973829488824564
5201,0.015457610933723252,-0.08022738802184357,0.055265435230222905,0.055534003759959406
5202,-0.11106800751991881,-0.31289725761690185,0.015547133776968754,0.012443675211124704
5203,-0.30127420846886094,-0.15093551371191546,-0.039091641550535634,-0.03401868043329056
5204,-0.08703112410850167,-0.05674256214377368,-0.0653069141475933,-0.06572468741607232
5205,0.01830742144370505,-0.17262988272507535,0.08701620363462743,0.09379009877353703
5206,-0.23705648891408784,-0.3649697114380352,0.032720599206230785,0.03109426755393751
5207,-0.2460982960818835,-0.13215063710423441,-0.13346363880516843,-0.1361493241025335
5208,-0.12685386887887556,-0.06491898182686281,-0.059398406493390225,-0.049580734684133564
5209,-0.2946345975948196,-0.10201127987824893,-0.17309241741517706,-0.17664349019724865
5210,-0.027229864820506693,-0.23599713526901608,0.13637313121064723,0.13884992987377276
5211,0.024812748052878152,-0.2535436125451344,0.18525260362269103,0.1647817134672197
5212,-0.13067351019068363,-0.07791471457133477,-0.08316672137507086,-0.08673271463101667
5213,0.04331413565694846,-0.17997075587120645,0.19790516546805523,0.19177285070573838
5214,-0.11957267762824145,-0.07212557070812567,-0.010727820715585926,-0.010504013607472173
5215,-0.05542956044283966,-0.0396436990838829,-0.014517621079645486,-0.010608456924591923
5216,0.11817015308406192,-0.1302109755005819,0.19023604189669063,0.1879532093939303
5217,-0.07824296499656827,-0.24420339589985374,0.05211721524275611,0.05566828802482766
5218,0.022604517919489118,0.10007161827459637,0.02682701202590194,0.02318641640058488
5219,0.0732296857748202,0.08489749634448389,-0.027901286144847957,-0.03110918802781176
5220,-0.06557548267732982,-0.020993106741070095,-0.04152367879203843,-0.04807376682283429
5221,0.053549580734684125,-0.12839067768792334,0.03668944525678135,0.03466026080988332
5222,-0.18741607233445728,-0.16806421771955476,-0.07596013249380798,-0.051057861597684336
5223,-0.15005520575333472,0.16384172361314195,-0.26148130464623554,-0.26333144340664255
5224,-0.15265136820745426,-0.1661543970636507,0.019232490823908568,0.019635343618513323
5225,-0.16424457640774667,-0.14641461012801762,-0.03548088687296708,-0.03327265673957805
5226,-0.2331174838112858,-0.244636089642207,-0.04088209841544566,-0.04670108322640326
5227,-0.10884485691265554,-0.20988630598907815,0.0520873742950076,0.054802900540121144
5228,-0.16239443764733966,-0.19287696577243288,-0.02069469726358509,-0.022843245501477122
5229,-0.2688669392139894,-0.08604637283280114,-0.20376891170063557,-0.2088567932917549
5230,-0.03852466354331413,-0.13013637313121063,0.022216585598758616,0.028438423204320964
5231,-0.03824117453970338,-0.17583778460803914,0.12449643400674405,0.13016621407895912
5232,-0.022694040762734617,-0.17867267464414668,0.05683208498701918,0.05583241323744441
5233,-0.30642177195547726,-0.04926740473277431,-0.16806421771955476,-0.16431917877711794
5234,-0.11294798722807435,-0.24135358538987192,0.06760466712422786,0.06391931007728804
5235,-0.03761451463698486,-0.0491778818895288,0.060935215302438,0.055727969920324666
5236,0.03491390886574557,0.008713556742562143,0.03815165169645787,0.0277073199844827
5237,0.11723016322998416,-0.1811793142550207,0.2034854226970248,0.2021127391005938
5238,-0.10320491778818895,-0.2684939273671332,0.10832264032705675,0.09383486019515978
5239,-0.027722240458356952,-0.04795440303184028,-0.029915550117871743,-0.04858106293455879
5240,-0.12146757781027123,-0.2071558592700904,0.006296439974933603,0.00613231476231685
5241,-0.05975649786637222,-0.13537345946107246,0.03683864999552385,0.0338247142729253
5242,-0.00793769210110113,-0.288994658470353,0.19912864432574376,0.20447017397272538
5243,-0.01347318790844797,-0.28330995792426367,0.06857449792605412,0.06587389215481483
5244,-0.12312375041031302,-0.1681089791411775,-0.04644743517054101,-0.04507475157410999
5245,-0.10875533406941003,0.02245531318074662,-0.11523081973083464,-0.1107099161469368
5246,-0.046686162752529015,-0.1968905732446062,0.0823162543642386,0.07903375011190354
5247,-0.2042165259168631,-0.1407895914774253,-0.013816358807555726,-0.009951956074124912
5248,-0.10969532392348778,-0.13641789263226997,-0.00422249410641282,-0.0004625346901017576
5249,0.04808868729670854,0.1295395541762406,-0.08486765539673538,-0.08509146250484914
5250,0.011891617677777444,-0.09541643042583031,0.11002357434872129,0.10763629852884125
5251,0.19669660708424097,0.004416460266778072,0.06978305630986838,0.05868222374742621
5252,-0.10787502611082926,-0.17637492166751212,0.09659514786189607,0.1045328399629972
5253,-0.08376354033004088,-0.19057921279579834,0.04406015935066097,0.03607770582793709
5254,-0.04522395631285248,0.04241890722449344,-0.07297603771895794,-0.06438184476738981
5255,-0.1597385932977231,-0.24967920981170358,-0.010742741189460177,-0.012100504312016947
5256,-0.028945719316045473,-0.12688370982662409,0.0645012085583838,0.05656351645728267
5257,-0.08719524932111843,0.08019754707409506,-0.14431082331174835,-0.14169974038375457
5258,-0.13970039688460503,-0.22101697949926885,0.06533675509534181,0.06399391244665929
5259,0.12018441705708571,-0.14353495867028734,0.18134343946763745,0.18011996060994895
5260,0.06356121870430603,-0.13400077586464143,0.076556951448778,0.07494554027035898
5261,-0.2033511384321566,-0.15642624809763958,-0.03800244695771537,-0.027841604249350952
5262,-0.2643161946823431,-0.31395661126197366,-0.02794604756647071,-0.021142311479812596
5263,-0.15106979797678372,-0.24347229268001552,-0.013652233594938973,-0.018023932440094294
5264,-0.1920115782877264,-0.18920652919936734,-0.0485213810390618,-0.05096833875443883
5265,0.01769568201486079,-0.228238488854406,0.08148070782728059,0.09259646086359702
5266,-0.17977678971084118,-0.18998239384082835,-0.024394974784399146,-0.016561726000417772
5267,0.10709916146936825,-0.12161678254901374,0.19775596072931273,0.19862134821401922
5268,-0.03721166184238011,-0.011220196353436183,-0.09301423413207602,-0.09189519859150726
5269,0.015159201456238247,-0.27755065500880305,0.20636507415475513,0.21358658350989226
5270,-0.11075467756855957,-0.03980782429649965,-0.136179165050282,-0.13180746620512668
5271,-0.23431112172122584,-0.076616633344275,-0.17069022112142276,-0.16590074900778848
5272,0.020739458685207837,-0.2160633821730178,0.20009847512757004,0.19736802840858222
5273,-0.09219360806899228,-0.31501596490704536,0.16069350362567514,0.16334934797529166
5274,-0.16861627525290201,-0.15520276923995102,-0.09374533735191429,-0.09987765211423114
5275,-0.23844409298439317,-0.0861209752021724,-0.21230342275670672,-0.2205395243352929
5276,-0.09768434245471636,-0.18762495896869683,0.02990062964399749,0.02563337411596192
5277,-0.1967115275581152,-0.24863477664050607,0.019217570350034317,0.019277252245531316
5278,-0.06809704276207812,-0.014666825818387989,-0.0018501387604070304,-0.001641252126167527
5279,-0.16349855271403418,-0.15063710423443047,-0.011503685357046937,-0.00671421324341261
5280,-0.04964041657963056,-0.27411894601772546,0.10289158783682968,0.10248873504222494
5281,-0.01650204410492077,-0.15369580137865177,0.07506490406135298,0.07803407836232878
5282,-0.21939064784697557,-0.05269911372385186,-0.1290919399600131,-0.1319119095222464
5283,-0.18023932440094295,-0.17039181164393777,-0.09359613261317179,-0.09277550655008802
5284,-0.07173763838739518,-0.016397600787801017,-0.035824057772074834,-0.032123780251260774
5285,-0.22131538897675387,-0.4416012652561845,0.12734624451672583,0.12663006177076183
5286,-0.11214228163886483,-0.18208946316135,-0.010578615976843423,-0.008728477216436393
5287,-0.18137328041538595,-0.38802184357375186,0.06833577034406611,0.05760794962848019
5288,-0.19505535495807344,-0.10780042374145801,-0.0678583151800901,-0.06629166542329383
5289,-0.12066187222106171,-0.2076929963295634,0.011652890095789443,0.014249052549908983
5290,-0.20864790665751543,-0.16579630569066872,-0.06485929993136581,-0.0647697770881203
5291,-0.0821372086777476,-0.13265793321595892,-0.00422249410641282,-0.005684700546089343
5292,-0.023619110142938136,-0.23152099310674107,0.18843066455790633,0.18837098266240934
5293,-0.23231177822207627,-0.08964220703649546,-0.18866939213989434,-0.1929963295634269
5294,-0.06077109008982124,-0.15602339530303477,0.12242248813822326,0.1191399838858882
5295,-0.11581271821193038,-0.3478708483781444,0.1468771448181194,0.14798125988481392
5296,-0.007415475515502371,-0.03482438602250007,0.001641252126167527,0.0011488764883172688
5297,0.03160156366566202,-0.05904031512040822,0.08022738802184357,0.07209572976037718
5298,-0.07020082957834739,-0.17970218734146992,0.0818686401480111,0.08459908686699888
5299,-0.04511951299573274,-0.2071558592700904,0.08935871803288471,0.0994151174241294
5300,-0.10345856584405119,-0.10891945928202677,-0.07643758765778401,-0.0764674286055325
5301,0.07609441675867624,-0.2105428068395452,0.21466085762883827,0.19866610963564202
5302,-0.08197308346513085,-0.15820178448867536,0.1186326877741637,0.11214228163886483
5303,-0.2917101847154665,-0.18558085404792452,-0.10445823759362596,-0.10584584166393123
5304,-0.06344185491331204,-0.2888006923099877,0.12803258631494135,0.12715227835636056
5305,-0.1770165020441049,0.19310077288054664,-0.18370087433976903,-0.18479006893258929
5306,0.044298886932648975,-0.026901614395273186,0.024932111843872153,0.027975888514219206
5307,0.05043120169496583,-0.10116081286741666,0.061711079943899,0.05423592253289964
5308,-0.06459073140162931,-0.10389125958640445,-0.026588284443913937,-0.026424159231297182
5309,-0.07466205126674821,-0.11787174360657691,-0.04411984124615797,-0.039315448658649395
5310,-0.1953686849094327,-0.01882963802930381,-0.09571483990331532,-0.08631494136253767
5311,-0.2996329563426934,-0.20951329414222192,-0.10880009549103278,-0.11818507355793618
5312,0.11567843394706215,-0.17904568649100294,0.25246933842618835,0.25243949747843986
5313,-0.02226134702038136,-0.317791173047656,0.1597385932977231,0.15754528363820836
5314,-0.09705768255199784,-0.30416878040046547,0.05437020679776789,0.051341350601295084
5315,-0.31985019844230245,-0.15345707379666376,-0.21322849213691025,-0.2010683059293963
5316,-0.2632120796156486,-0.08410671122914862,-0.12500373011846855,-0.1310166810897914
5317,-0.06536659604309032,-0.03913640297215839,-0.06327772970069528,-0.060457760138461984
5318,-0.10466712422786546,0.2421742114529557,-0.15208439020023273,-0.152278356360598
5319,-0.35548029005401205,-0.199382292381606,-0.14105816000716181,-0.13632836978902446
5320,-0.11163498552714032,-0.12600340186804332,-0.02206738086001611,-0.019903912148249825
5321,0.0054012115424785885,-0.036152308197308344,0.022291187968129865,0.0182328190743338
5322,-0.13480648145385096,-0.11481304646235563,-0.049342007102145556,-0.0549670257527379
5323,-0.07666139476589776,-0.05683208498701918,-0.014428098236399987,-0.005774223389334844
5324,-0.1154844677866969,-0.2477843096296738,0.00544597296410134,0.0052818477514845865
5325,-0.03640595625317059,-0.24135358538987192,0.15506848497508277,0.15412849512100502
5326,-0.03830085643520037,-0.2137805496702575,0.034078362328787554,0.030780937602578256
5327,0.013353824117453969,0.11736444749485242,-0.10238429172510517,-0.09878845752141087
5328,-0.012040822416519947,-0.23648951090686637,0.09522246426546506,0.10887469786040402
5329,-0.11411178419026587,-0.13315030885380919,-0.000492375637850258,-0.005953269075825847
5330,-0.10311539494494343,-0.1892512906209901,0.07499030169198173,0.07305064008832919
5331,-0.20703649547909642,-0.0889409447644057,-0.1469368267136164,-0.1459222344901674
5332,-0.15475515502372353,-0.14386320909552083,-0.04467189877950523,-0.04922264331115155
5333,-0.2321924144310823,-0.18686401480111006,-0.13607472173316223,-0.1330607860105637
5334,-0.10712900241711674,-0.15327802811017274,-0.04996866700486407,-0.04776043687147503
5335,-0.18792336844618182,-0.08436035928501089,-0.16197666437886066,-0.16169317537524988
5336,0.07876518158216704,-0.19017636000119362,0.14775745277670016,0.14331115156217358
5337,-0.02066485631583659,-0.03725642326400286,0.0151741219301125,-0.011175434931813432
5338,-0.027916206618722204,-0.23346065471039354,0.0783921697353108,0.08015278565247232
5339,-0.3988093461848348,-0.18668496911461904,-0.20458953776371933,-0.2039777983348751
5340,0.0645608904538808,-0.19589090149503144,0.09575960132493808,0.10341380442242844
5341,-0.0886723762346692,0.02078422010683059,-0.021604846169914354,-0.017994091492345793
5342,-0.22707469189221444,-0.09937035600250661,-0.08136134403628659,-0.08197308346513085
5343,0.10210080272149441,-0.055340037599594154,0.13168810241413267,0.12167646444451073
5344,-0.03516755692160783,-0.2702694637581689,0.14857807883978394,0.14305750350631133
5345,-0.16500552057533346,-0.2991555011787174,0.05299752320133687,0.03612246724955984
5346,-0.0038196413118080624,-0.21537704037480226,0.17961266449822444,0.17961266449822444
5347,-0.14284861687207184,-0.14610128017665838,0.005237086329861836,-0.008355465369580137
5348,-0.260496553370535,-0.2112888305332577,-0.13331443406642593,-0.1357763122556772
5349,-0.10891945928202677,-0.23076004893915425,0.03746530989824236,0.028005729461967707
5350,-0.053788308316672126,-0.262346692130942,0.02781176330160245,0.01936677508877682
5351,0.09940019695025513,-0.15603831577690902,0.09349168929605202,0.09364089403479454
5352,-0.05804064337083344,-0.07503506311360447,0.011831935782280444,0.010921786875951179
5353,-0.2292829220256035,-0.1099340515054758,-0.0430008057055892,-0.055175912386977395
5354,-0.3295634269344394,-0.25651278684611023,-0.1299274864969711,-0.12060219032556471
5355,0.06667959774402434,-0.04813344871833128,0.02952761779714123,0.02270896123660887
5356,0.03934528960639789,-0.2582435618155232,0.1739279639521351,0.1672286711825967
5357,-0.028527946047566467,-0.15056250186505923,0.08191340156963384,0.09498373668347705
5358,-0.06661991584852733,-0.17295813315030883,-0.011369401092178686,-0.007579600728119124
5359,-0.261809555071469,-0.1869087762227328,-0.04686520843902001,-0.0553251171257199
5360,-0.1631255408671779,-0.20782728059443162,-0.013905881650801226,-0.0022977529766345377
5361,0.039285607710900894,0.06500850467010832,-0.02685685297365044,-0.03548088687296708
5362,0.057443824415863445,-0.18141804183700874,0.18857986929664883,0.17459938527647634
5363,-0.11000865387484704,-0.12112440691116348,0.04990898510936707,0.049580734684133564
5364,-0.05058040643370833,-0.17724030915221867,0.07778043030646653,0.08377846080391511
5365,-0.08925427471576497,0.03873355017755364,-0.15238279967771776,-0.1560532362507833
5366,0.04370206797767897,-0.015144280982363997,0.04297096475784071,0.049491211840888054
5367,-0.2581391184984035,0.02745367192862045,-0.26169019128047505,-0.25018650592342806
5368,-0.14404225478201185,-0.09107457252842348,-0.06174092089164751,-0.05280355704097162
5369,-0.03219838262063203,-0.1306585897168094,0.11094864372892481,0.12743576735997134
5370,0.008594192951568139,-0.12206439676524125,0.058294291426695705,0.05460893437975589
5371,-0.025514010324967917,0.08333084658768762,-0.061964727999761264,-0.06115902241055175
5372,-0.08342036943093312,0.15221867446510096,-0.061054579093432,-0.062203455581749265
5373,0.0046551878487660755,-0.22189728745784962,0.05766763152397719,0.057861597684342445
5374,0.08635970278416041,-0.19139983885888215,0.17628539882426664,0.17594222792515887
5375,-0.07467697174062247,-0.19405568320849867,0.04695473128226552,0.05471337769687565
5376,-0.10390618006027871,-0.007624362149741874,-0.038673868282056635,-0.03634627435767359
5377,0.061173942884426,-0.11147086031452359,0.15696338515711256,0.1888185968786368
5378,-0.07616901912804751,-0.23930948046909967,0.10765121900271551,0.10727820715585926
5379,-0.0732893676703172,-0.15142788934976573,0.014189370654411983,0.015591895198591504
5380,-0.04734266360299603,-0.15057742233893348,-0.028483184625943715,-0.02875175315568022
5381,-0.008862761481304644,-0.2125123093909462,0.16451314493748317,0.16715406881322548
5382,-0.07830264689206527,0.04068813225508042,-0.08512130345259765,-0.08692668079138191
5383,-0.1435200381964131,0.0182925009698308,-0.1423114798125988,-0.1411178419026588
5384,0.06736593954223985,-0.05710065351675569,0.059696815970875235,0.05890603085553996
5385,0.11053087046044581,-0.1441765390468801,0.18790844797230757,0.18293993017218224
5386,-0.09223836949061502,-0.30657097669421973,0.09899734415565035,0.10356300916117095
5387,-0.05854793948255796,-0.1137984542389066,0.08692668079138191,0.07992897854435856
5388,-0.031616484139536265,-0.18632687774163706,0.06515770940885082,0.06299424069708454
5389,-0.11591716152905016,-0.11784190265882842,0.025290203216854164,0.017591238697741037
5390,-0.005237086329861836,0.05260959088060635,0.007519918832622122,-0.0007012622720897614
5391,0.07063352332070065,-0.1392378621945033,0.12324311420130703,0.12115424785891198
5392,-0.1280773477365641,-0.13626868789352747,-0.01518904240398675,-0.01536808809047775
5393,-0.21716749723971232,-0.009444659962400405,-0.15368088090477752,-0.16907880994300375
5394,-0.03906180060278713,-0.10648742204052399,0.06978305630986838,0.07567664349019725
5395,0.07431888036764048,-0.1035779296350452,0.11351496523529586,0.11543970636507413
5396,0.09435707678075855,-0.2356688848437826,0.18992271194533134,0.1953985258571812
5397,-0.1322401599474799,-0.15200978783086147,0.02454417952314165,0.02346990540419563
5398,-0.13352332070066544,-0.3234460326459968,0.10518934081346422,0.11276894154158333
5399,0.17980663065858965,-0.18279072543343974,0.22537375787054995,0.22798484079854373
5400,-0.08377846080391511,-0.012369072841753452,-0.02032168541672883,-0.031512040822416515
5401,-0.106606785831518,-0.06536659604309032,-0.038211333591954874,-0.03627167198830235
5402,-0.03097490376294351,-0.3282653457073796,0.16057413983468113,0.16039509414819011
5403,-0.0669332457998866,-0.11858792635254092,0.0123243114201307,0.016084270836441764
5404,-0.2391751962042314,-0.21182596759273073,-0.06597833547193457,-0.0672614962251201
5405,-0.13547790277819222,-0.2544090000298409,0.08271910715884336,0.09569991942944107
5406,-0.09180567574826173,-0.11797618692369669,0.0007609441675867626,0.0041478917370415674
5407,-0.04611918474530751,-0.049744859896750315,0.009041807167795646,0.00367043657306556
5408,-0.1818358151054877,-0.2503655516099191,0.003983766524424815,0.0031183790397183012
5409,0.02067977678971084,-0.007878010205604129,-0.017352511115753033,-0.023559428247441134
5410,-0.22271791352093342,-0.12127361164990598,-0.10572647787293722,-0.10530870460445822
5411,-0.06782847423234162,-0.27455163976007874,0.062248217003372026,0.08254006147235235
5412,0.034108203276536055,-0.33175673659395416,0.17855331085315268,0.17894124317388316
5413,0.01787472770135179,-0.3118080630240816,0.1385365999224135,0.12661514129688758
5414,0.010489093133597922,-0.060039986869982985,0.06375518486467129,0.07021575005222165
5415,0.12383993315627703,-0.14545969980006562,0.21067709110441343,0.21175136522335944
5416,-0.13079287398167763,-0.31082331174838107,0.06306884306645578,0.06299424069708454
5417,-0.08168959446152009,-0.09404374682939928,-0.04713377696875652,-0.03501835218286532
5418,0.058100325266330445,-0.08140610545790933,0.1416251380143833,0.13962579451523377
5419,-0.2125123093909462,-0.37438453045268716,0.047148697442630776,0.054221002059025386
5420,-0.20151592014562378,-0.17550953418280563,-0.0427919190713497,-0.05635462982304317
5421,-0.26048163289666076,-0.18320849870191872,-0.13092715824654588,-0.13474679955835395
5422,0.028304138939452713,-0.08752349974635193,0.048029005401211536,0.047193458864253524
5423,-0.13852167944853927,-0.19672644803198946,-0.003909164155053563,0.003789800364059562
5424,-0.00556533675509534,-0.16096207215541164,0.09584912416818356,0.10375697532153619
5425,-0.016248396049058516,-0.12287010235445077,0.034540897018889315,0.029811106800751986
5426,-0.10053415296469816,-0.19250395392557665,0.05381814926442063,0.05669780072215092
5427,-0.07776550983259227,-0.09067171973381873,0.012592879949867205,0.0152338038256095
5428,0.08850825102205245,-0.0916117095878965,0.11726000417773268,0.1122765659037331
5429,-0.166766136492495,-0.20991614693682667,-0.03392915759004505,-0.035585330190086834
5430,-0.36795380621288526,-0.2409507325952672,-0.1892512906209901,-0.19114619080301987
5431,-0.2288651487571245,-0.1553967354003163,-0.10424935095938645,-0.10533854555220672
5432,0.04388111366416997,-0.14578795022529914,0.14793649846319115,0.13834263376204825
5433,-0.1107099161469368,-0.18062725672167346,-0.011548446778669688,-0.019769627883381574
5434,-0.1594103428724896,-0.16054429888693264,-0.055802572289695915,-0.05290800035809136
5435,-0.17130196055026706,-0.02687177344752469,-0.17383844110888957,-0.17783712810718866
5436,0.11300766912357134,0.028304138939452713,0.02645400017904568,0.01717346542926203
5437,-0.10512965891796722,-0.14347527677479036,-0.0789293067947838,-0.06993226104861089
5438,-0.16351347318790843,-0.1765092059323804,-0.06083077198531824,-0.06438184476738981
5439,0.03231774641162603,-0.0886723762346692,0.12604816328966606,0.11678254901375666
5440,-0.07005162483960489,-0.23290859717704632,0.06008474829160573,0.05426576348064814
5441,0.08659843036614841,-0.37727910238429163,0.29709647578407083,0.2879651457730297
5442,-0.04218017964250544,0.02766255856285995,-0.006863417982155113,-0.005744382441586345
5443,-0.20675300647548567,-0.14542985885231713,-0.1492196592163767,-0.1407895914774253
5444,-0.15644116857151383,-0.16357315508340542,-0.02902032168541672,-0.03718182089463161
5445,-0.334785592790427,-0.25854197129300827,-0.12404881979051653,-0.1282265524753066
5446,-0.06700784816925784,-0.11621557100653514,0.02070961773745934,0.021485482378920354
5447,0.0798245352272388,0.0014472859658022736,0.0947002476798663,0.0831518009011966
5448,-0.018561069499567304,0.01890424039867506,-0.07267762824147293,-0.07766106651547251
5449,-0.03231774641162603,-0.10659186535764373,0.07170779743964667,0.07143922890991017
5450,-0.0011488764883172688,-0.05814508668795321,-0.05672764166989942,-0.05539971949509116
5451,-0.03927068723702665,-0.12868908716540836,0.03357106621706305,0.048610903882307294
5452,-0.02808033183133896,-0.1366864611620065,0.03242218972874578,0.0338247142729253
5453,0.03330249768732654,-0.035286920712601824,0.022738802184357372,0.028975560263793977
5454,-0.11170958789651157,-0.2904568649100295,0.0013279221748082716,-0.013905881650801226
5455,-0.061173942884426,-0.06848497508280861,-0.047432186446241524,-0.03710721852526035
5456,-0.14389305004326935,-0.2676882217779236,-0.030288561964727994,-0.030288561964727994
5457,-0.17391304347826086,0.05147563486616334,-0.17221210945659635,-0.17585270508191336
5458,-0.009250693802035151,-0.12685386887887556,0.08618065709766941,0.08483781444898689
5459,-0.1343141058160007,-0.008161499209214882,-0.09256661991584852,-0.09331264360956103
5460,-0.20924472561248544,0.12179582823550474,-0.2172271791352093,-0.2190027155262451
5461,-0.1017427113485124,-0.09945987884575214,-0.01909820655904031,-0.012369072841753452
5462,-0.22947688818596873,-0.2853242218972874,0.07284175345408969,0.08519590582196888
5463,-0.003282504252335054,-0.17946345975948194,0.11854316493091818,0.13043478260869565
5464,0.10833756080093103,0.059980304974485976,-0.029050162633165223,-0.0305571304944645
5465,-0.09335740503118378,-0.0894183999283817,-0.04058368893796066,-0.04868550625167855
5466,-0.1431321058756826,-0.21112470532064093,0.04250843006773894,0.03686849094327235
5467,0.0052818477514845865,0.0490585180985348,-0.10460744233236847,-0.10320491778818895
5468,-0.14742920235146667,-0.03273551968010503,-0.11115753036316432,-0.11256005490734383
5469,-0.13337411596192292,-0.21942048879472412,0.028289218465578463,0.019784548357255825
5470,-0.08607621378054965,-0.036182149145056845,-0.0515203962877861,-0.05028199695622332
5471,-0.1488317268956462,-0.2120945361224672,-0.0338545552206738,-0.03195965503864402
5472,0.14983139864522096,-0.14131180806302407,0.19820357494554025,0.19512995732744468
5473,-0.22344901674077164,-0.1399242039927188,-0.07240905971173643,-0.06351645728268329
5474,-0.14025245441795228,-0.16936229894661453,-0.08788159111933394,-0.08588224762018441
5475,0.05499686670048639,-0.04758139118498403,0.011444003461549937,0.010742741189460177
5476,-0.13353824117453966,-0.1858643430515353,-0.00040285279460475654,-0.0064158037659276055
5477,-0.08682223747426217,-0.11053087046044581,0.021828653278028107,0.024932111843872153
5478,-0.08928411566351346,-0.04340365850019397,-0.051430873444540594,-0.05147563486616334
5479,-0.22858165975351372,-0.05080421354182208,-0.21466085762883827,-0.21446689146847298
5480,-0.20030736176180952,-0.025290203216854164,-0.14158037659276054,-0.14554922264331113
5481,-0.18089582525140993,-0.07701948613887977,-0.07188684312613768,-0.06205425084300676
5482,0.03075109665482975,-0.35692757601981434,0.15712751036972933,0.15506848497508277
5483,-0.09899734415565035,-0.060129509713228474,0.014099847811166482,0.009578944227268656
5484,-0.03552564829458983,-0.23793679687266864,0.09965384500611738,0.10316015636656617
5485,-0.13279221748082717,-0.28120617110799434,0.022813404553728624,0.027140341977261194
5486,-0.05007311032198382,0.059696815970875235,-0.05569812897257616,-0.05542956044283966
5487,-0.1558741905642923,-0.1662737608546447,-0.03170600698278177,-0.012921130375100712
5488,-0.13147921577989313,0.009295455223657902,-0.12464563874548654,-0.12185551013100174
5489,-0.18752051565157704,-0.3425740801527856,0.043120169496583205,0.043657306556056215
5490,-0.13359792307003668,-0.21640655307212556,0.019262331771657065,0.03431708991077556
5491,-0.09080600399868698,-0.22728357852645395,-0.06427740145027004,-0.06377010533854553
5492,-0.2957088717137656,-0.1300617707618394,-0.137850258124198,-0.14692190623974216
5493,-0.00802721494434663,-0.13240428516009667,0.09475992957536329,0.09854972993942286
5494,0.025200680373608664,-0.34206678404106106,0.24948524365133834,0.2477544686819253
5495,-0.092178687595118,-0.351183193578228,0.15759004505983107,0.14998060338396346
5496,-0.06912655545940138,-0.30033421861478315,0.05674256214377368,0.05896571275103696
5497,-0.033093611053087044,-0.12927098564650413,0.07193160454776042,0.07889946584703529
5498,-0.168556593357405,-0.1165587419056429,-0.11224672495598459,-0.11922950672913368
5499,0.0978484676673331,-0.3327414878696547,0.21492942615857474,0.2094386917728507
5500,-0.18825161887141534,-0.12692847124824683,-0.019829309778878573,-0.023887678672674637
5501,0.06542627793858732,-0.10947151681537404,0.042687475754229945,0.0397630628748769
5502,-0.27959475992957533,-0.2849959714720539,-0.08328608516606485,-0.08343528990480736
5503,-0.08095849124168182,-0.366506520247083,0.14132672853689832,0.15184566261824473
5504,-0.06609769926292858,-0.2884127599892572,0.013771597385932975,0.01293605084897496
5505,-0.08242069768135835,-0.27476052639431825,0.14165497896213183,0.14074483005580254
5506,-0.14062546626480857,-0.20691713168810238,0.00974306943988541,0.009534182805645905
5507,-0.07512458595684998,-0.013667154068813223,-0.06478469756199456,-0.07020082957834739
5508,0.008116737787592133,-0.28823371430276623,0.07149891080540716,0.06769418996747335
5509,-0.044716660201127974,0.09410342872489628,-0.11291814628032586,-0.11315687386231385
5510,-0.08009310375697531,-0.11242577064247558,0.03691325236489511,0.03543612545134433
5511,-0.2460386141863865,-0.20402255975649786,-0.0640535943421563,-0.06672435916564709
5512,0.011817015308406191,-0.15723195368684906,0.08152546924890333,0.08589716809405865
5513,0.06036823729521649,-0.10577123929455998,0.15101011608128673,0.15565038345617854
5514,-0.13556742562143773,-0.28333979887201216,0.0897466503536152,0.09185043716988452
5515,-0.18158216704962546,-0.1183044373489302,-0.009220852854286652,-0.008057055892095131
5516,-0.07513950643072423,0.01527856524723225,-0.15156217361463398,-0.14989108054071795
5517,-0.10512965891796722,-0.2787293724448688,0.09216376712124374,0.10699471815224851
5518,-0.0758109277550655,-0.14965235295872995,0.003595834203694309,-0.0019545820775267817
5519,0.1198860075796007,-0.11873713109128345,0.13901405508638953,0.14280385545044907
5520,0.05545940139058816,-0.1762107964548954,0.18535704693981075,0.20455969681597086
5521,-0.07100653516755692,-0.13662677926650948,0.06900719166840738,0.06806720181432963
5522,-0.12422786547700752,-0.371460117573334,0.10950135776312254,0.11684223090925365
5523,0.05495210527886365,-0.09071648115544147,0.17260004177732682,0.17512160186207512
5524,-0.07467697174062247,0.00975798991375966,-0.019888991674375574,-0.027901286144847957
5525,-0.03686849094327235,0.04829757393094804,-0.05293784130583986,-0.056011458923935414
5526,-0.10648742204052399,-0.12160186207513948,-0.040255438512727164,-0.03464534033600907
5527,-0.3180448211035182,-0.22822356838053173,-0.05416132016352838,-0.05902539464653397
5528,-0.0671719733818746,-0.21358658350989226,-0.037032616155889105,-0.034615499388260564
5529,-0.12964399749336036,-0.23462445167258508,0.0549371848049894,0.053295932678821864
5530,-0.06593357405031182,-0.12072155411655873,-0.02811017277908746,-0.02808033183133896
5531,-0.20172480677986332,-0.19359314851839687,-0.02209722180776461,-0.02335054161320163
5532,-0.10412998716839246,-0.27975888514219205,0.06084569245919249,0.04943152994539106
5533,-0.10835248127480528,0.038882754916296135,-0.05875682611679746,-0.05941332696726447
5534,0.11212736116499059,-0.09322312076631555,0.14792157798931693,0.1536211990092805
5535,0.0021187072901435347,0.00547581391184984,-0.017397272537375785,-0.021216913849183845
5536,-0.13870072513503026,-0.11267941869833784,0.03189997314314702,0.02794604756647071
5537,-0.04185192921727194,-0.17355495210527883,0.03539136402972158,0.03366058906030855
5538,-0.06266599027185103,-0.2676583808301751,0.0522365790337501,0.05736922204649218
5539,-0.07449792605413147,-0.17721046820447017,0.09335740503118378,0.11193339500462533
5540,-0.14263973023783233,-0.11564859299931365,-0.17859807227477542,-0.17856823132702693
5541,-0.05319148936170212,-0.2901584554325445,0.2552445465667989,0.2567813553758467
5542,0.019665184566261817,0.15705290800035807,-0.05262451135448062,-0.05059532690758258
5543,-0.10448807854137446,-0.20176956820148603,0.04446301214526573,0.04823789203545104
5544,-0.026916534869147444,-0.16673629554474648,0.1435797200919101,0.14075975052967682
5545,-0.12534690101757628,-0.08080928650293932,0.019292172719405566,0.031168869923308758
5546,-0.023947360568171643,-0.24696368356659004,0.12709259646086357,0.1144549550893736
5547,-0.04625346901017575,-0.12965891796723464,0.010802423084957177,0.01586046372832801
5548,-0.035107875026110826,-0.08182387872638834,0.10832264032705675,0.10381665721703319
5549,-0.048267732983199536,-0.020262003521231833,-0.07643758765778401,-0.07555727969920324
5550,0.09925099221151261,-0.060278714451970986,0.08712064695174718,0.08722509026886693
5551,-0.15036853570469397,-0.0925069380203515,-0.11405210229476886,-0.11206767926949357
5552,-0.1810301095162782,-0.2824744113873056,0.010832264032705676,0.023947360568171643
5553,-0.029990152487242988,0.06960401062337739,-0.07730297514249052,-0.07105129658917966
5554,-0.11327623765330785,-0.09498373668347705,0.024156247202411146,0.028677150786308968
5555,-0.12040822416519947,-0.021157231953686847,-0.08146578735340633,-0.0825549819462266
5556,-0.022634358867237622,0.1013846199755304,-0.15175613977499924,-0.15820178448867536
5557,0.041046223628062414,-0.13156873862313864,0.1397749992539763,0.13889469129539553
5558,-0.15175613977499924,-0.30404941660947143,-0.011175434931813432,0.0007161827459640117
5559,-0.3970487302676733,-0.2754170272447853,-0.12313867088418727,-0.12194503297424725
5560,-0.042911282862343705,-0.22158395750649038,0.0767658380830175,0.07164811554414967
5561,-0.04222494106412819,-0.3692220464921965,0.16618423801139923,0.16679597744024346
5562,0.016710930739160273,-0.16872071857002177,0.11720032228223566,0.1257945152338038
5563,-0.152815493420071,0.06793291754946136,-0.18883351735251108,-0.18498403509295452
5564,-0.09244725612485451,-0.22880546686162748,0.05542956044283966,0.05824953000507295
5565,-0.05001342842648682,-0.04629823043179851,0.014965235295872997,0.012995732744471964
5566,0.0400017904568649,-0.15554594013905879,0.10911342544239204,0.10229476888185966
5567,-0.0455223657903375,0.011175434931813432,-0.024872429948375158,-0.029960311539494487
5568,-0.03395899853779356,-0.14820506699292765,0.031691086508907514,0.03560025066396108
5569,0.16327474560592042,-0.10163826803139266,0.2712691355077437,0.2668825161887141
5570,-0.008474829160574139,-0.14316194682343109,0.1245411954283668,0.12497388917072004
5571,-0.197293426039211,-0.29502252991555006,-0.0008653874847065142,-0.000671421324341261
5572,-0.21921160216048458,-0.090507594521202,-0.1287040076392826,-0.11633493479752915
5573,-0.061546954731282265,-0.14193846796574255,0.0764077467100355,0.09358121213929754
5574,-0.12971859986273163,0.015606815672465756,-0.09459580436274655,-0.09311867744919576
5575,-0.12195995344812148,-0.35656948464683236,0.22070364954790958,0.21985318253707736
5576,-0.09264122228521976,-0.11145593984064933,-0.0893885589806332,-0.07628838291904148
5577,-0.04361254513443347,-0.09635642027990808,-0.03125839276655426,-0.031482199874668014
5578,-0.22189728745784962,-0.1412372056936528,-0.14165497896213183,-0.14575810927755065
5579,0.06960401062337739,0.08355465369580138,-0.021843573751902358,-0.020948345319447344
5580,-0.05235594282474411,0.08116737787592132,-0.10113097191966816,-0.1006385962818179
5581,-0.060935215302438,-0.09432723583301005,-0.0305571304944645,-0.029960311539494487
5582,-0.05571304944645041,-0.230983856047268,0.09441675867625554,0.09590880606368056
5583,0.045790934320074,-0.07576616633344274,0.11799110739757093,0.10590552355942823
5584,-0.09759481961147085,0.008773238638059145,-0.06724657575124585,-0.05975649786637222
5585,-0.10242905314672791,-0.09144758437527974,-0.13106144251141413,-0.12773417683745636
5586,-0.09467040673211781,-0.19818865447166598,0.08125690071916683,0.0823460953119871
5587,-0.05307212557070811,-0.18484975082808627,0.08476321207961564,0.09458088388887229
5588,0.1686461162006505,-0.11584255915967889,0.154307540807496,0.17656888782787739
5589,-0.11270925964608634,-0.11470860314523587,-0.008236101578586135,-0.009638626122765658
5590,0.06280027453671928,-0.04226970248575094,0.051028020649935835,0.04380651129479872
5591,-0.20071021455641427,-0.10371221389991345,-0.07812360120557427,-0.0799737399659813
5592,-0.12774909731133058,-0.21680940586673028,0.03233266688550028,0.03248187162424278
5593,-0.004371698845155322,-0.11882665393452894,0.029303810689027474,0.027737160932231202
5594,-0.06694816627376085,0.002551401032496792,-0.0394944943451404,-0.04210557727313419
5595,-0.06536659604309032,-0.08251022052460386,0.020127719256363582,0.02306705260959088
5596,-0.014875712452627494,-0.3069738294888245,0.10896422070364951,0.10850168601354777
5597,-0.13159857957088714,-0.3281459819163856,0.09207424427799826,0.09244725612485451
5598,-0.27516337918892303,-0.03434693085852406,-0.20934916892960515,-0.23359493897526182
5599,-0.0792575572200173,-0.10251857598997342,0.0030139357225985493,0.00040285279460475654
5600,0.03264599683685953,0.00044761421622750735,0.003178060935215302,0.022425472232998116
5601,0.01833726239145355,-0.09346184834830353,0.05313180746620512,0.048327414878696545
5602,-0.16839246814478825,-0.029721583957506487,-0.05669780072215092,-0.05872698516904896
5603,0.03903195965503864,-0.27993793082868307,0.2353704753662976,0.23390826892662106
5604,-0.12240756766434902,-0.21203485422697022,-0.007833248783981379,-0.006460565187550356
5605,-0.11200799737399657,-0.17694189967473364,-0.04030019993434991,-0.04091193936319417
5606,-0.23654919280236333,-0.27722240458356956,0.015442690459849003,0.035242159290979076
5607,0.10611441019366773,0.026603204917788188,0.0973411715556086,0.0947002476798663
5608,0.13929754409000028,-0.0543403658500194,0.12940526991137238,0.13201635283936616
5609,-0.03782340127122437,-0.19205633970934916,0.03254155351973978,0.03248187162424278
5610,-0.30683954522395623,-0.035719614454955084,-0.21642147354599978,-0.22692548715347197
5611,-0.21349706066664673,-0.1106203933036913,-0.07449792605413147,-0.07428903941989197
5612,-0.011100832562442183,-0.17283876935931483,0.06993226104861089,0.07957088717137656
5613,-0.17624063740264387,-0.27410402554385127,0.07825788547044253,0.08470353018411862
5614,0.16967562889797377,0.020635015368088087,0.16261824475545342,0.16366267792665093
5615,0.10347348631792544,-0.08947808182387872,0.12085583838142698,0.12415326310763629
5616,-0.0792873981677658,-0.25627405926412217,0.04156844021366118,0.043120169496583205
5617,-0.4059114917489779,-0.17595714839903315,-0.23438572409059708,-0.2409507325952672
5618,0.00544597296410134,-0.3356957416967562,0.2281340455372862,0.22488138223269968
5619,-0.11588732058130165,-0.012652561845364207,-0.0488496314642953,-0.049715018949001814
5620,-0.12440691116349853,-0.2626898630300498,0.038987198233415885,0.036495479096416095
5621,-0.14595207543791588,0.03930052818477515,-0.1434901972486646,-0.13594043746829396
5622,-0.09282026797171077,-0.010697979767837425,-0.0699621019963594,-0.06863417982155112
5623,0.014995076243621494,0.0021187072901435347,0.008638954373190892,0.01766584106711229
5624,-0.056384470770791666,-0.1589030467607651,0.06466533377100056,0.03330249768732654
5625,-0.24268150756468024,-0.06324788875294678,-0.24635194413774578,-0.24256214377368623
5626,-0.0979081495628301,0.03943481244964339,-0.08522574676971739,-0.09475992957536329
5627,-0.3347706723165527,-0.19308585240667242,-0.13204619378711466,-0.122288203873355
5628,0.057891438632090945,-0.1343737877114977,0.11708095849124166,0.12101996359404371
5629,-0.04222494106412819,-0.21643639401987402,0.07834740831368803,0.07425919847214348
5630,-0.15866431917877707,-0.16661693175375247,-0.05875682611679746,-0.05941332696726447
5631,-0.07831756736593953,-0.07776550983259227,-0.004804392587508579,-0.005147563486616334
5632,-0.09537166900420757,-0.37969621915192014,0.21795828235504755,0.21918176121273608
5633,0.00856435200381964,-0.033899316642296555,-0.003834561785682313,0.009041807167795646
5634,-0.03539136402972158,-0.22388171048312494,0.006729133717286861,0.006579928978544357
5635,-0.03654024051803885,-0.1282862343708036,0.07163319507027542,0.07117066038017367
5636,-0.04758139118498403,-0.21695861060547278,0.10921786875951178,0.10163826803139266
5637,-0.053057205096833863,-0.13701471158724,0.05938348601951597,0.08334576706156187
5638,-0.18547641073080479,-0.05299752320133687,-0.11720032228223566,-0.1131121124406911
5639,0.01113067351019068,-0.14695174718749066,0.06720181432962309,0.07546775685595773
5640,0.04443317119751723,-0.06835069081794036,0.016039509414819013,0.021828653278028107
5641,-0.1250484915400913,-0.42738205365402393,0.19310077288054664,0.1965026409238757
5642,-0.05723493778162393,-0.15329294858404702,0.09562531706006983,0.10187699561338066
5643,-0.09837068425293187,-0.10459252185849421,0.01894900182029781,0.01836710333920205
5644,-0.10830771985318252,-0.3709677419354838,0.07276715108471844,0.07434872131538897
5645,0.0027006057712392942,-0.04334397660469696,-0.019575661723016318,-0.016964578795022524
5646,-0.24791859389454204,-0.12002029184446897,-0.17735967294321264,-0.1805228134045537
5647,-0.05007311032198382,-0.0970726030258721,-0.019292172719405566,-0.02187341469965086
5648,-0.03286980394497328,-0.003595834203694309,0.000552057533347259,-0.0004625346901017576
5649,-0.11778222076333142,-0.07479633553161648,-0.13359792307003668,-0.121930112500373
5650,-0.2388469457789979,-0.25136522335949385,-0.05766763152397719,-0.06208409179075527
5651,-0.13025573692220463,-0.08474829160574138,-0.04653695801378651,-0.038569424964936885
5652,-0.04544776342096624,0.04670108322640326,-0.10885977738652977,-0.09943003789800363
5653,-0.05156515770940884,-0.1434006744054191,0.005908507654203096,0.0016561726000417771
5654,-0.10979976724060754,-0.12910686043388736,0.04297096475784071,0.04604458237593625
5655,-0.08174927635701709,-0.2543493181343439,0.0008803079585807643,0.00011936379099400195
5656,-0.08609113425442391,-0.06457581092775505,-0.027125421503386943,-0.033392020530572046
5657,-0.20917012324311415,-0.2128256393423055,-0.02623019307093193,-0.020396287786100083
5658,-0.036092626301811336,-0.19063889469129536,0.029915550117871743,0.0303780848079735
5659,-0.08058547939482556,-0.12674942556175584,-0.016218555101310015,-0.014487780131896989
5660,-0.19211602160484614,0.030885380919698006,-0.17741935483870963,-0.1815672465757512
5661,0.11079943899018233,-0.14311718540180834,0.15721703321297484,0.15387484706514276
5662,-0.2779535078034078,-0.2995135925516994,-0.08956760466712423,-0.08791143206708243
5663,-0.19499567306257642,-0.16636328369789022,0.05929396317627046,0.06014443018710273
5664,0.009608785175017159,0.05077437259407358,-0.024872429948375158,-0.027095580555638443
5665,0.052743875145474614,-0.20179940914923453,0.10617409208916473,0.1099042105577273
5666,-0.1881322550804213,-0.11933395004625347,-0.09094028826355523,-0.08801587538420218
5667,-0.17670317209274564,0.00487899495687983,-0.1781504580585479,-0.17798633284593116
5668,-0.07660171287040074,-0.1306287487690609,0.054056876846408634,0.05292292083196561
5669,0.05987586165736623,-0.30339291575900446,0.2350422249410641,0.24069708453940494
5670,-0.04574617289845124,-0.3589866014144608,0.15051774044343644,0.15726179463459758
5671,0.09265614275909402,0.10245889409447641,-0.016218555101310015,-0.016636328369789025
5672,-0.1498761600668437,-0.21488466473695203,-0.0338247142729253,-0.04432872788039747
5673,-0.0584136552176897,-0.11303751007131983,-0.007057384142520366,-0.003237742830712303
5674,-0.1546805526543523,0.003745038942436811,-0.18965414341559486,-0.18974366625884034
5675,-0.26324192056339707,0.04835725582644504,-0.2057085733042881,-0.21701829250096982
5676,-0.01593506609769926,0.04391095461191847,-0.014353495867028733,-0.0051923249082390845
5677,0.07755662319835277,-0.17018292500969828,0.15578466772104682,0.1527259705768255
5678,0.051326430127420844,-0.23783235355554888,0.17813553758467365,0.17304765599355434
5679,-0.23556444152666284,0.05093849780669033,-0.21730178150458052,-0.20779743964668315
5680,-0.27781922353853955,-0.11808063024081644,-0.08835904628330994,-0.08597177046342991
5681,-0.0486705857778043,-0.1276595744680851,0.00026856852973650434,-0.005804064337083344
5682,-0.06881322550804213,-0.14055086389543728,0.005416132016352838,0.01605442988869326
5683,-0.21381039061800597,-0.151741219301125,-0.07479633553161648,-0.06656023395303035
5684,-0.08031691086508906,-0.08661335084002267,-0.06391931007728804,-0.06578436931156932
5685,-0.05854793948255796,-0.182626600220823,0.0060875533406941,0.0003431708991077556
5686,0.003416788517203306,-0.28642833696398196,0.1439974933603891,0.14599683685953863
5687,-0.049655337053504806,-0.15206946972635849,0.06214377368625226,0.06926083972426963
5688,-0.22864134164901073,-0.08618065709766941,-0.15918653576437589,-0.15912685386887884
5689,-0.00040285279460475654,-0.07792963504520903,0.022231506072632867,0.029050162633165223
5690,-0.014428098236399987,-0.0797051714362448,0.04331413565694846,0.019680105040136075
5691,-0.028229536570081464,-0.1357763122556772,0.020575333472591082,0.01891916087254931
5692,-0.10192175703500342,0.027229864820506693,-0.06614246068455133,-0.06253170600698277
5693,0.06060696487720449,-0.02066485631583659,0.051490555340037596,0.048267732983199536
5694,-0.08279370952821459,-0.053668944525678136,-0.09917638984214137,-0.08664319178777118
5695,-0.026200352123183425,-0.15981319566709437,0.019336934141028318,0.019739786935633073
5696,-0.0886126943391722,-0.1113067351019068,0.07148399033153291,0.07163319507027542
5697,-0.09111933395004623,-0.12916654232938435,0.04079257557220017,0.04334397660469696
5698,-0.06985765867923964,-0.1498164781713467,0.014308734445405983,0.012533198054370205
5699,-0.0825549819462266,-0.20154576109337233,0.0057891438632090945,0.024305451941153647
5700,0.08040643370833456,-0.10111605144579391,0.11775237981558292,0.11690191280475065
5701,0.01787472770135179,-0.22213601503983763,0.12407866073826501,0.12401897884276802
5702,-0.1879830503416788,-0.16446838351586043,-0.014428098236399987,-0.024051803885291396
5703,-0.1632896660797947,-0.38561964727999753,0.026304795440303175,0.025707976485333173
5704,0.022112142281638863,-0.22528423502730446,0.21334785592790423,0.21473545999820953
5705,-0.12971859986273163,-0.2853242218972874,-0.006863417982155113,0.0007012622720897614
5706,0.06409835576377905,-0.049953746530989815,0.0727522306108442,0.06587389215481483
5707,0.14899585210826294,-0.07415475515502372,0.1191399838858882,0.10647250156664974
5708,0.024007042463668644,-0.14772761182895167,0.1325982513204619,0.13398585539076718
5709,-0.13004685028796514,-0.32844439139387066,0.019277252245531316,0.008295783474083135
5710,0.07554235922532898,-0.2108412163170302,0.14017785204858102,0.13320999074930617
5711,-0.0520873742950076,-0.10392110053415295,-0.0304377667034705,-0.027513353824117452
5712,0.08136134403628659,-0.24987317597206882,0.15858971680940584,0.16009668467070512
5713,-0.07573632538569423,0.18328310107129,-0.15206946972635849,-0.1752111247053206
5714,-0.18511831935782277,-0.02682701202590194,-0.12551102623019306,-0.12737608546447432
5715,-0.0671122914863776,0.0007907851153352629,-0.12345200083554653,-0.1236907284175345
5716,-0.2057533347259109,-0.04432872788039747,-0.13438870818537194,-0.13009161170958788
5717,-0.15309898242368178,-0.10295126973232668,-0.076198860075796,-0.08333084658768762
5718,-0.04118050789293067,0.04513443346960699,-0.009534182805645905,-0.025693056011458916
5719,-0.1748231923845901,0.08389782459490912,-0.1530840619498075,-0.15112947987228073
5720,-0.20245590999970156,-0.047700754975978026,-0.0464175942227925,-0.04771567544985228
5721,-0.09880337799528513,-0.09097012921130374,-0.014278893497657486,-0.02834890036107546
5722,-0.033287577213452296,-0.04859598340843304,0.033063770105338536,0.027990808988093457
5723,0.0307361761809555,-0.0553549580734684,0.045507445316463245,0.03900211870729014
5724,0.09911670794664437,0.030019993434991493,0.12418310405538478,0.121751066813882
5725,-0.19705469845722295,0.038271015487451876,-0.17453970338097935,-0.17668825161887136
5726,-0.10562203455581748,-0.24256214377368623,0.09896750320790187,0.09495389573572857
5727,-0.15914177434275312,-0.2056488914087911,-0.039315448658649395,-0.04419444361552922
5728,-0.13271761511145594,-0.10462236280624272,0.01787472770135179,0.018650592342812806
5729,-0.07878010205604129,-0.1264510160842708,0.0049237563785025805,0.008355465369580137
5730,0.05369878547342662,0.06280027453671928,0.010131001760615916,0.008042135418220882
5731,0.04156844021366118,-0.16278236996807016,0.16102175405090866,0.1466682581838799
5732,0.04638775327504401,-0.17449494195935658,0.075661723016323,0.07836232878756227
5733,-0.041046223628062414,-0.25032079018829634,0.09747545582047684,0.09064187878607023
5734,-0.1747336695413446,-0.2972755214705619,0.042657634806481444,0.040762734624451666
5735,-0.09910178747277013,-0.13956611261973675,-0.012950971322849211,-0.015353167616603502
5736,-0.054758139118498396,-0.035182477395482074,-0.09643102264927933,-0.0955954761123213
5737,-0.3200143236549192,0.02085882247620184,-0.30139357225985497,-0.2957536331353884
5738,-0.0793470800632628,-0.11245561159022409,0.02984094774850049,0.02924412879353048
5739,-0.05232610187699561,0.07066336426844916,-0.14541493837844288,-0.14490764226671837
5740,-0.1572021127391006,-0.28568231327026944,0.02628987496642893,0.020366446838351582
5741,-0.1939810808391274,-0.12965891796723464,-0.09613261317179432,-0.09829608188356061
5742,-0.14128196711527555,-0.3897824594909134,0.10618901256303899,0.10475664707111096
5743,0.015666497567962758,-0.2886514875712452,0.11253021395959535,0.10424935095938645
5744,0.10563695502969174,-0.07716869087762226,0.1129629077019486,0.1097251648712363
5745,-0.1753006475485661,-0.38609710244397355,0.1785383903792784,0.185730058786667
5746,0.0792575572200173,0.11937871146787621,0.02191817612127361,0.02193309659514786
5747,-0.19022112142281639,-0.061755841365521764,-0.057682551997851446,-0.06248694458536002
5748,0.16861627525290201,-0.0548775029094924,0.12389961505177403,0.13192682999612065
5749,0.03794276506221837,-0.016949658321148278,-0.009713228492136908,-0.006938020351526363
5750,-0.07406523231177821,-0.33427829667870246,0.16439378114648917,0.15638148667601678
5751,-0.06697800722150934,0.08773238638059144,-0.16612455611590224,-0.16115603831577688
5752,-0.07064844379457491,-0.14275909402882633,0.06394915102503655,0.0678881561278386
5753,-0.1652591686311957,-0.08658350989227416,-0.059786338814120724,-0.04699949270388827
5754,-0.20015815702306702,-0.1615141296887589,-0.13540330040882095,-0.1356867894124317
5755,-0.06966369251887439,-0.059607293127629725,-0.039151323446032636,-0.039106562024409895
5756,-0.14047626152606604,-0.13273253558533016,0.017352511115753033,0.0183820238130763
5757,-0.018516308077944552,-0.15538181492644207,0.12116916833278624,0.12712243740861207
5758,-0.22018143296231085,-0.08883650144728596,-0.1102921428784578,-0.12363104652203753
5759,-0.22846229596251977,-0.10371221389991345,-0.09252185849422576,-0.077631225567724
5760,-0.10260809883321893,-0.15241264062546625,0.0032079018829638027,0.004580585479394825
5761,-0.04397063650741547,-0.32065590403151195,0.20099370356002502,0.19954641759422279
5762,-0.1399242039927188,-0.21082629584315596,-0.05710065351675569,-0.05917459938527647
5763,-0.15550117871743604,-0.0729312762973352,-0.10196651845662616,-0.10032526633045864
5764,-0.14872728357852644,-0.010668138820088923,-0.138984214138641,-0.13946166930261703
5765,0.009728148966011159,-0.09686371639163258,0.08103309361105307,0.0796454895407478
5766,-0.16794485392856076,-0.20681268837098266,-0.05757810868073168,-0.05616066366267792
5767,-0.05080421354182208,-0.20797648533317414,0.10721852526036225,0.10468204470173971
5768,0.14710095192623315,-0.1553967354003163,0.22941720629047174,0.21955477305959234
5769,-0.07100653516755692,0.09044791262570497,-0.1458028706991734,-0.14584763212079613
5770,-0.12586911760317507,-0.10077288054668616,0.003461549938826057,0.005863746232580345
5771,-0.08197308346513085,-0.2343409626689743,0.04664140133090626,0.0398525857181224
5772,0.016322998418429765,-0.14011817015308403,0.1134702038136731,0.11063531377756555
5773,0.04033004088209841,-0.15790337501119034,0.08245053862910685,0.07455760794962847
5774,0.03474978365312882,-0.24430783921697352,0.08667303273551967,0.09696815970875232
5775,0.2552296260929247,-0.11887141535615169,0.24483005580257225,0.2446062486944585
5776,-0.08506162155710065,-0.15571006535167553,-0.0027901286144847957,0.006594849452418608
5777,0.019187729402285813,-0.20699173405747362,0.19666676613649245,0.20176956820148603
5778,-0.21931604547760433,-0.13773089433320398,-0.048029005401211536,-0.047999164453463035
5779,-0.14374384530452686,-0.08919459282026797,-0.09729641013398582,-0.09922115126376413
5780,-0.12482468443197756,-0.2950374503894243,-0.022574676971740617,-0.01398048402017248
5781,0.045716331950702745,-0.24468085106382975,0.18695353764435554,0.18526752409656527
5782,-0.16900420757363252,-0.16866103667452476,-0.009728148966011159,-0.012100504312016947
5783,0.004312016949658321,-0.10966548297573929,0.0900152188833517,0.07563188206857449
5784,0.08812031870132193,-0.23853361582763866,0.16064874220405237,0.15772432932469932
5785,-0.1254961057563188,-0.33047357584076864,0.06642594968816208,0.060010145922234484
5786,-0.090925367789681,-0.0579660410014622,-0.08994061651398047,-0.10974008534511055
5787,-0.17097371012503354,0.004043448419921816,-0.1035480886872967,-0.10356300916117095
5788,0.029184446898033477,-0.2882933961982632,0.15223359493897523,0.15223359493897523
5789,-0.18635671868938553,-0.09537166900420757,-0.1291516218555101,-0.13447823102861745
5790,-0.06039807824296499,-0.043478260869565216,0.03704753662976336,0.03610754677568559
5791,-0.0367342066784041,-0.2913371728686103,0.07121542180179642,0.06988749962698815
5792,0.10074303959893764,-0.08917967234639372,0.20336605890603082,0.19927784906448626
5793,-0.2388469457789979,-0.034332010384649815,-0.22764166989943596,-0.23037211661842374
5794,-0.27993793082868307,-0.19636835665900745,-0.06542627793858732,-0.06266599027185103
5795,-0.051594998657157345,-0.1646325087284772,0.057951120527587954,0.055175912386977395
5796,-0.08755334069410044,-0.1885947897705231,0.01580078183283101,0.01471158724001074
5797,-0.03428724896302706,-0.19365283041389392,0.08953776371937572,0.09578944227268657
5798,-0.10584584166393123,-0.04811852824445703,-0.0522664199814986,-0.04711885649488227
5799,-0.14929426158574796,-0.08956760466712423,-0.10222016651248843,-0.11561875205156515
5800,-0.09868401420429111,-0.14214735459998207,-0.016278236996807013,-0.024469577153770402
5801,0.02193309659514786,-0.24371102026200347,0.20930440750798243,0.20430604876010858
5802,0.0005818984810957594,-0.19833785921040847,0.06018919160872548,0.05726477872937244
5803,-0.11150070126227207,-0.21340753782340122,0.049819462266121564,0.04980454179224732
5804,-0.08167467398764583,-0.0015517292829220252,-0.056145743188803665,-0.0553251171257199
5805,-0.10462236280624272,0.03855450449106263,-0.04135955357942168,-0.029602220166512486
5806,0.16009668467070512,-0.1915938050192474,0.1897287457849661,0.18911700635612186
5807,-0.35527140341977254,0.023201336874459126,-0.27499925397630626,-0.2822655247530661
5808,-0.16018620751395063,-0.3110321983826206,0.06933544209364088,0.0556235266032049
5809,-0.018590910447315805,-0.053788308316672126,-0.0058786667064545965,0.020605174420339586
5810,0.09028378741308823,-0.016815374056280023,0.059950464026737475,0.05492226433111515
5811,-0.08486765539673538,0.01650204410492077,-0.13121064725015663,-0.1318223866790009
5812,0.026603204917788188,-0.02151532332666885,0.07554235922532898,0.076139178180299
5813,-0.008161499209214882,-0.22719405568320844,0.10699471815224851,0.1073528095252305
5814,0.035242159290979076,-0.27856524723225207,0.13273253558533016,0.13931246456387453
5815,0.034675181283757565,-0.027140341977261194,0.0307361761809555,0.03712213899913461
5816,-0.08956760466712423,-0.12242248813822326,0.03464534033600907,0.02927396974127898
5817,-0.0003282504252335054,-0.27331324042851596,0.08552415624720239,0.08518098534809465
5818,-0.27535734534928824,-0.23043179851392076,-0.1449524036883411,-0.1473247590343469
5819,-0.06782847423234162,-0.1838500790785115,0.05075945212019933,0.05117722538867833
5820,0.06787323565396436,0.06673927963952135,-0.07888454537316106,-0.07861597684342453
5821,-0.12627197039777982,-0.2782519172808928,0.002551401032496792,-0.0008952284324550147
5822,-0.15673957804899882,-0.35604726806123355,0.07746710035510727,0.0729014353495867
5823,-0.03971830145325415,-0.21549640416579627,0.04397063650741547,0.04871534719942705
5824,-0.037002775208140604,-0.038748470651427884,0.00671421324341261,0.007415475515502371
5825,-0.15814210259317835,-0.059577452179881224,-0.1010862104980454,-0.12057234937781622
5826,-0.01900868371579481,0.035853898719823335,-0.031124108501686013,-0.031168869923308758
5827,-0.23159559547611228,-0.14911521589925694,-0.13834263376204825,-0.13922294172062902
5828,0.06697800722150934,-0.0729312762973352,0.07885470442541254,0.08145086687953207
5829,-0.011757333412909193,-0.26421175136522335,0.12312375041031302,0.12160186207513948
5830,0.1388350093998985,-0.19827817731491146,0.26303303392915756,0.26337620482826535
5831,-0.15385992659126854,-0.3161051594998657,0.018590910447315805,0.018053773387842795
5832,-0.12976336128435437,-0.10645758109277549,-0.04531347915609799,-0.04716361791650502
5833,-0.0009250693802035152,-0.0888215809734117,-0.005744382441586345,0.0008803079585807643
5834,0.016681089791411773,0.02203753991226761,0.020053116886992326,0.021589925696040103
5835,-0.18379039718301451,-0.11991584852734921,-0.04688012891289426,-0.04340365850019397
5836,0.09971352690161438,-0.15384500611739427,0.13036018023932439,0.13913341887738354
5837,-0.22045000149204735,-0.12203455581749274,-0.05407179732028289,-0.049192802363403065
5838,-0.05001342842648682,-0.13018113455283337,-0.024857509474500907,-0.027513353824117452
5839,-0.0182328190743338,-0.22241950404344837,0.08300259616245412,0.08386798364716062
5840,-0.27131389692936647,-0.3311449971651099,-0.044836023992121984,-0.04972993942287607
5841,0.21055772731341943,-0.07091701232431141,0.18229834979558948,0.18138820088926022
5842,0.03464534033600907,-0.12472024111485779,0.02433529288890215,0.02503655516099191
5843,0.06097997672406074,-0.31970099370356,0.183342782966787,0.19242935155620539
5844,-0.24180119960609944,-0.23352033660589058,-0.07176747933514367,-0.07270746918922144
5845,0.14152069469726355,-0.30909253677896803,0.2306406851481603,0.22425472232998117
5846,-0.0889111038166572,-0.2544388409775894,0.08759810211572318,0.090507594521202
5847,0.17794157142430841,-0.14756348661633492,0.16391632598251318,0.1637372802960222
5848,-0.2197039777983348,-0.10653218346214673,-0.06115902241055175,-0.032228223568380523
5849,-0.08385306317328636,0.17309241741517706,-0.20200829578347407,-0.19660708424099546
5850,-0.09352153024380053,-0.2668079138193429,0.19150428217600188,0.18540180836143352
5851,-0.25563247888752944,-0.15951478618960935,-0.15160693503625672,-0.15309898242368178
5852,-0.1418937065441198,0.1476231685118319,-0.2120050132792217,-0.21008027214944344
5853,0.07954104622362804,-0.09738593297723135,0.09820655904031511,0.0923875742293575
5854,-0.16991435647996178,-0.32086479066575146,-0.014487780131896989,-0.011458923935424187
5855,-0.20121751066813878,-0.23487809972844736,-0.06265106979797677,-0.06515770940885082
5856,0.028886037420548478,-0.10498045417922472,0.033392020530572046,0.03842022022619438
5857,-0.18150756468025422,-0.030199039121482495,-0.16408045119512993,-0.16697502312673448
5858,0.1468473038703709,-0.20485810629345583,0.2670317209274566,0.2745367192862045
5859,0.024021962937542895,-0.08412163170302288,0.01699441974277103,0.016740771686908774
5860,0.08382322222553786,-0.2883530780937602,0.17980663065858965,0.19078809943003786
5861,-0.16045477604368713,-0.21528751753155678,-0.07834740831368803,-0.07873534063441853
5862,0.1193190295723792,0.005296768225358836,0.04592521858494226,0.04819313061382829
5863,-0.24788875294679355,0.0036405956253170594,-0.20256035331682132,-0.20184417057085732
5864,-0.11755841365521766,-0.3621795828235504,0.11879681298678045,0.12848020053116885
5865,-0.1609471516815374,0.10918802781176327,-0.1660350332726567,-0.1792993345468652
5866,-0.08692668079138191,-0.0643520038196413,-0.015024917191369997,-0.019232490823908568
5867,-0.09556563516457281,-0.11809555071469068,-0.03525707976485333,-0.032586314941362535
5868,-0.04443317119751723,-0.13050938497806688,0.08928411566351346,0.08812031870132193
5869,-0.08397242696428038,-0.1436692429351556,-0.056235266032049175,-0.05669780072215092
5870,-0.008624033899316642,0.03294440631434454,0.05263943182835486,0.05705589209513293
5871,-0.1381785085494315,-0.1132314762316851,-0.021261675270806597,-0.017964250544597295
5872,-0.3036018023932439,-0.40973113306078596,-0.023544507773566883,-0.024126406254662645
5873,-0.1052191817612127,-0.2083494971800304,0.000492375637850258,0.0045059831100235734
5874,0.07579600728119124,-0.17683745635761391,0.17501715854495536,0.17234639372146457
5875,-0.03657008146578735,-0.16910865089075228,-0.004431380740652322,2.9840947748500487e-05
5876,-0.004058368893796066,-0.02008295783474083,-0.018680433290561304,-0.023544507773566883
5877,-0.2251350302885619,-0.23243114201307027,-0.03834561785682313,-0.036092626301811336
5878,0.07143922890991017,-0.14531049506132312,0.13608964220703648,0.13935722598549727
5879,-0.06685864343051534,-0.19772611978156424,0.09473008862761481,0.09604309032854884
5880,-0.2110799438990182,0.19145952075437914,-0.23372922324013007,-0.2344603264599683
5881,-0.10835248127480528,0.04741726597236728,-0.15709766942198083,-0.16254364238608213
5882,-0.05278863656709737,-0.14405717525588613,0.046895049386768514,0.03809196980096087
5883,-0.08109277550655007,-0.15938050192474112,-0.0397630628748769,-0.03903195965503864
5884,-0.08716540837336993,0.053967354003163125,-0.05905523559428246,-0.058189848109575955
5885,-0.1075915371072185,-0.12331771657067826,0.010608456924591923,0.010668138820088923
5886,0.011458923935424187,-0.12328787562292977,0.1467876219748739,0.14234132076034733
5887,-0.15414341559487926,-0.17694189967473364,0.05107278207155859,0.04050908656858941
5888,-0.18168661036674522,-0.10697979767837426,-0.056518755035659916,-0.04682044701739727
5889,0.10317507684044044,-0.05117722538867833,0.1308973172987974,0.15105487750290947
5890,-0.12107964548954074,-0.1651099638924532,-0.008161499209214882,-0.016785533108531526
5891,-0.003237742830712303,-0.23475873593745336,0.11197815642624807,0.11321655575781085
5892,-0.18672973053624178,-0.301632299841843,-0.05865238279967771,-0.05878666706454596
5893,-0.09441675867625554,-0.21307928739816773,-0.012443675211124704,-0.025290203216854164
5894,-0.1705111754349318,-0.1156933544209364,-0.15921637671212435,-0.15799289785443582
5895,-0.05174420339589984,-0.09586404464205782,-0.06811196323595237,-0.0647100951926233
5896,-0.1489212497388917,-0.2640327056787323,0.03216854167288353,0.03185521172152427
5897,-0.04238906627674494,-0.19621915192026493,0.05944316791501297,0.05028199695622332
5898,-0.06733609859449136,-0.28430962967383844,0.11160514457939183,0.11554414968219391
5899,-0.19639819760675598,-0.39895855092357724,0.009578944227268656,0.007236429829011368
5900,-0.028199695622332963,-0.18951985915072658,0.04847661961743904,0.047596311658858276
5901,-0.07572140491181999,-0.2248963027065739,0.04752170928948703,0.029617140640386737
5902,0.033899316642296555,-0.13412013965563546,0.009608785175017159,0.013532869803944969
5903,-0.27874429291874303,-0.18749067470382857,-0.0520873742950076,-0.053728626421175124
5904,0.030586971442213,-0.14401241383426336,0.05238578377249261,0.04089701888931992
5905,-0.24581480707827275,-0.24681447882784754,-0.08506162155710065,-0.08815015964907044
5906,0.05147563486616334,-0.13162842051863566,0.14374384530452686,0.1754796932350571
5907,-0.056071140819432416,-0.15084599086866995,-0.038539584017188384,-0.040807496046074414
5908,-0.31676166035033265,-0.1574408403210886,-0.1477126913550774,-0.15012980812270596
5909,-0.09895258273402761,-0.018128375757214047,-0.041404315001044426,-0.04696965175613977
5910,-0.029512697323266984,-0.07405031183790395,0.09314851839694427,0.09210408522574676
5911,-0.2248963027065739,-0.2515591895198591,-0.05277371609322311,-0.011861776730028945
5912,-0.028408582256572466,0.009787830861508159,-0.03160156366566202,-0.04935692757601981
5913,0.034943749813494074,-0.15662021425800482,0.1582763868580466,0.15660529378413054
5914,0.011309719196681686,0.06951448778013189,0.03503327265673957,0.030005072961117242
5915,0.12968875891498313,-0.03239234878099728,0.14478827847572437,0.14210259317835933
5916,0.08122705977141832,-0.0059681895497000976,0.10318999731431469,0.09793799051057858
5917,-0.015756020411208257,-0.091641550535645,0.03363074811256005,0.03233266688550028
5918,0.008668795320939391,-0.12859956432216288,0.08176419683089133,0.08350989227417861
5919,-0.1500253648055862,-0.21934588642535285,-0.060383157769090735,-0.05711557399062994
5920,-0.13121064725015663,-0.2057682551997851,0.02445465667989615,0.029676822535883735
5921,-0.04516427441735549,-0.12542150338694755,0.05980125928799498,0.05951777028438422
5922,-0.06976813583599413,-0.2283280116976515,0.041344633105547424,0.04868550625167855
5923,-0.025827340276327174,-0.11726000417773268,0.025842260750201424,0.013696995016561722
5924,-0.13729820059085074,-0.16670645459699798,-0.0699621019963594,-0.07285667392796394
5925,-0.018009011966220047,-0.11135149652352958,0.042941123810092206,0.045716331950702745
5926,-0.045432842947091996,-0.20029244128793527,0.08280863000208885,0.08904538808152544
5927,-0.07151383127928142,-0.14143117185401807,0.12052758795619348,0.11948315478499595
5928,-0.1624391990689624,-0.22555280355704094,0.03542120497747008,0.023559428247441134
5929,-0.1454000179045686,-0.25493121661543966,0.01836710333920205,0.011518605830921187
5930,-0.27599892572588103,-0.3449762764465399,-0.059637134075378226,-0.06345677538718629
5931,-0.17216734803497355,-0.23226701680045356,0.05240070424636685,0.05235594282474411
5932,-0.2173763838739518,-0.09653546596639907,-0.11411178419026587,-0.12164662349676224
5933,-0.16357315508340542,-0.01787472770135179,-0.15933574050311836,-0.16367759840052518
5934,-0.17806093521530242,-0.09541643042583031,-0.056115902241055164,-0.06849989555668287
5935,-0.1288532123780251,-0.030034913908865743,-0.02506639610874041,-0.02072453821133359
5936,0.05177404434364835,-0.2573334129091939,0.2657784011220196,0.27038882754916294
5937,-0.049446450419265306,-0.17882187938288918,0.04043448419921816,0.043791590820924466
5938,-0.26750917609143265,-0.09547611232132731,-0.18041837008743397,-0.18513323983169705
5939,-0.07995881949210706,-0.3568082122288203,0.12761481304646236,0.136179165050282
5940,-0.11539494494345139,-0.04106114410193667,-0.02515591895198591,-0.038912595864044636
5941,0.04883471099042104,-0.11906538151651695,0.13537345946107246,0.1397749992539763
5942,-0.21861478320551456,-0.12422786547700752,-0.14820506699292765,-0.14444510757661663
5943,-0.046656321804780514,-0.047014413177762525,-0.07045447763420964,-0.08025722896959206
5944,-0.21225866133508398,-0.16903404852138101,-0.12324311420130703,-0.12245232908597176
5945,-0.22359822147951416,-0.14075975052967682,-0.05481782101399539,-0.059577452179881224
5946,-0.08133150308853808,-0.010921786875951179,-0.03439169228014681,-0.034167885172033056
5947,-0.09277550655008802,-0.035242159290979076,-0.08662827131389692,-0.08398734743815461
5948,-0.10778550326758377,-0.08246545910298109,0.029617140640386737,0.03145235892691951
5949,-0.0711557399062994,-0.17592730745128463,0.019292172719405566,0.016875055951777025
5950,-0.038569424964936885,0.03804720837933812,-0.02023216257348333,-0.03331741816120079
5951,-0.17100355107278206,0.01706902211214228,-0.15666497567962756,-0.1694667422637343
5952,-0.14775745277670016,-0.08216704962549609,-0.041046223628062414,-0.03786816269284712
5953,-0.08673271463101667,-0.15802273880218431,0.06306884306645578,0.060935215302438
5954,-0.19830801826265998,-0.07102145564143117,-0.07596013249380798,-0.06985765867923964
5955,-0.167780728715944,-0.367282384888544,0.12000537137059472,0.12892781474739637
5956,-0.30546686162752523,-0.06354629823043179,-0.22216585598758615,-0.20911044134761717
5957,-0.09381993972128552,-0.3147324759034346,0.1199456894750977,0.13292650174569542
5958,-0.1315538181492644,-0.12394437647339678,-0.030870460445823755,-0.0402106770911044
5959,0.10113097191966816,-0.1920115782877264,0.20088926024290532,0.20441049207722836
5960,-0.2229268001551729,0.00544597296410134,-0.18626719584614004,-0.18528244457043952
5961,-0.005356450120855838,-0.17862791322252392,0.05019247411297782,0.04728298170749902
5962,-0.11470860314523587,-0.24557607949628477,0.08694160126525617,0.08382322222553786
5963,-0.14425114141625134,-0.16691534123123747,-0.043150010444331706,-0.034675181283757565
5964,-0.02990062964399749,-0.1377607352809525,0.04531347915609799,0.046223628062427254
5965,-0.16533377100056695,-0.29196383277132876,0.04825281250932529,0.049446450419265306
5966,-0.15763480648145384,-0.32687774163707434,0.06257646742860552,0.07120050132792216
5967,-0.00734087314613112,-0.076497269553281,0.0519381695562651,0.05457909343200739
5968,0.11345528333979885,-0.15226343588672372,0.1465488943928859,0.14250544597296408
5969,-0.06939512398913789,-0.20429112828623436,0.03473486317925457,0.043761749873175965
5970,0.07648234907940676,-0.2231953686849094,0.15702306705260954,0.15069678612992748
5971,0.07754170272447852,-0.16697502312673448,0.0882546029661902,0.08449464354987912
5972,-0.15991763898421413,-0.2232848915281549,0.013323983169705466,0.015741099937334007
5973,-0.15451642744173552,-0.1254364238608218,-0.03654024051803885,-0.03449613559726657
5974,-0.02178389185640536,0.030870460445823755,0.02942317448002148,0.02599146548894393
5975,-0.017397272537375785,-0.0886126943391722,0.0033421861478320552,-0.019680105040136075
5976,-0.12322819372743277,-0.12313867088418727,0.021455641431171853,0.01962042314463907
5977,0.03327265673957805,-0.2878457819820357,0.14504192653158662,0.14504192653158662
5978,-0.08161499209214883,-0.1973381874608337,0.037032616155889105,0.04435856882814597
5979,-0.1136790904479126,-0.25245441795231416,0.08964220703649546,0.09846020709617737
5980,-0.0974008534511056,-0.008803079585807644,-0.1193488705201277,-0.12067679269493596
5981,0.0335859866909373,-0.15841067112291485,0.057831756736593944,0.05804064337083344
5982,-0.2220763331443406,-0.31437438453045263,-0.13153889767539015,-0.13277729700695293
5983,-0.015562054250843007,-0.0653069141475933,-0.005744382441586345,-0.006430724239801855
5984,0.017442033958998533,-0.12740592641222281,0.0650980275133538,0.06473993614037181
5985,-0.07757154367222703,-0.16009668467070512,-0.032586314941362535,-0.025126078004237412
5986,-0.25667691205872695,-0.3487362358628509,0.038882754916296135,0.039211005341529645
5987,0.032795201575602034,-0.15056250186505923,0.04916296141565455,0.04853630151293605
5988,-0.06496374324848556,-0.14404225478201185,-0.010444331711975173,-0.00737071409387962
5989,0.002088866342395034,0.12680910745725282,-0.17340574736653636,-0.17388320253051234
5990,-0.2953806212885321,-0.33690430008057054,-0.05307212557070811,-0.048610903882307294
5991,-0.10694995673062577,-0.00975798991375966,-0.1159320820029244,-0.11554414968219391
5992,-0.10498045417922472,-0.32795201575602034,0.09616245411954281,0.09896750320790187
5993,0.021694369013159853,-0.19399600131300168,0.1129629077019486,0.10362269105666795
5994,-0.08465876876249588,-0.15990271851033988,0.0003431708991077556,-0.0011488764883172688
5995,0.005759302915460594,-0.3082868311897585,0.13981976067559904,0.138506758974665
5996,-0.047700754975978026,-0.017367431589627284,-0.039106562024409895,-0.0336755095341828
5997,-0.059696815970875235,-0.12179582823550474,0.03418280564590731,0.03762943511085911
5998,-0.03084061949807525,0.03401868043329056,-0.02206738086001611,-0.02193309659514786
5999,0.07585568917668824,0.06056220345558174,0.010116081286741666,0.011966220047148696
6000,-0.04118050789293067,0.02964698158813523,0.005237086329861836,0.0152338038256095
6001,-0.1917430097579899,-0.3238787263883501,0.009340216645280652,0.00975798991375966
6002,-0.21233326370445524,-0.13876040703052725,-0.08164483303989735,-0.07516934737847274
6003,-0.0337053504819313,-0.16609471516815372,0.03236250783324878,0.024469577153770402
6004,0.004938676852376831,-0.08406194980752588,0.021664528065411352,0.021291516218555098
6005,0.0673211781206171,0.08574796335531615,-0.054519411536510395,-0.05380322879054637
6006,-0.06342693443943778,-0.07297603771895794,0.05260959088060635,0.057682551997851446
6007,-0.10872549312166153,-0.06160663662677926,-0.001044433171197517,-0.0054310524902270885
6008,-0.1172152427561099,-0.2501119035540569,0.11223180448211033,0.10738265047297901
6009,-0.041240189788427674,-0.14593715496404164,0.03576437587657783,0.03643579720091909
6010,-0.09437199725463279,-0.14528065411357463,-0.009414819014651904,-0.00789293067947838
6011,0.06599325594580882,-0.0986541732565426,0.06938020351526362,0.076019814389305
6012,0.2041419235474918,-0.10760645758109275,0.2230163229984184,0.22176300319298137
6013,-0.24735161588732055,-0.15324818716242425,-0.020247083047357582,-0.02796096804034496
6014,0.05056548595983408,-0.0063262809226821036,0.059786338814120724,0.05662319835277968
6015,-0.07082748948106592,-0.16023096893557337,0.02070961773745934,0.017307749694130282
6016,-0.22984990003282502,-0.15636656620214254,-0.20630539225925815,-0.20667840410611438
6017,-0.017188385903136278,-0.1230342275670675,0.033257736265703795,0.035988182984691586
6018,-0.15323326668855,-0.2109008982125272,-0.06866402076929963,-0.06967861299274863
6019,-0.05589209513294142,-0.16690042075736322,0.04677568559577451,0.04787980066246904
6020,-0.19235474918683415,-0.30363164334099246,-0.008982125272298648,-0.008191340156963383
6021,-0.25143982572886514,-0.3523022291187968,-0.01578586135895676,-0.030706335233207004
6022,-0.13328459311867744,-0.2390558324132374,-0.029602220166512486,-0.024753066157381154
6023,-0.013592551699441973,-0.02805049088359046,-0.0033421861478320552,-0.0026558443496165433
6024,-0.028915878368296972,-0.059607293127629725,-0.07528871116946674,-0.07521410880009548
6025,-0.07020082957834739,-0.08358449464354988,0.1265106979797678,0.12431738832025303
6026,0.03392915759004505,-0.27556623198352775,0.13798454238906627,0.14314702634955684
6027,-0.13388141207364743,0.01699441974277103,-0.1425800483423353,-0.13813374712780876
6028,-0.14477335800185012,-0.16675121601862075,-0.09826624093581211,-0.09656530691414758
6029,-0.023634030616812383,-0.13504520903583894,0.08873205813016619,0.0897466503536152
6030,-0.13899913461251528,-0.25616961594700244,0.02427561099340515,0.025618453642087667
6031,-0.2835039240846289,-0.08455432544537614,-0.13704455253498848,-0.14132672853689832
6032,-0.24669511503685354,-0.2299394228760705,-0.07070812569007191,-0.07431888036764048
6033,-0.14037181820894631,-0.1199456894750977,-0.020993106741070095,-0.0274685924024947
6034,0.11860284682641518,0.10154874518814716,-0.013174778430962965,-0.009817671809256662
6035,-0.11208259974336782,-0.1957267762824147,0.06760466712422786,0.06296439974933603
6036,-0.10639789919727849,0.10642774014502698,-0.035615171137835334,-0.03388439616842231
6037,-0.20112798782489327,-0.18328310107129,-0.0394049715018949,-0.043299215183074204
6038,0.14457939184148486,-0.2696428038554504,0.2726567395780489,0.27082152129151615
6039,-0.02011279878248933,-0.16029065083107036,0.10356300916117095,0.11088896183342781
6040,-0.10415982811614094,-0.1597385932977231,0.033973919011667804,0.03213870072513502
6041,-0.1739279639521351,-0.10529378413058398,-0.14974187580197543,-0.15257676583808297
6042,0.14884664736952044,-0.053728626421175124,0.11172450837038582,0.11581271821193038
6043,-0.10259317835934469,0.004073289367670317,-0.051326430127420844,-0.0732296857748202
6044,-0.06793291754946136,-0.10205604129987167,-0.06702276864313209,-0.05729461967712094
6045,0.0669630867476351,-0.004849154009131329,0.024618781892512903,0.021127391005938346
6046,-0.21340753782340122,-0.2144967324162215,0.005117722538867833,0.012145265733639698
6047,-0.012025901942645698,-0.2265524753066157,0.0676494285458506,0.059741577392497976
6048,-0.12813702963206108,-0.22077825191728084,-0.08067500223807106,-0.08168959446152009
6049,-0.05575781086807317,0.06256154695473126,-0.08194324251738233,-0.07761630509384977
6050,-0.04616394616693026,-0.14930918205962218,-0.019665184566261817,-0.02033660589060308
6051,-0.13943182835486853,-0.23259526722568702,-0.010056399391244666,-0.01659156694816627
6052,-0.1002805049088359,-0.12707767598698932,-0.006206917131688101,-0.00304377667034705
6053,-0.13602996031153947,-0.24836620811076957,0.037032616155889105,0.03916624391990689
6054,-0.09361105308704604,-0.062039330369132506,0.014830951031004742,0.01521888335173525
6055,0.06344185491331204,-0.13987944257109602,0.11630509384978065,0.10703947957387125
6056,0.023887678672674637,-0.2073050640088329,0.06633642684491657,0.0731103219838262
6057,-0.10238429172510517,-0.3458715048789949,0.16021604846169912,0.1643042583032437
6058,-0.1866998895884933,0.0890006266599027,-0.18725194712184057,-0.18529736504431377
6059,-0.1094864372892483,0.1771657067828474,-0.19310077288054664,-0.19633851571125893
6060,-0.07937692101101129,-0.09435707678075855,-0.014905553400375993,-0.014398257288651484
6061,0.017621079645489538,-0.11632001432365491,0.07539315448658648,0.07706424756050251
6062,-0.12352660320491776,-0.00735579362000537,-0.09390946256453105,-0.10526394318283548
6063,0.0241711676762854,-0.0763480648145385,0.029811106800751986,0.0273492286115007
6064,-0.037166900420757355,-0.18470054608934375,0.07199128644325742,0.0725433439766047
6065,0.05171436244815134,-0.06060696487720449,0.038778311599176385,0.03765927605860762
6066,-0.02197785801677061,-0.18000059681895494,0.05122198681030109,0.07740741845961027
6067,-0.06159171615290501,-0.15354659663990924,-0.007654203097490375,-0.008295783474083135
6068,-0.2552893079884217,-0.07443824415863447,-0.15232311778222077,-0.15378532422189725
6069,-0.20273939900331228,0.04037480230372116,-0.22597057682551996,-0.22523947360568167
6070,-0.11330607860105636,-0.16673629554474648,-0.008236101578586135,-0.01897884276804631
6071,-0.1133806809704276,-0.21861478320551456,-0.024186088150159647,-0.018695353764435558
6072,-0.0556533675509534,-0.05386291068604338,0.021052788636567094,0.015323326668855
6073,0.005416132016352838,-0.15967891140222612,0.056145743188803665,0.06032347587359373
6074,-0.05793620005371369,-0.09658022738802183,-0.010832264032705676,-0.005625018650592342
6075,-0.07160335412252693,-0.28669690549371846,0.12862940526991135,0.11979648473635521
6076,-0.04843185819581629,-0.14901077258213719,0.07046939810808389,0.06092029482856375
6077,0.015323326668855,-0.062128853212378016,0.001104115066694518,-0.007146906985765866
6078,-0.16182745964011813,-0.22338933484527462,-0.006206917131688101,-0.012025901942645698
6079,-0.04165796305690668,-0.24098057354301566,0.09572976037718957,0.09631165885828534
6080,-0.07998866043985556,-0.0764077467100355,0.026707648234907937,0.020769299632956338
6081,-0.11105308704604455,0.03570469398108084,-0.10110113097191964,-0.10418966906388943
6082,-0.06445644713676105,-0.1450866879532094,0.04452269404076272,0.045388081525469234
6083,-0.10498045417922472,-0.10366745247829069,-0.04179224732177494,-0.04646235564441526
6084,-0.13765629196383275,0.13744740532959324,-0.13655217689713825,-0.13702963206111424
6085,0.05857778043030646,-0.0035212318343230574,0.0522067380860016,0.05801080242308495
6086,-0.23637014711587237,-0.184775148458715,-0.06388946912953955,-0.06406851481603054
6087,-0.025320044164602665,-0.18138820088926022,0.019993434991495324,0.016681089791411773
6088,-0.16178269821849542,0.03152696129629076,-0.23007370714093878,-0.1965474023454985
6089,-0.09159678911402225,-0.19951657664647426,0.08655366894452567,0.09120885679329176
6090,-0.08195816299125659,-0.3154635791232729,0.08165975351377158,0.07818328310107127
6091,-0.16248396049058514,-0.289531795529826,0.04567157052908,0.044731580675002235
6092,0.07440840321088596,-0.07915311390289753,0.0634866163349348,0.06121870430604875
6093,-0.1559935543552863,-0.10690519530900298,-0.0981767180925666,-0.09672943212676434
6094,0.04967025752737906,-0.2240607561696159,0.16992927695383606,0.1992927695383605
6095,-0.2295813315030885,-0.25194712184058965,-0.12806242726268985,-0.12715227835636056
6096,-0.2700605771239294,-0.1530840619498075,-0.2628689087165408,-0.27261197815642624
6097,-0.26040703052728953,-0.14710095192623315,-0.077153770403748,-0.0758109277550655
6098,-0.05959237265375547,-0.051968010504013604,-0.0005072961117245083,0.0005072961117245083
6099,-0.20875234997463518,-0.014293813971531732,-0.1526066067858315,-0.154188177016502
6100,0.015054758139118496,-0.05272895467160036,0.04437348930202022,0.04001671093073915
6101,-0.1780310942675539,-0.21724209960908356,-0.043120169496583205,-0.04688012891289426
6102,-0.023619110142938136,-0.3635970278416042,0.19342902330578016,0.18708782190922382
6103,-0.2250156664975679,-0.3181045029990152,-0.03519739786935633,-0.0009250693802035152
6104,-0.21207961564859296,-0.07194652502163468,-0.09013458267434572,-0.08706096505625018
6105,-0.12500373011846855,-0.12843543910954608,-0.05071469069857657,-0.05705589209513293
6106,-0.06469517471874905,-0.2285667392796395,0.13332935454030018,0.1327026946375817
6107,-0.22838769359314848,-0.2846677210468204,-0.1109784846766733,-0.10648742204052399
6108,-0.13673122258362924,-0.26713616424457637,0.07405031183790395,0.07175255886126942
6109,0.046924890334517015,-0.12688370982662409,0.038211333591954874,0.040867177941571416
6110,-0.14389305004326935,-0.33451702426069047,0.15171137835337647,0.15387484706514276
6111,-0.05887618990779146,0.05453433201038465,-0.10087732386380589,-0.10026558443496164
6112,0.019874071200501324,-0.1137089313956611,0.04755155023723553,0.0486705857778043
6113,-0.14765300945958043,-0.09171615290501625,0.025349885112351162,0.01902360418966906
6114,-0.017367431589627284,-0.2527080660081764,0.04383635224254722,0.05340037599594162
6115,-0.04899883620303779,-0.10606964877204499,0.04501506967861298,0.03621199009280534
6116,-0.10624869445853599,-0.029587299692638236,-0.10784518516308075,-0.11078451851630806
6117,-0.2126316731819402,0.01474142818775924,-0.16785533108531525,-0.15548625824356177
6118,-0.14168481990988033,0.0034764704127003064,-0.09198472143475275,-0.08731461311211243
6119,-0.06621706305392258,-0.05417624063740264,-0.023842917251051893,-0.01348810838232222
6120,-0.23423651935185458,-0.043896034138044215,-0.14159529706663482,-0.1402822953657008
6121,0.07558712064695174,0.030034913908865743,0.02937841305839873,0.03084061949807525
6122,-0.05368386499955238,-0.23844409298439317,0.06026379397809674,0.05769747247172569
6123,0.14081943242517378,-0.15286025484169374,0.24086120975202166,0.244397362060219
6124,0.04959565515800782,-0.12169138491838498,0.14927934111187371,0.15172629882725072
6125,-0.12516785533108532,-0.138327713288174,0.04270239622810419,0.030034913908865743
6126,-0.04482110351824773,-0.09020918504371699,0.019336934141028318,0.019128047506788814
6127,0.02185849422577661,-0.21700337202709555,0.12434722926800153,0.1317925457312524
6128,-0.2106024887350422,-0.2500969830801826,-0.11039658619557756,-0.11855808540479243
6129,-0.030959983289069258,-0.15306914147593326,0.07360269762167646,0.076616633344275
6130,-0.18635671868938553,-0.04320969233982871,-0.16135000447614212,-0.1595893885589806
6131,-0.017337590641878783,-0.24399450926561425,0.18473038703709227,0.18064217719554773
6132,-0.04323953328757721,-0.32735519680105035,0.15027901286144846,0.1453701769568201
6133,-0.02927396974127898,-0.04819313061382829,-0.034078362328787554,-0.03824117453970338
6134,-0.2299394228760705,-0.15505356450120852,-0.09473008862761481,-0.09061203783832172
6135,0.1035779296350452,-0.06329265017456955,0.08036167228671182,0.08015278565247232
6136,-0.05492226433111515,-0.3262361612604816,0.17713586583509888,0.17917997075587117
6137,-0.10251857598997342,-0.18414848855599653,0.06976813583599413,0.06491898182686281
6138,-0.06097997672406074,-0.09196980096087849,-0.07366237951717346,-0.07410999373340096
6139,-0.15938050192474112,-0.05604129987168391,-0.1300617707618394,-0.13162842051863566
6140,-0.1641252126167527,-0.29512697323266984,0.05450449106263614,0.055444480916713904
6141,-0.0888215809734117,-0.17270448509444658,-0.003700277520814061,-0.0022828325027602872
6142,-0.13015129360508487,0.01936677508877682,-0.11102324609829604,-0.11102324609829604
6143,0.009549103279520155,-0.22500074602369372,0.1842678523469905,0.1854614902569305
6144,-0.10788994658470351,-0.11209752021724208,-0.02626003401868043,-0.027692399510608454
6145,-0.19854674584464801,-0.1366864611620065,-0.05531019665184565,-0.06473993614037181
6146,-0.02066485631583659,0.01848646713019605,-0.061457431888036755,-0.06639610874041359
6147,-0.27664050610247376,-0.06887290740353913,-0.20023275939243831,-0.19909880337799526
6148,-0.055026707648234904,-0.25766166333442747,0.027856524723225206,0.019844230252752823
6149,-0.06253170600698277,-0.20514159529706658,0.04141923547491868,0.04158336068753543
6150,-0.003357106621706305,-0.11073975709468532,0.09334248455730952,0.09537166900420757
6151,-0.14040165915669478,-0.15703798752648382,-0.007684044045238875,-0.007728805466861626
6152,-0.09766942198084208,-0.24541195428366802,0.015562054250843007,0.021798812330279606
6153,0.0305571304944645,0.041374474053295925,0.006385962818179105,0.002626003401868043
6154,0.15099519560741248,-0.12722688072573185,0.20970726030258718,0.21157231953686845
6155,-0.09319327981856702,-0.16302109755005817,0.021560084748291602,0.017412193011250035
6156,-0.07263286681985019,-0.1926979200859419,0.039285607710900894,0.03943481244964339
6157,0.10410014622064395,-0.1964280385545045,0.19172808928411564,0.19433917221210945
6158,-0.1605293784130584,-0.02684193249977619,-0.11057563188206856,-0.10915818686401478
6159,-0.05587717465906716,-0.20041180507892928,0.033690430008057055,0.038808152546924886
6160,-0.20526095908806058,-0.2671510847184506,0.0009996717495747663,-0.0057891438632090945
6161,-0.06436692429351555,-0.10366745247829069,0.05005818984810958,0.0517889648175226
6162,-0.12889797379964785,-0.13981976067559904,-0.018769956133806803,-0.013905881650801226
6163,0.016830294530154274,-0.29646981588135235,0.15424785891199902,0.15144280982363997
6164,-0.08409179075527438,-0.12715227835636056,0.06490406135298855,0.06512786846110231
6165,-0.027647638088985703,-0.05055056548595982,0.011294798722807434,0.009370057593029155
6166,-0.1292411446987556,-0.03794276506221837,-0.06377010533854553,-0.06887290740353913
6167,0.05280355704097162,-0.3651785980722747,0.22177792366685561,0.22728357852645395
6168,0.05056548595983408,-0.2783115991763898,0.137253439169228,0.15345707379666376
6169,-0.15784369311569335,-0.21166184238011396,0.08474829160574138,0.09392438303840529
6170,-0.00040285279460475654,0.02381307630330339,-0.05854793948255796,-0.060950135776312246
6171,-0.21475038047208375,-0.01997851451762108,-0.15023425143982572,-0.1512488436632747
6172,-0.0520276923995106,-0.0399421085613679,-0.0001641252126167527,0.0011488764883172688
6173,-0.24001074274118944,-0.23329652949777682,-0.007117066038017366,-0.03097490376294351
6174,0.17219718898272207,-0.2543493181343439,0.2582734027632717,0.2607054400047745
6175,0.11381337471278084,-0.011846856256154694,0.1441466980991316,0.13426934439437793
6176,-0.07878010205604129,-0.2909343200740055,0.09901226462952462,0.10590552355942823
6177,-0.027513353824117452,0.11590224105517591,-0.11997553042284621,-0.10408522574676969
6178,0.018516308077944552,-0.15602339530303477,0.16940706036823724,0.17064545969980005
6179,-0.09814687714481811,-0.11342544239205034,0.005848825758706096,-0.00022380710811375367
6180,-0.14047626152606604,-0.1881322550804213,-0.031139028975560257,-0.03533168213422458
6181,-0.13261317179433618,-0.19147444122825336,0.0007012622720897614,0.01033988839485542
6182,-0.02876667362955447,-0.024380054310524896,-0.040971621258691165,-0.03576437587657783
6183,-0.040598609411834914,-0.21182596759273073,0.06360598012592879,0.06063680582495299
6184,-0.12112440691116348,-0.2734922861150069,0.054012115424785886,0.05307212557070811
6185,-0.31074870937900984,-0.21306436692429345,-0.0428217600190982,-0.038778311599176385
6186,-0.06739578048998836,-0.1132314762316851,0.05044612216884008,0.05138611202291783
6187,-0.0822864134164901,-0.10733788905135627,0.12443675211124704,0.1265853003491391
6188,0.03152696129629076,-0.16311062039330365,0.1406702276864313,0.13058398734743812
6189,-0.1709289487034108,0.0892691951896392,-0.24001074274118944,-0.2414580287069917
6190,0.10845692459192503,-0.09786338814120735,0.14050610247381454,0.14050610247381454
6191,-0.1496971143803527,-0.11147086031452359,-0.06712721196025184,-0.06365074154755154
6192,-0.08128674166691532,-0.17313717883679983,-0.019053445137417562,-0.013741756438184476
6193,0.04192653158664318,-0.05495210527886365,0.11503685357046939,0.11790158455432542
6194,0.0005669780072215093,0.0548775029094924,-0.07300587866670644,-0.07648234907940676
6195,-0.10242905314672791,-0.22006206917131685,-0.016785533108531526,-0.018202978126585296
6196,-0.1012354152367879,0.0707678075855689,-0.0549371848049894,-0.06560532362507832
6197,-0.16976515174121926,-0.2035600250663961,-0.054892423383366654,-0.055847333711318656
6198,-0.039121482498284135,0.04232938438124794,-0.0055802572289695915,-0.0003730118468562561
6199,-0.30143833368147765,-0.1492495001641252,-0.15117424129390347,-0.15224851541284948
6200,-0.1475038047208379,-0.22512010981468766,0.015457610933723252,0.016934737847274027
6201,-0.38059144758437524,-0.27280594431679145,-0.11781206171107993,-0.1265106979797678
6202,-0.18080630240816445,-0.3166422965593387,-0.00796753304884963,-0.014099847811166482
6203,-0.09960908358449463,-0.23811584255915963,0.0059681895497000976,0.027379069559249198
6204,-0.11179911073975708,-0.14584763212079613,-0.10835248127480528,-0.11714064038673866
6205,-0.1086807317000388,-0.0020590253946465337,-0.08061532034257407,-0.08113753692817283
6206,0.02006803736086658,0.03281012204947629,-0.025901942645698423,-0.02136611858792635
6207,-0.04477634209662498,0.0215004028527946,-0.09687863686550682,-0.09881829846915936
6208,-0.19923308764286352,-0.12710751693473782,-0.12093044075079822,-0.11348512428754735
6209,0.07536331353883798,-0.18840082361015786,0.1129629077019486,0.11600668437229565
6210,-0.11736444749485242,0.1793739369162364,-0.14332607203604783,-0.15800781832831007
6211,0.04947629136701381,-0.15800781832831007,0.07090209185043715,0.06139774999253976
6212,-0.05292292083196561,-0.2896660797946943,0.0885530124436752,0.08621049804541792
6213,-0.01903852466354331,-0.1388350093998985,0.04431380740652322,0.04222494106412819
6214,0.07624362149741874,-0.09414819014651903,0.1349407657187192,0.12407866073826501
6215,-0.047596311658858276,-0.12637641371489955,0.058368893796066953,0.06496374324848556
6216,-0.05901047417265972,-0.1757482617647936,0.002133627764017785,0.000552057533347259
6217,0.05854793948255796,-0.03691325236489511,0.0013279221748082716,0.011966220047148696
6218,0.0029393333532272982,-0.28204171764495234,0.13025573692220463,0.10556235266032046
6219,-0.1222583629256065,0.05156515770940884,-0.12794306347169584,-0.11532034257408015
6220,0.0007012622720897614,-0.08604637283280114,0.054564172958133136,0.06763450807197635
6221,-0.0671122914863776,-0.10826295843155975,0.018083614335591292,0.01583062278057951
6222,-0.026483841126794184,0.04355286323893646,-0.05681716451314493,-0.06653039300528185
6223,0.02017248067798633,-0.20320193369341405,0.15004028527946045,0.1466682581838799
6224,-0.07151383127928142,-0.27583480051326426,0.1732714631016681,0.1652591686311957
6225,-0.1415356151711378,-0.2834442421891319,0.0828533914237116,0.08486765539673538
6226,-0.11015785861358957,-0.06506818656560531,-0.08022738802184357,-0.09165647100951925
6227,-0.007684044045238875,-0.10674107009638625,-0.06666467727015009,-0.06663483632240158
6228,-0.12392945599952253,-0.35577869953149704,0.031974575512518276,0.053624183104055374
6229,-0.1516516964578795,-0.05325117125719912,-0.14475843752797588,-0.14347527677479036
6230,-0.015651577094088508,-0.08537495150845989,0.011175434931813432,0.004341857897406821
6231,-0.2545731252424577,-0.21319865118916173,-0.03755483274148787,-0.03486914744412282
6232,-0.1245411954283668,0.011906538151651694,-0.11421622750738562,-0.11072483662081105
6233,-0.15669481662737605,-0.18558085404792452,-0.008086896839843632,0.0005818984810957594
6234,0.02806541135746471,-0.048983915729163545,0.08695652173913043,0.09077616305093847
6235,-0.09887798036465636,-0.14187878607024557,-5.9681895497000974e-05,0.013010653218346211
6236,-0.03131807466205126,-0.1357763122556772,0.13365760496553367,0.1322401599474799
6237,-0.02736414908537495,-0.03718182089463161,0.00556533675509534,0.011458923935424187
6238,0.0519381695562651,-0.21600370027752078,0.13456775387186296,0.13041986213482137
6239,-0.2811614096863716,-0.13753692817283875,-0.10017606159171613,-0.10944167586762554
6240,-0.11279878248933185,-0.18863955119214582,0.10742741189460175,0.1010862104980454
6241,-0.024245770045656645,-0.059577452179881224,0.02794604756647071,0.030318402912476495
6242,-0.05271403419772611,-0.10903882307302079,-0.038569424964936885,-0.04232938438124794
6243,-0.14314702634955684,-0.12764465399421085,-0.10350332726567393,-0.1009966876547999
6244,-0.12519769627883381,-0.0794067619587598,-0.049819462266121564,-0.029706663483632236
6245,-0.15794813643281308,-0.20803616722867116,0.013398585539076718,0.018262660022082298
6246,-0.08710572647787292,-0.3112858464384829,0.18686401480111006,0.18374563576139175
6247,-0.010116081286741666,-0.16221539196084866,0.11417146608576288,0.11702127659574467
6248,0.01148876488317269,-0.16355823460953117,0.05402703589866013,0.05857778043030646
6249,-0.2250902688669392,-0.1472352361911014,-0.13009161170958788,-0.11452955745874488
6250,-0.12455611590224103,-0.03543612545134433,0.004371698845155322,-0.0009399898540777652
6251,-0.1979797678374265,-0.3152248515412849,0.022500074602369368,0.012801766584106708
6252,-0.054131479215779876,-0.10359285010891946,0.007743725940735877,0.0091164095371669
6253,-0.07770582793709527,-0.17685237683148813,0.022679120288860367,0.026006385962818172
6254,-0.1417743427531258,-0.06878338456029362,-0.08154038972277759,-0.08130166214078959
6255,0.04822297156157679,-0.2096774193548387,0.1405807048431858,0.12827131389692936
6256,-0.13082271492942615,-0.027229864820506693,-0.1528453343678195,-0.15235295872996923
6257,-0.0245292590492674,-0.40435976246605587,0.23825012682402788,0.24065232311778217
6258,-0.07776550983259227,-0.22626898630300496,0.08521082629584315,0.10278714451970992
6259,-0.17871743606576942,-0.07534839306496374,-0.1301960550267076,-0.11614096863716389
6260,0.01033988839485542,-0.17445018053773387,0.07879502252991553,0.0820775267822506
6261,-0.02385783772492614,0.09471516815374055,-0.09687863686550682,-0.09856465041329711
6262,-0.14184894512249707,-0.11984124615797795,-0.045253797260601,-0.04638775327504401
6263,-0.03189997314314702,-0.32281937274327827,0.15408373369938227,0.1566500552057533
6264,-0.041090985049685176,0.07103637611530542,-0.043329056130822705,-0.04413476172003222
6265,0.03752499179373936,-0.03779356032347587,0.03449613559726657,0.03610754677568559
6266,-0.044940467309241734,-0.37159440183820236,0.23070036704365726,0.230983856047268
6267,-0.0973411715556086,0.024007042463668644,-0.1254662648085703,-0.13516457282683297
6268,-0.17355495210527883,-0.14869744263077794,-0.037972606009966874,-0.03795768553609262
6269,-0.09473008862761481,-0.08619557757154366,-0.008131658261466383,-0.015741099937334007
6270,-0.05662319835277968,0.07672107666139476,-0.08407687028140012,-0.0859120885679329
6271,0.01950105935364507,0.0058786667064545965,-0.007818328310107127,-0.024111485780788394
6272,-0.16769120587269848,-0.08540479245620838,-0.06560532362507832,-0.06406851481603054
6273,0.06876846408641937,0.047491868341738526,0.08800095491032794,0.06858941839992838
6274,-0.11120229178478706,-0.10653218346214673,-0.0578765181582167,-0.0584434961654382
6275,-0.19463758168959444,-0.14742920235146667,-0.10756169615947,-0.10342872489630268
6276,0.08049595655158007,-0.16149920921488464,0.14869744263077794,0.15169645787950223
6277,-0.1489212497388917,-0.08398734743815461,-0.11099340515054756,-0.10433887380263196
6278,-0.014099847811166482,0.06253170600698277,0.005550416281221091,0.010608456924591923
6279,-0.2405180388529139,0.01286144847960371,-0.20743934827370114,-0.20333621795828233
6280,-0.03761451463698486,-0.0731700038793232,-0.0035659932559458083,0.0011787174360657691
6281,-0.23522127062755507,-0.17634508071976362,-0.0770045656650055,-0.07397570946853271
6282,0.08116737787592132,0.1006684372295664,-0.008265942526334634,-0.012921130375100712
6283,-0.11558891110381665,-0.10435379427650622,-0.014070006863417979,-0.01344334696069947
6284,0.00798245352272388,-0.15274089105069977,0.16002208230133388,0.15459102981110678
6285,-0.24263674614305744,-0.2794604756647071,-0.09547611232132731,-0.09319327981856702
6286,-0.003774879890185312,-0.1102324609829608,0.052161976664378856,0.04820805108770254
6287,-0.10412998716839246,0.02943809495389573,-0.08418131359851988,-0.08355465369580138
6288,-0.12430246784637879,-0.09690847781325532,-0.091820596222136,-0.0948196114708603
6289,-0.17324162215391958,-0.32149145056847006,0.09672943212676434,0.10190683656112917
6290,0.011831935782280444,-0.17967234639372145,0.06861925934767688,0.06682880248276683
6291,-0.03563009161170958,-0.13165826146638415,-0.04037480230372116,-0.04292620333621795
6292,-0.0004177732684790069,-0.3612246724955984,0.1792694935991167,0.18414848855599653
6293,-0.07810868073170003,-0.11291814628032586,-0.061726000417773264,-0.05468353674912715
6294,0.022022619438393364,-0.04313508997045745,0.037733878427978866,0.03813673122258362
6295,-0.1927874429291874,0.10481632896660796,-0.13468711766285693,-0.15196502640923876
6296,0.1122765659037331,-0.023290859717704632,0.031213631344931513,0.028945719316045473
6297,-0.03210885977738652,-0.1946823431112172,0.14074483005580254,0.1437289248306526
6298,-0.1217809077616305,-0.12022917847870845,0.01888931992480081,0.015114440034615496
6299,-0.17773268479006893,-0.1271373578824863,-0.10301095162782369,-0.11112768941541583
6300,-0.04656679896153501,-0.11205275879561934,0.04895407478141505,0.048327414878696545
6301,-0.12182566918325324,-0.10404046432514695,0.06036823729521649,0.06858941839992838
6302,-0.0828235504759631,-0.13313538837993494,-0.014278893497657486,-0.025126078004237412
6303,0.05410163826803139,0.039584017188385896,0.037390707528871116,0.03997194950911641
6304,0.0335859866909373,-0.10848676553967351,0.12367580794366027,0.13277729700695293
6305,-0.28927814747396374,-0.10168302945301541,-0.15472531407597506,-0.15412849512100502
6306,0.013801438333681477,-0.05299752320133687,-0.036898331891020854,-0.03206409835576378
6307,-0.14404225478201185,-0.271761511145594,0.030109516278236992,0.028393661782698216
6308,0.045969980006565006,-0.19148936170212763,0.10259317835934469,0.10229476888185966
6309,-0.16794485392856076,-0.1265853003491391,-0.12636149324102533,-0.10893437975590102
6310,-0.29414222195696926,-0.16539345289606394,-0.11861776730028943,-0.11291814628032586
6311,-0.14398257288651484,-0.0802423084957178,-0.09320820029244127,-0.09661006833577032
6312,-0.004341857897406821,-0.08194324251738233,0.12476500253648054,0.11620065053266089
6313,0.05510131001760615,0.03758467368923637,0.0059681895497000976,0.002760287666736295
6314,-0.24351705410163824,-0.36344782310286167,-0.013309062695831217,0.0029094924054787977
6315,0.04817821013995404,0.0459998209543135,-0.009534182805645905,-0.0020142639730237827
6316,0.015323326668855,-0.07791471457133477,0.11057563188206856,0.11394765897764912
6317,-0.10744233236847602,-0.18628211632001432,0.023007370714093874,0.01662140789591477
6318,-0.0609650562501865,-0.27065739607889944,0.08680731700038793,0.07369222046492195
6319,-0.05061024738145683,0.02442481573214765,-0.14668317865775413,-0.1477723732505744
6320,-0.07983945570111306,-0.05269911372385186,-0.040389722777595415,-0.040494166094715164
6321,-0.08089880934618482,-0.2714780221419832,0.11175434931813431,0.1097550058189848
6322,-0.22116618423801138,-0.20942377129897644,0.03576437587657783,0.03149712034854227
6323,-0.09916146936826713,-0.005759302915460594,-0.10495061323147621,-0.08286831189758585
6324,0.025424487481722415,-0.2010683059293963,0.08634478231028617,0.08485273492286115
6325,-0.027304467189877946,0.2084390200232759,-0.18540180836143352,-0.18299961206767923
6326,-0.23460953119871084,-0.14423622094237712,-0.11115753036316432,-0.11566351347318789
6327,-0.1565306914147593,-0.08492733729223238,-0.16434901972486646,-0.16317030228880067
6328,0.0050431201694965825,-0.10489093133597922,0.041150666945182164,0.04219510011637969
6329,-0.040971621258691165,-0.20563397093491687,0.13122556772403088,0.1275700516248396
6330,-0.11461908030199039,-0.29026289874966427,0.18083614335591294,0.18692369669660705
6331,-0.1133806809704276,0.005237086329861836,-0.1409984781116648,-0.14222195696935333
6332,-0.184775148458715,-0.052042612873384846,-0.042642714332607204,-0.04118050789293067
6333,-0.1551281668705798,-0.06550088030795857,-0.08911999045089672,-0.09031362836083673
6334,-0.2203753991226761,-0.34391692280146813,0.05393751305541463,0.055683208498701904
6335,-0.05707081256900718,-0.2883530780937602,0.13231476231685116,0.12695831219599532
6336,-0.413491092477097,-0.11358956760466712,-0.31418041837008737,-0.3149264420637999
6337,0.014144609232789231,-0.21333293545403,0.22012175106681384,0.22795499985079523
6338,-0.27241801199606097,-0.1888036764047626,-0.05920444033302497,-0.06157679567903076
6339,-0.08925427471576497,-0.05011787174360657,-0.020649935841962338,-0.01404016591566948
6340,0.006609769926292858,0.1787771179612664,-0.14037181820894631,-0.14350511772253885
6341,-0.13835755423592253,-0.28514517621079644,0.02597654501506968,0.03398883948554206
6342,-0.2214198322938736,-0.29805138611202286,-0.007818328310107127,0.0023723553460057887
6343,-0.05283339798872012,-0.14305750350631133,0.011264957775058934,0.019351854614902568
6344,-0.20248575094745005,-0.35907612425770635,0.04629823043179851,0.03748023037211662
6345,-0.050998179702187334,0.1338664915997732,-0.13540330040882095,-0.14201307033511384
6346,-0.04441825072364298,-0.28948703410820326,0.19157888454537314,0.19333950046253467
6347,0.06736593954223985,-0.010265286025484167,0.061054579093432,0.06333741159619229
6348,-0.07236429829011369,-0.11737936796872668,0.0008355465369580138,-0.0025812419802452922
6349,0.03231774641162603,-0.29347080063262804,0.1864462415326311,0.1857151383127928
6350,-0.019411536510399566,-0.044597296410133984,-0.09546119184745305,-0.08468860971024439
6351,0.11438035272000237,-0.153352630479544,0.14504192653158662,0.1388350093998985
6352,-0.12862940526991135,-0.14374384530452686,-0.06981289725761688,-0.06659007490077884
6353,0.031885052669272766,-0.2774462116916833,0.169332457998866,0.16794485392856076
6354,-0.09813195667094386,-0.1668108979141177,-0.0038793232073050634,0.0035510727820715583
6355,-0.14689206529199367,-0.09813195667094386,-0.05020739458685207,-0.04218017964250544
6356,0.10316015636656617,0.23105845841663927,-0.09080600399868698,-0.09137298200590849
6357,-0.228178806958909,-0.183581510548775,-0.0699024201008624,-0.06706753006475485
6358,-0.08148070782728059,-0.25458804571633187,0.09650562501865058,0.10314523589269194
6359,-0.0947002476798663,-0.26419683089134904,0.06190504610426426,0.06159171615290501
6360,-0.17079466443854252,-0.2965742591984721,0.07867565873892153,0.06942496493688638
6361,0.0046253469010175755,-0.25340932828026613,0.07758646414610126,0.08389782459490912
6362,0.03276536062785353,-0.2969323505714541,0.14572826832980212,0.1559338724597893
6363,-0.08289815284533436,-0.12124377070215747,0.07746710035510727,0.07064844379457491
6364,-0.13356808212228818,-0.12871892811315686,-0.00304377667034705,-0.017322670168004536
6365,-0.20111306735101903,-0.09847512757005161,-0.13641789263226997,-0.1280773477365641
6366,0.08800095491032794,-0.09901226462952462,0.020978186267195845,0.014293813971531732
6367,-0.04862582435618154,-0.16836262719703976,0.03291456536659604,0.0366745247829071
6368,-0.13325475217092894,-0.20596222136015038,0.009056727641669898,0.0014025245441795229
6369,0.06870878219092237,-0.2969174300975798,0.2577362657037987,0.25334964638476914
6370,-0.21870430604876004,-0.12127361164990598,-0.03419772611978156,-0.03501835218286532
6371,-0.1586941601265256,-0.1643042583032437,-0.09386470114290826,-0.09896750320790187
6372,-0.22977529766345378,-0.123302796096804,-0.1404911819999403,-0.1409984781116648
6373,-0.29597744024350214,-0.11582763868580463,-0.12418310405538478,-0.12776401778520483
6374,0.032899644892721784,-0.0920294828563755,0.13902897556026378,0.13559726656918622
6375,-0.0054907343857240895,-0.11557399062994239,0.0857927247769389,0.09450628151950104
6376,-0.22755214705619048,-0.02017248067798633,-0.17510668138820087,-0.16578138521679447
6377,0.014398257288651484,0.0003431708991077556,0.004341857897406821,0.003595834203694309
6378,0.04033004088209841,-0.08400226791202887,0.0337650323774283,0.04410492077228372
6379,-0.041344633105547424,-0.16155889111038166,0.07980961475336455,0.092835188445585
6380,-0.03548088687296708,-0.14719047476947866,0.025394646533973917,0.025528930798842168
6381,-0.11827459640118167,-0.1189012563039002,-0.11381337471278084,-0.12455611590224103
6382,-0.005147563486616334,-0.19150428217600188,0.12064695174718745,0.12137805496702574
6383,-0.10159350660976992,-0.20033720270955804,0.021843573751902358,0.020053116886992326
6384,0.015203962877860997,0.05959237265375547,-0.0057891438632090945,-0.0015517292829220252
6385,0.0244397362060219,-0.017218226850884782,0.041090985049685176,0.034406612754021064
6386,0.02663304586553668,-0.00553549580734684,0.016099191310316015,0.019202649876160063
6387,-0.005087881591119333,0.03448121512339231,-0.0245292590492674,-0.02205246038614186
6388,0.006758974665035361,-0.2654203097490376,0.19044492853093012,0.1839694428695055
6389,0.16411029214287842,-0.08770254543284293,0.1712870400763928,0.1705111754349318
6390,-0.022231506072632867,-0.26185431649309177,0.1640058488257587,0.15836590970129208
6391,-0.023156575452836378,-0.2057682551997851,0.02044104920772283,0.020127719256363582
6392,-0.1465488943928859,-0.19007191668407383,0.023693712512309388,0.027065739607889938
6393,0.028468264152069465,0.07302079914058068,-0.02796096804034496,-0.02563337411596192
6394,-0.1497866372235982,-0.25752737906955925,0.011906538151651694,0.01168273104353794
6395,0.009608785175017159,0.13944674882874278,-0.07440840321088596,-0.07740741845961027
6396,0.043433499447942454,-0.02809525230521321,0.12307898898869024,0.12309390946256453
6397,-0.09671451165289008,-0.07142430843603592,-0.01096654829757393,-0.01108591208856793
6398,0.023425143982572883,0.004699949270388827,0.03686849094327235,0.03479454507475157
6399,-0.2901584554325445,-0.2459640118170153,-0.08847841007430396,-0.08327116469219062
6400,-0.005669780072215092,0.04155351973978693,-0.03698785473426636,-0.03668944525678135
6401,0.0020441049207722837,-0.14335591298379635,0.09538658947808182,0.09097012921130374
6402,-0.012757005162483959,0.02067977678971084,-0.026707648234907937,-0.02070961773745934
6403,0.07960072811912505,-0.13940198740712004,0.21543672227029925,0.20933424845573093
6404,-0.1557548267732983,-0.08039151323446031,-0.03997194950911641,-0.038987198233415885
6405,-0.11154546268389483,-0.4562830115484467,0.2172271791352093,0.2005610098176718
6406,-0.08409179075527438,-0.16721375070872246,-0.007684044045238875,-0.0031929814090895527
6407,-0.2704783503924084,-0.1583957506490406,-0.1277789382590791,-0.12731640356897733
6408,-0.11782698218495417,-0.17364447494852434,0.017904568649100294,0.024738145683506903
6409,-0.024708304735758402,-0.09656530691414758,0.06576944883769507,0.054012115424785886
6410,-0.10125033571066216,-0.273910059383486,0.1100832562442183,0.11984124615797795
6411,-0.15978335471934585,-0.2405777207484109,-0.013771597385932975,-0.009638626122765658
6412,-0.21067709110441343,-0.2963653725642326,0.0029393333532272982,0.011891617677777444
6413,-0.07761630509384977,-0.22103189997314313,0.036018023932440094,0.04267255528035569
6414,-0.17607651219002712,-0.07963056906687356,-0.12779385873295332,-0.13640297215839572
6415,-0.0307361761809555,-0.05713049446450418,-0.0241711676762854,-0.023887678672674637
6416,-0.11324639670555936,-0.08025722896959206,-0.04999850795261257,-0.04999850795261257
6417,-0.17659872877562588,-0.09796783145832709,-0.04344841992181671,-0.040658291307331916
6418,-0.01227954999850795,-0.23264002864730982,0.1121572021127391,0.10790486705857776
6419,0.02206738086001611,-0.19484646832383393,0.1539196084867655,0.1560532362507833
6420,0.24054787980066242,-0.12166154397063648,0.21667512160186206,0.2156456089045388
6421,-0.03439169228014681,-0.07478141505774223,0.006460565187550356,0.040926859837068424
6422,-0.2706126346572767,-0.1855360926263018,-0.0669034048521381,-0.059786338814120724
6423,-0.26595744680851063,-0.07533347259108948,-0.25552803557040965,-0.2529617140640386
6424,-0.19439885410760643,-0.04844677866969054,-0.10630837635403301,-0.11436543224612812
6425,-0.04604458237593625,-0.26148130464623554,0.07382650472979022,0.05328101220494762
6426,-0.020873742950076088,-0.16875055951777024,0.06769418996747335,0.06930560114589239
6427,-0.005296768225358836,-0.13893945271701827,0.09307391602757302,0.09601324938080033
6428,-0.28284742323416184,-0.07406523231177821,-0.18772940228581653,-0.19702485750947446
6429,0.030273641490853747,-0.2660768105995046,0.19208618065709768,0.19081794037778635
6430,-0.11238100922085284,-0.09147742532302823,-0.021545164274417352,-0.01781504580585479
6431,-0.021201993375309595,-0.14437050520724534,0.060994897197934994,0.0579660410014622
6432,-0.04959565515800782,-0.20057593029154602,0.17273432604219507,0.1697054698457223
6433,-0.2671212437707021,-0.19911372385186948,-0.11526066067858315,-0.1105607114081943
6434,-0.22905911491748976,-0.14450478947211362,-0.06302408164483303,-0.06272567216734802
6435,-0.2739249798573602,-0.1048014084927337,-0.14927934111187371,-0.15092059323804125
6436,-0.12012473516158871,-0.10005669780072214,-0.12527229864820505,-0.1098445286622303
6437,-0.030005072961117242,-0.13895437319089252,0.04955089373638506,0.04750678881561277
6438,-0.13902897556026378,-0.23634030616812385,0.05481782101399539,0.051759123869774104
6439,-0.26324192056339707,-0.3177464116260332,0.022992450240219623,0.030885380919698006
6440,0.0862701799409149,-0.06641102921428783,0.21430276625585626,0.21360150398376648
6441,-0.2280445226940407,-0.3062725672167348,0.042642714332607204,0.04468681925337947
6442,-0.136835665900749,-0.07131986511891616,-0.10642774014502698,-0.11436543224612812
6443,-0.012697323266986959,-0.14563874548655664,0.03613738772343409,0.05040136074721733
6444,-0.1589030467607651,-0.03916624391990689,-0.0666945182178986,-0.05729461967712094
6445,-0.17069022112142276,-0.04328429470919996,-0.15154725314075973,-0.15463579123272952
6446,-0.2266718390976097,-0.24178627913222522,-0.0008952284324550147,0.00014920473874250242
6447,-0.1892512906209901,-0.2158097341171555,-0.10490585180985347,-0.10532362507833248
6448,-0.29364984631911906,-0.013667154068813223,-0.304914804094178,-0.320715585927009
6449,0.08738921548148368,-0.1293903494374981,0.16039509414819011,0.1550983259228313
6450,-0.1314941362537674,-0.32774312912178083,0.10181731371788368,0.09689355733938108
6451,-0.18146280325863146,0.07126018322341916,-0.21346721971889823,-0.21868938557488585
6452,-0.04320969233982871,-0.016263316522932766,-0.04752170928948703,-0.04744710692011578
6453,0.014413177762525736,-0.21837605562352655,0.11961743904986419,0.11564859299931365
6454,-0.1581570230670526,-0.23832472919339917,0.04565665005520575,0.03755483274148787
6455,-0.15405389275163378,-0.09384978066903403,-0.11352988570917012,-0.11199307690012233
6456,-0.3576885201874011,-0.26078004237414576,-0.16257348333383065,-0.16582614663841722
6457,-0.2234639372146459,0.14199814986123957,-0.24477037390707523,-0.2422935752439497
6458,0.05062516785533108,-0.04841693772194204,0.04513443346960699,0.04667124227865476
6459,-0.13825311091880277,-0.12355644415266627,-0.04409000029840947,-0.04223986153800244
6460,-0.1581570230670526,-0.2999313658201784,0.0818089582525141,0.0758109277550655
6461,-0.027393990033123445,-0.23792187639879436,0.03894243681179314,0.040255438512727164
6462,-0.16485631583659094,-0.30318402912476494,0.08125690071916683,0.0796156485929993
6463,-0.1449524036883411,-0.14962251201098148,0.03048252812509325,0.028378741308823965
6464,-0.12503357106621704,-0.047805198293097775,-0.1009966876547999,-0.0920294828563755
6465,-0.10244397362060217,-0.27034406612754014,0.05531019665184565,0.051057861597684336
6466,0.09020918504371699,-0.18820685744979257,0.1440870162036346,0.1440870162036346
6467,-0.3093909462564531,-0.09752021724209958,-0.22623914535525644,-0.21397451583062274
6468,0.06772403091522186,0.0855539971949509,0.06251678553310852,0.06265106979797677
6469,-0.16940706036823724,-0.23844409298439317,0.021321357166303602,0.022425472232998116
6470,-0.17276416698994357,-0.3299662797290442,0.028930798842171222,0.03721166184238011
6471,-0.33157769090746314,-0.19884515532213298,-0.04950613231476231,-0.043015726179463455
6472,-0.2820715585927009,-0.12357136462654053,-0.10638297872340424,-0.11806570976694218
6473,-0.27640177852048575,-0.21534719942705377,-0.049446450419265306,-0.0485213810390618
6474,-0.12107964548954074,-0.1635433141356569,-0.04695473128226552,-0.04191161111276893
6475,-0.07585568917668824,-0.3885589806332248,0.11000865387484704,0.11096356420279907
6476,-0.13409029870788697,-0.34224582972755213,0.0980275133538241,0.09989257258810538
6477,-0.05083405448957058,0.0035659932559458083,-0.05850317806093521,-0.058234609531198696
6478,-0.06703768911700635,-0.2262242248813822,0.07397570946853271,0.07321476530094594
6479,-0.12051266748231922,-0.2137805496702575,-0.04510459252185849,-0.05037151979946882
6480,-0.1643042583032437,-0.13929754409000028,-0.13646265405389274,-0.13677598400525198
6481,0.05240070424636685,-0.033794873325176805,0.13329951359255168,0.13253856942496492
6482,-0.21746590671719732,-0.3091223777267165,0.03573453492882933,0.03903195965503864
6483,-0.10110113097191964,-0.011384321566052935,-0.02963206111426098,-0.03680880904777535
6484,-0.10978484676673331,-0.21454149383784427,0.039255766763152386,0.03479454507475157
6485,-0.018755035659932556,0.07245382113335919,-0.043657306556056215,-0.03997194950911641
6486,-0.01899376324192056,0.03916624391990689,-0.08934379755901047,-0.0888812628689087
6487,-0.3796663782041717,-0.18608815015964905,-0.1226761361940855,-0.12136313449315148
6488,-0.04212049774700844,-0.013876040703052726,0.014413177762525736,0.013741756438184476
6489,-0.1499060010145922,-0.07980961475336455,-0.09965384500611738,-0.09587896511593205
6490,-0.09896750320790187,-0.21105010295126972,0.05150547581391184,0.05453433201038465
6491,-0.14440034615499386,-0.23116290173375903,-0.009892274178627912,0.006475485661424606
6492,-0.09189519859150726,-0.17592730745128463,0.11424606845513412,0.10982960818835605
6493,-0.008519590582196888,-0.2921428784578198,0.18547641073080479,0.18513323983169705
6494,-0.11357464713079286,-0.08427083644176538,-0.06612754021067707,-0.06129330667542
6495,-0.021261675270806597,-0.12087075885530123,-0.04634299185342126,-0.04656679896153501
6496,-0.076497269553281,-0.08671779415714241,0.025961624541195424,0.02436513383665065
6497,-0.18161200799737395,-0.26479364984631903,-0.022634358867237622,-0.019784548357255825
6498,-0.020366446838351582,-0.293053027364149,0.16049953746530987,0.16105159499865712
6499,-0.17221210945659635,-0.11163498552714032,-0.09105965205454923,-0.08641938467965742
6500,0.08316672137507086,-0.09959416311062037,0.21243770702157497,0.2120050132792217
6501,-0.07266270776759869,-0.30331831338963317,0.08192832204350808,0.08433051833726238
6502,-0.16227507385634565,-0.0042970964757840695,-0.10814359464056578,-0.10465220375399122
6503,-0.2636895347796246,-0.2080809286502939,-0.06660499537465309,-0.06581421025931783
6504,-0.21788367998567632,-0.1586941601265256,-0.05859270090418071,-0.06020411208259974
6505,-0.043329056130822705,-0.1426844916594551,-0.007863089731729878,-0.004759631165885828
6506,-0.18634179821551128,-0.22000238727581983,-0.05924920175464772,-0.059368565545641724
6507,-0.1756736593954224,-0.18722210617409207,-0.006788815612783861,-0.004058368893796066
6508,-0.11446987556324786,0.11162006505326608,-0.18295485064605646,-0.16967562889797377
6509,-0.10477156754498522,-0.13037510071319863,-0.057786995314971196,-0.04629823043179851
6510,0.034376771806272556,-0.14807078272805943,0.12937542896362386,0.1320611142609889
6511,0.02032168541672883,-0.09638626122765658,0.07512458595684998,0.07190176360001194
6512,-0.1691832532601235,-0.10308555399719493,-0.13444839008086895,-0.1285846438482886
6513,-0.07003670436573065,0.003536152308197308,0.09635642027990808,0.09043299215183072
6514,-0.18855002834890033,-0.3004088209841544,0.05034167885172032,0.059696815970875235
6515,-0.0787502611082928,-0.18683417385336157,0.05272895467160036,0.04792456208409178
6516,-0.0638447077079168,-0.07924263674614306,0.04407507982453522,0.03825609501357763
6517,-0.11078451851630806,-0.14334099250992208,-0.05098325922831308,-0.06248694458536002
6518,0.11555907015606814,-0.023753394407806386,0.06854465697830561,0.06676912058726983
6519,-0.14451970994598787,-0.3615081614992091,0.08188356062188533,0.08128674166691532
6520,-0.12401897884276802,-0.3309808719524932,0.01754647727611829,0.0184118647608248
6521,-0.0734982543045567,-0.030586971442213,-0.05804064337083344,-0.0485213810390618
6522,0.010071319865118914,-0.2016651248843663,0.12046790606069648,0.11485780788397838
6523,-0.14350511772253885,-0.020247083047357582,-0.15068186565605324,-0.137432484855719
6524,-0.11096356420279907,-0.06315836590970128,-0.034973590761242575,-0.03604786488018859
6525,-0.22840261406702275,-0.1505028199695622,-0.12028886037420546,-0.1319715914177434
6526,-0.06776879233684462,0.026304795440303175,-0.1279281429978216,-0.12688370982662409
6527,-0.1313747724627734,-0.21352690161439522,0.05701113067351018,0.06139774999253976
6528,0.04488078541374473,0.031810450299901524,-0.013353824117453969,-0.02633463638805168
6529,0.11279878248933185,-0.23244606248694455,0.1588135239175196,0.17735967294321264
6530,0.07036495479096415,0.0013577631225567721,0.11051594998657156,0.11100832562442181
6531,-0.2056488914087911,0.025514010324967917,-0.13511981140521023,-0.13511981140521023
6532,-0.0016860135477902774,-0.12895765569514486,0.05901047417265972,0.04883471099042104
6533,-0.1315836590970129,-0.14629524633702365,-0.005252006803736086,0.0031332995135925513
6534,0.0486705857778043,0.04695473128226552,-0.010712900241711676,-0.010697979767837425
6535,0.20281400137268357,0.1278983020500731,0.07381158425591595,0.07804899883620303
6536,-0.1466682581838799,-0.2393542418907224,-0.0030288561964727993,0.008758318164184892
6537,-0.06863417982155112,-0.10005669780072214,0.03607770582793709,0.03721166184238011
6538,-0.1948017069022112,-0.2934558801587538,0.045716331950702745,0.049103279520157556
6539,0.029691743009757986,-0.27359672943212676,0.07779535078034076,0.08622541851929215
6540,-0.06642594968816208,-0.3166422965593387,0.15421801796425053,0.15969383187610037
6541,-0.20069529408254003,-0.13696995016561722,-0.09953448121512337,-0.09804243382769837
6542,-0.2917698666109635,-0.24414371400435672,-0.09940019695025513,-0.09544627137357882
6543,-0.06487422040524006,-0.3259675927307451,0.16889976425651276,0.16473695204559693
6544,-0.10074303959893764,-0.23011846856256152,0.07336397003968845,0.07557220017307748
6545,-0.076497269553281,-0.09902718510339885,-0.09992241353585388,-0.09395422398615379
6546,-0.13880516845215002,-0.2628390677687923,0.03182537077377577,0.028289218465578463
6547,-0.1446241532631076,-0.1631255408671779,-0.09541643042583031,-0.09020918504371699
6548,-0.24324848557190176,-0.18353674912715226,-0.10842708364417654,-0.1013249380800334
6549,0.10690519530900298,-0.023574348721315388,0.11132165557578107,0.11433559129837963
6550,-0.042612873384858696,-0.21583957506490403,0.12357136462654053,0.11515621736146336
6551,-0.059860941183491986,-0.167601683029453,0.08410671122914862,0.0952672256870878
6552,-0.10850168601354777,-0.057249858255498186,0.014472859658022736,0.004834233535257079
6553,-0.08439020023275938,-0.09875861657366238,0.04783503924084628,0.04688012891289426
6554,-0.06077109008982124,-0.10697979767837426,0.045611888633582995,0.02633463638805168
6555,-0.16740771686908776,-0.1885201874011518,-0.055966697502312666,-0.05633970934916892
6556,-0.35336158276386853,-0.2753125839276655,-0.1605592193608069,-0.15303930052818476
6557,-0.06678404106114409,-0.13058398734743812,-0.03216854167288353,-0.030079675330488487
6558,-0.12122885022828324,-0.08107785503267582,-0.041135746471307924,-0.045268717734475244
6559,0.05232610187699561,0.017456954432872786,-0.054802900540121144,-0.05459401390588164
6560,-0.05471337769687565,-0.007773566888484377,-0.004013607472173315,-0.0010891945928202678
6561,-0.04041956372534391,-0.11870729014353494,0.039225925815403885,0.04219510011637969
6562,-0.07463221031899972,0.041508758318164175,-0.008131658261466383,0.00011936379099400195
6563,0.1610963564202799,-0.3006475485661424,0.353033332338635,0.3534063441854913
6564,-0.15873892154814837,-0.14574318880367637,-0.030989824236817756,-0.03434693085852406
6565,-0.20863298618364115,-0.21666020112798778,0.00026856852973650434,-0.008206260630837634
6566,-0.12188535107875025,-0.3600011936379099,0.10008653874847065,0.09532690758258482
6567,-0.07409507325952672,-0.22558264450478943,0.09647578407090208,0.09408850825102205
6568,-0.05917459938527647,-0.04993882605711557,-0.1584852734922861,-0.15369580137865177
6569,0.00019396616036525315,0.04100146220643967,-0.06271075169347377,-0.06266599027185103
6570,-0.2700904180716779,-0.014905553400375993,-0.21601862075139505,-0.21857002178389184
6571,-0.2688669392139894,-0.1982184954194145,-0.01521888335173525,-0.012846528005729458
6572,-0.23229685774820205,-0.19520455969681597,0.007146906985765866,0.007131986511891617
6573,-0.04656679896153501,-0.13109128345916266,0.07755662319835277,0.07519918832622123
6574,-0.24250246187818922,-0.11928918862463068,-0.10062367580794364,-0.10426427143326071
6575,-0.13186714810062364,-0.1168869923308764,-0.04950613231476231,-0.04784995971472054
6576,0.01700934021664528,-0.06221837605562352,0.11521589925696038,0.12164662349676224
6577,-0.15745576079496282,-0.21655575781086803,-0.06238250126824027,-0.049625496105756305
6578,-0.06897735072065887,-0.060547282981707494,-0.05038644027334308,-0.05824953000507295
6579,-0.1304795440303184,-0.26561427590940284,0.02081406105457909,0.0038793232073050634
6580,-0.045343320103846486,-0.1325087284772164,0.026916534869147444,0.03452597654501506
6581,0.08022738802184357,-0.2504103130315418,0.19160872549312163,0.19601026528602544
6582,-0.0008952284324550147,-0.27467100355107277,0.13555250514756345,0.13373220733490496
6583,-0.16281221091581866,-0.02869207126018322,-0.10493569275760198,-0.12075139506430724
6584,-0.23720569365283037,-0.14565366596043086,-0.10192175703500342,-0.09350660976992627
6585,-0.027647638088985703,-0.3749067470382859,0.12421294500313329,0.12483960490585179
6586,-0.07146906985765866,-0.2623317716570678,0.05374354689504938,0.056265106979797676
6587,-0.052102294768881854,-0.033019008683715795,0.04138939452717018,0.04792456208409178
6588,-0.2343409626689743,-0.07798931694070603,-0.16297633612843543,-0.16339410939691443
6589,-0.05044612216884008,-0.14081943242517378,0.08083912745068782,0.07445316463250871
6590,-0.01028020649935842,-0.3431410581600071,0.22882038733550172,0.22758198800393897
6591,-0.05240070424636685,0.017322670168004536,-0.056280027453671916,-0.05466861627525289
6592,0.09593864701142905,-0.02006803736086658,0.056175584136552166,0.055593685655456415
6593,-0.06520247083047356,0.09741577392497984,-0.0241711676762854,-0.022694040762734617
6594,-0.14953298916773594,-0.014263973023783233,-0.09954940168899763,-0.0917907552743875
6595,0.07181224075676643,-0.25058935871803284,0.15106979797678372,0.14674286055325114
6596,-0.08306227805795112,-0.11740920891647517,0.08628510041478916,0.08561367909044791
6597,-0.2442481573214765,-0.39133418877383536,0.10524902270896123,0.11321655575781085
6598,-0.1322103189997314,-0.11694667422637342,-0.039106562024409895,-0.036599922413535844
6599,-0.02190325564739936,-0.00365551609919131,-0.03839037927844587,-0.03803228790546387
6600,-0.06312852496195279,-0.15206946972635849,0.014278893497657486,0.0054608934379755895
6601,-0.16072334457342363,-0.1442959028378741,0.03707737757751186,0.03683864999552385
6602,-0.09596848795917758,-0.2578407090209185,0.08522574676971739,0.09019426456984272
6603,-0.09429739488526155,-0.242905314672794,0.1010862104980454,0.1012354152367879
6604,0.04846169914356479,-0.05061024738145683,0.04121034884067917,0.04432872788039747
6605,-0.10563695502969174,-0.09268598370684251,-0.015502372355346003,-0.00013428426486825217
6606,-0.11393273850377486,0.030019993434991493,-0.09999701590522514,-0.10189191608725492
6607,0.0007161827459640117,-0.21298976455492225,0.07972009191011904,0.07242398018561068
6608,-0.22983497955895077,-0.18617767300289453,-0.18161200799737395,-0.17829966279729045
6609,-0.20411208259974334,-0.28648801885947894,-0.055802572289695915,-0.056175584136552166
6610,-0.08449464354987912,0.03172092745665602,-0.10223508698636269,-0.0974008534511056
6611,-0.11691683327862491,-0.29808122705977136,-0.0026558443496165433,-0.0009549103279520156
6612,-0.10899406165139802,-0.05924920175464772,0.0027901286144847957,0.012010981468771447
6613,-0.08291307331920861,-0.09984781116648263,0.0458207752678225,0.004416460266778072
6614,-0.014398257288651484,-0.058294291426695705,-0.06852973650443137,-0.05929396317627046
6615,-0.07821312404881979,-0.13100176061591715,0.03815165169645787,0.03245203067649428
6616,0.12598848139416907,0.030243800543105243,0.07754170272447852,0.08583748619856164
6617,-0.017113783533765033,-0.18402912476500252,0.10962072155411653,0.10477156754498522
6618,0.03492882933961982,-0.14611620065053266,0.15832114827966934,0.15811226164542982
6619,-0.10638297872340424,-0.20215750052221657,0.10775566231983527,0.11018769956133805
6620,0.16194682343111216,-0.2989466145444779,0.23402763271761506,0.26194383933633725
6621,0.05141595297066635,-0.14739936140371815,0.10808391274506877,0.1098743696099788
6622,-0.043388738026319706,-0.14338575393154485,0.010862104980454177,0.0018053773387842799
6623,-0.10426427143326071,-0.1568291008922443,-0.041538599265912676,-0.05038644027334308
6624,-0.19123571364626538,-0.2801915788845454,-0.011876697203903193,-0.006012950971322849
6625,-0.04774551639760078,-0.1886544716660201,0.09176091432663899,0.1017725522962609
6626,0.1747635104890931,-0.06106949956730625,0.14629524633702365,0.14898093163438866
6627,-0.11424606845513412,-0.09860941183491985,-0.0556533675509534,-0.061785682313270265
6628,-0.06475485661424606,-0.13064366924293513,-0.008206260630837634,-0.0028647309838560468
6629,0.04816328966607979,-0.13406045776013845,0.12527229864820505,0.13310554743218644
6630,-0.22683596431022648,-0.0641132762376533,-0.17826982184954193,-0.17785204858106293
6631,-0.04380651129479872,-0.14329623108829934,0.040867177941571416,0.0676494285458506
6632,-0.15841067112291485,-0.30676494285458505,0.025901942645698423,0.03865894780818238
6633,-0.23328160902390255,0.029855868222374737,-0.2505445972964101,-0.24903762943511082
6634,0.07496046074423324,-0.24887350422249407,0.15241264062546625,0.15130852555877172
6635,-0.18467070514159525,-0.1771657067828474,0.03597326251081734,0.03522723881710482
6636,-0.0669034048521381,-0.007863089731729878,-0.000671421324341261,-0.0029393333532272982
6637,0.007146906985765866,-0.024857509474500907,0.014756348661633492,0.021142311479812596
6638,0.11584255915967889,-0.243502133627764,0.3000208886634239,0.29457491569932254
6639,-0.1404315001044433,-0.3083912745068783,0.013055414639968963,0.010518934081346422
6640,-0.30036405956253165,-0.11105308704604455,-0.22920831965623226,-0.23950344662946493
6641,-0.008474829160574139,-0.027244785294380944,-0.032586314941362535,-0.03439169228014681
6642,-0.10232460982960817,-0.14165497896213183,-0.0053116886992330865,0.0029094924054787977
6643,-0.01347318790844797,-0.2226880725731849,0.1223180448211035,0.11963235952373845
6644,0.043582704186684966,-0.21528751753155678,0.12479484348422903,0.12378025126078003
6645,-0.15300945958043624,0.06339709349168929,-0.0824057772074841,-0.08183879920026259
6646,-0.0337650323774283,-0.16278236996807016,0.06129330667542,0.06520247083047356
6647,-0.23023783235355552,-0.3022440392706872,0.010235445077735666,0.009698308018262658
6648,-0.2625704992390558,-0.003774879890185312,-0.2182716123064068,-0.2249410641281967
6649,-0.17334606547103934,-0.3131359851988899,0.07090209185043715,0.07312524245770045
6650,0.027781922353853957,-0.15160693503625672,0.10826295843155975,0.10250365551609919
6651,-0.09108949300229774,-0.10988929008385304,0.03288472441884754,0.016009668467070512
6652,-0.059786338814120724,-0.04755155023723553,-0.01914296798066306,-0.02336546208707588
6653,-0.004998358747873831,0.04667124227865476,-0.027990808988093457,-0.023827996777177642
6654,-0.12925606517262986,-0.0888812628689087,-0.021843573751902358,-0.02185849422577661
6655,-0.15530721255707078,-0.2761928918862463,0.09225328996448925,0.0788099430037898
6656,-0.14311718540180834,0.11582763868580463,-0.24863477664050607,-0.23707140938796212
6657,-0.014368416340902985,0.01172749246516069,-0.03852466354331413,-0.040807496046074414
6658,0.04013607472173316,-0.1454000179045686,0.154068813225508,0.15781385216794483
6659,-0.10747217331622451,-0.08362925606517262,-0.14862284026140668,-0.16251380143833366
6660,-0.15283041389394525,0.013965563546298227,-0.15667989615350178,-0.1639461669302617
6661,-0.16139476589776489,-0.12306406851481601,-0.08476321207961564,-0.08603145235892691
6662,-0.011608128674166688,-0.21066217063053916,0.09575960132493808,0.1033093611053087
6663,-0.167482319238459,-0.03257139446748828,-0.06817164513144937,-0.05383306973829489
6664,-0.0822267315209931,-0.17829966279729045,0.021231834323058096,0.021589925696040103
6665,-0.10323475873593745,0.07021575005222165,-0.09493897526185431,-0.1001611411178419
6666,0.01099638924532243,-0.06629166542329383,0.04510459252185849,0.04407507982453522
6667,-0.20734982543045563,-0.3603294440631434,0.10618901256303899,0.10299603115394942
6668,0.05554892423383366,-0.17549461370893135,0.14854823789203542,0.1562919638327713
6669,-0.023768314881680637,-0.38499298737727905,0.2013965563546298,0.21315388976753896
6670,-0.1318820685744979,-0.23058100325266329,0.00853451105607114,0.009981797021873413
6671,-0.07303571961445494,0.12076631553818147,-0.14814538509743067,-0.15541165587419054
6672,-0.12291486377607351,0.005774223389334844,-0.03777863984960162,-0.039554176240637395
6673,-0.09789322908895584,-0.2351914296798066,0.04892423383366655,0.0458207752678225
6674,-0.060353316821342234,0.09507325952672255,-0.07382650472979022,-0.08597177046342991
6675,-0.16787025155918947,0.00799737399659813,-0.17856823132702693,-0.17700158157023063
6676,-0.10196651845662616,-0.18505863746232576,0.0397033809793799,0.040941780310942665
6677,-0.16972039031959651,-0.20536540240518034,-0.006848497508280861,-0.03619706961893109
6678,-0.009549103279520155,-0.336755095341828,0.11108292799379307,0.10956103965861955
6679,-0.1284652800572946,-0.169630867476351,-0.035853898719823335,-0.035853898719823335
6680,-0.09948971979350063,0.013070335113843215,-0.06068156724657574,-0.046208707588553
6681,-0.0578168362627197,-0.22362806242726266,0.0490883590462833,0.04079257557220017
6682,-0.18544656978305632,-0.25388678344424215,-0.010832264032705676,-0.007027543194771865
6683,-0.027035898660141444,-0.21254215033869472,0.023499746351944135,0.023634030616812383
6684,0.09010474172659722,-0.184357375190236,0.15739607889946583,0.14765300945958043
6685,-0.08292799379308285,-0.07974993285786756,-0.09662498880964458,-0.09853480946554861
6686,0.01221986810301095,-0.1404911819999403,0.10902390259914654,0.09698308018262658
6687,-0.0998328906926084,-0.06102473814568349,-0.03464534033600907,-0.04416460266778072
6688,-0.09316343887081853,0.014875712452627494,-0.14065530721255706,-0.13553758467368923
6689,-0.13044970308256987,-0.4328877085136223,0.2079018829638029,0.20655904031512037
6690,-0.07937692101101129,-0.18886335830025958,0.07597505296768224,0.06961893109725165
6691,-0.06268091074572528,-0.1604249350959386,0.043761749873175965,0.03574945540270358
6692,-0.14062546626480857,-0.15988779803646563,0.00798245352272388,0.00671421324341261
6693,-0.13691026827012026,-0.17724030915221867,-0.0855539971949509,-0.09843036614842887
6694,-0.0793470800632628,0.13658201784488672,-0.14152069469726355,-0.14256512786846107
6695,-0.05301244367521112,-0.06891766882516187,0.03842022022619438,0.03455581749276357
6696,-0.14813046462355642,-0.168795320939393,-0.05374354689504938,-0.053877831159917636
6697,0.08758318164184893,-0.06930560114589239,0.19059413326967262,0.19311569335442091
6698,-0.211840888066605,-0.21697353107934703,-0.09183551669601024,-0.09666975023126734
6699,-0.1195875981021157,-0.07542299543433498,-0.12940526991137238,-0.1257348333383068
6700,-0.11487272835785264,-0.18390976097400852,-0.015576974724717254,-0.0052818477514845865
6701,-0.19735310793470798,-0.15457610933723254,-0.09370057593029153,-0.10803915132344603
6702,-0.06957416967562888,-0.3927068723702664,0.2261048610903882,0.22056936528304136
6703,-0.12063203127331322,0.10650234251439825,-0.12704783503924083,-0.12430246784637879
6704,-0.1794485392856077,-0.07249858255498194,-0.09659514786189607,-0.09349168929605202
6705,-0.051430873444540594,-0.006579928978544357,-0.018784876607681057,-0.016233475575184265
6706,0.06896243024678463,0.013458267434573722,0.10050431201694965,0.09519262331771655
6707,0.1246605592193608,-0.23702664796633938,0.18907224493449906,0.17673301304049416
6708,-0.04632807137954701,-0.22125570708125689,0.11623049148040941,0.12045298558682223
6709,-0.30070723046163944,-0.3750559517770284,0.01586046372832801,0.02187341469965086
6710,-0.17380860016114108,-0.184058965712751,-0.021112470532064095,-0.023096893557339376
6711,-0.0492972456805228,-0.26952344006445644,0.08550923577332814,0.09458088388887229
6712,-0.13646265405389274,-0.045611888633582995,-0.106785831518009,-0.10818835606218852
6713,0.034511056071140814,0.1035779296350452,0.007669123571364626,-0.008191340156963383
6714,0.0401211542478589,-0.3600011936379099,0.28433947062158693,0.2869803944973292
6715,-0.043090328548834704,0.03718182089463161,-0.08382322222553786,-0.09062695831219598
6716,-0.07775058935871802,-0.17015308406194982,-0.00013428426486825217,-0.0009250693802035152
6717,0.008131658261466383,-0.06227805795112051,0.08895586523827995,0.08898570618602844
6718,0.1101727790874638,-0.1636328369789024,0.17610635313777565,0.18522276267494256
6719,-0.09305899555369876,-0.032228223568380523,-0.06103965861955775,-0.06263614932410252
6720,0.08364417653904686,0.08486765539673538,0.07924263674614306,0.06733609859449136
6721,-0.16566202142580047,-0.22404583569574166,-0.04837217630031929,-0.05574289039419891
6722,-0.23510190683656113,-0.2672107666139476,-0.04444809167139148,-0.044269045984900474
6723,-0.19735310793470798,-0.26630061770761837,-0.06197964847363551,-0.056235266032049175
6724,0.0397332219271284,0.13561218704306047,-0.01041449076422667,-0.016740771686908774
6725,-0.00919101190653815,-0.29758885142192115,0.1101130971919668,0.1106502342514398
6726,0.05630986840142042,-0.058070484318581944,0.10047447106920115,0.10119065381516516
6727,-0.14541493837844288,-0.28410074303959887,0.08964220703649546,0.07915311390289753
6728,0.03448121512339231,-0.13998388588821578,0.045507445316463245,0.05402703589866013
6729,-0.07542299543433498,-0.15369580137865177,-0.027498433350243195,-0.022932768344722625
6730,-0.03172092745665602,-0.34772164363940194,0.1762107964548954,0.17915012980812264
6731,-0.004729790218137328,-0.031019665184566253,-0.01947121840589657,-0.02030676494285458
6732,0.09365581450866878,-0.2562143773686252,0.2167795649189818,0.23356509802751332
6733,-0.1338963325475217,-0.11333591954880486,-0.05144579391841484,-0.039330369132523635
6734,-0.008086896839843632,-0.03471994270538031,0.01715854495538778,0.019322013667154067
6735,-0.05314672794007937,-0.042881441914595204,-0.06299424069708454,-0.06351645728268329
6736,-0.08547939482557965,-0.15312882337143024,0.05259467040673211,0.05774223389334845
6737,-0.06109934051505475,-0.0056996210199635935,-0.11879681298678045,-0.12328787562292977
6738,0.05163976007878009,0.00799737399659813,0.08149562830115482,0.0804213541822088
6739,-0.10891945928202677,-0.20390319596550385,-0.006594849452418608,-0.0022231506072632862
6740,-0.06109934051505475,-0.10777058279370952,-0.02628987496642893,-0.02628987496642893
6741,-0.11154546268389483,-0.20256035331682132,0.015576974724717254,0.0336456685864343
6742,-0.0367640476261526,-0.0893885589806332,0.05877174659067171,0.06745546238548535
6743,-0.2786995314971203,-0.13549282325206646,-0.16901912804750677,-0.17952314165497893
6744,-0.34421533227895307,-0.19778580167706122,-0.17533048849631463,-0.17316701978454832
6745,-0.10598012592879949,-0.1776730028945719,-0.05453433201038465,-0.042553191489361694
6746,-0.1556951448778013,0.010832264032705676,-0.13385157112589893,-0.11969204141923546
6747,-0.25613977499925394,0.049073438572409055,-0.19651756139774998,-0.20263495568619255
6748,0.02494703231774641,-0.22359822147951416,0.12551102623019306,0.12236280624272625
6749,-0.11509653546596638,-0.3000208886634239,0.09628181791053682,0.10526394318283548
6750,-0.1409089552684193,-0.05310196651845661,-0.1193488705201277,-0.1137686132911581
6751,-0.05410163826803139,-0.18291008922443375,-0.021649607591537102,-0.020485810629345583
6752,-0.198785473426636,-0.29881233027960963,-0.022485154128495118,-0.030213959595356745
6753,-0.11200799737399657,-0.40595625317060063,0.14032705678732355,0.13513473187908445
6754,-0.15933574050311836,-0.28844260093700574,0.044806183044373483,0.05884634896004296
6755,-0.09937035600250661,-0.1350899704574617,-0.023693712512309388,-0.026409238757422935
6756,-0.027856524723225206,-0.01648712363104652,-0.03452597654501506,-0.040598609411834914
6757,-0.041299871683924676,-0.2865626212288502,0.09872877562591387,0.08935871803288471
6758,0.12354152367879202,-0.2373548983915729,0.18201486079197873,0.18150756468025422
6759,-0.1100832562442183,-0.038539584017188384,-0.06139774999253976,-0.05705589209513293
6760,-0.15363611948315478,-0.24300975798991373,-0.023410223508698636,-0.01778520485810629
6761,0.13088239682492314,0.1313449315150249,0.04413476172003222,0.04146399689654143
6762,-0.18229834979558948,-0.15383008564352002,-0.047730595923726526,-0.04723822028587627
6763,-0.16622899943302194,-0.07287159440183819,-0.03485422697024857,-0.03876339112530213
6764,-0.05766763152397719,0.05228134045537286,-0.11764793649846318,-0.10035510727820714
6765,-0.34564769777088117,0.015024917191369997,-0.229730536241831,-0.22331473247590342
6766,-0.1773447524693384,-0.1929366476679299,0.02545432842947092,0.03794276506221837
6767,0.10169794992688966,-0.035853898719823335,0.04883471099042104,0.04394079555966697
6768,-0.09665482975739309,-0.0703500343170899,-0.0025961624541195423,-0.013771597385932975
6769,0.011817015308406191,-0.07731789561636476,0.08415147265077137,0.07869057921279578
6770,-0.15187550356599325,-0.20072513503028855,-0.06241234221598878,-0.062248217003372026
6771,-0.0056399391244665925,-0.20065053266091729,0.11069499567306255,0.11157530363164334
6772,-0.09604309032854884,0.007146906985765866,-0.10075796007281189,-0.10147414281877593
6773,-0.11778222076333142,-0.14410193667750887,-0.0031034585658440503,-0.0028199695622332962
6774,-0.14541493837844288,-0.15544149682193906,-0.06011458923935423,-0.06092029482856375
6775,-0.1637074393482737,-0.1301960550267076,-0.12043806511294797,-0.12096028169854672
6776,-0.08134642356241233,-0.11172450837038582,0.023619110142938136,0.03613738772343409
6777,-0.18567037689117,0.028990480737668228,-0.11139625794515232,-0.1250484915400913
6778,-0.24966428933782933,-0.1762107964548954,-0.14590731401629314,-0.1496374324848557
6779,-0.10151890424039867,-0.1006684372295664,-0.08031691086508906,-0.07182716123064067
6780,-0.14759332756408342,0.08753842022022618,-0.10690519530900298,-0.09192503953925575
6781,-0.033332338635075044,-0.0642326400286473,-0.01286144847960371,-0.01645728268329802
6782,-0.152815493420071,-0.2167198830234848,0.01947121840589657,0.017531556802244035
6783,0.0031183790397183012,-0.05432544537614513,0.04804392587508579,0.045209035838978236
6784,0.020381367312225833,-0.2194503297424726,0.15457610933723254,0.14174450180537732
6785,-0.13602996031153947,-0.028602548416937715,-0.18626719584614004,-0.19023604189669063
6786,-0.2262242248813822,0.03175076840440452,-0.2028886037420548,-0.21552624511354476
6787,-0.06321804780519828,-0.1442660618901256,0.04801408492733729,0.04874518814717555
6788,-0.2573334129091939,0.009638626122765658,-0.1788666408045119,-0.18484975082808627
6789,-0.14531049506132312,0.07575124585956848,-0.1556653039300528,-0.14995076243621494
6790,0.03770403748023037,-0.3131509056727641,0.19751723314732475,0.17603175076840435
6791,-0.01706902211214228,-0.18041837008743397,0.05977141834024648,0.049312166154397055
6792,-0.11615588911103814,-0.16188714153561518,0.057190176360001184,0.06527707319984481
6793,-0.1596192295067291,-0.14799618035868817,-0.04647727611828951,-0.039315448658649395
6794,-0.021172152427561097,-0.1507117066038017,0.04022559756497866,0.05240070424636685
6795,0.168735639043896,-0.12472024111485779,0.20476858345021035,0.20684252931873115
6796,-0.2623168511831936,-0.1334188773835457,-0.09452120199337528,-0.0732296857748202
6797,-0.0556235266032049,-0.09772910387633911,0.002626003401868043,-0.0030288561964727993
6798,0.022022619438393364,-0.17106323296827905,0.08433051833726238,0.10232460982960817
6799,-0.051401032496792086,-0.06193488705201276,0.04841693772194204,0.05959237265375547
6800,-0.022022619438393364,-0.19181761212736112,0.049879144161618566,0.053116886992330865
6801,0.003297424726209304,-0.22219569693533464,0.12136313449315148,0.12458595684998953
6802,-0.14656381486676015,-0.1477723732505744,0.059696815970875235,0.054295604428396635
6803,-0.11388797708215212,-0.13118080630240814,-0.05763779057622869,-0.05289307988421711
6804,-0.09872877562591387,-0.03686849094327235,-0.051192145862552586,-0.04792456208409178
6805,-0.18198501984423027,-0.35297365044313794,0.021768971382531106,0.030407925755721994
6806,-0.18246247500820623,-0.30090119662200465,0.06232281937274327,0.06333741159619229
6807,0.21033392020530567,-0.08897078571215421,0.1705410163826803,0.18131359851988899
6808,0.07081256900719166,-0.05884634896004296,0.08928411566351346,0.1033093611053087
6809,-0.09914654889439287,-0.3017069022112142,0.09568499895556681,0.09632657933215957
6810,0.1927874429291874,-0.039121482498284135,0.1729432126764346,0.1770165020441049
6811,-0.2679567903076602,-0.1302258959744561,-0.12036346274357673,-0.13052430545194113
6812,-0.10635313777565575,-0.3807406523231177,0.18194025842260747,0.17591238697741035
6813,-0.14781713467219718,-0.1865208439020023,-0.024081644833039893,-0.028408582256572466
6814,-0.04031512040822416,-0.14208767270448508,0.0007460236937125122,0.003924084628927814
6815,-0.2138402315657545,-0.20415684402136608,-0.04259795291098444,-0.044298886932648975
6816,0.1294201903852466,-0.051401032496792086,0.1186625287219122,0.12430246784637879
6817,-0.1291516218555101,-0.39830205007311026,0.1781504580585479,0.18282056638118827
6818,-0.16078302646892062,-0.03718182089463161,-0.1306585897168094,-0.12986780460147412
6819,-0.22222553788308314,-0.08353973322192712,-0.1815970875234997,-0.1805228134045537
6820,-0.11438035272000237,-0.05753334725910894,-0.020993106741070095,-0.023574348721315388
6821,-0.13555250514756345,-0.03862910686043388,-0.09243233565098026,-0.09023902599146548
6822,-0.00368535704693981,-0.1552475306615738,0.06418787860702456,0.05031183790397182
6823,-0.03209393930351228,-0.11976664378860671,-0.06758974665035361,-0.05904031512040822
6824,-0.024156247202411146,-0.0018799797081555305,-0.04162812210915818,-0.0400017904568649
6825,-0.27223896630956995,-0.17655396735400317,-0.14107308048103606,-0.1427441735549521
6826,-0.02090358389782459,-0.3772045000149204,0.1632449046581719,0.1632449046581719
6827,-0.2471278087792068,-0.3957357285667392,0.024574020470890152,0.0183223419175793
6828,0.035316761660350325,-0.05860762137805495,0.090925367789681,0.09523738473933929
6829,-0.15089075229029272,0.009295455223657902,-0.09662498880964458,-0.09402882635552505
6830,-0.21446689146847298,-0.1122765659037331,-0.1869982990659783,-0.17973202828921844
6831,-0.12436214974187577,-0.24851541284951206,0.07488585837486197,0.07303571961445494
6832,-0.1344633105547432,-0.17647936498463188,0.09156694816627375,0.08967204798424397
6833,0.06857449792605412,-0.1381785085494315,0.15390468801289126,0.15853003491390882
6834,0.018068693861717045,-0.2577661066515472,0.17665841067112287,0.17303273551968007
6835,-0.1761809555071469,-0.15454626838948402,-0.10216048461699143,-0.08279370952821459
6836,0.0952672256870878,-0.18332786249291272,0.11706603801736741,0.11609620721554115
6837,-0.025305123690728414,-0.09493897526185431,0.04629823043179851,0.04225478201187669
6838,-0.08695652173913043,-0.07194652502163468,-0.00674405419116111,-0.003909164155053563
6839,0.07555727969920324,-0.06514278893497656,0.05753334725910894,0.05289307988421711
6840,0.06291963832771329,0.07666139476589776,0.0027752081406105457,0.007325952672256868
6841,-0.04267255528035569,0.014756348661633492,-0.04841693772194204,-0.0612634657276715
6842,-0.06339709349168929,-0.2696428038554504,0.09337232550505803,0.08901554713377695
6843,-0.3100026856852974,-0.25616961594700244,-0.19626391334188772,-0.1742860553251171
6844,0.04592521858494226,-0.17037689117006352,0.15063710423443047,0.15236787920384348
6845,-0.08853809196980095,-0.11854316493091818,-0.017233147324759033,-0.01777028438423204
6846,0.08339052848318461,-0.13025573692220463,0.17331622452329082,0.17664349019724865
6847,-0.19228014681746292,-0.23486317925457312,-0.05996538450061173,-0.059607293127629725
6848,-0.15459102981110678,-0.19307093193279815,-0.016681089791411773,-0.019411536510399566
6849,-0.02139595953567485,0.010011637969621914,-0.11179911073975708,-0.11718540180836141
6850,-0.025618453642087667,-0.05343021694369012,0.11840888066604995,0.11909522246426545
6851,-0.11712571991286441,-0.20233654620870756,0.054131479215779876,0.05066992927695383
6852,-0.22033063770105332,-0.12824147294918084,-0.07704932708662826,-0.08373369938229237
6853,-0.17552445465667987,-0.059637134075378226,-0.07624362149741874,-0.07302079914058068
6854,-0.24150279012861448,-0.25339440780639194,-0.0394646533973919,-0.04018083614335591
6855,-0.09426755393751304,-0.22118110471188562,0.05504162812210915,0.05908507654203096
6856,-0.013876040703052726,-0.2525887022171824,0.16054429888693264,0.16294649518068693
6857,-0.1227358180895825,-0.13376204828265345,0.009325296171406403,0.009653546596639908
6858,-0.09171615290501625,-0.11663334427501415,0.04277699859747545,0.04047924562084091
6859,-0.21173644474948522,-0.2171078153442153,-0.03680880904777535,-0.03512279549998507
6860,0.04881979051654679,-0.24227865477007546,0.2125123093909462,0.20975202172420992
6861,-0.025812419802452923,-0.2745367192862045,0.21012503357106618,0.20684252931873115
6862,-0.17003372027095576,-0.18922144967324162,-0.013592551699441973,0.005356450120855838
6863,-0.10738265047297901,0.029050162633165223,-0.12907701948613887,-0.12809226821043834
6864,0.03540628450359583,0.07869057921279578,-0.0556533675509534,-0.05705589209513293
6865,-0.14281877592432335,-0.10771090089821252,-0.06991734057473664,-0.0786010563695503
6866,-0.2144967324162215,-0.3418877383545701,-0.010220524603861416,-0.010533854555220672
6867,-0.06897735072065887,-0.1314642953060189,0.06635134731879085,0.07439348273701171
6868,0.004058368893796066,-0.3113007669123571,0.18819193697591832,0.18826653934528959
6869,0.05680224403927068,-0.06909671451165288,0.15858971680940584,0.1503834561785682
6870,-0.0064158037659276055,-0.06608277878905433,0.05663811882665393,0.047103936021008014
6871,-0.16014144609232783,-0.17715078630897313,-0.004580585479394825,-0.003461549938826057
6872,-0.2258064516129032,-0.2964250544597296,-0.05056548595983408,-0.04901375667691205
6873,-0.06473993614037181,-0.07324460624869444,0.005207245382113335,0.008355465369580137
6874,0.08216704962549609,-0.005983110023574348,0.05465369580137864,0.06932052161976664
6875,-0.05104294112381008,-0.2942019038524663,0.12416818358151054,0.1257049923905583
6876,-0.18208946316135,0.01890424039867506,-0.24975381218107484,-0.25339440780639194
6877,-0.06545611888633582,-0.3698636268687893,0.16476679299334546,0.1647220315717227
6878,-0.12485452537972605,-0.1421921160216048,-0.009996717495747662,-0.010847184506579927
6879,-0.31506072632866816,-0.34976574856017423,-0.020262003521231833,-0.019157888454537312
6880,-0.16035033272656737,-0.05678732356539643,-0.053758467368923625,-0.04964041657963056
6881,-0.1285249619527916,-0.09105965205454923,-0.07070812569007191,-0.06818656560532362
6882,-0.05325117125719912,-0.2453821133359195,0.027200023872758196,0.049342007102145556
6883,0.07528871116946674,-0.18461102324609824,0.14965235295872995,0.1595297066634836
6884,-0.05326609173107336,0.06912655545940138,-0.05243054519411535,-0.04946137089313955
6885,-0.13640297215839572,-0.20066545313479156,0.015770940885082508,0.012115424785891197
6886,0.01827758049595655,-0.05371370594730088,0.09043299215183072,0.10712900241711674
6887,0.19763659693831873,0.06551580078183282,0.12422786547700752,0.12031870132195395
6888,-0.14255020739458682,0.08424099549401688,-0.2264331115156217,-0.23077496941302852
6889,-0.0666945182178986,0.06394915102503655,-0.06539643699083882,-0.07684044045238876
6890,-0.11515621736146336,-0.2003222822356838,0.024201008624033894,0.032228223568380523
6891,0.043045567127211956,-0.3091223777267165,0.17446510101160811,0.18174629226224223
6892,-0.028602548416937715,-0.14927934111187371,0.03592850108919459,0.0304377667034705
6893,-0.04819313061382829,-0.20948345319447342,0.05881650801229447,0.06374026439079704
6894,-0.10469696517561396,-0.22325505058040643,0.05486258243561815,0.06451612903225806
6895,0.025573692220464916,-0.1625287219122079,0.11178419026588284,0.10917310733788904
6896,-0.4042851600966846,-0.0064158037659276055,-0.3012145265733639,-0.3109426755393751
6897,0.017307749694130282,-0.2049625496105756,0.0973710125033571,0.10501029512697321
6898,-0.02317149592671063,-0.19593566291665418,0.09220852854286651,0.09383486019515978
6899,-0.1341350601295097,-0.21724209960908356,0.05323625078332487,0.04865566530393004
6900,-0.06660499537465309,-0.3305332577362657,0.13192682999612065,0.14984631911909518
6901,0.01042941123810092,-0.1628868132851899,0.11436543224612812,0.11627525290203215
6902,-0.19239951060845692,-0.2258064516129032,-0.009713228492136908,-0.008758318164184892
6903,-0.07176747933514367,-0.14055086389543728,0.10814359464056578,0.10435379427650622
6904,0.10547282981707497,-0.10204112082599741,0.09271582465459102,0.10166810897914116
6905,-0.057652711050102945,-0.14856315836590966,0.03239234878099728,0.03176568887827877
6906,-0.11209752021724208,-0.13974515830622777,0.03765927605860762,0.04213541822088269
6907,-0.08245053862910685,0.006654531347915609,-0.05350481931306138,-0.038957357285667384
6908,-0.04058368893796066,-0.14583271164692188,0.02945301542776998,0.03175076840440452
6909,-0.1697054698457223,-0.21679448539285606,0.013935722598549728,0.012921130375100712
6910,0.058070484318581944,-0.20779743964668315,0.17946345975948194,0.17385336158276382
6911,0.011697651517412193,-0.14968219390647844,0.026080988332189428,0.028214616096207214
6912,-0.27132881740324066,-0.22258362925606515,-0.025961624541195424,-0.017934409596848794
6913,-0.19101190653815162,-0.13207603473486318,-0.0033123452000835543,0.0012234788576885199
6914,-0.21019963594043745,-0.22350869863626863,-0.038539584017188384,-0.03273551968010503
6915,-0.033869475694548054,-0.04452269404076272,-0.02578257885470442,-0.027095580555638443
6916,-0.20993106741070094,-0.21861478320551456,-0.05428068395452239,-0.06285995643221629
6917,0.10556235266032046,-0.10244397362060217,0.17634508071976362,0.1776730028945719
6918,0.026916534869147444,-0.4034048521381039,0.26977708812031864,0.2773865297961863
6919,-0.015681418041837005,0.03962877861000865,-0.03170600698278177,-0.03824117453970338
6920,-0.007818328310107127,-0.19511503685357046,0.038106890274835124,0.038315776909074624
6921,-0.15897764913013634,-0.22225537883083166,-0.004088209841544567,-0.00365551609919131
6922,-0.17236131419533882,-0.4346483244307839,0.09499865715735131,0.091999641908627
6923,-0.22415027901286141,-0.31437438453045263,-0.03239234878099728,-0.02902032168541672
6924,-0.09569991942944107,0.09847512757005161,-0.07103637611530542,-0.0666945182178986
6925,-0.04850646056518755,-0.139521351198114,0.11033690430008054,0.11053087046044581
6926,-0.09129837963653725,-0.10454776043687147,-0.076139178180299,-0.0765271105010295
6927,-0.20003879323207302,-0.15057742233893348,-0.1126048163289666,-0.1191399838858882
6928,0.034406612754021064,-0.14198322938736532,0.07977977380561606,0.08828444391393869
6929,-0.2651965026409238,-0.43766226015338244,0.14256512786846107,0.13873056608277876
6930,-0.1801050401360747,-0.23105845841663927,-0.046716003700277516,-0.045880457163319496
6931,-0.18001551729282922,-0.22379218763987938,-0.016114111784190262,-0.00850467010832264
6932,-0.3126137686132911,-0.24954492554683536,-0.08230133389036433,-0.08164483303989735
6933,-0.11987108710572646,-0.26354033004088206,0.02203753991226761,0.0241711676762854
6934,0.04874518814717555,-0.3053624183104055,0.18464086419384676,0.1815672465757512
6935,-0.22544836023992115,-0.05286323893646861,-0.15979827519322012,-0.1743457372206141
6936,-0.1320611142609889,-0.3731461311211244,0.041508758318164175,0.04037480230372116
6937,-0.03252663304586553,-0.13041986213482137,0.008773238638059145,0.007534839306496373
6938,-0.024842589000626653,-0.025334964638476915,0.07530363164334097,0.07397570946853271
6939,-0.15183074214437048,0.009399898540777654,-0.17652412640625464,-0.17746411626033237
6940,-0.1711975172331473,-0.17576318223866788,-0.03683864999552385,-0.05189340813464235
6941,-0.3125540867177941,-0.17846378800990717,-0.1582763868580466,-0.11466384172361313
6942,-0.23411715556086055,-0.2949180865984303,-0.007788487362358627,-0.006579928978544357
6943,0.13707439348273698,-0.04395571603354122,0.0974306943988541,0.10581600071618272
6944,-0.08844856912655545,-0.13589567604667122,0.04725314075975052,0.04223986153800244
6945,-0.17237623466921306,-0.08459908686699888,-0.09259646086359702,-0.12104980454179223
6946,-0.07876518158216704,-0.033600907164811546,-0.06954432872788038,-0.057309540150995195
6947,-0.288696248992868,-0.09076124257706424,-0.21792844140729903,-0.2144967324162215
6948,-0.23581808958252512,-0.15927605860762137,-0.09937035600250661,-0.0981767180925666
6949,-0.19268299961206767,-0.20999074930619796,-0.006654531347915609,-0.017919489122974544
6950,-0.04441825072364298,-0.09860941183491985,0.027259705768255198,0.02206738086001611
6951,-0.1059204440333025,-0.31553818149264423,0.1493688639551192,0.1592312971859986
6952,-0.02573781743308167,0.08350989227417861,-0.049953746530989815,-0.05074453164632508
6953,0.04388111366416997,0.014010324967920977,0.011503685357046937,0.014756348661633492
6954,-0.10587568261167972,-0.21034884067917992,0.10347348631792544,0.10629345588015875
6955,-0.17148100623675805,-0.2621378054967025,-0.006609769926292858,-0.022306108442004115
6956,-0.07746710035510727,-0.14253528692071257,0.11506669451821788,0.12237772671660048
6957,-0.10013130017009339,-0.012070663364268448,-0.1238548536301513,-0.12663006177076183
6958,0.16149920921488464,-0.12945003133299512,0.16782549013756676,0.17310733788905133
6959,-0.08424099549401688,-0.06751514428098235,-0.06699292769538359,-0.07985437617498731
6960,-0.18549133120467903,-0.17310733788905133,0.006520247083047357,-0.003282504252335054
6961,-0.2127510369729342,-0.19405568320849867,-0.08346513085255586,-0.08215212915162184
6962,-0.14037181820894631,-0.07948136432813106,-0.08841872817880696,-0.08791143206708243
6963,-0.1403419772611978,-0.2734624451672585,0.0394049715018949,0.03986750619199665
6964,0.03239234878099728,-0.2097221807764614,0.12815195010593536,0.12759989257258808
6965,-0.13711915490435975,-0.017442033958998533,-0.14396765241264062,-0.14566858643430514
6966,-0.06778371281071886,-0.1140968637163916,0.11120229178478706,0.1137686132911581
6967,-0.3605383306973829,-0.24400942973948847,-0.1848795917758348,-0.16954134463310552
6968,0.10023574348721313,-0.005938348601951597,0.09471516815374055,0.0976992629285906
6969,0.0706782847423234,-0.09807227477544686,0.12836083674017484,0.13297126316731817
6970,-0.2070663364268449,-0.21849541941452055,0.05402703589866013,0.04583569574169675
6971,-0.18026916534869145,-0.03300408820984154,-0.13162842051863566,-0.12907701948613887
6972,-0.19095222464265463,-0.1378204171764495,-0.04146399689654143,-0.06712721196025184
6973,-0.11955775715436721,-0.0888514219211602,0.028140013726835958,0.013652233594938973
6974,0.04856614246068454,0.12749544925546832,-0.08389782459490912,-0.09916146936826713
6975,-0.138506758974665,-0.15915669481662736,-0.041374474053295925,-0.0397332219271284
6976,-0.25640834352899045,-0.2228969592074244,-0.077034406612754,-0.08346513085255586
6977,-0.1187222106174092,-0.2057533347259109,0.07324460624869444,0.0734684133568082
6978,-0.05881650801229447,-0.22018143296231085,0.14199814986123957,0.1455044612216884
6979,0.003416788517203306,-0.06888782787741338,-0.005058040643370833,0.0011488764883172688
6980,-0.09948971979350063,-0.324773954820805,0.018680433290561304,0.021694369013159853
6981,-0.20803616722867116,-0.2700008952284324,-0.012040822416519947,-0.01662140789591477
6982,0.022679120288860367,-0.17183909760974006,0.1254364238608218,0.12674942556175584
6983,-0.261332099907493,-0.008400226791202886,-0.21013995404494043,-0.20711109784846762
6984,0.09232789233386052,-0.2567962758497209,0.22771627226880725,0.2351317477843096
6985,0.11418638655963712,-0.09434215630688429,0.13462743576735994,0.12968875891498313
6986,-0.013711915490435973,-0.13602996031153947,-0.016278236996807013,-0.013249380800334217
6987,-0.12862940526991135,-0.17970218734146992,-0.02451433857539315,-0.021828653278028107
6988,-0.0028050490883590458,-0.02697621676464444,-0.037972606009966874,-0.02575273790695592
6989,-0.10111605144579391,-0.22027095580555633,0.05135627107516934,0.051550237235534584
6990,-0.014547462027393989,-0.06180060278714451,0.09862433230879411,0.09564023753394407
6991,-0.07621378054967025,0.0367043657306556,-0.05486258243561815,-0.057772074841096956
6992,0.0023126734505087877,-0.0768852018740115,0.06529199367371906,0.06806720181432963
6993,0.12091552027692397,-0.14226671839097607,0.17267464414669806,0.16985467458446477
6994,-0.1126943391722121,-0.23164035689773504,0.03936021008027215,0.034436453701769565
6995,0.04592521858494226,-0.3384411088896183,0.32698218495419407,0.3274894810659186
6996,-0.0339440780639193,-0.023529587299692633,0.07136462654053892,0.08106293455880156
6997,0.04477634209662498,-0.027140341977261194,0.02936349258452448,0.0333771000566978
6998,0.00428217600190982,-0.33541225269314545,0.10642774014502698,0.11115753036316432
6999,-0.08162991256602309,-0.14478827847572437,0.0334367819521948,0.03734594610724836
7000,-0.16967562889797377,-0.19583121959953445,-0.01769568201486079,-0.01702426069051953
7001,-0.24360657694488372,-0.07303571961445494,-0.09062695831219598,-0.09499865715735131
7002,0.1366864611620065,0.10820327653606278,0.029572379218763985,0.04158336068753543
7003,-0.10951627823699679,-0.05771239294559995,-0.09837068425293187,-0.09752021724209958
7004,-0.19148936170212763,-0.04804392587508579,0.006609769926292858,0.010533854555220672
7005,-0.08568828145981915,-0.06823132702694637,-0.004356778371281071,-0.0022380710811375367
7006,0.038644027334308134,-0.3312942019038524,0.2806242726268986,0.27865477007549755
7007,-0.21927128405598156,0.02336546208707588,-0.16433409925099218,-0.17474859001521886
7008,-0.07506490406135298,-0.25173823520635014,0.09383486019515978,0.09410342872489628
7009,-0.17488287428008711,-0.16176777774462114,-0.04159828116140968,-0.03730118468562561
7010,-0.08325624421831636,-0.20473874250246185,0.012309390946256452,0.010295126973232668
7011,0.2670018799797081,-0.028856196472799973,0.1317627047835039,0.13440362865924618
7012,-0.12940526991137238,-0.22031571722717913,0.05031183790397182,0.05093849780669033
7013,-0.20432096923398285,-0.14704127003073614,-0.10305571304944643,-0.10433887380263196
7014,-0.0396436990838829,-0.2682701202590194,0.07785503267583777,0.07751186177673003
7015,-0.12128853212378024,-0.17703142251797913,0.05040136074721733,0.04801408492733729
7016,-0.036316433409925096,-0.023619110142938136,0.0091164095371669,0.007713884992987375
7017,-0.024872429948375158,0.13480648145385096,0.04535824057772073,0.045790934320074
7018,-0.06694816627376085,0.06097997672406074,-0.05729461967712094,-0.05114738444092983
7019,-0.10442839664587746,-0.12988272507534837,0.0017606159171615287,-0.010697979767837425
7020,-0.23617618095550708,-0.2540807496046074,-0.06523231177822207,-0.06226313747724627
7021,-0.27253737578705495,-0.24553131807466205,-0.10341380442242844,-0.09901226462952462
7022,0.019888991674375574,-0.29227716272268806,0.18971382531109185,0.19527916206618717
7023,-0.13968547641073079,-0.4352600638596281,0.15944018382023808,0.16038017367431587
7024,-0.25314075975052963,-0.06985765867923964,-0.07069320521619765,-0.06678404106114409
7025,0.003461549938826057,-0.12947987228074362,0.05901047417265972,0.0614425114141625
7026,-0.03555548924233833,0.04334397660469696,-0.03555548924233833,-0.03421264659365581
7027,-0.0667542001133956,-0.36822237474262176,0.21230342275670672,0.20614126704664137
7028,-0.11549938826057113,-0.1967115275581152,0.039121482498284135,0.04352302229118796
7029,-0.03683864999552385,0.015353167616603502,-0.06005490734385723,-0.062307898898869014
7030,-0.17694189967473364,-0.2577959475992957,-0.05696636925188743,-0.05035659932559457
7031,-0.15351675569216078,-0.22085285428665213,0.030691414759332757,0.028289218465578463
7032,-0.08521082629584315,0.16848199098803376,-0.19220554444809163,-0.19289188624630715
7033,-0.1944734564769777,-0.08345021037868161,-0.09683387544388408,-0.09344692787442926
7034,-0.027737160932231202,-0.09108949300229774,0.014935394348124494,0.0183820238130763
7035,-0.14602667780728715,-0.03286980394497328,-0.0734982543045567,-0.0677091104413476
7036,-0.030109516278236992,-0.12406374026439076,0.025230521321357165,0.026573363970039687
7037,-0.1943540926859837,-0.16706454596998,0.007281191250634119,0.006818656560532362
7038,-0.07303571961445494,-0.21130375100713197,0.1010563695502969,0.1101429381397153
7039,-0.05150547581391184,-0.3488705201277192,0.13516457282683297,0.1306138282951866
7040,-0.2137805496702575,-0.26880725731849237,-0.0489093133597923,-0.061352988570917005
7041,0.013905881650801226,-0.22625406582913068,0.20336605890603082,0.23011846856256152
7042,-0.041941452060517435,-0.022470233654620867,0.04683536749127152,0.05432544537614513
7043,-0.15454626838948402,-0.13747724627734173,-0.12349676225716927,-0.13403061681238992
7044,-0.10004177732684788,-0.3560025066396108,0.07469189221449672,0.08726985169048967
7045,-0.027140341977261194,-0.05760794962848019,-0.06666467727015009,-0.06794783802333561
7046,-0.06885798692966488,-0.04474650114887648,0.0003431708991077556,-0.013547790277819221
7047,0.05968189549700098,-0.28090776163050934,0.17568857986929665,0.1887141535615171
7048,-0.11487272835785264,-0.29475396138581356,0.06988749962698815,0.06961893109725165
7049,-0.3002446957715377,-0.18207454268747575,-0.10412998716839246,-0.09604309032854884
7050,-0.27326847900689316,0.04972993942287607,-0.2377726716600519,-0.2384888544060159
7051,-0.15289009578944224,-0.26080988332189425,0.01594998657157351,0.016114111784190262
7052,-0.09080600399868698,-0.10787502611082926,0.04505983110023574,0.06291963832771329
7053,-0.16236459669959116,-0.02694637581689594,-0.10037002775208138,-0.10050431201694965
7054,-0.1865506848497508,-0.09155202769239949,-0.18687893527498434,-0.19178777117961263
7055,0.06136790904479125,0.04531347915609799,0.08243561815523259,0.07245382113335919
7056,-0.053624183104055374,0.0699024201008624,-0.09511802094834532,-0.09508818000059681
7057,-0.22852197785801673,-0.16895944615200975,-0.10307063352332069,-0.1098445286622303
7058,-0.1133806809704276,-0.1556653039300528,0.06836561129181462,0.07108113753692816
7059,0.013920802124675476,-0.11385813613440363,0.046686162752529015,0.05104294112381008
7060,-0.02270896123660887,-0.01709886305989078,0.08695652173913043,0.08774730685446568
7061,0.13313538837993494,-0.3083166721375071,0.3170451493539434,0.31598579570887164
7062,-0.0916713914833935,-0.15478499597147202,0.015756020411208257,0.017412193011250035
7063,0.08510638297872339,-0.2577064247560502,0.13920802124675477,0.13828295186655126
7064,-0.007296111724508369,0.03380979379905105,-0.027901286144847957,-0.014950314821998744
7065,-0.03045268717734475,-0.23023783235355552,0.1589030467607651,0.15351675569216078
7066,0.1361493241025335,-0.24915699322610482,0.25882546029661896,0.25970576825519975
7067,-0.1140968637163916,-0.10345856584405119,-0.08729969263823817,-0.0855539971949509
7068,-0.10786010563695501,-0.09957924263674613,-0.010742741189460177,-0.0019844230252752827
7069,-0.014189370654411983,-0.16761660350332724,0.06958909014950314,0.06975321536211988
7070,-0.06576944883769507,-0.11111276894154157,0.05350481931306138,0.04667124227865476
7071,-0.03785324221897287,-0.19302617051117543,0.05898063322491122,0.05859270090418071
7072,-0.14553430216943689,-0.3300707230461639,-0.00671421324341261,-0.0058189848109575955
7073,-0.22244934499119687,-0.21616782549013755,-0.08098833218943033,-0.07861597684342453
7074,-0.08313688042732235,-0.07085733042881441,-0.09814687714481811,-0.09814687714481811
7075,-0.09425263346363881,-0.1563516457282683,-0.05608606129330666,-0.05465369580137864
7076,-0.013458267434573722,-0.053579421682432626,0.05695144877801318,0.035286920712601824
7077,0.036898331891020854,0.02937841305839873,0.00014920473874250242,0.0008653874847065142
7078,-0.1942794903166124,-0.17118259675927305,-0.02308197308346513,-0.02191817612127361
7079,-0.24779923010354807,-0.3577929635045209,0.02816985467458446,0.012637641371489955
7080,-0.21637671212437704,-0.13177762525737816,-0.18819193697591832,-0.19345886425352868
7081,-0.0041478917370415674,-0.049371848049894064,0.028393661782698216,0.04053892751633791
7082,-0.03383963474679955,-0.09896750320790187,0.04370206797767897,0.03728626421175136
7083,-0.1458625525946704,-0.21201993375309597,-0.01699441974277103,-0.012950971322849211
7084,-0.13532869803944972,-0.09156694816627375,-0.07900390916415503,-0.07761630509384977
7085,-0.06491898182686281,-0.25248425890006265,0.10577123929455998,0.10041478917370414
7086,-0.15051774044343644,-0.28930798842171224,0.045731252424577,0.04446301214526573
7087,0.042314463907373694,-0.20250067142132433,0.08458416639312465,0.08288323237146011
7088,-0.18344722628390675,-0.15403897227775953,-0.059920623078988974,-0.07478141505774223
7089,-0.2149592671063233,-0.33702366387156446,0.07740741845961027,0.08015278565247232
7090,-0.022917847870848374,0.07146906985765866,-0.09362597356092028,-0.09185043716988452
7091,-0.11930410909850495,-0.14207275223061083,-0.01884455850317806,-0.033600907164811546
7092,0.14736952045596965,-0.04650711706603801,0.06575452836382083,0.06553072125570707
7093,-0.11135149652352958,-0.20917012324311415,0.006445644713676105,0.011190355405687684
7094,-0.013532869803944969,-0.24195040434484194,0.0758109277550655,0.0733788905135627
7095,-0.274208468860971,-0.08676255557876517,-0.17643460356300913,-0.1734803497359076
7096,-0.2612425770642475,-0.20093402166452803,-0.14869744263077794,-0.1503834561785682
7097,-0.1765092059323804,-0.023111814031213627,-0.15745576079496282,-0.15645608904538807
7098,-0.15339739190116677,-0.10636805824952998,-0.05034167885172032,-0.06460565187550356
7099,-0.14371400435677836,-0.31176330160245885,0.169750231267345,0.1608427083644176
7100,-0.03224314404225478,-0.12886813285189935,0.05168452150040285,0.04541792247321774
7101,-0.19114619080301987,0.01596490704544776,-0.09765450150696785,-0.10268270120259017
7102,-0.29008385306317325,-0.3965115932082002,-0.03755483274148787,-0.03170600698278177
7103,0.02816985467458446,-0.1818358151054877,0.16376712124377066,0.16455790635910594
7104,0.06393423055116229,-0.01033988839485542,0.09046283309957921,0.09026886693921397
7105,-0.08048103607770582,-0.1863119572677628,-0.013846199755304227,-0.013846199755304227
7106,-0.10281698546745843,-0.2469786040404643,0.051281668705798096,0.045761093372325506
7107,-0.16473695204559693,-0.2522902927396974,0.028468264152069465,0.029199367371907727
7108,-0.1756736593954224,-0.09731133060786008,-0.06303900211870728,-0.05365402405180388
7109,0.042762078123601194,-0.27355196801050397,0.2689863030049834,0.26322700008952277
7110,0.0006415803765927604,-0.021127391005938346,-0.022813404553728624,-0.014353495867028733
7111,-1.4920473874250244e-05,-0.26188415744084026,0.1197368028408582,0.12515293485721105
7112,-0.14023753394407804,-0.259243233565098,-0.025842260750201424,-0.026125749753812176
7113,-0.18863955119214582,-0.19244427203007963,-0.07170779743964667,-0.0675002238071081
7114,-0.08809047775357345,-0.11766285697233744,-0.034376771806272556,-0.035883739667571836
7115,-0.006505326609173106,-0.19078809943003786,0.029214287845781974,0.028826355525051472
7116,-0.19544328727880395,-0.04046432514696666,-0.12160186207513948,-0.11527558115245738
7117,-0.2500969830801826,-0.22934260392110048,-0.14492256274059262,-0.14093879621616778
7118,-0.11091880278117631,-0.0550565485959834,-0.0519381695562651,-0.05645907314016293
7119,-0.10979976724060754,-0.02637939780967443,-0.12855480290054008,-0.13076303303392914
7120,-0.2669720390319596,-0.24503894243681174,-0.14141625138014383,-0.14504192653158662
7121,-0.1729730536241831,-0.07478141505774223,-0.12242248813822326,-0.11518605830921187
7122,-0.10674107009638625,0.020754379159082088,-0.08376354033004088,-0.09176091432663899
7123,-0.18226850884784096,-0.018516308077944552,-0.15882844439139387,-0.1599474799319626
7124,-0.07775058935871802,-0.033153292948584046,-0.08182387872638834,-0.08731461311211243
7125,-0.0051624839604905845,-0.12801766584106708,-0.009966876547999163,-0.011056071140819431
7126,-0.06327772970069528,-0.037271343737877105,-0.017322670168004536,-0.02936349258452448
7127,0.019530900301393567,-0.10047447106920115,0.061994568947509765,0.08268926621109485
7128,-0.04037480230372116,-0.26531586643191785,0.14751872519471215,0.18089582525140993
7129,-0.020843902002327594,-0.23153591358061526,0.07167795649189818,0.06706753006475485
7130,-0.07992897854435856,0.004132971263167317,-0.10811375369281727,-0.10456268091074572
7131,-0.08143594640565782,-0.17018292500969828,-0.0549670257527379,-0.05692160783026469
7132,-0.13024081644833038,-0.20441049207722836,-0.06305392259258152,-0.026170511175434927
7133,-0.0024021962937542897,-0.01874011518605831,0.007131986511891617,0.018665512816687053
7134,-0.044836023992121984,-0.03448121512339231,-0.08556891766882514,-0.08039151323446031
7135,-0.2195100116379696,-0.121751066813882,-0.10674107009638625,-0.10751693473784725
7136,0.02875175315568022,-0.029303810689027474,0.07248366208110768,0.06985765867923964
7137,-0.0980275133538241,-0.25590104741726594,-0.019262331771657065,-0.010862104980454177
7138,-0.06973829488824564,-0.27865477007549755,0.05053564501208557,0.0365551609919131
7139,-0.026513682074542685,-0.09690847781325532,0.10316015636656617,0.10262301930709318
7140,-0.030288561964727994,-0.026200352123183425,-0.0007907851153352629,-0.005222165855987586
7141,0.06584405120706634,-0.18578974068216403,0.1377607352809525,0.13361284354391093
7142,-0.19705469845722295,-0.14665333771000563,-0.011712571991286442,-0.008086896839843632
7143,-0.07519918832622123,-0.10933723255050579,0.013876040703052726,0.000492375637850258
7144,0.1306585897168094,-0.30318402912476494,0.23514666825818384,0.24196532481871622
7145,-0.0023872758198800388,-0.15138312792814296,0.05435528632389364,0.06112918146280325
7146,0.0091164095371669,-0.21801796425054457,0.10348840679179969,0.09799767240607558
7147,0.05886126943391721,0.0022231506072632862,0.07046939810808389,0.07046939810808389
7148,-0.1921906239742174,-0.02754319477186595,-0.07815344215332277,-0.08310703947957386
7149,-0.07866073826504727,-0.21625734833338303,0.027513353824117452,0.020620094894213837
7150,-0.06938020351526362,-0.24950016412521256,0.0727522306108442,0.07891438632090954
7151,0.09290979081495628,-0.21937572737310132,0.1885947897705231,0.18528244457043952
7152,-0.05542956044283966,-0.2088269523440064,0.04537316105159499,0.0396436990838829
7153,-0.24118946017725518,-0.16158873205813015,-0.07009638626122765,-0.07167795649189818
7154,-0.08994061651398047,-0.037032616155889105,-0.022828325027602875,-0.034406612754021064
7155,0.001342842648682522,-0.23317716570678282,0.08853809196980095,0.08992569604010622
7156,-0.23699680701859088,-0.1926083972426964,-0.14896601116051442,-0.1466085762883829
7157,0.049521052788636555,-0.14477335800185012,0.20629047178538387,0.22012175106681384
7158,-0.015054758139118496,-0.24123422159887795,0.18216406553072123,0.19354838709677416
7159,-0.13707439348273698,-0.319521948017069,0.06841037271343738,0.06914147593327563
7160,-0.076795679030766,-0.042553191489361694,-0.039688460505505646,-0.04200113395601444
7161,0.05410163826803139,-0.12830115484467786,0.11354480618304436,0.1130822714929426
7162,-0.0006117394288442599,-0.1708991077556623,0.08171943540926858,0.08577780430306464
7163,-0.12879353048252812,-0.184834830354212,0.03319805437020679,0.04814836919220553
7164,-0.18122407567664345,-0.20521619766643787,0.023275939243830382,0.029124765002536475
7165,0.07424427799826921,-0.08761302258959744,0.12203455581749274,0.13150905672764165
7166,0.13027065739607888,0.0011637969621915189,0.1001611411178419,0.11096356420279907
7167,-0.06377010533854553,-0.40932828026618123,0.15820178448867536,0.16317030228880067
7168,-0.06211393273850376,-0.09613261317179432,-0.05875682611679746,-0.05407179732028289
7169,-0.20079973739965976,-0.25015666497567957,-0.05895079227716271,-0.062128853212378016
7170,-0.060950135776312246,0.13112112440691115,-0.15711258989585505,-0.15630688430664555
7171,-0.10739757094685325,-0.20627555131150963,0.00552057533347259,0.0054907343857240895
7172,0.03187013219539852,-0.11121721225866132,0.08985109367073496,0.08436035928501089
7173,-0.09868401420429111,-0.3211781206171107,0.1377010533854555,0.13406045776013845
7174,-0.034003759959416305,-0.1956969353346662,0.08154038972277759,0.09931067410700961
7175,-0.024469577153770402,-0.1619915848527349,0.06826116797469488,0.06836561129181462
7176,-0.2852346990540419,-0.1130524305451941,-0.1784190265882844,-0.1779117304765599
7177,-0.11970696189310971,-0.2903375011190355,0.13332935454030018,0.13714899585210824
7178,-0.027140341977261194,-0.017964250544597295,-0.005833905284831845,-0.00613231476231685
7179,0.09447644057175254,0.003461549938826057,0.050416281221091576,0.050998179702187334
7180,-0.11894601772552293,-0.08931395661126196,0.019903912148249825,0.011608128674166688
7181,-0.13304586553668943,-0.20599206230789885,0.024156247202411146,0.023887678672674637
7182,-0.03849482259556562,-0.012995732744471964,0.016860135477902775,0.01717346542926203
7183,-0.12088567932917547,-0.33717286861030704,0.0551460714392289,0.03710721852526035
7184,-0.24823192384590131,-0.29129241144698753,0.036286592462176595,0.0402106770911044
7185,-0.12663006177076183,-0.04033004088209841,-0.10962072155411653,-0.11127689415415831
7186,-0.050416281221091576,0.017233147324759033,-0.011608128674166688,-0.021545164274417352
7187,0.08735937453373517,-0.19511503685357046,0.24366625884038073,0.25073856345677537
7188,-0.22198681030109513,-0.20197845483572555,-0.05147563486616334,-0.0616812389961505
7189,0.0091462504849154,-0.16579630569066872,0.07716869087762226,0.08183879920026259
7190,-0.14371400435677836,-0.006490406135298856,-0.11990092805347495,-0.11224672495598459
7191,0.0017904568649100294,-0.2080212467547969,0.11185879263525408,0.10668138820088925
7192,-0.26312255677240304,-0.060457760138461984,-0.24854525379726058,-0.2436513383665065
7193,-0.08880666049953746,-0.11697651517412191,0.007698964519113127,0.022902927396974124
7194,-0.041135746471307924,-0.06943988541076063,-0.0876577840112202,-0.08650890752290291
7195,-0.05630986840142042,-0.29206827608844854,0.12664498224463608,0.1263316522932768
7196,-0.004699949270388827,-0.10408522574676969,0.0336456685864343,0.023037211661842374
7197,-0.25385694249649365,-0.04567157052908,-0.1086807317000388,-0.11809555071469068
7198,0.031213631344931513,-0.18738623138670882,0.07795947599295754,0.07906359105965205
7199,-0.0016860135477902774,-0.07460236937125123,0.0551162304914804,0.056145743188803665
7200,-0.21389991346125153,-0.11578287726418189,-0.021619766643788604,-0.03192981409089552
7201,-0.02252991555011787,-0.1587240010742741,0.03610754677568559,0.0391960848676554
7202,-0.10481632896660796,-0.17127211960251854,0.028990480737668228,0.02916952642415923
7203,-0.13320999074930617,-0.16127540210677088,-0.02385783772492614,-0.01706902211214228
7204,-0.28568231327026944,-0.1349706066664677,-0.10774074184596101,-0.09256661991584852
7205,0.090985049685178,-0.07437856226313745,0.10493569275760198,0.09899734415565035
7206,0.01606935036256751,-0.15896272865626213,0.11317179433618811,0.11223180448211033
7207,-0.14935394348124495,-0.0896869684581182,-0.14064038673868282,-0.13946166930261703
7208,-0.04364238608218196,-0.16743755781683622,0.055534003759959406,0.056518755035659916
7209,-0.2364149085374951,-0.0672614962251201,-0.17324162215391958,-0.1749127152278356
7210,-0.3627465608307719,-0.12107964548954074,-0.1659753513771597,-0.1744352600638596
7211,-0.049625496105756305,-0.05854793948255796,-0.010593536450717672,-0.0030288561964727993
7212,0.12759989257258808,-0.06136790904479125,0.14801110083256241,0.1737489182656441
7213,-0.14583271164692188,-0.09059711736444749,-0.053847990212169135,-0.05022231506072633
7214,-0.0522067380860016,-0.2648682522156903,0.10565187550356599,0.10911342544239204
7215,-0.18547641073080479,-0.07342365193518545,-0.12101996359404371,-0.11761809555071467
7216,0.060950135776312246,0.1885201874011518,-0.11496225120109813,-0.1140670227686431
7217,-0.07897406821640654,-0.015263644773358,-0.1400734087314613,-0.13917818029900628
7218,0.04034496135597266,-0.024126406254662645,-0.004162812210915818,-0.009549103279520155
7219,0.02564829458983617,-0.2587359374533735,0.11627525290203215,0.1195875981021157
7220,-0.024961952791620657,-0.20123243114201306,0.07239413923786218,0.0762287010235445
7221,-0.13650741547551548,-0.18158216704962546,0.057727313419474194,0.057980961475336455
7222,-0.010220524603861416,-0.14014801110083255,0.1275700516248396,0.12901733759064188
7223,-0.03425740801527856,-0.03806212885321237,-0.057443824415863445,-0.06960401062337739
7224,0.06430724239801855,-0.05428068395452239,0.027722240458356952,0.02136611858792635
7225,-0.15891796723463936,-0.05019247411297782,-0.18823669839754106,-0.18840082361015786
7226,-0.05080421354182208,0.007146906985765866,-0.0023275939243830378,-0.023753394407806386
7227,-0.182925009698308,0.0008952284324550147,-0.18049297245680518,-0.19256363582107364
7228,-0.0397630628748769,-0.3727581988003938,0.13799946286294051,0.1335084002267912
7229,-0.0650980275133538,-0.06842529318731162,-0.02685685297365044,-0.03743546895049386
7230,-0.07100653516755692,0.07285667392796394,-0.04862582435618154,-0.06254662648085701
7231,-0.1676464444510757,0.08031691086508906,-0.0734385724090597,-0.07148399033153291
7232,-0.10210080272149441,0.06226313747724627,-0.12289994330219926,-0.11517113783533763
7233,-0.025111157530363165,-0.13007669123571364,0.009414819014651904,0.006550088030795856
7234,-0.14523589269195186,-0.15057742233893348,-0.022485154128495118,-0.03555548924233833
7235,-0.15103995702903522,-0.041434155948792926,-0.0430008057055892,-0.05031183790397182
7236,0.10439855569812896,-0.05404195637253439,0.039211005341529645,0.03619706961893109
7237,-0.1445644713676106,-0.14269941213332935,-0.041538599265912676,-0.03688341141714661
7238,0.0669034048521381,-0.1338068097042762,0.08139118498403508,0.08400226791202887
7239,-0.15180090119662196,-0.08103309361105307,-0.06748530333323385,-0.058562859956432206
7240,-0.07148399033153291,0.04956581421025932,-0.05539971949509116,-0.053057205096833863
7241,-0.08977649130136371,-0.041538599265912676,-0.03064665333771,-0.026916534869147444
7242,-0.0725433439766047,-0.1873265494912118,0.060711408194324246,0.05023723553460058
7243,-0.14665333771000563,-0.04916296141565455,-0.13692518874399448,-0.13661185879263524
7244,-0.168079138193429,-0.42392050371519796,0.17634508071976362,0.1834323058100325
7245,-0.23671331801498013,-0.33847094983736675,0.036286592462176595,0.03172092745665602
7246,-0.022589597445614867,-0.03604786488018859,-0.06842529318731162,-0.07903375011190354
7247,-0.08986601414460922,-0.10762137805496699,0.03783832174509862,0.03131807466205126
7248,-0.21572021127391003,-0.26894154158336064,-0.07518426785234698,-0.0674107009638626
7249,-0.27368625227537224,-0.0022828325027602872,-0.2121840589657127,-0.21127391005938348
7250,-0.08977649130136371,-0.027408910506997695,0.005908507654203096,-0.0026409238757422932
7251,-0.13986452209722178,-0.22453821133359192,0.10095192623317714,0.10856136790904478
7252,-0.3452746859240249,-0.26416698994360055,-0.14756348661633492,-0.1482945898361732
7253,-0.03583897824594909,-0.353152696129629,0.18874399450926557,0.18377547670914024
7254,-0.03375011190355405,-0.10847184506579928,0.016696010265286023,0.007684044045238875
7255,-0.2544985228730864,-0.19985974754558203,-0.11811047118856492,-0.11891617677777444
7256,0.0011787174360657691,-0.24648622840261405,0.17100355107278206,0.17424129390349435
7257,0.0031482199874668013,-0.16654232938438124,0.07440840321088596,0.08468860971024439
7258,-0.11084420041180507,-0.22714929426158573,0.04513443346960699,0.043463340395690955
7259,-0.012443675211124704,-0.01893408134642356,0.010593536450717672,0.00604279191907135
7260,0.08252514099847812,-0.002685685297365044,0.03907672107666139,0.04095670078481692
7261,-0.05666795977440243,-0.05256482945898361,-0.07685536092626301,-0.077213452299245
7262,0.19432425173823517,-0.04437348930202022,0.21770463429918532,0.22074841096953238
7263,-0.07642266718390975,-0.08319656232281936,-0.045641729581331496,-0.04183700874339768
7264,-0.3038852913968547,-0.12746560830771983,-0.11415654561188861,-0.11831935782280444
7265,0.03634627435767359,-0.05736922204649218,0.10923278923338604,0.10201127987824893
7266,-0.2505744382441586,-0.09578944227268657,-0.12737608546447432,-0.13655217689713825
7267,-0.15212915162185547,-0.2661961743904986,0.006833577034406612,-0.0012234788576885199
7268,-0.16836262719703976,-0.17204798424397957,-0.02323117782220763,-0.022335949389752616
7269,-0.2171078153442153,-0.1603652532004416,-0.02451433857539315,-0.028781594103428718
7270,-0.213392617349527,-0.09449136104562679,-0.0610844200411805,-0.06239742174211452
7271,-0.13935722598549727,-0.22677628241472947,0.03175076840440452,0.026558443496165433
7272,-0.07369222046492195,-0.3202679717107815,0.12657037987526482,0.11979648473635521
7273,0.15538181492644207,0.022917847870848374,0.1442660618901256,0.14556414311718538
7274,0.037062457103637605,-0.12357136462654053,0.01417445018053773,0.021739130434782608
7275,-0.1399242039927188,-0.05889111038166571,-0.08348005132643012,-0.08556891766882514
7276,0.09337232550505803,-0.09847512757005161,0.1307182716123064,0.138506758974665
7277,-0.05912983796365371,-0.09541643042583031,-0.0011488764883172688,-0.0016860135477902774
7278,-0.17409208916475183,-0.26483841126794183,-0.010921786875951179,-0.01587538420220226
7279,-0.0427919190713497,-0.03683864999552385,0.041135746471307924,0.04417952314165497
7280,-0.3080481036077706,-0.337351914296798,-0.06420279908089879,-0.07042463668646115
7281,0.05026707648234908,-0.1617528572707469,0.03743546895049386,0.0515203962877861
7282,-0.14175942227925156,-0.1953686849094327,-0.05872698516904896,-0.04407507982453522
7283,-0.10796454895407476,-0.2222106174092089,0.04465697830563098,0.04626838948405001
7284,-0.050923577332816085,0.0054310524902270885,-0.044716660201127974,-0.045880457163319496
7285,-0.010220524603861416,-0.042538271015487454,0.06570976694219807,0.06736593954223985
7286,-0.05478798006624689,-0.08931395661126196,0.029990152487242988,0.02072453821133359
7287,-0.049312166154397055,0.1431022649279341,-0.13643281310614422,-0.13984960162334753
7288,-0.1477723732505744,-0.18147772373250573,-0.09593864701142905,-0.0799737399659813
7289,-0.06921607830264688,-0.1301960550267076,-0.04650711706603801,-0.05915967891140222
7290,-0.05956253170600697,-0.0022828325027602872,0.029050162633165223,0.032228223568380523
7291,-0.11358956760466712,-0.3495568619259347,0.19418996747336692,0.184238011399242
7292,-0.06820148607919786,-0.13549282325206646,0.03812181074870937,0.04088209841544566
7293,-0.09322312076631555,-0.013338903643579718,-0.0917310733788905,-0.09083584494643548
7294,-0.07954104622362804,-0.27179135209334243,0.14562382501268237,0.15108471845065796
7295,-0.007430395989376622,-0.12962907701948614,0.021187072901435344,0.032183462146757776
7296,-0.1627972904419444,-0.21810748709379008,0.022201665124884366,0.027244785294380944
7297,0.03252663304586553,-0.18693861717048132,0.1134702038136731,0.11229148637760733
7298,0.032511712571991286,0.09099997015905223,-0.12161678254901374,-0.12788338157619883
7299,-0.09825132046193785,-0.03767419653248187,-0.09302915460595026,-0.09376025782578852
7300,-0.25812419802452924,-0.2229268001551729,-0.05007311032198382,-0.053087046044582364
7301,-0.027393990033123445,0.0038494822595565633,-0.0672316552773716,-0.06811196323595237
7302,-0.16866103667452476,-0.07773566888484378,-0.09795291098445284,-0.10222016651248843
7303,-0.26192891886246306,-0.10353316821342246,-0.1585151144400346,-0.15460595028498103
7304,0.056175584136552166,-0.2164811554414968,0.1484288741010414,0.14941362537674194
7305,-0.1154247858911999,-0.18383515860463723,0.00304377667034705,0.0005669780072215093
7306,-0.20266479663394107,-0.08607621378054965,-0.059070156068156715,-0.06327772970069528
7307,-0.29217271940556827,-0.09965384500611738,-0.12428754737250453,-0.12436214974187577
7308,-0.027020978186267194,-0.21478022141983227,0.11405210229476886,0.11558891110381665
7309,-0.10739757094685325,-0.17127211960251854,-0.049282325206648554,-0.04270239622810419
7310,0.014368416340902985,-0.1606785831518009,0.12018441705708571,0.11705111754349316
7311,0.09972844737548861,-0.135880755572797,0.2112589895855092,0.21127391005938348
7312,-0.4260839724269642,-0.17992599444958368,-0.22482170033720267,-0.23077496941302852
7313,-0.2829817074990301,-0.3460953119871087,-0.08040643370833456,-0.07712392945599951
7314,-0.0736474590432992,-0.04316493091820595,-0.03565993255945808,-0.03688341141714661
7315,-0.02323117782220763,-0.12692847124824683,-0.01778520485810629,-0.016815374056280023
7316,-0.1565903733102563,-0.22356838053176567,0.08139118498403508,0.08291307331920861
7317,-0.14175942227925156,-0.05066992927695383,-0.09459580436274655,-0.0885828533914237
7318,0.013040494166094714,-0.16039509414819011,0.11069499567306255,0.1105010295126973
7319,-0.23613141953388436,-0.38899167437557813,0.11118737131091283,0.12069171316881024
7320,-0.030706335233207004,-0.015591895198591504,0.020575333472591082,0.022634358867237622
7321,0.06864910029542537,-0.04858106293455879,0.060353316821342234,0.0520873742950076
7322,-0.07227477544686818,-0.14534033600907162,0.007878010205604129,-0.004162812210915818
7323,0.12685386887887556,-0.04667124227865476,0.11979648473635521,0.11815523261018768
7324,-0.1164990600101459,0.2693145534302169,-0.20452985586822234,-0.20212765957446807
7325,0.07631822386679,0.009429739488526153,0.03136283608367401,0.03278028110172779
7326,-0.10368237295216495,-0.17039181164393777,-0.01887439945092656,-0.01647220315717227
7327,0.06260630837635403,-0.11791650502819967,0.12179582823550474,0.13282205842857567
7328,0.07543791590820922,0.020351526364477332,0.03828593596132612,0.03748023037211662
7329,-0.04959565515800782,-0.007072304616394616,-0.03770403748023037,-0.031885052669272766
7330,-0.21673480349735907,-0.1335084002267912,-0.0338545552206738,-0.03889767539017038
7331,-0.06305392259258152,-0.19322013667154064,0.06302408164483303,0.06518755035659932
7332,-0.06900719166840738,0.007176747933514366,-0.09989257258810538,-0.10059383486019514
7333,-0.05047596311658857,-0.181015189042404,0.10875533406941003,0.11212736116499059
7334,-0.1843275342424875,-0.020843902002327594,-0.08125690071916683,-0.06873862313867087
7335,-0.0733490495658142,-0.07282683298021543,0.020590253946465336,0.01884455850317806
7336,-0.048640744830055795,-0.16491599773208795,0.06938020351526362,0.08337560800931038
7337,-0.05587717465906716,-0.05630986840142042,-0.02637939780967443,-0.02736414908537495
7338,-0.12931574706812687,-0.14223687744322758,-0.05868222374742621,-0.0580555638447077
7339,-0.1757184208170451,-0.1411178419026588,-0.154844677866969,-0.15614275909402883
7340,-0.05120706633642683,0.026901614395273186,-0.06811196323595237,-0.07710900898212526
7341,0.008982125272298648,-0.24872429948375155,0.09390946256453105,0.08119721882366983
7342,-0.13109128345916266,-0.18286532780281098,0.03380979379905105,0.03155680224403927
7343,-0.2117961266449822,-0.1315538181492644,-0.029214287845781974,-0.03209393930351228
7344,0.021679448539285603,-0.045298558682223745,0.01633791889230402,0.017456954432872786
7345,-0.12740592641222281,-0.3700725135030288,0.16355823460953117,0.17376383873951834
7346,-0.030213959595356745,-0.09599832890692607,0.031780609352153016,0.02333562113932738
7347,-0.07167795649189818,-0.18941541583360683,0.07733281609023901,0.07582584822893974
7348,-0.1314046134105219,0.015457610933723252,-0.17501715854495536,-0.18032884724418846
7349,-0.13716391632598252,-0.24098057354301566,0.11888633583002595,0.11423114798125988
7350,-0.10307063352332069,-0.043254453761451456,-0.06872370266479662,-0.05771239294559995
7351,-0.08109277550655007,-0.23013338903643576,0.049715018949001814,0.05705589209513293
7352,-0.0796753304884963,-0.14526573363970038,-0.007519918832622122,0.015323326668855
7353,-0.15997732087971112,-0.008638954373190892,-0.10648742204052399,-0.1255259467040673
7354,-0.11739428844260091,-0.18220882695234394,0.011772253886783442,0.015024917191369997
7355,0.042985885231714954,-0.0034466294649518063,-0.021112470532064095,-0.04434364835427172
7356,0.10818835606218852,-0.14377368625227535,0.18279072543343974,0.18772940228581653
7357,0.04761123213273253,-0.062427262689863025,-0.007102145564143117,-0.010086240338993165
7358,-0.13943182835486853,-0.16005192324908235,0.04468681925337947,0.05793620005371369
7359,-0.0793470800632628,-0.1587240010742741,0.002760287666736295,0.010757661663334426
7360,-0.1644534630419862,0.06262122885022828,-0.23268479006893256,-0.23423651935185458
7361,0.012488436632747454,-0.09055235594282474,0.04033004088209841,0.044970308256990235
7362,-0.028199695622332963,-0.1897884276804631,0.12430246784637879,0.1304795440303184
7363,-0.16308077944555519,-0.22710453283996296,-0.08298767568857986,-0.08725493121661541
7364,-0.2484109695323923,-0.18623735489839152,-0.18352182865327799,-0.169750231267345
7365,-0.19927784906448626,-0.16952642415923128,0.07255826445047894,0.0554146399689654
7366,-0.1955477305959237,-0.2207334904956581,-0.02318641640058488,-0.03139267703142251
7367,0.02915460595028498,-0.13935722598549727,0.12952463370236636,0.13135985198889916
7368,-0.09377517829966278,0.025409567007848164,-0.08680731700038793,-0.08895586523827995
7369,-0.03281012204947629,-0.1518904240398675,0.009728148966011159,0.006773895138909611
7370,0.0001641252126167527,-0.21910715884336485,0.11993076900122346,0.1133209990749306
7371,-0.07402047089015547,-0.28984512548118524,0.12116916833278624,0.1284951210050431
7372,-0.05290800035809136,-0.39722777595416425,0.12718211930410905,0.1353883799349467
7373,-0.041031303154188174,0.049103279520157556,-0.021097550058189845,-0.022321028915878366
7374,-0.11629017337590641,-0.050699770224702324,-0.09246217659872875,-0.09258154038972277
7375,0.0700814657873534,-0.07348333383068245,0.08291307331920861,0.08947808182387872
7376,-0.09079108352481273,-0.2205395243352929,0.060935215302438,0.05775715436722269
7377,-0.007430395989376622,-0.14013309062695828,0.052743875145474614,0.05377338784279788
7378,-0.14992092148846647,-0.2469786040404643,0.0305571304944645,0.026543523022291182
7379,-0.03943481244964339,-0.25806451612903225,0.09890782131240487,0.09296947271045328
7380,0.0009996717495747663,-0.1462504849154009,0.08239085673360985,0.0884634896004297
7381,-0.07909343200740056,0.05222165855987585,-0.11761809555071467,-0.12703291456536658
7382,-0.05014771269135507,-0.26245113544806176,0.16266300617707616,0.15841067112291485
7383,-0.09595356748530331,-0.17445018053773387,0.04610426427143326,0.04465697830563098
7384,-0.14704127003073614,-0.17988123302796094,0.06247202411148577,0.06806720181432963
7385,-0.20705141595297064,-0.22829817074990297,-0.08701620363462743,-0.08621049804541792
7386,-0.2565724687416072,-0.18866939213989434,-0.11600668437229565,-0.10927755065500878
7387,-0.1734803497359076,-0.19022112142281639,-0.022291187968129865,-0.02270896123660887
7388,-0.08397242696428038,-0.1513682074542687,-0.008415147265077137,-0.006639610874041358
7389,-0.19542836680492973,0.11760317507684044,-0.24648622840261405,-0.24351705410163824
7390,-0.04646235564441526,-0.30531765688878276,0.13210587568261167,0.1227358180895825
7391,-0.2622720897615708,0.006594849452418608,-0.24378562263137477,-0.2421443705052072
7392,-0.0022380710811375367,-0.06772403091522186,0.06287487690609053,0.05168452150040285
7393,-0.09120885679329176,-0.18999731431470263,0.12388469457789979,0.11570827489481064
7394,-0.22434424517322665,-0.3308615081614991,0.020649935841962338,0.03219838262063203
7395,-0.02032168541672883,-0.23463937214645936,0.1010862104980454,0.10314523589269194
7396,-0.014293813971531732,-0.05307212557070811,0.022350869863626863,0.02427561099340515
7397,-0.21839097609740082,-0.25044015397929037,-0.053385455522067374,-0.058368893796066953
7398,-0.15048789949568794,0.016875055951777025,-0.14029721583957505,-0.1408492733729223
7399,-0.152278356360598,-0.38218793828892,0.03554056876846408,0.0336158276386858
7400,-0.1137686132911581,-0.11238100922085284,0.046208707588553,0.045969980006565006
7401,-0.19990450896720474,-0.35734534928829337,0.12561546954731279,0.12856972337441433
7402,0.004834233535257079,-0.09535674853033331,0.019351854614902568,0.010071319865118914
7403,-0.06553072125570707,-0.2214198322938736,0.07493061979648472,0.06263614932410252
7404,-0.1344633105547432,-0.23871266151412965,0.11711079943899015,0.11530542210020589
7405,-0.03131807466205126,-0.10718868431261375,0.041195428366804926,0.04841693772194204
7406,-0.03172092745665602,-0.09863925278266836,0.02736414908537495,0.02934857211065023
7407,-0.12737608546447432,-0.07585568917668824,-0.06005490734385723,-0.055802572289695915
7408,0.08985109367073496,0.21230342275670672,-0.12491420727522305,-0.12692847124824683
7409,0.0018202978126585297,-0.17037689117006352,0.1437587657784011,0.14095371669004206
7410,-0.24987317597206882,0.019859150726627074,-0.2412491420727522,-0.24673987645847628
7411,-0.0920891647518725,-0.12005013279221748,0.034406612754021064,0.03722658231625436
7412,-0.2603921100534152,-0.09231297185998626,-0.16612455611590224,-0.16464742920235145
7413,-0.043388738026319706,-0.18898272209125358,0.076497269553281,0.08092865029393333
7414,-0.0735280952523052,-0.09183551669601024,-0.017755363910357792,0.004550744531646324
7415,-0.16264808570320194,-0.12121392975440898,0.0056100981767180915,0.0056100981767180915
7416,-0.13340395690967144,-0.2608695652173913,-0.08154038972277759,-0.08071976365969383
7417,-0.09193996001313001,-0.06715705290800035,-0.07522902927396972,-0.077034406612754
7418,-0.2653307869057921,-0.15723195368684906,-0.13691026827012026,-0.13807406523231175
7419,-0.246008773238638,-0.11554414968219391,-0.12052758795619348,-0.11794634597594818
7420,0.06730625764674285,-0.20945361224672493,0.11212736116499059,0.122168840082361
7421,-0.17334606547103934,-0.2544537614514637,0.04784995971472054,0.047536629763361274
7422,-0.1817612127361165,-0.24418847542597952,0.04723822028587627,0.05026707648234908
7423,-0.03109426755393751,-0.047223299812002024,-0.001969502551401032,-0.0025066396108740408
7424,-0.245352272388171,-0.1442959028378741,-0.09902718510339885,-0.0970427620781236
7425,0.06112918146280325,-0.013353824117453969,0.1013846199755304,0.1030407925755722
7426,-0.14965235295872995,0.06596341499806033,-0.045731252424577,-0.053668944525678136
7427,-0.06269583121959951,-0.31656769418996744,0.17180925666199154,0.16473695204559693
7428,-0.02696129629077019,-0.045000149204738736,-0.09990749306197963,-0.09828116140968635
7429,0.043687147503804716,-0.03953925576676315,0.008355465369580137,-0.004386619319029572
7430,-0.1474739637730894,-0.24917191369997907,0.00183521828653278,0.0025812419802452922
7431,-0.05168452150040285,0.03701769568201486,0.006475485661424606,0.002879651457730297
7432,-0.019948673569872576,-0.1656471009519262,0.042553191489361694,0.040494166094715164
7433,-0.11357464713079286,-0.15060726328668195,0.000984751275700516,-0.0092059323804124
7434,0.023902599146548888,-0.30948046909969856,0.25243949747843986,0.25570708125690067
7435,-0.11463400077586462,0.07488585837486197,-0.13300110411506666,-0.1320014323654919
7436,-0.2827728208647906,-0.21549640416579627,-0.12375041031303151,-0.121870430604876
7437,-0.14898093163438866,-0.0366148428874101,-0.13243412610784516,-0.1283459162663006
7438,-0.08498701918772938,-0.19163856644087013,0.034540897018889315,0.02682701202590194
7439,-0.1398943630449703,-0.21992778490644857,-0.03313837247470979,-0.01717346542926203
7440,-0.1339261734952702,-0.09329772313568678,-0.0636358210736773,-0.05671272119602517
7441,-0.19222046492196587,-0.07816836262719704,-0.08154038972277759,-0.08412163170302288
7442,-0.10903882307302079,-0.27347736564113273,0.03733102563337411,0.04416460266778072
7443,-0.2779385873295336,-0.12965891796723464,-0.07886962489928678,-0.08036167228671182
7444,-0.0821372086777476,-0.09547611232132731,0.01469666676613649,0.014338575393154484
7445,0.08054071797320282,-0.15882844439139387,0.137432484855719,0.13282205842857567
7446,-0.14374384530452686,-0.12752529020321682,-0.05293784130583986,-0.05301244367521112
7447,-0.14229655933872457,-0.18823669839754106,0.005938348601951597,0.0048939154307540795
7448,-0.025320044164602665,-0.1470561905046104,0.06521739130434782,0.06894750977291038
7449,-0.03897227775954164,0.06566500552057533,-0.0548775029094924,-0.06205425084300676
7450,-0.05055056548595982,-0.16011160514457937,0.04540300199934349,0.04611918474530751
7451,-0.15576974724717255,-0.04673092417415176,-0.08304735758407686,-0.0804213541822088
7452,-0.16425949688162095,-0.13662677926650948,-0.09923607173763838,-0.09886305989078212
7453,-0.1566500552057533,-0.17804601474142817,-0.022291187968129865,-0.017486795380621287
7454,0.08724001074274118,-0.20299304705917456,0.19523440064456446,0.1896392229417206
7455,-0.20405240070424632,-0.27878905434036577,-0.008206260630837634,-0.0023574348721315383
7456,0.028214616096207214,-0.22329981200202914,0.1573662379517173,0.14786189609381992
7457,-0.08661335084002267,-0.22956641102921424,0.06430724239801855,0.060994897197934994
7458,-0.1133508400226791,-0.15203962877861,0.06112918146280325,0.06600817641968308
7459,-0.047864880188594784,-0.24483005580257225,0.07504998358747872,0.07767598698934677
7460,-0.06585897168094058,-0.2705827937095282,0.0556235266032049,0.04362746560830771
7461,-0.05117722538867833,-0.41183491987705517,0.20530572050968338,0.23334129091939956
7462,-0.24423323684760223,-0.3788905135627107,0.033019008683715795,0.03715197994688311
7463,-0.07773566888484378,-0.16372235982214794,0.11239592969472707,0.1136194085524156
7464,-0.12921130375100712,-0.18387992002626002,-0.024215929097908144,-0.019307093193279817
7465,-0.19678612992748645,0.10574139834681148,-0.24797827579003906,-0.23447524693384258
7466,-0.2616006684372295,-0.030079675330488487,-0.1833129420190385,-0.19997911133657603
7467,-0.04373190892542746,-0.10426427143326071,0.00010444331711975173,-0.0023126734505087877
7468,-0.12022917847870845,-0.3195070275431947,0.10988929008385304,0.10930739160275728
7469,0.027125421503386943,-0.15469547312822654,0.10159350660976992,0.08547939482557965
7470,-0.2726865805257975,-0.04580585479394825,-0.16602011279878245,-0.169093730416878
7471,-0.062367580794366016,-0.06836561129181462,0.028587627943063465,0.030034913908865743
7472,-0.121930112500373,-0.12661514129688758,0.008340544895705886,0.017039181164393777
7473,-0.14835427173167018,-0.047148697442630776,-0.02255975649786637,-0.027408910506997695
7474,-0.20006863417982151,0.00848974963444839,-0.16345379129241142,-0.1685267524096565
7475,0.0762287010235445,-0.14753364566858643,0.1594103428724896,0.15987287756259136
7476,-0.25460296619020617,0.031810450299901524,-0.22476201844170568,-0.22673152099310673
7477,-0.042657634806481444,0.051162304914804085,-0.13252364895109067,-0.1337471278087792
7478,-0.04004655187848766,-0.1808212228820387,0.1764495240368834,0.17718062725672168
7479,-0.07519918832622123,0.09377517829966278,0.007236429829011368,0.0034466294649518063
7480,-0.14610128017665838,-0.4307093193279818,0.024126406254662645,0.04699949270388827
7481,0.033168213422458286,-0.13036018023932439,0.01659156694816627,0.01113067351019068
7482,0.036391035779296345,-0.22704485094446597,0.1327026946375817,0.1337471278087792
7483,0.016681089791411773,-0.025916863119572673,0.0401211542478589,0.03755483274148787
7484,-0.1679299334546865,-0.0734982543045567,-0.10624869445853599,-0.10236937125123093
7485,-0.2128256393423055,-0.06493390230073706,-0.1624988809644594,-0.1668108979141177
7486,-0.13819342902330575,-0.15799289785443582,0.0018799797081555305,-0.012563039002118706
7487,0.042881441914595204,-0.011891617677777444,0.0022977529766345377,0.0051326430127420835
7488,-0.06459073140162931,0.08961236608874697,-0.08267434573722061,-0.08136134403628659
7489,-0.03464534033600907,-0.0979081495628301,0.08771746590671718,0.08904538808152544
7490,-0.15166661693175373,-0.10662170630539225,0.011503685357046937,-0.006490406135298856
7491,-0.23959296947271042,-0.033019008683715795,-0.1963832771328817,-0.18681925337948732
7492,-0.16505028199695623,-0.11096356420279907,-0.12530213959595354,-0.12404881979051653
7493,-0.20221718241771355,-0.16794485392856076,-0.01227954999850795,-0.012950971322849211
7494,-0.1348214019277252,-0.24927635701709885,0.09277550655008802,0.0859120885679329
7495,0.08446480260213063,-0.29875264838411264,0.21002059025394643,0.21127391005938348
7496,-0.20688729074035386,0.0828235504759631,-0.3113007669123571,-0.3178806958909014
7497,-0.03761451463698486,-0.24690400167109305,0.15873892154814837,0.16978007221509353
7498,0.0008653874847065142,-0.2731192742681507,0.1472053952433529,0.14893617021276595
7499,-0.15639640714989106,0.008818000059681894,-0.10538330697382949,-0.10477156754498522
7500,-0.031810450299901524,-0.19060905374354686,0.0739458685207842,0.09695323923487809
7501,-0.09919131031601564,-0.09965384500611738,-0.14225179791710182,-0.12740592641222281
7502,-0.152517083942586,-0.18713258333084656,-0.035853898719823335,-0.033168213422458286
7503,-0.11473844409298437,-0.06587389215481483,-0.10996389245322429,-0.11036674524782905
7504,-0.3297275521470562,-0.22752230610844196,-0.1006684372295664,-0.10196651845662616
7505,0.0072215093551371195,-0.1325087284772164,0.020754379159082088,0.019665184566261817
7506,-0.00844498821282564,-0.2940526991137238,0.1944734564769777,0.20190385246635428
7507,0.01699441974277103,-0.2513503028856196,0.09465548625824355,0.09240249470323177
7508,-0.16230491480409417,-0.1565903733102563,-0.06520247083047356,-0.056265106979797676
7509,0.08704604458237591,-0.13914833935125775,0.1278386201545761,0.12736116499060007
7510,-0.09465548625824355,-0.22780579511205273,0.04996866700486407,0.03555548924233833
7511,-0.18271612306406848,-0.22938736534272325,-0.015606815672465756,-0.01605442988869326
7512,-0.005714541493837843,-0.2405926412222852,0.1470263495568619,0.15244248157321472
7513,-0.06138282951866551,-0.2476351048909313,0.11473844409298437,0.11391781802990061
7514,-0.03765927605860762,-0.2602876667362955,0.09389454209065677,0.10314523589269194
7515,-0.060308555399719486,0.0091164095371669,-0.07087225090268866,-0.06238250126824027
7516,-0.038315776909074624,-0.1865208439020023,-0.007878010205604129,0.006729133717286861
7517,0.07748202082898151,-0.12099012264629522,0.1334188773835457,0.13525409567007846
7518,-0.030199039121482495,-0.12398913789501953,0.09398406493390228,0.09371549640416578
7519,0.004401539792903822,-0.2617647936498463,0.11503685357046939,0.13228492136910266
7520,-0.17688221777923663,-0.3027214944346632,-0.01033988839485542,-0.01341350601295097
7521,0.0670526095908806,-0.24793351436841632,0.16633344275014172,0.17130196055026706
7522,-0.12301930709319325,-0.4244427203007967,0.10865089075229026,0.10953119871087104
7523,-0.2748351287636895,-0.22350869863626863,-0.021067709110441344,-0.030333323386350745
7524,0.025215600847482915,0.05801080242308495,-0.0275581152457402,-0.02245531318074662
7525,0.13383665065202469,-0.04502999015248724,0.2016352839366178,0.2187938288920056
7526,-0.25388678344424215,-0.2887857718361135,0.006773895138909611,0.0062367580794366025
7527,-0.05702605114738443,-0.15735131747784306,0.07724329324699351,0.06678404106114409
7528,-0.08433051833726238,0.014965235295872997,-0.10763629852884125,-0.10817343558831427
7529,-0.03822625406582912,0.05189340813464235,-0.09359613261317179,-0.091641550535645
7530,-0.022335949389752616,-0.24192056339709345,0.15378532422189725,0.14784697561994567
7531,-0.02020232162573483,-0.03555548924233833,0.0856733609859449,0.08743397690310643
7532,0.03918116439378114,-0.21533227895317955,0.19077317895616364,0.16500552057533346
7533,-0.22264331115156213,-0.23796663782041713,0.00307361761809555,0.009056727641669898
7534,-0.14942854585061618,-0.24648622840261405,-0.016099191310316015,-0.021813732804153853
7535,-0.05571304944645041,-0.010683059293963175,-0.011951299573274444,-0.012443675211124704
7536,-0.08182387872638834,-0.2840559816179761,0.07788487362358627,0.08577780430306464
7537,-0.27968428277282087,-0.0976992629285906,-0.13717883679985676,-0.12767449494195934
7538,-0.02508131658261466,-0.07285667392796394,0.07782519172808927,0.07146906985765866
7539,-0.06293455880158753,-0.21621258691176026,0.15742591984721435,0.15770940885082507
7540,-0.06018919160872548,-0.24008534511056068,0.11357464713079286,0.1106203933036913
7541,-0.10311539494494343,-0.18486467130196052,-0.00916117095878965,0.009728148966011159
7542,-0.0917310733788905,-0.11166482647488882,-0.024603861418638653,-0.031049506132314757
7543,-0.153352630479544,-0.16534869147444123,-0.06400883292053354,-0.06472501566649756
7544,-0.11791650502819967,0.049416609471516805,-0.1902658828444391,-0.18984810957596007
7545,0.013935722598549728,-0.1720032228223568,0.10856136790904478,0.10398078242964995
7546,-0.2337590641878786,-0.230446718987795,-0.07488585837486197,-0.08734445405986094
7547,-0.22216585598758615,-0.06720181432962309,-0.13225508042135414,-0.1357912327295515
7548,0.017486795380621287,-0.22488138223269968,0.1454000179045686,0.14638476918026913
7549,0.052042612873384846,-0.2983497955895078,0.20615618752051562,0.21410880009549102
7550,-0.0881053982274477,-0.15348691474441226,0.03583897824594909,0.021082629584315594
7551,-0.10639789919727849,-0.21861478320551456,-0.01408492733729223,0.007475157410999372
7552,-0.11114260988929006,-0.0829429142669571,-0.04310524902270896,-0.04397063650741547
7553,-0.20675300647548567,-0.27314911521589924,0.05026707648234908,0.04858106293455879
7554,-0.121751066813882,-0.1154844677866969,-0.04540300199934349,-0.048939154307540804
7555,0.10845692459192503,-0.24694876309271577,0.20369430933126434,0.20696189310972515
7556,-0.08359941511742412,-0.10851660648742202,0.009623705648891406,0.009698308018262658
7557,0.034272328489152806,-0.14052102294768878,0.055772731341947414,0.056399391244665927
7558,-0.04106114410193667,0.08258482289397509,0.002193309659514786,0.00028348900361075465
7559,-0.2701799409149234,-0.15393452896063978,-0.1287040076392826,-0.1289725761690191
7560,0.04474650114887648,-0.1329861836411924,0.10238429172510517,0.10887469786040402
7561,-0.005058040643370833,-0.33381576198860075,0.1408791143206708,0.15160693503625672
7562,-0.1883859031362836,-0.121870430604876,-0.09945987884575214,-0.10208588224762016
7563,-0.21851033988839483,-0.09110441347617197,-0.19698009608785175,-0.19157888454537314
7564,-0.0578765181582167,-0.26880725731849237,0.042583032437110195,0.025290203216854164
7565,-0.13058398734743812,-0.13626868789352747,-0.06205425084300676,-0.05898063322491122
7566,-0.0275282742979917,-0.11144101936677508,0.05729461967712094,0.04762615260660678
7567,-0.2831458327116469,-0.2454268747575423,-0.05680224403927068,-0.041270030736176175
7568,-0.12257169287696576,-0.013861120229178476,-0.17355495210527883,-0.17355495210527883
7569,-0.07563188206857449,-0.07960072811912505,-0.15936558145086685,-0.15445674554623853
7570,-0.2849661305243054,-0.31670197845483566,-0.06109934051505475,-0.05704097162125868
7571,0.005550416281221091,-0.21789860045955056,0.12366088746978601,0.10777058279370952
7572,-0.18201486079197873,-0.2718510339888395,-0.003700277520814061,-0.020053116886992326
7573,-0.2742979917042165,0.007504998358747873,-0.21231834323058096,-0.2150338694756945
7574,-0.25044015397929037,-0.20924472561248544,-0.10897914117752378,-0.11439527319387663
7575,-0.26201844170570854,-0.05281847751484587,-0.13192682999612065,-0.14132672853689832
7576,-0.09869893467816535,-0.0971024439736206,-0.08049595655158007,-0.08049595655158007
7577,-0.09726656918623734,-0.29626092924711284,0.13720867774760526,0.1412372056936528
7578,-0.14989108054071795,-0.23951836710333915,0.06766434901972486,0.06869386171704812
7579,0.01754647727611829,-0.16261824475545342,0.14610128017665838,0.14132672853689832
7580,-0.13041986213482137,-0.19692041419235473,-0.03645071767479335,-0.027185103398883945
7581,-0.015144280982363997,-0.15296469815881353,0.13498552714034195,0.13514965235295873
7582,-0.2329682790725433,-0.18780400465518782,-0.15562054250843002,-0.13913341887738354
7583,-0.18775924323356505,-0.19680105040136073,-0.07603473486317924,-0.07488585837486197
7584,-0.08929903613738771,-0.1735997135269016,-0.03036316433409925,-0.03246695115036853
7585,-0.07185700217838918,-0.138984214138641,0.06051744203395899,0.06772403091522186
7586,-0.23258034675181283,-0.053579421682432626,-0.20545492524842585,-0.20554444809167133
7587,-0.1787771179612664,0.09449136104562679,-0.16367759840052518,-0.17079466443854252
7588,0.0643520038196413,-0.04507475157410999,0.13271761511145594,0.11606636626779265
7589,-0.09716212586911759,-0.27953507803407834,0.08744889737698068,0.08631494136253767
7590,-0.08398734743815461,-0.2746411626033242,0.11675270806600815,0.11133657604965531
7591,-0.16989943600608753,-0.06318820685744977,-0.14542985885231713,-0.1345229924502402
7592,0.11496225120109813,-0.14431082331174835,0.15244248157321472,0.153770403748023
7593,0.021470561905046103,-0.13759661006833576,0.16460266778072866,0.1620214258004834
7594,-0.1585151144400346,-0.10181731371788368,-0.049580734684133564,-0.05160991913103159
7595,-0.17373399779176982,-0.16425949688162095,-0.08054071797320282,-0.07497538121810747
7596,-0.22115126376413713,-0.12467547969323503,-0.1349706066664677,-0.13870072513503026
7597,-0.2171973381874608,-0.3038405299752319,-0.029960311539494487,-0.029706663483632236
7598,-0.2964548954074781,-0.23851869535376438,-0.18668496911461904,-0.18671481006236756
7599,-0.13198651189161764,0.061636477574527754,-0.21780907761630505,-0.21864462415326305
7600,-0.07012622720897614,0.13094207872042013,-0.10324967920981169,-0.10506997702247022
7601,-0.08446480260213063,-0.13212079615648592,-0.00307361761809555,-0.0029691743009757983
7602,0.04470173972725373,-0.02994539106562024,0.10527886365670971,0.1101429381397153
7603,0.026170511175434927,-0.13882008892602427,0.11111276894154157,0.09922115126376413
7604,-0.07358777714780221,-0.11232132732535584,-0.000671421324341261,-0.0028498105099817967
7605,0.06964877204500014,-0.02346990540419563,0.11460415982811613,0.1159320820029244
7606,0.02136611858792635,0.02697621676464444,0.0017158544955387781,0.010071319865118914
7607,-0.28665214407209566,-0.2775208140610545,0.04871534719942705,0.054056876846408634
7608,0.07075288711169465,-0.2076929963295634,0.2210020590253946,0.20370922980513856
7609,-0.007072304616394616,-0.24823192384590131,0.13265793321595892,0.14659365581450864
7610,-0.14504192653158662,-0.2267912028886037,-0.031347915609799756,-0.02675240965653069
7611,0.13913341887738354,0.05804064337083344,0.11024738145683505,0.1289128942735221
7612,0.019053445137417562,0.10247381456835067,-0.1470561905046104,-0.15009996717495744
7613,-0.09129837963653725,-0.247381456835069,0.010921786875951179,0.009638626122765658
7614,-0.10620393303691322,-0.22471725702008294,0.046924890334517015,0.03458565844051206
7615,-0.31728387693593146,0.15878368296977108,-0.36237354898391566,-0.3582554981946226
7616,-0.019456297932022318,-0.13498552714034195,0.13112112440691115,0.13138969293664765
7617,-0.06026379397809674,-0.01914296798066306,-0.013562710751693472,-0.014293813971531732
7618,0.030243800543105243,-0.15488943928859178,0.09544627137357882,0.0978186267195846
7619,-0.13955119214586253,-0.24393482737011724,0.05905523559428246,0.05911491748977946
7620,-0.17994091492345793,-0.029826027274626236,-0.11399242039927186,-0.11702127659574467
7621,-0.09925099221151261,-0.25070872250902687,-0.011458923935424187,-0.017471874906747037
7622,0.02927396974127898,0.01794933007072304,0.0030288561964727993,0.004103130315418817
7623,-0.03110918802781176,-0.09331264360956103,0.015114440034615496,0.015457610933723252
7624,-0.12786846110232458,-0.20869266807913817,-0.01729282922025603,-0.026006385962818172
7625,-0.10956103965861955,-0.3322789531795529,0.0615021933096595,0.06787323565396436
7626,-0.23077496941302852,-0.22677628241472947,-0.041404315001044426,-0.02836382083494971
7627,-0.03439169228014681,-0.1706603801736743,0.04425412551102623,0.04755155023723553
7628,0.09287994986720778,0.10920294828563754,-0.03372027095580555,-0.030318402912476495
7629,-0.23526603204917787,-0.2152725970576825,-0.08979141177523799,-0.0892095132941422
7630,-0.04646235564441526,-0.18698337859210404,0.04028527946047566,0.043299215183074204
7631,0.06993226104861089,-0.10119065381516516,0.13855152039628776,0.15266628868132848
7632,0.021276595744680847,-0.11881173346065468,0.08337560800931038,0.10757661663334425
7633,-0.18414848855599653,-0.2997821610814359,0.047357584076870275,0.047223299812002024
7634,0.1792694935991167,0.09274566560233952,0.09478977052311179,0.08412163170302288
7635,-0.08779206827608843,-0.08043627465608306,-0.03977798334875115,-0.036092626301811336
7636,-0.006341201396556354,-0.04868550625167855,0.015726179463459757,0.0036256751514428093
7637,-0.25860165318850525,0.05298260272746262,-0.1871475038047208,-0.1878636865506848
7638,-0.243024678463788,-0.24465101011608126,-0.09766942198084208,-0.09766942198084208
7639,-0.0792873981677658,-0.1624988809644594,-0.009981797021873413,-0.0062665990271851026
7640,0.17765808242069764,0.122168840082361,0.03231774641162603,0.03107934708006326
7641,-0.012757005162483959,-0.1438184476738981,0.10272746262421292,0.09328280266181252
7642,-0.3222225537883083,-0.26473396795082205,-0.03645071767479335,-0.04018083614335591
7643,-0.06796275849720987,0.013323983169705466,-0.10501029512697321,-0.09684879591775834
7644,-0.059816179761869225,-0.0275282742979917,-0.08865745576079494,-0.09575960132493808
7645,0.01887439945092656,-0.14193846796574255,0.06823132702694637,0.06776879233684462
7646,-0.08455432544537614,-0.11667810569663692,-0.03318313389633254,-0.034540897018889315
7647,-0.03543612545134433,-0.24641162603324276,0.11160514457939183,0.10766613947658978
7648,0.136179165050282,-0.23452000835546535,0.21445197099459878,0.2117662856972337
7649,0.03643579720091909,-0.19936737190773174,0.13210587568261167,0.1303004983438274
7650,0.01344334696069947,-0.2050520724538211,0.12907701948613887,0.12477992301035477
7651,-0.060353316821342234,0.08970188893199246,-0.13623884694577898,-0.138506758974665
7652,-0.13917818029900628,-0.055772731341947414,-0.06459073140162931,-0.06873862313867087
7653,0.045850616215570995,0.07831756736593953,0.010131001760615916,0.010011637969621914
7654,-0.22122586613350836,-0.2617349527020978,-0.02514099847811166,-0.025588612694339166
7655,-0.10524902270896123,-0.06676912058726983,-0.029617140640386737,-0.0278266837754767
7656,-0.06253170600698277,-0.152158992569604,0.049043597624660554,0.05037151979946882
7657,-0.08847841007430396,-0.21085613679090445,-0.004013607472173315,-0.002551401032496792
7658,-0.2207334904956581,-0.08171943540926858,-0.12862940526991135,-0.13177762525737816
7659,-0.15638148667601678,-0.24896302706573958,0.050789293067947834,0.052952761779714114
7660,-0.2249410641281967,-0.25810927755065494,0.045000149204738736,0.05444480916713914
7661,-0.04947629136701381,-0.08774730685446568,0.06277043358897078,0.062203455581749265
7662,-0.10578615976843422,-0.17033212974844078,0.08589716809405865,0.09402882635552505
7663,-0.18470054608934375,-0.028587627943063465,-0.09471516815374055,-0.09346184834830353
7664,-0.2034108203276536,-0.09695323923487809,-0.0673211781206171,-0.06700784816925784
7665,-0.2257467697174062,-0.2914714571334785,-0.013950643072423979,-0.015263644773358
7666,-0.0787502611082928,-0.12694339172212107,-0.05525051475634865,-0.04410492077228372
7667,-0.08685207842201068,-0.052475306615738106,-0.025484169377219416,-0.02699113723851869
7668,-0.05666795977440243,-0.1893706544119841,0.002685685297365044,0.01754647727611829
7669,-0.07510966548297573,-0.20305272895467158,0.09893766226015337,0.09978812927098564
7670,-0.11433559129837963,-0.1439974933603891,0.01221986810301095,0.008624033899316642
7671,0.02318641640058488,-0.18849034645340335,0.14851839694428695,0.15265136820745426
7672,-0.12100504312016948,-0.08685207842201068,-0.01102623019307093,-0.02203753991226761
7673,-0.01028020649935842,-0.013890961176926979,0.03455581749276357,0.03755483274148787
7674,0.03206409835576378,-0.1399242039927188,0.05877174659067171,0.05904031512040822
7675,-0.051371191549043585,-0.061651398048402,-0.05686192593476768,-0.06060696487720449
7676,-0.17503207901882964,0.016263316522932766,-0.13773089433320398,-0.14083435289904805
7677,0.058070484318581944,0.04755155023723553,0.07070812569007191,0.06473993614037181
7678,-0.17145116528900953,-0.25297663453791286,-0.006923099877652114,-0.014070006863417979
7679,-0.024484497627644645,-0.2577661066515472,0.17634508071976362,0.18261167974694872
7680,-0.11945331383724744,-0.34855719017635994,0.06778371281071886,0.07079764853331741
7681,-0.1947420250067142,0.004938676852376831,-0.22816388648503472,-0.22410551759123867
7682,-0.02454417952314165,-0.21513831279281426,0.10398078242964995,0.10771090089821252
7683,-0.06869386171704812,-0.1044433171197517,0.009355137119154902,0.010101160812867415
7684,-0.2416072334457342,-0.04200113395601444,-0.19690549371848046,-0.19881531437438452
7685,0.00796753304884963,-0.08883650144728596,0.03564501208558383,0.03730118468562561
7686,-0.04795440303184028,-0.08321148279669362,-0.0044463012145265724,0.0058786667064545965
7687,0.033093611053087044,-0.06266599027185103,0.02067977678971084,0.02217182417713586
7688,0.07070812569007191,-0.14889140879114318,0.13349347975291692,0.13984960162334753
7689,-0.08318164184894511,-0.1932947390409119,-0.014204291128286233,-0.016934737847274027
7690,-0.0974903762943511,-0.04801408492733729,-0.006490406135298856,0.0023126734505087877
7691,-0.184178329503745,-0.07507982453522721,-0.1013846199755304,-0.09617737459341708
7692,-0.045432842947091996,-0.13835755423592253,0.12355644415266627,0.14632508728477214
7693,-0.28163886485034756,-0.05428068395452239,-0.13998388588821578,-0.14092387574229356
7694,-0.045790934320074,0.16521440720957295,-0.1749425561755841,-0.18068693861717045
7695,-0.0796753304884963,-0.030661573811584252,-0.04144907642266718,-0.05138611202291783
7696,0.0670526095908806,-0.2763868580466115,0.2570200829578347,0.25455820476858343
7697,-0.04122526931455343,-0.1866402076929963,-0.006430724239801855,0.013115096535465965
7698,-0.1885351078750261,-0.15427769985974754,-0.09329772313568678,-0.08876189907791472
7699,-0.09956432216287188,-0.2298200590850765,0.009295455223657902,0.010817343558831426
7700,0.00853451105607114,-0.32171525767658377,0.181015189042404,0.1728686103070633
7701,-0.11145593984064933,-0.15618752051565155,-0.047685834502103785,-0.0518188057652711
7702,-0.1744352600638596,-0.27114977171674964,-0.0458207752678225,-0.0458207752678225
7703,-0.07712392945599951,-0.2661812539166244,0.09004505983110021,0.08267434573722061
7704,0.020649935841962338,0.0366148428874101,0.03852466354331413,0.04443317119751723
7705,-0.1830145325415535,-0.08248037957685535,-0.18959446152009785,-0.1781206171107994
7706,-0.02033660589060308,-0.18071677956491894,-0.0006266599027185102,-0.0008952284324550147
7707,-0.21312404881979047,-0.049610575631882065,-0.13843215660529376,-0.14668317865775413
7708,0.07282683298021543,-0.25798991375966096,0.17897108412163165,0.17400256632150635
7709,0.0677091104413476,0.015696338515711256,0.0710960580108024,0.07202112739100593
7710,0.003924084628927814,-0.12052758795619348,0.10797946942794902,0.10471188564948822
7711,-0.10908358449464353,0.008997045746172896,-0.07758646414610126,-0.08045119512995733
7712,-0.06942496493688638,-0.1966518456626182,0.047268061233624765,0.04776043687147503
7713,-0.3301602458894094,-0.12706275551311508,-0.19932261048610903,-0.1896392229417206
7714,-0.1230342275670675,-0.30366148428874096,0.022813404553728624,0.018038852913968544
7715,-0.13036018023932439,-0.2471278087792068,0.06755990570260512,0.07537823401271224
7716,-0.019650264092387574,-0.10198143893050042,0.044731580675002235,0.04077765509832591
7717,-0.18480498940646353,-0.32022321028915873,-0.01287636895347796,-0.014980155769747244
7718,-0.10897914117752378,-0.18752051565157704,0.10896422070364951,0.10888961833427828
7719,-0.17718062725672168,-0.10514457939184146,-0.10401062337739846,-0.10462236280624272
7720,0.05750350631136044,-0.1663036018023932,0.13043478260869565,0.13216555757810866
7721,0.010235445077735666,-0.08142102593178359,0.05908507654203096,0.05595177702843841
7722,0.1729730536241831,-0.12310882993643876,0.20921488466473695,0.20518635671868937
7723,0.000552057533347259,-0.2693145534302169,0.16727343260421948,0.15203962877861
7724,-0.06365074154755154,0.10259317835934469,-0.08225657246874159,-0.0783921697353108
7725,-0.03476470412700307,-0.21446689146847298,0.13825311091880277,0.12991256602309686
7726,-0.09513294142221955,-0.18684909432723582,0.06952940825400614,0.056115902241055164
7727,-0.13899913461251528,-0.07225985497299393,-0.045790934320074,-0.05630986840142042
7728,-0.17271940556832083,0.09920623078988987,-0.2390110709916147,-0.23198352779684278
7729,-0.053474978365312884,-0.18113455283339797,-0.060353316821342234,-0.059860941183491986
7730,-0.11627525290203215,-0.19865118916176774,0.05645907314016293,0.06305392259258152
7731,-0.18382023813076304,0.014502700605771237,-0.08764286353734593,-0.0827638685804661
7732,-0.07509474500910147,-0.14125212616752705,-0.06757482617647936,-0.06787323565396436
7733,0.034242487541404305,-0.15573990629942405,0.1475038047208379,0.1465787353406344
7734,-0.16411029214287842,-0.12119900928053473,-0.04465697830563098,-0.04640267374891825
7735,0.024723225209632653,-0.2961266449822446,0.14316194682343109,0.136298528841276
7736,-0.19283220435081017,-0.05920444033302497,-0.16049953746530987,-0.1701232431142013
7737,-0.04095670078481692,-0.23632538569424963,0.1460714392289099,0.13095699919429438
7738,-0.20068037360866575,-0.19216078302646888,-0.0792277162722688,-0.07531855211721523
7739,-0.1256453104950613,-0.2172570200829578,0.033600907164811546,0.02696129629077019
7740,0.0021485482378920348,-0.06139774999253976,-0.07342365193518545,-0.0797350123839933
7741,-0.014189370654411983,0.06745546238548535,-0.05335561457431887,-0.049744859896750315
7742,-0.13095699919429438,-0.08630002088866341,-0.08280863000208885,-0.0856435200381964
7743,-0.13611948315478498,0.04975978037062457,-0.16845215004028527,-0.16936229894661453
7744,-0.06676912058726983,-0.18647608248037956,-0.02628987496642893,-0.022500074602369368
7745,-0.2513503028856196,-0.15585927009041806,-0.08356957416967561,-0.08254006147235235
7746,-0.054564172958133136,-0.1036376115305422,0.0064158037659276055,0.01408492733729223
7747,-0.04537316105159499,-0.20617110799438987,0.0892095132941422,0.09498373668347705
7748,-0.13601503983766522,-0.18831130076691233,0.03345170242606905,0.030005072961117242
7749,0.02827429799170421,-0.03977798334875115,-0.015741099937334007,-0.010981468771448179
7750,-0.07181224075676643,-0.021187072901435344,-0.0024171167676285397,-0.001536808809047775
7751,-0.2579749932857867,-0.14857807883978394,-0.09399898540777654,-0.09447644057175254
7752,-0.14565366596043086,-0.2211960251857599,0.07415475515502372,0.05895079227716271
7753,-0.033600907164811546,-0.2082301333890364,0.08607621378054965,0.09589388558980631
7754,0.02021724209960908,-0.22033063770105332,0.16393124645638743,0.15685894183999283
7755,-0.007027543194771865,-0.08820984154456744,0.07276715108471844,0.07242398018561068
7756,0.08444988212825638,-0.037599594163110615,0.06979797678374264,0.07382650472979022
7757,0.07534839306496374,-0.26641998149861235,0.1469965086091134,0.1429978216108143
7758,-0.20990122646295242,0.029587299692638236,-0.10693503625675149,-0.11169466742263731
7759,-0.16072334457342363,-0.24315896272865622,0.013264301274208466,-0.0028647309838560468
7760,-0.07073796663782041,-0.10333920205305719,-0.04643251469666675,-0.04959565515800782
7761,-0.006430724239801855,-0.15927605860762137,0.13091223777267164,0.13043478260869565
7762,-0.32278953179552977,-0.07415475515502372,-0.13635821073677298,-0.13741756438184474
7763,-0.038987198233415885,-0.2642863537345945,0.08055563844707707,0.07698964519113125
7764,-0.16754200113395598,-0.15417325654262778,-0.10575631882068573,-0.11800602787144518
7765,0.07136462654053892,-0.22000238727581983,0.12762973352033657,0.12407866073826501
7766,-0.2063501536808809,-0.2127510369729342,-0.057190176360001184,-0.05293784130583986
7767,0.07576616633344274,-0.14156545611888632,0.14110292142878456,0.14860791978753243
7768,0.04158336068753543,-0.14038673868282053,0.10208588224762016,0.09543135089970456
7769,0.0973411715556086,0.008191340156963383,0.07582584822893974,0.07533347259108948
7770,-0.21834621467577808,-0.24503894243681174,-0.12085583838142698,-0.12264629524633701
7771,0.04383635224254722,-0.13674614305750346,0.07643758765778401,0.07727313419474201
7772,0.004356778371281071,-0.12731640356897733,0.06269583121959951,0.06248694458536002
7773,-0.055534003759959406,-0.25554295604428395,0.12107964548954074,0.12381009220852852
7774,0.1288830533257736,0.18425293187311628,-0.06418787860702456,-0.062367580794366016
7775,-0.03622691056667959,-0.21489958521082625,0.14183402464862283,0.14434066425949685
7776,-0.026812091552027687,-0.06997702247023366,-0.0007609441675867626,0.007102145564143117
7777,-0.18787860702455908,0.04222494106412819,-0.12830115484467786,-0.1346125152934857
7778,-0.023410223508698636,-0.10606964877204499,0.06239742174211452,0.06014443018710273
7779,-0.08373369938229237,-0.14887648831726893,-0.027767001879979703,-0.023156575452836378
7780,0.01947121840589657,-0.09783354719345884,0.009399898540777654,0.020411208259974337
7781,0.0010593536450717673,-0.14844379457491566,0.15065202470830472,0.15327802811017274
7782,-0.19868103010951624,-0.11132165557578107,-0.039046880128912886,-0.029512697323266984
7783,-0.05587717465906716,-0.03813673122258362,-0.07573632538569423,-0.07499030169198173
7784,-0.16816866103667452,-0.1260332428157918,-0.03882307302079913,-0.03210885977738652
7785,-0.30222911879681297,-0.10420458953776371,-0.21073677299991045,-0.20314225179791706
7786,-0.25203664468383513,-0.24644146698099126,-0.04144907642266718,-0.041478917370415674
7787,0.023037211661842374,-0.0981767180925666,0.10636805824952998,0.0887917400256632
7788,-0.12698815314374381,-0.039225925815403885,-0.017054101638268027,-0.017337590641878783
7789,-0.049192802363403065,-0.10974008534511055,0.038569424964936885,0.03728626421175136
7790,-0.14384828862164661,-0.07969025096237056,-0.08562859956432214,-0.09553579421682432
7791,-0.183641192444272,-0.25409567007848166,0.032153621199009275,0.03354122526931455
7792,-0.11576795679030763,-0.06685864343051534,0.007549759780370624,0.012757005162483959
7793,-0.16582614663841722,0.13792486049356925,-0.1260630837635403,-0.1254961057563188
7794,-0.11757333412909192,-0.08098833218943033,-0.06933544209364088,-0.06596341499806033
7795,-0.077631225567724,-0.011220196353436183,-0.06023395303034824,-0.06590373310256334
7796,-0.1682283429321715,-0.07822804452269404,-0.11846856256154695,-0.10547282981707497
7797,-0.14368416340902984,-0.20532064098355762,0.08568828145981915,0.07408015278565246
7798,-0.0488496314642953,-0.24727701351794928,0.1496075915371072,0.14839903315329292
7799,-0.1515174121930112,-0.19151920264987615,-0.0053116886992330865,-0.008265942526334634
7800,0.0790188296380293,0.027990808988093457,0.07769090746322103,0.07569156396407148
7801,-0.13285189937632416,-0.2801318969890483,0.0578466772104682,0.051490555340037596
7802,-0.2657336397003969,-0.320536540240518,0.03645071767479335,0.035719614454955084
7803,-0.18308913491092474,-0.08106293455880156,-0.056399391244665927,-0.05495210527886365
7804,-0.02808033183133896,0.07434872131538897,-0.10236937125123093,-0.09702784160424933
7805,-0.15699322610486108,-0.1584852734922861,-0.029572379218763985,-0.030005072961117242
7806,-0.020008355465369575,-0.08468860971024439,0.023395303034824386,0.02185849422577661
7807,0.060248873504222485,-0.17445018053773387,0.14410193667750887,0.1595893885589806
7808,-0.04625346901017575,-0.15478499597147202,0.0520873742950076,0.05089373638506758
7809,-0.19163856644087013,-0.1302258959744561,-0.09350660976992627,-0.09088060636805825
7810,0.05031183790397182,-0.03500343170899107,0.08530034913908864,0.07822804452269404
7811,-0.06870878219092237,-0.08588224762018441,0.01645728268329802,0.02200769896451911
7812,-0.09555071469069855,0.03786816269284712,-0.12443675211124704,-0.12536182149145056
7813,-0.04206081585151144,-0.44185491331204674,0.20084449882128252,0.20657396078899462
7814,-0.012369072841753452,0.13135985198889916,-0.12075139506430724,-0.12166154397063648
7815,0.076198860075796,-0.1327026946375817,0.1313449315150249,0.1318223866790009
7816,0.07748202082898151,-0.06385962818179104,0.075840768702814,0.09071648115544147
7817,-0.22267315209931063,-0.23090925367789678,-0.11506669451821788,-0.11350004476142161
7818,-0.10887469786040402,-0.03231774641162603,0.009832592283130909,0.013338903643579718
7819,-0.18544656978305632,-0.29126257049923904,0.1004297096475784,0.0983259228313091
7820,0.06069648772045,-0.19407060368237292,0.17503207901882964,0.17450986243323083
7821,-0.16376712124377066,-0.0829429142669571,-0.17139148339351254,-0.16536361194831548
7822,0.061651398048402,-0.13024081644833038,0.12895765569514486,0.12737608546447432
7823,-0.13077795350780339,-0.09899734415565035,-0.051729282922025596,-0.049744859896750315
7824,-0.26789710841216313,0.02754319477186595,-0.28971084121631696,-0.29558950792277155
7825,-0.04686520843902001,0.03643579720091909,-0.07309540150995195,-0.0736176180955507
7826,-0.03483930649637432,-0.05168452150040285,0.016308077944555518,0.016143952731938763
7827,-0.11303751007131983,-0.16663185222762672,-0.0245590999970159,-0.00802721494434663
7828,-0.1794783802333562,-0.038539584017188384,-0.13297126316731817,-0.13401569633851568
7829,-0.1257348333383068,-0.20188893199248006,-0.038987198233415885,-0.02988570917012324
7830,-0.06277043358897078,-0.03828593596132612,-0.009056727641669898,-0.019993434991495324
7831,0.045880457163319496,-0.09944495837187789,0.05708573304288144,0.057652711050102945
7832,-0.05860762137805495,-0.15477007549759778,0.03298916773596729,0.04307540807496046
7833,-0.20545492524842585,-0.09282026797171077,-0.15594879293366354,-0.15568022440392704
7834,-0.08339052848318461,-0.332816090239026,0.13112112440691115,0.1343141058160007
7835,-0.1314046134105219,-0.2875473725045507,0.08935871803288471,0.09616245411954281
7836,-0.07288651487571245,-0.09234281280773476,-0.013070335113843215,-0.007519918832622122
7837,-0.0396735400316314,-0.16576646474292023,0.018695353764435558,0.019709945987884572
7838,-0.17480827191071588,-0.3780549670257527,0.09374533735191429,0.09101489063292649
7839,-0.03816657217033212,-0.09925099221151261,0.05522067380860015,0.049282325206648554
7840,-0.0012234788576885199,-0.15357643758765777,0.03522723881710482,0.04344841992181671
7841,-0.08750857927247768,-0.23745934170869262,0.16269284712482465,0.17031720927456653
7842,-0.05801080242308495,-0.12433230879412727,-0.04838709677419354,-0.0519978514517621
7843,-0.1477126913550774,-0.37750290949240545,0.03894243681179314,0.040598609411834914
7844,0.01045925218584942,-0.12094536122467248,0.08910506997702246,0.08227149294261585
7845,-0.10301095162782369,-0.1220793172391155,0.0022380710811375367,2.9840947748500487e-05
7846,-0.17079466443854252,-0.07481125600549074,-0.12442183163737278,-0.10748709379009876
7847,-0.0043269374235325704,-0.07813852167944853,0.03822625406582912,0.021679448539285603
7848,-0.027498433350243195,-0.06587389215481483,-0.015024917191369997,-0.017203306377010532
7849,-0.28265345707379663,-0.021127391005938346,-0.15596371340753779,-0.1654382143176867
7850,-0.3130912237772671,-0.5145773029751425,0.05745874488973769,0.059920623078988974
7851,-0.09863925278266836,-0.294366029065083,0.09975828832323713,0.09908686699889586
7852,-0.04784995971472054,-0.2498284145504461,0.09044791262570497,0.09000029840947747
7853,-0.053579421682432626,-0.17021276595744678,0.08116737787592132,0.08300259616245412
7854,-0.15542657634806478,-0.1322998418429769,-0.020008355465369575,-0.030676494285458503
7855,0.15772432932469932,0.09920623078988987,0.04179224732177494,0.04626838948405001
7856,-0.1833129420190385,0.01398048402017248,-0.10278714451970992,-0.11372385186953536
7857,-0.11715556086061292,-0.06682880248276683,-0.08337560800931038,-0.08306227805795112
7858,0.00367043657306556,-0.11345528333979885,0.07895914774253229,0.07551251827758047
7859,-0.30921190056996206,-0.35019844230252745,-0.02955745874488973,-0.019739786935633073
7860,-0.014935394348124494,-0.1330160245889409,-0.014905553400375993,-0.014801110083256243
7861,0.016636328369789025,0.19065381516516963,-0.18722210617409207,-0.183581510548775
7862,-0.19151920264987615,-0.290307660171287,0.11772253886783442,0.12309390946256453
7863,-0.13547790277819222,-0.3006177076183939,0.08491241681835814,0.09646086359702782
7864,0.04734266360299603,-0.021291516218555098,0.07300587866670644,0.07246874160723343
7865,-0.07117066038017367,-0.2173763838739518,0.061890125630390015,0.05904031512040822
7866,-0.07058876189907791,-0.20179940914923453,0.04562680910745725,0.04562680910745725
7867,-0.2103637611530542,-0.056011458923935414,-0.091402822953657,-0.09925099221151261
7868,-0.0977589448240876,0.10796454895407476,-0.13015129360508487,-0.13580615320342573
7869,0.05414639968965413,-0.08935871803288471,0.06357613917818028,0.061114260988929
7870,-0.20229178478708484,-0.29724568052281336,0.0047148697442630765,-0.0007609441675867626
7871,-0.10959088060636804,-0.028140013726835958,-0.10803915132344603,-0.10659186535764373
7872,0.014801110083256243,-0.30424338276983676,0.21151263764137146,0.21148279669362297
7873,-0.07915311390289753,-0.05912983796365371,0.04843185819581629,0.041046223628062414
7874,-0.03607770582793709,-0.12066187222106171,0.013547790277819221,-0.006341201396556354
7875,-0.06823132702694637,-0.016218555101310015,-0.05410163826803139,-0.06724657575124585
7876,-0.18780400465518782,-0.0880755572796992,-0.03319805437020679,-0.04198621348214019
7877,0.09895258273402761,0.06809704276207812,0.11491748977947538,0.11672286711825966
7878,-0.09483453194473455,-0.33773984661752854,0.21600370027752078,0.2084390200232759
7879,-0.0794366029065083,-0.16208110769598041,-0.03862910686043388,-0.04074781415057741
7880,-0.12904717853839034,-0.11825967592730742,-0.07781027125421501,-0.07654203097490375
7881,-0.00487899495687983,0.04162812210915818,-0.031049506132314757,-0.024872429948375158
7882,-0.03409328280266181,-0.3380830175166363,0.19141475933275637,0.19154904359762462
7883,-0.244695771537704,-0.18062725672167346,-0.03486914744412282,-0.03357106621706305
7884,0.08052579749932856,-0.03959893766226015,0.16834770672316549,0.17561397749992536
7885,-0.06347169586106054,-0.07243890065948494,-0.038703709229805136,-0.03303392915759004
7886,-0.20302288800692306,-0.11354480618304436,-0.07137954701441317,-0.07819820357494553
7887,-0.11927426815075645,-0.3156724657575124,0.05528035570409715,0.053967354003163125
7888,-0.03882307302079913,-0.22015159201456233,0.06092029482856375,0.05059532690758258
7889,0.02964698158813523,-0.29842439795887915,0.1737787592133926,0.16888484378263852
7890,-0.0676792694935991,-0.1462803258631494,-0.03107934708006326,-0.03167616603503327
7891,-0.19189221449673238,0.028706991734057465,-0.09022410551759123,-0.09541643042583031
7892,-0.09188027811763301,-0.2611232132732535,0.05827937095282145,0.06647071110978484
7893,-0.08428575691563962,-0.10320491778818895,0.011115753036316433,0.006609769926292858
7894,-0.05610098176718092,-0.0369430933126436,-0.13150905672764165,-0.13319507027543193
7895,0.1989346781653785,-0.02685685297365044,0.11108292799379307,0.10520426128733847
7896,0.07867565873892153,-7.460236937125121e-05,0.030691414759332757,0.03294440631434454
7897,0.03546596639909283,-0.14404225478201185,0.08982125272298648,0.08806063680582492
7898,-0.15933574050311836,-0.08170451493539432,-0.0710960580108024,-0.07149891080540716
7899,0.0462385485363015,-0.0023574348721315383,0.07743725940735877,0.08013786517859806
7900,-0.16576646474292023,-0.023007370714093874,-0.12685386887887556,-0.1168869923308764
7901,-0.23480349735907607,-0.23490794067619583,-0.04191161111276893,-0.03683864999552385
7902,-0.013100176061591712,-0.12952463370236636,0.0822864134164901,0.08309211900569961
7903,-0.04406015935066097,-0.057249858255498186,0.013264301274208466,0.009131330011041149
7904,-0.010638297872340424,-0.3239831697054698,0.19529408254006145,0.19900928053474976
7905,-0.002193309659514786,-0.011787174360657694,0.05859270090418071,0.0550565485959834
7906,-0.11540986541732563,-0.012518277580495955,-0.05268419324997761,-0.04652203753991226
7907,-0.03834561785682313,-0.17909044791262566,0.00367043657306556,-0.003252663304586553
7908,-0.24305451941153647,-0.1411178419026588,-0.1446241532631076,-0.14568350690817938
7909,-0.10151890424039867,-0.14811554414968217,-0.039151323446032636,-0.0399122676136194
7910,-0.13328459311867744,-0.22095729760377186,-0.029691743009757986,-0.0396735400316314
7911,-0.17045149353943478,-0.20936408940347942,-0.06371042344304854,-0.05933872459789322
7912,-0.023037211661842374,-0.2724627734176837,0.14884664736952044,0.1477723732505744
7913,-0.08279370952821459,-0.05877174659067171,0.003834561785682313,0.010668138820088923
7914,0.039524335292888894,-0.17565873892154812,0.1561129181462803,0.16576646474292023
7915,-0.1552176897138253,-0.20936408940347942,0.004058368893796066,0.030512369072841744
7916,-0.09584912416818356,-0.32735519680105035,0.18282056638118827,0.17177941571424304
7917,-0.08994061651398047,0.22873086449225624,-0.2224941064128196,-0.22213601503983763
7918,-0.38544060159350657,-0.26750917609143265,-0.1556951448778013,-0.16087254931216613
7919,-0.060174271134851236,-0.10866581122616452,0.03391423711617081,0.03254155351973978
7920,-0.1695861060547283,-0.0334666228999433,-0.09766942198084208,-0.10053415296469816
7921,-0.11909522246426545,0.024976873265494907,-0.09705768255199784,-0.10345856584405119
7922,-0.2269702485750947,-0.2253886783444242,0.006341201396556354,0.007490077884873622
7923,-0.0893885589806332,-0.2478141505774223,0.030258721016979497,0.032795201575602034
7924,-0.20336605890603082,-0.17379367968726683,-0.08074960460744232,-0.08444988212825638
7925,-0.20476858345021035,-0.029139685476410725,-0.11996060994897195,-0.1257945152338038
7926,-0.09468532720599206,0.10944167586762554,-0.15833606875354359,-0.16836262719703976
7927,-0.22168840082361013,-0.4004356778371281,0.017621079645489538,0.03804720837933812
7928,-0.13412013965563546,0.0054907343857240895,-0.13605980125928796,-0.13820834949718003
7929,-0.21127391005938348,-0.16934737847274026,-0.13465727671510844,-0.1409984781116648
7930,0.03412312375041031,-0.13082271492942615,0.18680433290561305,0.18922144967324162
7931,-0.043478260869565216,-0.09638626122765658,0.060547282981707494,0.045238876786726744
7932,-0.05319148936170212,-0.1225567724030915,-0.019202649876160063,-0.02205246038614186
7933,-0.1753603294440631,-0.288815612783862,-0.045761093372325506,-0.03873355017755364
7934,0.08012294470472382,-0.1507415475515502,0.19228014681746292,0.1980543702067977
7935,-0.22692548715347197,-0.25035063113604483,-0.015681418041837005,-0.011145593984064932
7936,-0.07798931694070603,0.1183044373489302,-0.09007490077884871,-0.09082092447256125
7937,-0.07716869087762226,-0.09077616305093847,0.0154128495121005,0.014920473874250245
7938,-0.06020411208259974,-0.046178866640804506,-0.0021037868162692842,-0.013607472173316221
7939,-0.023007370714093874,-0.1892512906209901,0.11047118856494881,0.11779714123720568
7940,-0.14574318880367637,0.06453104950613231,-0.19445853600310345,-0.19471218405896568
7941,-0.10475664707111096,-0.14104323953328757,0.012995732744471964,0.01521888335173525
7942,0.016934737847274027,-0.06284503595834202,0.08844856912655545,0.090985049685178
7943,-0.05887618990779146,-0.1837307152875175,0.07312524245770045,0.07242398018561068
7944,-0.15150249171913696,-0.22785055653367545,0.051535316761660344,0.07348333383068245
7945,-0.13036018023932439,-0.19442869505535496,0.045253797260601,0.0427322371758527
7946,0.07727313419474201,-0.2243890065948494,0.17898600459550593,0.19029572379218762
7947,-0.06256154695473126,0.046089343797559,-0.06957416967562888,-0.077213452299245
7948,0.08903046760765121,-0.05663811882665393,0.03612246724955984,0.03503327265673957
7949,-0.1472650771388499,-0.2344901674077168,0.0021485482378920348,0.008086896839843632
7950,0.05847333711318671,-0.05742890394198919,0.09953448121512337,0.0970427620781236
7951,-0.18277580495956547,-0.2088866342395034,-0.06293455880158753,-0.06593357405031182
7952,-0.06335233207006653,-0.10396586195577572,0.02766255856285995,0.02745367192862045
7953,-0.07378174330816746,-0.1397749992539763,-0.03048252812509325,-0.03986750619199665
7954,-0.08800095491032794,-0.18377547670914024,0.09186535764375875,0.09367073498254304
7955,0.017889648175226043,-0.006206917131688101,-0.00975798991375966,-0.021336277640177845
7956,-0.09772910387633911,-0.19980006565008498,-0.05096833875443883,-0.047939482557966026
7957,-0.16060398078242963,-0.13999880636209006,-0.06042791919071349,-0.06151711378353375
7958,-0.18295485064605646,0.05395243352928888,-0.21230342275670672,-0.21257199128644322
7959,-0.17218226850884782,-0.033123452000835545,-0.04180716779564918,-0.042911282862343705
7960,0.0012383993315627703,-0.2785801677061263,0.11979648473635521,0.11591716152905016
7961,-0.09232789233386052,-0.07167795649189818,-0.05902539464653397,-0.06014443018710273
7962,-0.18293993017218224,-0.2801318969890483,0.025707976485333173,0.0275581152457402
7963,0.014383336814777235,-0.1496971143803527,0.07736265703798753,0.060875533406941
7964,-0.10930739160275728,0.022813404553728624,-0.07857121542180179,-0.07331920861806569
7965,0.03445137417564381,-0.22350869863626863,0.04798424397958879,0.03836053833069738
7966,-0.1777028438423204,-0.016875055951777025,-0.2677926650950434,-0.2683148816806421
7967,-0.1745546238548536,-0.13285189937632416,-0.0055802572289695915,-0.0022231506072632862
7968,-0.04177732684790069,-0.14228163886485032,0.1133806809704276,0.11728984512548117
7969,-0.2528871116946674,-0.07590045059831098,-0.1430724239801856,-0.13822326997105427
7970,-0.260436871475038,-0.057995881949210695,-0.15098027513353823,-0.15456118886335826
7971,-0.11978156426248096,-0.2386082181970099,0.008982125272298648,0.010220524603861416
7972,-0.08510638297872339,-0.19595058339052845,0.12076631553818147,0.12442183163737278
7973,-0.06973829488824564,-0.16828802482766847,0.04519411536510399,0.04380651129479872
7974,-0.07428903941989197,-0.11779714123720568,-0.017039181164393777,-0.013592551699441973
7975,-0.2704783503924084,-0.20154576109337233,0.012801766584106708,0.009847512757005161
7976,-0.21169168332786245,-0.2465608307719853,-0.122109158186864,-0.11881173346065468
7977,-0.13340395690967144,-0.1385962818179105,-0.027095580555638443,-0.03304884963146429
7978,-0.1921309420787204,0.04505983110023574,-0.10621885351078748,-0.10638297872340424
7979,0.07181224075676643,-0.18632687774163706,0.17424129390349435,0.18382023813076304
7980,-0.08721016979499267,-0.2133627764017785,0.09523738473933929,0.09986273164035689
7981,-0.2666139476589776,-0.36659604309032845,-0.06844021366118587,-0.03555548924233833
7982,-0.0678881561278386,-0.17741935483870963,0.040703052728954664,0.042478589119990445
7983,-0.28974068216406546,-0.15863447823102858,-0.10686043388738024,-0.09953448121512337
7984,-0.03187013219539852,-0.25570708125690067,0.1477723732505744,0.13592551699441974
7985,-0.1325982513204619,-0.13649249500164123,-0.07692996329563427,-0.07701948613887977
7986,-0.03537644355584733,-0.34796037122138995,0.15399421085613677,0.14480319894959862
7987,0.05450449106263614,0.028796514577302968,0.01042941123810092,0.011190355405687684
7988,-0.1864462415326311,-0.18186565605323624,-0.0734087314613112,-0.06824624750082062
7989,0.005371370594730088,-0.09766942198084208,0.10427919190713496,0.11324639670555936
7990,-0.08767270448509444,-0.33593446927874426,0.09285010891945926,0.09450628151950104
7991,-0.20358986601414458,-0.10135477902778191,-0.13125540867177937,-0.13628360836740172
7992,-0.07504998358747872,-0.29526125749753807,0.08342036943093312,0.0765271105010295
7993,-0.2842797887260899,-0.18869923308764283,-0.13331443406642593,-0.13171794336188117
7994,-0.15344215332278952,-0.16895944615200975,-0.07375190236041895,-0.08640446420578315
7995,-0.018262660022082298,-0.021112470532064095,0.0066843722956641104,0.00428217600190982
7996,-0.09232789233386052,-0.166885500283489,0.011996060994897197,0.015681418041837005
7997,-0.12016949658321147,-0.24578496613052425,0.03276536062785353,0.02381307630330339
7998,0.014398257288651484,-0.11975172331473247,0.04079257557220017,0.039449732923517646
7999,0.04699949270388827,-0.05742890394198919,0.0462385485363015,0.04679060606964877
8000,-0.22816388648503472,-0.25881053982274477,0.02869207126018322,0.030900301393572256
8001,-0.10580108024230848,-0.15026409238757424,0.003968846050550565,-0.0050431201694965825
8002,0.011190355405687684,-0.04643251469666675,0.07915311390289753,0.08161499209214883
8003,-0.25633374115961916,-0.3252812509325296,-0.006400883292053354,-0.0022828325027602872
8004,0.02082898152845334,-0.1812389961505177,0.10827787890543401,0.09417803109426753
8005,-0.006371042344304854,-0.039285607710900894,0.015547133776968754,0.023992121989794394
8006,-0.2628689087165408,-0.2816985467458446,-0.05389275163379188,-0.05774223389334845
8007,0.01874011518605831,0.05160991913103159,0.0038942436811793134,0.003237742830712303
8008,-0.14454955089373636,-0.289591477425323,0.08279370952821459,0.08597177046342991
8009,-0.06700784816925784,-0.11229148637760733,-0.025484169377219416,-0.016233475575184265
8010,-0.15699322610486108,-0.32569902420100855,0.06197964847363551,0.053057205096833863
8011,-0.19256363582107364,-0.11387305660827786,-0.024842589000626653,-0.018755035659932556
8012,0.0015517292829220252,-0.12876368953477962,0.1291217809077616,0.1409686371639163
8013,0.011906538151651694,-0.08628510041478916,0.023096893557339376,0.024469577153770402
8014,-0.049685178001253306,-0.11960251857598996,-0.023126734505087874,-0.02509623705648891
8015,-0.07567664349019725,-0.23969741278983017,0.08536003103458564,0.07915311390289753
8016,-0.03692817283876935,-0.17242099609083583,-0.028677150786308968,-0.029229208319656228
8017,-0.04200113395601444,-0.038673868282056635,-0.06460565187550356,-0.07575124585956848
8018,-0.0008952284324550147,-0.08189848109575959,-0.03557040971621258,-0.040971621258691165
8019,-0.1407000686341798,-0.2633911253021396,0.076556951448778,0.07924263674614306
8020,-0.032183462146757776,-0.19511503685357046,0.020933424845573093,0.047536629763361274
8021,0.017919489122974544,-0.04625346901017575,-0.004759631165885828,-0.0027901286144847957
8022,-0.09071648115544147,-0.26440571752558856,0.10296619020620093,0.10744233236847602
8023,-0.3065112947987228,-0.3125690071916684,-0.1497567962758497,-0.15033869475694547
8024,-0.21704813344871832,-0.13732804153859926,-0.09147742532302823,-0.09383486019515978
8025,-0.1900271552624511,0.04397063650741547,-0.2613022589597445,-0.2700158157023067
8026,0.02925904926740473,-0.1531437438453045,0.01342842648682522,0.03865894780818238
8027,-0.09975828832323713,-0.1640655307212557,0.009504341857897405,0.006430724239801855
8028,0.16408045119512993,0.012563039002118706,0.10114589239354242,0.08980633224911222
8029,-0.1948166273760854,-0.15087583181641845,-0.012786846110232458,-0.015845543254453757
8030,-0.05007311032198382,-0.17462922622422486,0.08143594640565782,0.08401718838590312
8031,-0.09813195667094386,0.10313031541881768,-0.12488436632747456,-0.1306585897168094
8032,-0.11242577064247558,-0.3766972039031959,0.12688370982662409,0.12842051863567186
8033,0.10697979767837426,-0.15770940885082507,0.16563218047805195,0.17273432604219507
8034,-0.09213392617349525,-0.26473396795082205,0.20466414013309062,0.19136999791113363
8035,-0.055474321864462404,0.04101638268031393,-0.02816985467458446,-0.029035242159290972
8036,-0.04892423383366655,-0.18656560532362504,0.0645012085583838,0.053340694100444626
8037,0.00368535704693981,0.05586225418519291,-0.025379726060099667,-0.023544507773566883
8038,-0.06848497508280861,-0.22068872907403536,0.059696815970875235,0.055966697502312666
8039,-0.29694727104532836,-0.21654083733699378,-0.07528871116946674,-0.06617230163229983
8040,-0.22146459371549637,-0.31058458416639306,0.029318731162901734,0.03145235892691951
8041,0.03064665333771,0.034436453701769565,0.04188177016502044,0.03733102563337411
8042,0.06109934051505475,-0.3055563844707707,0.2837128107188684,0.28672674644146695
8043,-0.09828116140968635,-0.19287696577243288,-0.02925904926740473,-0.03503327265673957
8044,-0.0892691951896392,-0.16928769657724327,-0.026692727761033687,-0.016860135477902775
8045,-0.1734803497359076,-0.5705887618990778,0.22625406582913068,0.2277908746381785
8046,0.05089373638506758,0.10272746262421292,-0.016949658321148278,-0.017576318223866787
8047,-0.024380054310524896,-0.2210020590253946,0.06081585151144399,0.06129330667542
8048,-0.046029661902062,-0.06739578048998836,-0.005804064337083344,-0.001417445018053773
8049,-0.15715735131747782,-0.05905523559428246,-0.12555578765181583,-0.12589895855092356
8050,-0.12500373011846855,-0.2590791083524812,0.008295783474083135,0.013338903643579718
8051,-0.02524544179523141,-0.1797469487630927,0.01398048402017248,0.0029840947748500488
8052,-0.07478141505774223,-0.06097997672406074,0.05620542508430067,0.055593685655456415
8053,-0.14107308048103606,-0.21777923666855656,-0.03210885977738652,-0.0123243114201307
8054,0.0,-0.009713228492136908,0.05013279221748082,0.06436692429351555
8055,-0.029124765002536475,-0.18455134135060125,0.057921279579839446,0.059368565545641724
8056,-0.05383306973829489,-0.0011339560144430186,-0.14247560502521558,-0.14201307033511384
8057,-0.2196592163767121,-0.37350422249410636,0.020530572050968334,0.026200352123183425
8058,-0.038599265912685386,-0.2199576258541971,0.1463101668108979,0.1474739637730894
8059,-0.1489510906866402,-0.2910536838649995,0.05972665691862372,0.06303900211870728
8060,-0.07111097848467667,0.07284175345408969,-0.07828772641819103,-0.08886634239503446
8061,-0.23534063441854908,-0.15241264062546625,-0.03657008146578735,-0.036316433409925096
8062,-0.32186446241532624,-0.15867923965265135,-0.2028438423204321,-0.20405240070424632
8063,-0.04015099519560741,-0.011250037301184684,-0.03671928620452985,-0.04425412551102623
8064,-0.08286831189758585,-0.20267971710781532,0.012965891796723462,0.013995404494046728
8065,-0.05912983796365371,-0.20691713168810238,0.10230968935573392,0.10408522574676969
8066,-0.09569991942944107,-0.0820178448867536,-0.02494703231774641,-0.026110829279937926
8067,-0.24784399152517078,-0.06332249112231804,-0.12998716839246813,-0.13582107367729998
8068,-0.16539345289606394,-0.090985049685178,-0.09073140162931573,-0.11511145593984062
8069,-0.07936200053713705,-0.2752529020321685,0.091044731580675,0.08994061651398047
8070,-0.06485929993136581,0.008131658261466383,-0.12446659305899554,-0.11775237981558292
8071,0.03278028110172779,-0.20278416042493508,0.18911700635612186,0.18938557488585833
8072,-0.007833248783981379,-0.06751514428098235,0.006475485661424606,0.001536808809047775
8073,-0.19894959863925274,-0.2277908746381785,-0.019844230252752823,-0.023201336874459126
8074,-0.20758855301244367,-0.3047208379338127,0.01765092059323804,0.01586046372832801
8075,0.003968846050550565,-0.1287338485870311,0.11506669451821788,0.13274745605920443
8076,-0.1772850705738414,-0.009877353704753662,-0.06379994628629404,-0.03548088687296708
8077,-0.09322312076631555,-0.07712392945599951,-0.06262122885022828,-0.057190176360001184
8078,-0.07103637611530542,-0.0733788905135627,-0.07303571961445494,-0.06661991584852733
8079,-0.2530661573811584,-0.2943809495389573,-0.000552057533347259,-0.0010145922234490166
8080,-0.15612783862015456,-0.1764495240368834,0.045343320103846486,0.04632807137954701
8081,-0.042210020590253944,-0.06839545223956311,0.000492375637850258,-0.0006266599027185102
8082,-0.06635134731879085,-0.11915490435976245,-0.003774879890185312,-0.001477126913550774
8083,-0.1760168302945301,-0.19399600131300168,-0.037002775208140604,-0.03882307302079913
8084,-0.15606815672465757,-0.2854883471099042,0.0734982543045567,0.06797767897108412
8085,-0.23996598131956667,-0.16112619736802836,-0.0797350123839933,-0.08161499209214883
8086,-0.22608994061651394,-0.04764107308048104,-0.07554235922532898,-0.07888454537316106
8087,-0.19778580167706122,-0.10800931037569753,-0.09652054549252483,-0.09567007848169257
8088,-0.04892423383366655,-0.15212915162185547,0.0917907552743875,0.0856435200381964
8089,0.13870072513503026,-0.1764196830891349,0.18726686759571481,0.2096774193548387
8090,-0.031034585658440507,-0.30989824236817753,0.09316343887081853,0.08940347945450745
8091,0.025603533168213417,0.0275581152457402,-0.059920623078988974,-0.06917131688102413
8092,-0.0051624839604905845,-0.039524335292888894,0.05440004774551639,0.05428068395452239
8093,0.10733788905135627,-0.19683089134910922,0.1735698725791531,0.18395452239563123
8094,-0.20227686431321057,-0.2903375011190355,0.06463549282325207,0.06130822714929425
8095,-0.15236787920384348,-0.2723434096266897,0.018814717555429555,0.02011279878248933
8096,-0.16135000447614212,-0.0394049715018949,-0.07569156396407148,-0.07707916803437677
8097,-0.06827608844856912,-0.01227954999850795,-0.10571155739906297,-0.10744233236847602
8098,-0.21774939572080804,-0.2657037987526483,-4.476142162275073e-05,-0.0031482199874668013
8099,-0.12542150338694755,-0.14193846796574255,-0.009444659962400405,-0.0005669780072215093
8100,-0.27720748410969526,-0.08621049804541792,-0.12677926650950433,-0.12851004147891734
8101,0.047820118766972036,-0.08146578735340633,0.05921936080689922,0.060248873504222485
8102,-0.031139028975560257,-0.23008862761481302,0.2017844886753603,0.2019336934141028
8103,-0.02948285637551848,-0.13058398734743812,0.08473337113186714,0.09229805138611202
8104,-0.08197308346513085,-0.13978991972785051,0.016770612634657275,0.01726298827250753
8105,-0.06985765867923964,-0.10327952015756019,-0.03252663304586553,-0.03764435558473337
8106,-0.2404135955357942,-0.05068484975082807,-0.17925457312524243,-0.16998895884933302
8107,-0.08430067738951388,-0.1036972934260392,-0.013667154068813223,-0.01586046372832801
8108,-0.09020918504371699,-0.035824057772074834,0.003282504252335054,0.007594521201993375
8109,-0.1282862343708036,-0.01039957029035242,-0.14380352720002387,-0.14548954074781414
8110,-0.15936558145086685,-0.2662558562859956,0.10353316821342246,0.10198143893050042
8111,-0.2429202351466682,-0.12704783503924083,-0.03149712034854227,-0.032079018829638026
8112,-0.09919131031601564,-0.1323296827907254,-0.015517292829220253,0.0009698308018262658
8113,-0.04209065679925994,-0.11345528333979885,0.04398555698128972,0.04428396645877472
8114,-0.16736295544746496,-0.3503327265673957,0.026200352123183425,0.026409238757422935
8115,-0.21452657336397,-0.10232460982960817,-0.10506997702247022,-0.11446987556324786
8116,-0.15997732087971112,-0.016009668467070512,-0.09684879591775834,-0.09605801080242307
8117,-0.015144280982363997,-0.23651935185461484,0.0487302676733013,0.049923905583241314
8118,0.0024021962937542897,-0.13570170988630598,0.13619408552415624,0.13177762525737816
8119,-0.07445316463250871,-0.24239801856106946,0.12357136462654053,0.12337739846617526
8120,-0.13003192981409087,-0.1869087762227328,-0.049625496105756305,-0.049148040941780304
8121,0.11115753036316432,0.14956283011548446,-0.06129330667542,-0.061890125630390015
8122,0.10356300916117095,-0.023604189669063885,0.09085076542030975,0.08755334069410044
8123,-0.20242606905195304,-0.1932947390409119,-0.13044970308256987,-0.12506341201396554
8124,-0.14113276237653305,-0.18271612306406848,-0.03753991226761361,-0.03439169228014681
8125,0.004431380740652322,0.00737071409387962,0.013831279281429975,0.02090358389782459
8126,-0.09874369609978813,-0.22003222822356835,0.08616573662379515,0.07515442690459848
8127,-0.17252543940795553,-0.36214974187580196,0.11054579093432007,0.0974008534511056
8128,-0.22162871892811314,0.04189669063889469,-0.10259317835934469,-0.09085076542030975
8129,-0.22537375787054995,-0.15442690459849,-0.08647906657515442,-0.08577780430306464
8130,0.15092059323804125,-0.2237026647966339,0.19051953090030138,0.18857986929664883
8131,-0.031332995135925516,-0.20626063083763535,0.06297932022321028,0.05890603085553996
8132,-0.1619915848527349,-0.1685267524096565,-0.04616394616693026,-0.07152875175315566
8133,-0.1632449046581719,-0.13252364895109067,-0.0336755095341828,-0.02042612873384858
8134,-0.01089194592820268,-0.0397929038226254,0.11154546268389483,0.11094864372892481
8135,-0.2614663841723613,-0.07124526274954492,-0.10436871475038045,-0.09831100235743485
8136,-0.06272567216734802,-0.26365969383187604,0.09546119184745305,0.09959416311062037
8137,-0.04337381755244546,-0.23137178836799852,0.09605801080242307,0.09580436274656082
8138,-0.1474441228253409,-0.03809196980096087,-0.1648115544149682,-0.17195846140073406
8139,-0.1855360926263018,-0.053668944525678136,-0.06855957745217987,-0.07057384142520365
8140,-0.13476172003222822,-0.12431738832025303,-0.0787502611082928,-0.07864581779117304
8141,0.04616394616693026,0.06884306645579062,-0.03458565844051206,-0.03683864999552385
8142,-0.1894303363074811,-0.20084449882128252,-0.03780848079735012,-0.039419891975769145
8143,0.02869207126018322,-0.19741278983020497,0.12140789591477423,0.12464563874548654
8144,-0.22558264450478943,-0.22465757512458595,-0.05056548595983408,-0.059831100235743485
8145,-0.011981140521022945,-0.07603473486317924,0.06314344543582703,0.06433708334576706
8146,-0.03568977350720658,-0.05013279221748082,0.003909164155053563,0.008042135418220882
8147,0.0733788905135627,-0.18916176777774457,0.10392110053415295,0.09237265375548326
8148,-0.06976813583599413,-0.005371370594730088,-0.011757333412909193,-0.017218226850884782
8149,-0.19483154784995968,0.05996538450061173,-0.15445674554623853,-0.15469547312822654
8150,-0.21673480349735907,-0.27106024887350416,0.02925904926740473,0.026603204917788188
8151,-0.27250753483930645,-0.012846528005729458,-0.1496971143803527,-0.15120408224165197
8152,0.014666825818387989,-0.17785204858106293,0.18286532780281098,0.18607322968577478
8153,-0.21367610635313777,-0.23808600161141114,0.03977798334875115,0.04110590552355942
8154,-0.052012771925636345,-0.2681507564680254,0.12127361164990598,0.11869236966966071
8155,-0.07458744889737695,-0.17358479305302735,0.07412491420727521,0.07986929664886155
8156,-0.06926083972426963,0.034973590761242575,-0.09998209543135088,-0.10151890424039867
8157,-0.025364805586225416,-0.1461311211244069,0.05369878547342662,0.05298260272746262
8158,0.15368088090477752,-0.0184715466563218,0.10806899227119451,0.1010265286025484
8159,-0.2697024857509474,-0.20609650562501863,-0.06566500552057533,-0.06293455880158753
8160,-0.14896601116051442,-0.152397720151592,-0.04696965175613977,-0.04996866700486407
8161,-0.11984124615797795,-0.042687475754229945,-0.016248396049058516,-0.015024917191369997
8162,-0.06342693443943778,-0.13397093491689294,0.008907522902927395,0.00544597296410134
8163,-0.07249858255498194,-0.2818328310107129,0.14208767270448508,0.13981976067559904
8164,-0.21409387962161675,-0.04959565515800782,-0.1319417504699949,-0.13562710751693471
8165,0.043299215183074204,-0.06499358419623406,0.08146578735340633,0.08066008176419683
8166,0.05423592253289964,-0.08298767568857986,0.09041807167795647,0.09004505983110021
8167,-0.058458416639312456,-0.13323983169705467,0.08333084658768762,0.07163319507027542
8168,0.10665154725314074,-0.29905105786159764,0.2587508579272477,0.25885530124436745
8169,-0.1905046104264271,-0.19450329742472616,0.007445316463250871,0.00604279191907135
8170,0.01833726239145355,-0.2047238220285876,0.14010324967920978,0.14226671839097607
8171,-0.040553847990212166,-0.12009489421384022,0.059607293127629725,0.05904031512040822
8172,-0.011056071140819431,-0.2642863537345945,0.15547133776968755,0.15374056280027454
8173,0.06497866372235982,-0.0614425114141625,0.1100832562442183,0.11085912088567931
8174,-0.1165289009578944,-0.10251857598997342,-0.10356300916117095,-0.10210080272149441
8175,-0.1947718659544627,-0.02524544179523141,-0.1668108979141177,-0.17085434633403956
8176,-0.050043269374235325,-0.24948524365133834,0.10527886365670971,0.10690519530900298
8177,-0.15056250186505923,-0.14826474888842467,-0.05432544537614513,-0.05554892423383366
8178,-0.22158395750649038,-0.2807883978395153,-0.027125421503386943,-0.01153352630479544
8179,-0.1530840619498075,-0.05165468055265435,-0.07418459610277221,-0.07503506311360447
8180,-0.16248396049058514,-0.1458923935424189,-0.10426427143326071,-0.10366745247829069
8181,-0.1652293276834472,-0.15772432932469932,-0.0464175942227925,-0.05481782101399539
8182,0.05654859598340842,-0.11233624779923007,0.11390289755602637,0.11318671481006236
8183,-0.03149712034854227,-0.26719584614007336,0.08809047775357345,0.09793799051057858
8184,-0.03906180060278713,-0.3458715048789949,0.11588732058130165,0.11999045089672045
8185,-0.02306705260959088,-0.17779236668556592,0.056518755035659916,0.061890125630390015
8186,-0.12521261675270806,-0.0006117394288442599,-0.1284951210050431,-0.12116916833278624
8187,0.0578765181582167,0.05678732356539643,0.06375518486467129,0.058294291426695705
8188,0.10689027483512875,-0.17118259675927305,0.23711617080958486,0.23826504729790213
8189,0.0183521828653278,-0.061994568947509765,0.10527886365670971,0.10222016651248843
8190,-0.025320044164602665,0.057921279579839446,-0.07181224075676643,-0.06141267046641401
8191,0.123004386619319,-0.15459102981110678,0.34012712243740856,0.355898063322491
8192,-0.08940347945450745,-0.16142460684551338,-0.08012294470472382,-0.07231953686849094
8193,-0.10550267076482346,-0.137671212437707,-0.013846199755304227,-0.023514666825818386
8194,0.17683745635761391,-0.2988421712273582,0.36601414460923276,0.37869654740234543
8195,-0.2423234161916982,0.05586225418519291,-0.20831965623228188,-0.22332965294977764
8196,0.08086896839843633,-0.3486765539673539,0.2180478051982931,0.2126316731819402
8197,-0.029855868222374737,-0.15660529378413054,0.05713049446450418,0.062248217003372026
8198,-0.03603294440631434,0.0338247142729253,-0.03516755692160783,-0.029960311539494487
8199,-0.15102503655516095,-0.05046104264271433,-0.07770582793709527,-0.0785413744740533
8200,-0.12551102623019306,-0.030258721016979497,-0.04201605442988869,-0.045238876786726744
8201,-0.10968040344961354,0.013144937483214466,-0.056265106979797676,-0.05677240309152218
8202,0.05259467040673211,0.06068156724657574,-0.01341350601295097,-0.0019844230252752827
8203,-0.22300140252454415,-0.08440512070663364,-0.1315239772015159,-0.13899913461251528
8204,-0.0005669780072215093,-0.15112947987228073,0.1075915371072185,0.10484616991435645
8205,0.08916475187251946,-0.19568201486079193,0.136716302109755,0.13359792307003668
8206,-0.09731133060786008,-0.11120229178478706,-0.014980155769747244,-0.022813404553728624
8207,-0.030467607651219,-0.05081913401569633,0.08721016979499267,0.08152546924890333
8208,1.4920473874250244e-05,0.01766584106711229,-0.0274685924024947,-0.0366446838351586
8209,-0.029721583957506487,-0.07572140491181999,0.07460236937125123,0.06341201396556354
8210,0.07431888036764048,-0.14887648831726893,0.1894303363074811,0.18659544627137356
8211,-0.04625346901017575,-0.14425114141625134,-0.02270896123660887,-0.016815374056280023
8212,-0.09540150995195605,0.01660648742204052,-0.12239264719047474,-0.1193190295723792
8213,-0.02990062964399749,-0.21780907761630505,0.07609441675867624,0.07560204112082598
8214,-0.1341350601295097,-0.0829429142669571,-0.04204589537763719,-0.042478589119990445
8215,-0.04964041657963056,-0.13826803139267702,-0.005833905284831845,0.025767658380830172
8216,-0.021694369013159853,-0.2691504282176001,0.13349347975291692,0.13662677926650948
8217,0.0032079018829638027,-0.29958819492107064,0.1284951210050431,0.13039002118707288
8218,-0.17382352063501535,-0.18110471188564947,-0.11612604816328966,-0.11745397033809792
8219,-0.1919518963922294,-0.1250186505923428,-0.10433887380263196,-0.09420787204201603
8220,-0.07991405807048432,-0.22064396765241262,0.03839037927844587,0.03845006117394288
8221,0.0015666497567962756,-0.16548297573930945,0.13359792307003668,0.12959923607173762
8222,-0.2109605801080242,0.00022380710811375367,-0.13861120229178478,-0.13880516845215002
8223,0.007012622720897615,-0.16512488436632747,0.091820596222136,0.0994151174241294
8224,0.1785383903792784,0.10690519530900298,0.05684700546089343,0.049744859896750315
8225,-0.05977141834024648,-0.3169257855629495,0.1397749992539763,0.14141625138014383
8226,-0.17279400793769206,-0.26556951448778005,-0.012413834263376201,-0.021694369013159853
8227,-0.11233624779923007,-0.3715645608904538,0.16922801468174628,0.17027244785294376
8228,-0.046208707588553,0.027975888514219206,-0.03818149264420637,-0.0338247142729253
8229,0.02346990540419563,-0.10107129002417115,-0.020545492524842588,-0.02372355346005789
8230,-0.2710154874518814,-0.1503834561785682,-0.11021754050908654,-0.11418638655963712
8231,-0.0713049446450419,-0.12230312434722924,0.042911282862343705,0.045984900480439246
8232,-0.019396616036525316,-0.06618722210617409,0.030601891916087254,0.021485482378920354
8233,-0.10780042374145801,-0.17828474232341618,-0.053624183104055374,-0.05519083286085164
8234,-0.15271105010295125,-0.22094237712989762,0.014398257288651484,0.018516308077944552
8235,-0.2913520933424845,-0.2822953657008146,-0.050923577332816085,-0.03164632508728477
8236,-0.19189221449673238,0.03495867028736832,-0.1349109247709707,-0.12389961505177403
8237,-0.2539464653397392,-0.10774074184596101,-0.08392766554265763,-0.08418131359851988
8238,-0.11731968607322968,-0.13635821073677298,-0.042762078123601194,-0.0394646533973919
8239,-0.18264152069469722,-0.2105129658917967,-0.01909820655904031,-0.027513353824117452
8240,0.03834561785682313,-0.1905344513741756,0.09732625108173433,0.10371221389991345
8241,0.0703500343170899,-0.1615141296887589,0.12363104652203753,0.12416818358151054
8242,0.035346602608098826,0.04277699859747545,-0.0337053504819313,-0.03795768553609262
8243,0.032899644892721784,-0.31233027960968035,0.2024111485780788,0.21079645489540744
8244,-0.06002506639610874,-0.17018292500969828,-0.020635015368088087,-0.02178389185640536
8245,-0.10962072155411653,-0.2846528005729462,0.08165975351377158,0.0892691951896392
8246,0.034302169436901314,-0.16846707051415952,0.1392677031422518,0.1461311211244069
8247,-0.076079496284802,-0.2386082181970099,0.12043806511294797,0.1213929754409
8248,-0.08592700904180717,-0.2602876667362955,0.11021754050908654,0.10620393303691322
8249,-0.17270448509444658,-0.25245441795231416,-0.04737250455074452,-0.042612873384858696
8250,-0.17057085733042882,-0.34454358270418667,0.0774223389334845,0.0768852018740115
8251,0.01729282922025603,-0.013100176061591712,0.030333323386350745,0.03045268717734475
8252,-0.11824475545343319,-0.1411178419026588,-0.005625018650592342,-0.0051923249082390845
8253,-0.20452985586822234,-0.19095222464265463,-0.035779296350452086,-0.030348243860225
8254,-0.14092387574229356,-0.22227029930470585,-0.019322013667154067,-0.01900868371579481
8255,-0.2799528513025573,-0.1857449792605413,-0.17364447494852434,-0.17731491152158987
8256,-0.06932052161976664,-0.2149891080540718,0.0367640476261526,0.03916624391990689
8257,-0.09553579421682432,0.038778311599176385,-0.024857509474500907,-0.0337650323774283
8258,0.049580734684133564,-0.06503834561785682,0.028229536570081464,0.028677150786308968
8259,-0.02585718122407567,-0.18844558503178058,0.13300110411506666,0.13761153054221
8260,-0.20817045149353938,-0.07327444719644295,-0.08070484318581957,-0.07242398018561068
8261,-0.3589119990450896,-0.14968219390647844,-0.17049625496105753,-0.16858643430515352
8262,-0.020262003521231833,-0.3292948584047029,0.2873086449225627,0.30554146399689647
8263,-0.09276058607621376,0.018605830921190055,-0.12516785533108532,-0.12394437647339678
8264,-0.029975232013368738,-0.16155889111038166,0.03536152308197308,0.0275282742979917
8265,-0.1473844409298439,-0.21119930769001222,0.0670526095908806,0.058025722896959196
8266,0.012786846110232458,-0.13495568619259346,0.09314851839694427,0.10037002775208138
8267,-0.15289009578944224,-0.14798125988481392,-0.0770045656650055,-0.08664319178777118
8268,0.0041478917370415674,-0.12006505326609171,0.07012622720897614,0.07551251827758047
8269,-0.15327802811017274,-0.22634358867237622,-0.0489093133597923,-0.04223986153800244
8270,0.03473486317925457,-0.21467577810271254,0.19614454955089372,0.18920652919936734
8271,-0.03431708991077556,0.009996717495747662,-0.07927247769389155,-0.07590045059831098
8272,-0.18684909432723582,-0.37759243233565093,0.14553430216943689,0.13762645101608426
8273,-0.04556712721196024,-0.0671421324341261,-0.10404046432514695,-0.09890782131240487
8274,-0.2907701948613887,-0.33739667571842075,0.08086896839843633,0.08022738802184357
8275,0.11405210229476886,-0.18671481006236756,0.2081555310196652,0.19968070185909098
8276,-0.15320342574080148,-0.07161827459640117,-0.04010623377398465,-0.0464175942227925
8277,0.05325117125719912,-0.025528930798842168,0.03758467368923637,0.03651039957029034
8278,-0.26818059741577394,-0.14532541553519737,-0.0764077467100355,-0.07789979409746053
8279,-0.10296619020620093,-0.18020948345319443,0.009608785175017159,0.00674405419116111
8280,0.056175584136552166,-0.12045298558682223,0.06902211214228163,0.06497866372235982
8281,0.030407925755721994,-0.030079675330488487,0.043463340395690955,0.05083405448957058
8282,-0.030154277699859743,-0.0394944943451404,-0.00919101190653815,0.009370057593029155
8283,-0.0057891438632090945,-0.1450120855838381,0.12436214974187577,0.12461579779773803
8284,-0.25111157530363165,-0.2048133448718331,-0.015248724299483749,-0.034167885172033056
8285,0.07542299543433498,-0.2187192265226343,0.2264331115156217,0.21979350064158035
8286,-0.1595297066634836,-0.1133806809704276,-0.14753364566858643,-0.13964071498910804
8287,-0.33441258094357074,-0.21895795410462232,-0.1415356151711378,-0.1407895914774253
8288,-0.08022738802184357,-0.00916117095878965,-0.0047148697442630765,0.0023425143982572887
8289,-0.15432246128137025,-0.21422816388648502,0.011264957775058934,0.0054608934379755895
8290,-0.003536152308197308,-0.2158544955387783,0.16239443764733966,0.16239443764733966
8291,-0.010504013607472173,0.03597326251081734,-0.011160514457939183,-0.0011190355405687683
8292,-0.34758735937453367,-0.12055742890394197,-0.24335292888902146,-0.2453821133359195
8293,-0.04831249440482229,0.08650890752290291,-0.12316851183193576,-0.1222583629256065
8294,-0.017367431589627284,-0.11396257945152337,-0.022813404553728624,-0.024708304735758402
8295,-0.15500880307958578,-0.2551401032496792,-0.0056996210199635935,-0.0030885380919698003
8296,-0.0520873742950076,-0.09049267404732773,0.0005072961117245083,-0.0016710930739160276
8297,0.0065351675569216075,-0.09984781116648263,-0.005222165855987586,0.004177732684790068
8298,-0.005371370594730088,-0.22392647190474765,0.1721524275610993,0.16943690131598577
8299,-0.1644833039897347,0.052475306615738106,-0.1519053445137417,-0.14457939184148486
8300,-0.07600489391543074,-0.12983796365372563,-0.0025663215063710418,-0.0030288561964727993
8301,-0.2265077138849929,-0.3635970278416042,0.013353824117453969,0.01148876488317269
8302,0.13705947300886273,-0.20299304705917456,0.2020232162573483,0.20887171376562919
8303,-0.07843693115693354,-0.12360120557428902,0.022216585598758616,0.0243502133627764
8304,0.02245531318074662,-0.06479961803586881,0.08871713765629194,0.08744889737698068
8305,-0.02030676494285458,-0.1601563665662021,0.09198472143475275,0.09116409537166899
8306,-0.15818686401480112,-0.35588314284861683,0.10514457939184146,0.11059055235594281
8307,0.01675569216078302,-0.12034854226970247,0.014607143922890987,0.016875055951777025
8308,-0.23017815045805853,-0.365014472859658,0.045149353943481234,0.049953746530989815
8309,-0.12542150338694755,-0.20990122646295242,0.1161708095849124,0.12087075885530123
8310,-0.023827996777177642,-0.07837724926143654,-0.01408492733729223,-0.013935722598549728
8311,-0.08395750649040612,-0.09343200740055503,0.034332010384649815,0.03833069738294888
8312,-0.13147921577989313,-0.19763659693831873,0.0015666497567962756,0.0025812419802452922
8313,-0.05466861627525289,-0.1475038047208379,0.01959058219689057,0.02381307630330339
8314,-0.21343737877114974,-0.2865327802811017,0.05043120169496583,0.04740234549849302
8315,0.05225149950762435,-0.041165587419056425,0.06300916117095878,0.06603801736743159
8316,-0.21930112500373009,-0.27262689863030043,-0.06186028468264151,-0.05465369580137864
8317,-0.17073498254304553,-0.20190385246635428,-0.02597654501506968,-0.023693712512309388
8318,0.018605830921190055,-0.07309540150995195,0.0696338515711259,0.07154367222702993
8319,-0.06911163498552714,-0.07066336426844916,0.00844498821282564,0.009892274178627912
8320,-0.1950105935364507,-0.2218525260362269,-0.004640267374891826,-0.014935394348124494
8321,-0.11460415982811613,-0.20572349377816238,0.08034675181283757,0.07736265703798753
8322,-0.09705768255199784,-0.09871385515203962,0.009623705648891406,0.008474829160574139
8323,-0.06860433887380263,-0.10736772999910477,-0.039584017188385896,-0.0338545552206738
8324,-0.07815344215332277,-0.2410402554385127,0.10827787890543401,0.10472680612336246
8325,-0.24105517591238695,-0.3347557518426785,0.008653874847065141,0.00848974963444839
8326,-0.04674584464802601,0.02442481573214765,-0.04018083614335591,-0.04420936408940348
8327,-0.1189907791471457,-0.2714183402464862,0.031303154188177015,0.03125839276655426
8328,-0.0666945182178986,-0.18517800125331976,0.02699113723851869,0.027617797141237202
8329,0.013040494166094714,-0.2145564143117185,0.12263137477246275,0.11882665393452894
8330,0.007161827459640118,-0.03586881919369759,0.051326430127420844,0.05466861627525289
8331,-0.09808719524932111,-0.3248783981379248,0.10565187550356599,0.10150398376652442
8332,-0.06157679567903076,0.10026558443496164,-0.12877861000865384,-0.1317627047835039
8333,0.030512369072841744,-0.04670108322640326,-0.007102145564143117,0.008012294470472381
8334,-0.31203187013219535,-0.1458028706991734,-0.22852197785801673,-0.22398615380024467
8335,-0.13585091462504847,0.14765300945958043,-0.2197487392199576,-0.21761511145593979
8336,-0.166408045119513,-0.2081555310196652,-0.03865894780818238,-0.04270239622810419
8337,-0.0641729581331503,0.12179582823550474,-0.12961415654561187,-0.12842051863567186
8338,-0.19378711467876217,-0.0121751066813882,-0.18946017725522962,-0.1812688370982662
8339,-0.18149264420637995,-0.13820834949718003,-0.0339440780639193,-0.03560025066396108
8340,0.12943511085912088,-0.1726597236728238,0.16727343260421948,0.16622899943302194
8341,0.04444809167139148,-0.1552475306615738,0.1781802990062964,0.16800453582405775
8342,-0.02524544179523141,-0.17251051893408131,0.013905881650801226,0.0055802572289695915
8343,-0.10724836620811075,-0.20099370356002502,0.02255975649786637,0.02255975649786637
8344,-0.020843902002327594,-0.06479961803586881,0.04895407478141505,0.0486705857778043
8345,-0.22380710811375365,-0.17771776431619465,-0.09532690758258482,-0.10371221389991345
8346,-0.09353645071767477,-0.24001074274118944,0.07111097848467667,0.08265942526334635
8347,-0.06661991584852733,-0.021575005222165853,-0.03231774641162603,-0.03124347229268001
8348,0.05445972964101339,-0.09720688729074034,0.06803736086658112,0.07363253856942495
8349,-0.026573363970039687,-0.27034406612754014,0.11608128674166689,0.11731968607322968
8350,0.00029840947748500485,-0.06562024409895258,0.0824057772074841,0.08376354033004088
8351,-0.12076631553818147,-0.14556414311718538,0.0024618781892512902,0.003580913729820059
8352,-0.2813255348989883,-0.19139983885888215,-0.11439527319387663,-0.11267941869833784
8353,-0.40606069648772036,-0.26585300349139085,-0.2343260421951001,-0.22849213691026823
8354,-0.08318164184894511,-0.2094685327205992,0.09193996001313001,0.08582256572468741
8355,-0.08394258601653187,0.030825699024201,-0.091402822953657,-0.08088388887231057
8356,-0.1892512906209901,-0.352018740115186,0.08953776371937572,0.09647578407090208
8357,-0.10415982811614094,-0.05074453164632508,-0.05492226433111515,-0.05260959088060635
8358,-0.20990122646295242,-0.2079018829638029,-0.12707767598698932,-0.13335919548804867
8359,-0.020470890155471332,-0.1494882277461132,0.05904031512040822,0.06244218316373728
8360,-0.018546149025693053,-0.08873205813016619,0.018531228551818803,0.019560741249142068
8361,-0.022589597445614867,0.09334248455730952,-0.059502849810509975,-0.05999522544836022
8362,-0.13474679955835395,-0.2631673181940258,0.008698636268687892,0.00671421324341261
8363,0.026304795440303175,-0.16658709080600395,0.11751365223359492,0.11945331383724744
8364,-0.09538658947808182,0.07084240995494016,-0.08146578735340633,-0.07945152338038255
8365,-0.05566828802482766,-0.15363611948315478,-0.008221181104711884,-0.014860791978753243
8366,0.09616245411954281,-0.08571812240756765,0.06329265017456955,0.06824624750082062
8367,-0.1601563665662021,-0.18522276267494256,-0.05525051475634865,-0.053847990212169135
8368,-0.1647817134672197,-0.30645161290322576,0.02397720151592014,0.02505147563486616
8369,-0.22995434334994477,-0.14223687744322758,-0.04859598340843304,-0.05005818984810958
8370,-0.16072334457342363,-0.14526573363970038,-0.04817821013995404,-0.03930052818477515
8371,-0.01281668705798096,-0.3996747336695413,0.25035063113604483,0.24138342633762047
8372,-0.033123452000835545,0.01472650771388499,-0.011712571991286442,-0.008131658261466383
8373,-0.21340753782340122,-0.11699143564799618,-0.17127211960251854,-0.1703619706961893
8374,-0.04883471099042104,-0.0974306943988541,0.011429082987675686,0.007952612574975381
8375,-0.09962400405836888,-0.32368476022798476,0.13009161170958788,0.12774909731133058
8376,0.035853898719823335,-0.04776043687147503,0.11806570976694218,0.12258661335084
8377,-0.08988093461848347,-0.24508370385843453,-0.0038196413118080624,0.010563695502969173
8378,0.06197964847363551,-0.17855331085315268,0.11530542210020589,0.11100832562442181
8379,0.0669034048521381,0.05616066366267792,0.026110829279937926,0.06026379397809674
8380,0.058189848109575955,-0.1627972904419444,0.18683417385336157,0.18286532780281098
8381,-0.027229864820506693,-0.12758497209871383,0.01594998657157351,0.011279878248933185
8382,-0.07199128644325742,-0.0641729581331503,0.0014472859658022736,-0.011921458625525946
8383,0.037390707528871116,-0.13696995016561722,0.13692518874399448,0.13759661006833576
8384,-0.17186893855748858,-0.06794783802333561,-0.12710751693473782,-0.122109158186864
8385,-0.16139476589776489,-0.07627346244516724,-0.05804064337083344,-0.06842529318731162
8386,-0.1787920384351407,-0.18038852913968545,-0.060129509713228474,-0.06278535406284502
8387,-0.09356629166542328,-0.07843693115693354,-0.10266778072871593,-0.10216048461699143
8388,-0.09786338814120735,-0.004849154009131329,-0.07172271791352092,-0.08064516129032256
8389,0.1002208230133389,-0.27250753483930645,0.25997433678493626,0.2564978663722359
8390,-0.09240249470323177,0.030810778550326757,-0.1086807317000388,-0.10204112082599741
8391,-0.09477485004923755,-0.34348422905911485,0.13412013965563546,0.13174778430962966
8392,-0.05114738444092983,-0.32411745397033803,0.1460714392289099,0.14635492823252064
8393,-0.2523201336874459,-0.20111306735101903,-0.10116081286741666,-0.08804571633195069
8394,-0.06338217301781503,-0.23307272238966306,0.10462236280624272,0.10407030527289546
8395,-0.14889140879114318,-0.28902449941810143,0.015129360508489748,0.01468174629226224
8396,-0.056444152666288674,-0.15229327683447225,-0.045209035838978236,-0.030288561964727994
8397,-0.10687535436125449,-0.17700158157023063,0.11703619706961892,0.11387305660827786
8398,-0.14144609232789232,-0.1222583629256065,-0.012503357106621704,-0.007564680254244874
8399,-0.09358121213929754,-0.26837456357613915,0.05278863656709737,0.06309868401420429
8400,-0.10308555399719493,-0.06982781773149115,-0.0427919190713497,-0.04443317119751723
8401,0.121930112500373,-0.27368625227537224,0.2492465160693503,0.24875414043150007
8402,-0.09000029840947747,-0.3247291933991823,0.15763480648145384,0.17422637342962008
8403,-0.09895258273402761,-0.1746441466980991,0.0393751305541464,0.03686849094327235
8404,-0.06903703261615587,-0.27359672943212676,0.019918832622124075,0.02006803736086658
8405,-0.055340037599594154,-0.1409686371639163,0.027125421503386943,0.05445972964101339
8406,-0.12527229864820505,-0.22977529766345378,0.015726179463459757,0.03366058906030855
8407,-0.2064695174718749,-0.1449524036883411,-0.075840768702814,-0.07490077884873622
8408,-0.17822506042791916,-0.15979827519322012,-0.05672764166989942,-0.05592193608068992
8409,-0.0578466772104682,-0.16566202142580047,0.07704932708662826,0.08298767568857986
8410,-0.03701769568201486,0.0885530124436752,-0.1259138790247978,-0.12588403807704932
8411,-0.09626689743666256,-0.08756826116797467,0.05595177702843841,0.05386291068604338
8412,0.027408910506997695,-0.0739458685207842,0.0739458685207842,0.07733281609023901
8413,0.03722658231625436,-0.03383963474679955,0.10037002775208138,0.10034018680433288
8414,-0.028811435051177222,-0.11035182477395479,0.03267583778460804,0.032153621199009275
8415,-0.09152218674465101,-0.04874518814717555,-0.10781534421533226,-0.09943003789800363
8416,-0.11831935782280444,-0.01911312703291456,-0.09461072483662081,-0.07995881949210706
8417,-0.11861776730028943,-0.10862104980454178,0.01948613887977082,0.02070961773745934
8418,0.13855152039628776,-0.06254662648085701,0.18314881680642175,0.1763898421413864
8419,-0.13917818029900628,-0.015248724299483749,-0.05945808838888722,-0.06841037271343738
8420,-0.1590224105517591,0.010131001760615916,-0.19205633970934916,-0.19029572379218762
8421,0.0028199695622332962,-0.11873713109128345,0.025499089851093667,0.026095908806063675
8422,-0.0035212318343230574,-0.10806899227119451,0.09213392617349525,0.09558055563844706
8423,-0.20897615708274891,-0.3302199277849064,0.03788308316672137,0.04238906627674494
8424,-0.07037987526483841,-0.013726835964310225,-0.09953448121512337,-0.10941183491987704
8425,-0.0002387275819880039,-0.20466414013309062,0.15057742233893348,0.15657545283638205
8426,-0.026080988332189428,-0.3353078093760257,0.17798633284593116,0.17279400793769206
8427,-0.07704932708662826,-0.008459908686699888,-0.1495777505893587,-0.14692190623974216
8428,-0.04702933365163677,-0.12845035958342035,0.03583897824594909,0.03434693085852406
8429,-0.14838411267941867,0.03780848079735012,-0.20212765957446807,-0.1995314971203485
8430,0.0035510727820715583,0.043657306556056215,-0.0890901495031482,-0.0799737399659813
8431,0.053385455522067374,-0.05528035570409715,0.05448957058876189,0.05404195637253439
8432,0.003953925576676315,0.11068007519918831,-0.051281668705798096,-0.04492554683536748
8433,-0.37137059473008854,-0.27191071588433646,-0.12079615648592998,-0.1189907791471457
8434,-0.19339918235803166,-0.25251409984781115,-0.09473008862761481,-0.08609113425442391
8435,-0.05717525588612693,-0.1365670973710125,0.046984572230014024,0.042448748172241944
8436,0.06339709349168929,-0.1221986810301095,0.09880337799528513,0.09684879591775834
8437,-0.2711050102951269,-0.03331741816120079,-0.16033541225269313,-0.14528065411357463
8438,-0.2381904449285309,-0.0822267315209931,-0.11790158455432542,-0.12206439676524125
8439,-0.24950016412521256,-0.138864850347647,-0.06721673480349735,-0.09546119184745305
8440,-0.1629166542329384,-0.10210080272149441,-0.1396556354629823,-0.14172958133150307
8441,-0.09267106323296827,0.0033272656739578043,-0.038748470651427884,-0.043015726179463455
8442,0.012369072841753452,-0.039046880128912886,0.10421951001163796,0.09756497866372234
8443,-0.13823819044492852,-0.024081644833039893,-0.15360627853540626,-0.12868908716540836
8444,-0.0982363999880636,-0.08641938467965742,0.009026886693921397,0.010504013607472173
8445,0.12264629524633701,-0.3480051326430127,0.2635552505147563,0.2630479544030318
8446,-0.2137208677747605,-0.1568291008922443,-0.051490555340037596,-0.04270239622810419
8447,-0.12440691116349853,-0.12458595684998953,-0.02916952642415923,-0.034003759959416305
8448,0.05028199695622332,-0.14253528692071257,0.13379188923040194,0.1340753782340127
8449,0.00734087314613112,-0.2354003163140461,0.106726149622512,0.1094565963414998
8450,-0.07142430843603592,0.0026409238757422932,-0.10037002775208138,-0.11059055235594281
8451,-0.1411476828504073,-0.07497538121810747,-0.06368058249530004,-0.0611441019366775
8452,-0.14166989943600608,-0.12661514129688758,-0.08991077556623196,-0.0966846707051416
8453,-0.3065112947987228,-0.034973590761242575,-0.26679299334546863,-0.26689743666258836
8454,-0.14454955089373636,-0.17592730745128463,0.018650592342812806,0.022813404553728624
8455,-0.383859031362836,-0.0920294828563755,-0.21424308436035921,-0.22814896601116047
8456,-0.3068544656978305,-0.18995255289307986,-0.12146757781027123,-0.11256005490734383
8457,0.16500552057533346,-0.06623198352779683,0.10150398376652442,0.10929247112888302
8458,0.09684879591775834,0.015576974724717254,-0.0365850019396616,-0.028975560263793977
8459,-0.09987765211423114,-0.01172749246516069,-0.0725433439766047,-0.07270746918922144
8460,0.007818328310107127,-0.12689863030049833,0.11229148637760733,0.11375369281728386
8461,-0.12364596699591177,-0.09541643042583031,-0.04101638268031393,-0.03776371937572737
8462,-0.16334934797529166,-0.1254961057563188,-0.018128375757214047,-0.029975232013368738
8463,-0.3519739786935633,-0.2478141505774223,-0.1585151144400346,-0.15912685386887884
8464,-0.1298081227059771,-0.04646235564441526,-0.0053415296469815875,-0.005893587180328847
8465,-0.3054221002059025,-0.4009578944227268,0.02096326579332159,0.008624033899316642
8466,-0.122526931455343,-0.13976007878010202,-0.11997553042284621,-0.11444003461549937
8467,-0.02963206111426098,-0.23366954134463308,0.07569156396407148,0.07015606815672465
8468,-0.1918026916534869,0.011817015308406191,-0.11536510399570289,-0.11012801766584106
8469,-0.1824177135865835,-0.15138312792814296,-0.037375787054996855,-0.04249350959386469
8470,-0.014487780131896989,-0.14995076243621494,0.060219032556473984,0.061994568947509765
8471,0.07797439646683177,-0.17103339202053053,0.11812539166243918,0.11961743904986419
8472,0.032899644892721784,-0.08998537793560323,0.10262301930709318,0.1009668467070514
8473,-0.06518755035659932,-0.2614962251201098,0.058070484318581944,0.06427740145027004
8474,-0.29284414072990955,-0.32680313926770305,-0.06918623735489839,-0.07285667392796394
8475,-0.03479454507475157,-0.1657366237951717,0.09534182805645908,0.0928053474978365
8476,-0.14757840709020917,-0.1263316522932768,-0.058115245740204706,-0.055683208498701904
8477,0.012204947629136698,-0.1213929754409,0.11091880278117631,0.11108292799379307
8478,-0.24521798812330275,0.051251827758049595,-0.15600847482916055,-0.1556653039300528
8479,-0.1546805526543523,-0.27340276327176144,-0.014950314821998744,-0.0430008057055892
8480,-0.11415654561188861,0.022619438393363372,-0.10645758109277549,-0.10308555399719493
8481,-0.04750678881561277,-0.28238488854406013,0.024723225209632653,0.030109516278236992
8482,-0.05748858583748619,-0.18307421443705052,0.04128495121005043,0.04095670078481692
8483,-0.07813852167944853,-0.09628181791053682,-0.08773238638059144,-0.08883650144728596
8484,0.03549580734684133,-0.153471994270538,0.09820655904031511,0.10059383486019514
8485,-0.02945301542776998,-0.1481752260451792,0.0430008057055892,0.05168452150040285
8486,-0.23672823848885435,-0.23102861746889075,-0.03907672107666139,-0.04277699859747545
8487,-0.055504162812210905,-0.12745068783384558,0.03331741816120079,0.036182149145056845
8488,0.0017606159171615287,-0.14680254244874816,0.07485601742711348,0.07516934737847274
8489,-0.1297932022321029,-0.03225806451612903,-0.09490913431410579,-0.09513294142221955
8490,-0.10593536450717674,-0.1507117066038017,0.032079018829638026,0.033063770105338536
8491,-0.04037480230372116,-0.07792963504520903,0.020620094894213837,0.019903912148249825
8492,-0.10692011578287725,-0.10196651845662616,-0.12740592641222281,-0.12843543910954608
8493,-0.10812867416669152,-0.03242218972874578,-0.07657187192265225,-0.08479305302736415
8494,-0.15424785891199902,-0.03962877861000865,-0.09504341857897405,-0.09393930351227954
8495,-0.1028319059413327,-0.16388648503476466,0.0006266599027185102,0.0011637969621915189
8496,-0.2133627764017785,-0.20114290829876752,-0.11244069111634984,-0.11355972665691862
8497,-0.021664528065411352,-0.10462236280624272,0.12088567932917547,0.12312375041031302
8498,-0.15163677598400524,-0.24791859389454204,-0.0016114111784190262,-0.004491062636149324
8499,0.1460714392289099,0.18350690817940374,-0.03142251797917101,-0.03119871087105726
8500,-0.007161827459640118,-0.21442213004685026,0.15864939870490283,0.16314046134105217
8501,-0.17492763570170983,-0.10236937125123093,-0.07678075855689175,-0.06867894124317388
8502,-0.21800304377667032,-0.31765688878278775,-0.05335561457431887,-0.04241890722449344
8503,-0.03075109665482975,0.13161350004476138,-0.057786995314971196,-0.05687684640864193
8504,-0.00020888663423950345,0.08619557757154366,-0.10739757094685325,-0.1191698248336367
8505,-0.08501686013547788,0.09361105308704604,-0.11375369281728386,-0.11432067082450537
8506,0.0020739458685207837,-0.06200948942138401,0.045641729581331496,0.042314463907373694
8507,-0.3325027602876667,-0.12530213959595354,-0.18390976097400852,-0.1824177135865835
8508,-0.07184208170451492,-0.1733908268926621,0.06952940825400614,0.07054400047745515
8509,-0.045328399629972246,-0.003774879890185312,0.006982781773149114,0.010727820715585926
8510,0.0892691951896392,-0.10128017665841066,0.16343887081853717,0.16203634627435765
8511,-0.09793799051057858,-0.12636149324102533,0.03576437587657783,0.03736086658112261
8512,-0.006371042344304854,-0.14181910417474858,0.029199367371907727,0.03172092745665602
8513,-0.16458774730685444,-0.32865327802811006,0.1010265286025484,0.10298111068007519
8514,-0.1786129927486497,-0.10499537465309898,-0.1186326877741637,-0.10848676553967351
8515,0.10332428157918293,-0.019217570350034317,0.07579600728119124,0.07664647429202351
8516,0.13641789263226997,-0.08868729670854344,0.17756855957745216,0.17862791322252392
8517,-0.08013786517859806,0.06324788875294678,-0.18425293187311628,-0.18461102324609824
8518,-0.12677926650950433,-0.368117931425502,0.12292978424994776,0.1337471278087792
8519,-0.09562531706006983,-0.1636179165050282,-0.039584017188385896,-0.03283996299722479
8520,-0.12815195010593536,0.01902360418966906,-0.06080093103756974,-0.06514278893497656
8521,-0.17442033958998535,-0.11415654561188861,-0.1159320820029244,-0.10056399391244664
8522,-0.13034525976545014,-0.14005848825758704,-0.029572379218763985,-0.02942317448002148
8523,-0.040807496046074414,-0.018441705708573303,-0.05399719495091163,-0.049282325206648554
8524,-0.09590880606368056,-0.231401629315747,-0.010593536450717672,-0.017606159171615288
8525,-0.07616901912804751,-0.277132881740324,0.13561218704306047,0.13631344931515021
8526,-0.09896750320790187,-0.15371072185252602,0.060219032556473984,0.05877174659067171
8527,-0.24635194413774578,-0.08209244725612483,-0.13884992987377276,-0.15042821760019096
8528,-0.032287905463877525,-0.29394825579660405,0.15729163558234607,0.16409537166900418
8529,0.12257169287696576,0.2256870878219092,-0.029229208319656228,-0.03412312375041031
8530,-0.19927784906448626,-0.18310405538479899,-0.06872370266479662,-0.07099161469368266
8531,-0.19274268150756468,-0.21227358180895825,-0.07051415952970666,-0.07354301572617945
8532,-0.17456954432872784,-0.3795171734654292,0.007146906985765866,0.007266270776759869
8533,0.14037181820894631,-0.04144907642266718,0.12155710065351674,0.12442183163737278
8534,-0.09920623078988987,-0.1631852227626749,0.017054101638268027,0.019157888454537312
8535,0.04717853839037928,-0.10566679597744023,0.14317686729730533,0.1187222106174092
8536,-0.2551102623019307,-0.1241234221598878,-0.06718689385574884,-0.0616812389961505
8537,-0.11027722240458354,-0.05332577362657037,-0.0057294619677120935,-0.003715197994688311
8538,-0.09034346930858522,0.01474142818775924,-0.15506848497508277,-0.1574408403210886
8539,-0.031004744710692006,-0.1817164513144937,0.031914893617021274,0.031914893617021274
8540,-0.1720330637701053,-0.16546805526543523,0.024201008624033894,0.024096565306914144
8541,0.051729282922025596,-0.1628271313896929,0.0774223389334845,0.08625525946704066
8542,-0.020888663423950345,-0.2366237951717346,0.14246068455134134,0.13394109396914444
8543,0.013711915490435973,-0.17121243770702158,0.11818507355793618,0.11438035272000237
8544,-0.013637313121064724,-0.11439527319387663,0.05604129987168391,0.06453104950613231
8545,-0.22971561576795677,-0.00011936379099400195,-0.17386828205663807,-0.17931425502073942
8546,-0.10019098206559039,-0.2226283906776879,0.045149353943481234,0.041404315001044426
8547,0.0666945182178986,-0.015203962877860997,0.012190027155262448,0.012592879949867205
8548,-0.05257974993285786,0.038211333591954874,-0.07422935752439495,-0.07481125600549074
8549,-0.21779415714243083,-0.122885022828325,-0.12448151353286979,-0.13240428516009667
8550,-0.23625078332487837,-0.12094536122467248,-0.2311181403121363,-0.2405777207484109
8551,0.009295455223657902,-0.3772343409626689,0.22701500999671745,0.2243591656471009
8552,-0.1940258422607502,-0.3389334845274686,0.04018083614335591,0.04277699859747545
8553,-0.050699770224702324,-0.14683238339649665,-0.0009996717495747663,0.000492375637850258
8554,-0.18620751395064306,-0.17849362895765566,0.0333771000566978,0.039688460505505646
8555,-0.09492405478798004,-0.049580734684133564,-0.11330607860105636,-0.11387305660827786
8556,-0.07522902927396972,-0.18035868819193698,0.0013279221748082716,-0.01518904240398675
8557,-0.04064337083345766,-0.18743099280833156,0.035719614454955084,0.03294440631434454
8558,0.004685028796514577,-0.1830145325415535,0.11224672495598459,0.10114589239354242
8559,-0.04043448419921816,-0.2415177106024887,0.10599504640267374,0.10659186535764373
8560,-0.04723822028587627,-0.32228223568380526,0.14158037659276054,0.13708931395661123
8561,0.047805198293097775,-0.34690101757631814,0.17813553758467365,0.18367103339202048
8562,-0.12090059980304972,-0.17622571692876965,-0.016099191310316015,-0.023499746351944135
8563,-0.16675121601862075,0.05346005789143862,-0.12082599743367847,-0.12022917847870845
8564,-0.03574945540270358,-0.16863119572677623,-0.03057205096833875,-0.032795201575602034
8565,0.03016919817373399,-0.11214228163886483,0.1352690161439527,0.13643281310614422
8566,-0.07431888036764048,-0.18522276267494256,-0.04510459252185849,-0.04589537763719375
8567,-0.11091880278117631,-0.2116469219062397,-0.0062367580794366025,-0.0024171167676285397
8568,0.04646235564441526,-0.28441407299095817,0.1643042583032437,0.1644236220942377
8569,-0.09990749306197963,-0.14686222434424515,0.041374474053295925,0.017471874906747037
8570,-0.2405628002745367,-0.2962161678254901,0.0182328190743338,0.019545820775267817
8571,-0.32689266211094864,-0.36073229685774816,-0.0986541732565426,-0.10032526633045864
8572,0.05898063322491122,-0.032019336934141024,0.07166303601802392,0.0759899734415565
8573,0.059696815970875235,-0.13540330040882095,0.08707588553012442,0.10001193637909937
8574,-0.03794276506221837,-0.029751424905254988,-0.007684044045238875,-0.009086568589418397
8575,-0.19548804870042671,-0.08060039986869982,-0.05407179732028289,-0.054892423383366654
8576,-0.10615917161529048,0.045507445316463245,-0.15571006535167553,-0.16024588940944764
8577,-0.06875354361254511,-0.05977141834024648,-0.0057294619677120935,0.008340544895705886
8578,-0.09452120199337528,-0.13816358807555726,0.0022380710811375367,0.0030586971442213002
8579,-0.18229834979558948,0.013055414639968963,-0.14902569305601143,-0.14915997732087968
8580,0.0008952284324550147,-0.3534063441854913,0.20597714183402457,0.20597714183402457
8581,-0.11608128674166689,-0.14983139864522096,0.02748351287636895,0.02506639610874041
8582,0.0061472352361911,0.076258541971293,-0.057622870102354444,-0.047536629763361274
8583,0.04204589537763719,-0.09396914446002805,0.11427590940288262,0.12149741875801974
8584,-0.14181910417474858,-0.10439855569812896,-0.060248873504222485,-0.06811196323595237
8585,-0.018173137178836795,-0.13003192981409087,0.06047268061233624,0.054832741487869645
8586,-0.06644087016203634,-0.09279042702396226,0.05299752320133687,0.05438512727164214
8587,-0.07573632538569423,-0.18901256303900207,0.04356778371281072,0.028527946047566467
8588,-0.11230640685148158,-0.1909969860642774,0.01659156694816627,0.016173793679687264
8589,-0.13319507027543193,-0.07954104622362804,0.018531228551818803,0.015606815672465756
8590,-0.17057085733042882,-0.17442033958998535,-0.05645907314016293,-0.05932380412401897
8591,-0.11238100922085284,-0.21109486437289243,0.01899376324192056,0.02345498493032138
8592,-0.08119721882366983,0.06575452836382083,-0.1623496762257169,-0.16284205186356718
8593,-0.007549759780370624,-0.10580108024230848,0.058294291426695705,0.04676076512190026
8594,-0.11159022410551757,-0.28235504759631164,0.10736772999910477,0.12364596699591177
8595,-0.10836740174867954,-0.16892960520426126,0.029796186326877735,0.030005072961117242
8596,-0.14155053564501205,-0.243561815523261,-0.043687147503804716,-0.05038644027334308
8597,-0.0734684133568082,-0.13734296201247348,0.10302587210169793,0.09035838978245947
8598,-0.1876846408641938,-0.1920712601832234,-0.07985437617498731,-0.077213452299245
8599,-0.06011458923935423,-0.16967562889797377,-0.025603533168213417,-0.005147563486616334
8600,-0.045268717734475244,-0.13759661006833576,0.10639789919727849,0.11018769956133805
8601,-0.10762137805496699,-0.24848557190176357,0.05034167885172032,0.03900211870729014
8602,-0.17082450538629104,-0.1377010533854555,-0.0855838381426994,-0.08531526961296289
8603,-0.008236101578586135,-0.16158873205813015,0.10584584166393123,0.10693503625675149
8604,-0.051594998657157345,-0.22341917579302314,0.07593029154605949,0.0764674286055325
8605,-0.15565038345617854,-0.07030527289546715,-0.07120050132792216,-0.09289487034108201
8606,-0.1276894154158336,-0.03962877861000865,-0.10624869445853599,-0.11460415982811613
8607,-0.2461430575035063,-0.2808182387872638,0.013861120229178476,0.012025901942645698
8608,-0.0668735639043896,-0.23814568350690812,0.07327444719644295,0.06797767897108412
8609,-0.12237772671660048,0.03375011190355405,-0.07657187192265225,-0.08524066724359164
8610,0.040837336993822915,-0.19295156814180417,0.08431559786338812,0.08433051833726238
8611,-0.10457760138461997,-0.053877831159917636,-0.06280027453671928,-0.07026051147384439
8612,0.005416132016352838,-0.2033511384321566,0.11115753036316432,0.1140670227686431
8613,-0.20209781862671955,-0.1842678523469905,-0.022798484079854374,-0.009414819014651904
8614,-0.1623795171734654,-0.18013488108382322,-0.1213929754409,-0.11860284682641518
8615,-0.1260332428157918,-0.16123064068514814,-0.015383008564352001,-0.013517949330070722
8616,0.09528214616096208,0.14178926322700008,-0.0011339560144430186,-0.012428754737250454
8617,-0.025901942645698423,-0.1393870669332458,0.03622691056667959,0.04583569574169675
8618,0.2546477276118289,0.21630210975500574,-0.023768314881680637,-0.017904568649100294
8619,0.05962221360150397,-0.02688669392139894,0.10113097191966816,0.10222016651248843
8620,-0.20096386261227653,-0.12301930709319325,-0.13192682999612065,-0.12561546954731279
8621,-0.07621378054967025,-0.16910865089075228,0.08776222732833994,0.08979141177523799
8622,-0.13753692817283875,-0.40101757631822377,0.27749097311330606,0.27778938259079106
8623,-0.0884634896004297,-0.3889618334278296,0.19853182537077374,0.20102354450777352
8624,-0.2782966787025155,-0.13103160156366564,-0.229790218137328,-0.22426964280385542
8625,0.03604786488018859,-0.1020709617737459,0.1762704783503924,0.17503207901882964
8626,-0.24430783921697352,-0.10359285010891946,-0.13358300259616243,-0.13670138163588072
8627,-0.043791590820924466,-0.0487302676733013,0.01893408134642356,0.02270896123660887
8628,-0.09905702605114738,-0.0824057772074841,-0.0003133299513592551,-0.000731103219838262
8629,0.0013577631225567721,-0.14186386559637132,0.05028199695622332,0.047939482557966026
8630,-0.1493688639551192,0.017934409596848794,-0.14047626152606604,-0.13816358807555726
8631,-0.10705440004774551,-0.06500850467010832,-0.04737250455074452,-0.04352302229118796
8632,0.02524544179523141,-0.1896690638894691,0.08518098534809465,0.09389454209065677
8633,-0.19081794037778635,-0.28037062457103634,0.008430067738951387,0.012145265733639698
8634,-0.0019098206559040312,-0.3435439109546119,0.22337441437140043,0.22771627226880725
8635,-0.0428217600190982,-0.13261317179433618,0.07051415952970666,0.07302079914058068
8636,-0.08710572647787292,-0.25967592730745126,0.0032079018829638027,-0.0018650592342812806
8637,-0.04188177016502044,-0.07412491420727521,-0.033063770105338536,-0.039091641550535634
8638,-0.07812360120557427,-0.2870997582883232,0.07789979409746053,0.06823132702694637
8639,-0.13611948315478498,-0.1102921428784578,-0.05410163826803139,-0.05465369580137864
8640,-0.1547999164453463,-0.036361194831547844,-0.10423443048551222,-0.08929903613738771
8641,-0.0923875742293575,-0.2822655247530661,-0.014562382501268237,-0.014278893497657486
8642,-0.20506699292769537,-0.16587090806003996,-0.08501686013547788,-0.07698964519113125
8643,-0.07573632538569423,-0.14614604159828115,0.02344006445644713,0.02218674465101011
8644,-0.0673510190683656,-0.06984273820536539,0.0007460236937125122,-0.017725522962609288
8645,-0.09474500910148904,-0.03794276506221837,-0.049864223687744305,-0.04544776342096624
8646,-0.1704216525916863,-0.13125540867177937,-0.03537644355584733,-0.03392915759004505
8647,-0.1740174867953806,0.01597982751932201,-0.12239264719047474,-0.1287338485870311
8648,-0.16425949688162095,-0.090925367789681,-0.11900569962101995,-0.11893109725164869
8649,-0.14663841723613139,-0.03740562800274537,-0.12886813285189935,-0.12018441705708571
8650,0.06909671451165288,0.018247739548208047,0.0701709886305989,0.06688848437826385
8651,-0.10733788905135627,-0.2830861508161499,0.06351645728268329,0.06002506639610874
8652,0.14238608218197008,-0.11084420041180507,0.1604846169914356,0.1472949180865984
8653,-0.11943839336337321,-0.2003222822356838,-0.039419891975769145,-0.04010623377398465
8654,-0.053758467368923625,-0.13318014980155768,-0.0023872758198800388,-0.017621079645489538
8655,-0.2810271254215034,-0.259541643042583,-0.07146906985765866,-0.07519918832622123
8656,-0.213392617349527,-0.2613022589597445,-0.008415147265077137,-0.007475157410999372
8657,0.05260959088060635,-0.1840888066604995,0.20185909104473151,0.20132195398525857
8658,0.015472531407597504,0.03331741816120079,-0.0018501387604070304,0.008191340156963383
8659,-0.1272418011996061,-0.14927934111187371,-0.05833905284831846,-0.06635134731879085
8660,0.0019844230252752827,-0.1909223836949061,0.17519620423144636,0.18587926352540957
8661,0.03688341141714661,-0.0893288770851362,0.08840380770493268,0.09056727641669898
8662,-0.15667989615350178,-0.17309241741517706,-0.04401539792903822,-0.04391095461191847
8663,-0.2527677479036734,-0.10777058279370952,-0.14617588254602965,-0.14040165915669478
8664,-0.20535048193130614,-0.2848616872071857,-0.036898331891020854,-0.03036316433409925
8665,0.013920802124675476,-0.2057085733042881,0.138029303810689,0.13543314135656945
8666,-0.11769269792008592,-0.07172271791352092,-0.02079914058070484,-0.02436513383665065
8667,0.030184118647608244,-0.004132971263167317,-0.01645728268329802,-0.0182328190743338
8668,-0.24620273939900328,-0.17227179135209333,-0.08719524932111843,-0.07473665363611948
8669,-0.12154218017964248,0.05868222374742621,-0.1009071648115544,-0.1004297096475784
8670,-0.061785682313270265,-0.25239473605681717,0.07575124585956848,0.07639282623616124
8671,-0.1217212258661335,-0.08616573662379515,-0.11888633583002595,-0.11915490435976245
8672,-0.26937423532571386,-0.026901614395273186,-0.2212109456596341,-0.22109158186864014
8673,-0.0584434961654382,-0.05126674823192384,-0.03755483274148787,-0.033362179582823545
8674,-0.0768852018740115,-0.05817492763570171,-0.04626838948405001,-0.04707409507325951
8675,-0.15089075229029272,-0.2320432096923398,0.021694369013159853,0.030288561964727994
8676,-0.23025275282742974,-0.17470382859359612,-0.1453701769568201,-0.13946166930261703
8677,-0.048939154307540804,0.08729969263823817,-0.0636955029691743,-0.05131150965354659
8678,-0.12039330369132523,0.03304884963146429,-0.15696338515711256,-0.15697830563098683
8679,-0.10880009549103278,-0.14404225478201185,-0.01287636895347796,-0.013204619378711467
8680,-0.007236429829011368,-0.12125869117603173,0.004162812210915818,0.010623377398466173
8681,0.04256811196323594,-0.09766942198084208,0.006430724239801855,0.012145265733639698
8682,-0.06994718152248515,-0.01168273104353794,-0.11184387216137984,-0.11293306675420009
8683,-0.05468353674912715,-0.2720897615708274,0.1955775715436722,0.19636835665900745
8684,-0.16775088776819552,-0.3259675927307451,0.06066664677270149,0.08110769598042433
8685,0.03712213899913461,0.05117722538867833,-0.024394974784399146,-0.04043448419921816
8686,-0.18349198770552946,-0.1324788875294679,-0.029318731162901734,-0.02952761779714123
8687,-0.2280743636417892,-0.2397720151592014,-0.06399391244665929,-0.06177076183939601
8688,-0.0890603085553997,-0.07415475515502372,-0.06266599027185103,-0.06311360448807854
8689,-0.06388946912953955,-0.11663334427501415,-0.015009996717495746,-0.015024917191369997
8690,-0.16579630569066872,-0.16884008236101578,-0.13532869803944972,-0.13385157112589893
8691,-0.123004386619319,0.04162812210915818,-0.17888156127838617,-0.17606159171615288
8692,-0.1311360448807854,-0.3027214944346632,0.07606457581092774,0.07214049118199993
8693,-0.15542657634806478,-0.15069678612992748,0.008788159111933393,0.005147563486616334
8694,-0.054832741487869645,-0.15747068126883706,0.036167228671182584,0.0365850019396616
8695,-0.14256512786846107,-0.021351198114052096,-0.11006833577034406,-0.11375369281728386
8696,-0.1779117304765599,-0.03974814240100265,-0.07616901912804751,-0.07251350302885619
8697,-0.07734773656411327,-0.047223299812002024,-0.028199695622332963,-0.010235445077735666
8698,-0.07861597684342453,-0.1410880009549103,-0.020948345319447344,-0.013696995016561722
8699,-0.199024201008624,-0.2824147294918086,0.08597177046342991,0.07878010205604129
8700,-0.09117901584554325,-0.15411357464713077,-0.013025573692220464,-0.009026886693921397
8701,0.12734624451672583,-0.09116409537166899,0.1252872191220793,0.1276595744680851
8702,-0.03580913729820059,-0.10254841693772193,-0.020993106741070095,-0.018605830921190055
8703,0.06769418996747335,-0.16928769657724327,0.1466980991316284,0.1572468741607233
8704,-0.27826683775476707,-0.3129718599862731,-0.01402524544179523,-0.021589925696040103
8705,0.09522246426546506,-0.25981021157231954,0.22362806242726266,0.21998746680194556
8706,0.044940467309241734,-0.06218853510787502,0.09314851839694427,0.09219360806899228
8707,-0.11026230193070931,-0.2528871116946674,0.12967383844110889,0.13195667094386915
8708,-0.0700217838918564,-0.21476530094595803,0.10166810897914116,0.09954940168899763
8709,0.23814568350690812,-0.27883381576198857,0.31347915609799765,0.3261018769956133
8710,-0.17106323296827905,-0.2677926650950434,0.11526066067858315,0.11427590940288262
8711,-0.19504043448419917,0.022604517919489118,-0.1864910029542538,-0.1832532601235415
8712,0.07588553012443675,-0.06817164513144937,0.11726000417773268,0.1226164542985885
8713,-0.20136671540688128,-0.14250544597296408,-0.03413804422428456,-0.03195965503864402
8714,-0.0026558443496165433,-0.14466891468473034,0.0012383993315627703,-0.003595834203694309
8715,-0.12624212945003133,-0.030885380919698006,-0.13271761511145594,-0.13564202799080896
8716,-0.19499567306257642,-0.36214974187580196,0.0824057772074841,0.08576288382919041
8717,-0.028975560263793977,-0.2004416460266778,0.06673927963952135,0.06829100892244336
8718,-0.08673271463101667,0.0669332457998866,-0.03380979379905105,-0.037196741368505856
8719,-0.11555907015606814,-0.17174957476649455,-0.002133627764017785,-0.0020142639730237827
8720,-0.03303392915759004,-0.16798961535018347,0.07788487362358627,0.0928650293933335
8721,0.04235922532899644,-0.024305451941153647,0.05760794962848019,0.05748858583748619
8722,-0.22050968338754437,-0.09414819014651903,-0.10665154725314074,-0.10071319865118913
8723,0.09666975023126734,-0.08425591596789112,0.1404613410521918,0.14095371669004206
8724,-0.01148876488317269,-0.28772641819104167,0.1316731819402584,0.1282265524753066
8725,-0.010310047447106918,-0.07794455551908328,-0.026528602548416932,-0.026110829279937926
8726,-0.06991734057473664,-0.14596699591179013,-0.011235116827310434,-0.011294798722807434
8727,-0.22085285428665213,-0.23171495926710628,-0.013577631225567722,-0.01457730297514249
8728,-0.16287189281131564,-0.23653427232848911,0.030079675330488487,0.031377756557548264
8729,-0.18893796066963087,-0.12664498224463608,-0.06190504610426426,-0.04413476172003222
8730,-0.22379218763987938,-0.30285577869953145,-0.06151711378353375,-0.06488914087911431
8731,-0.02287308644922562,-0.17034705022231506,0.10380173674315893,0.10947151681537404
8732,-0.1610963564202799,-0.16305093849780666,-0.09390946256453105,-0.09008982125272297
8733,-0.23202828921846555,-0.29065083107039474,0.006699292769538359,0.010981468771448179
8734,0.035316761660350325,-0.13244904658171944,0.1224970905075945,0.122347885768852
8735,-0.1711975172331473,-0.21290024171167676,0.07960072811912505,0.07205096833875443
8736,-0.1632449046581719,-0.2161827459640118,-0.04034496135597266,-0.03419772611978156
8737,-0.05038644027334308,0.1384172361314195,-0.10274238309808717,-0.10600996687654798
8738,-0.19817373399779173,-0.07467697174062247,-0.13477664050610247,-0.1354182208826952
8739,-0.17897108412163165,-0.22635850914625044,-0.025603533168213417,-0.00974306943988541
8740,-0.11857300587866669,-0.3444391393870669,0.06878338456029362,0.08262958431559785
8741,-0.013920802124675476,-0.18038852913968545,0.0400017904568649,0.04449285309301422
8742,-0.13882008892602427,-0.2429500760944167,0.049535973262510816,0.045984900480439246
8743,-0.015845543254453757,-0.24644146698099126,0.13252364895109067,0.13846199755304225
8744,-0.14823490794067617,0.11837903971830144,-0.13825311091880277,-0.13995404494046731
8745,-0.11861776730028943,-0.20793172391155143,-0.019560741249142068,-0.015383008564352001
8746,-0.14172958133150307,-0.17349527020978184,-0.03210885977738652,-0.016233475575184265
8747,-0.07994389901823282,-0.3082122288203873,0.11026230193070931,0.1086807317000388
8748,-0.04391095461191847,-0.22629882725075343,0.12112440691116348,0.12883829190415086
8749,-0.1045029990152487,-0.23945868520784214,0.022500074602369368,0.019903912148249825
8750,0.04690996986064276,-0.01874011518605831,0.05253498851123511,0.05214705619050461
8751,0.029706663483632236,-0.2870699173405747,0.14278893497657483,0.14002864730983855
8752,0.07878010205604129,-0.40791083524812743,0.2843693115693354,0.2868759511802094
8753,-0.21066217063053916,0.03421264659365581,-0.12595864044642055,-0.14101339858553907
8754,0.012846528005729458,-0.17345050878815907,0.10957596013249378,0.10506997702247022
8755,0.14017785204858102,0.049655337053504806,0.0336456685864343,0.032049177881889525
8756,0.0154128495121005,-0.08895586523827995,0.024305451941153647,0.02323117782220763
8757,-0.04513443346960699,-0.2121691384918385,0.10930739160275728,0.1059204440333025
8758,-0.042866521440720944,-0.09216376712124374,0.0010891945928202678,0.005371370594730088
8759,-0.05945808838888722,-0.16546805526543523,0.014786189609381993,0.01836710333920205
8760,-0.056399391244665927,-0.213213571663036,-0.0004177732684790069,0.03855450449106263
8761,-0.23550475963116585,-0.051430873444540594,-0.21413864104323949,-0.21627226880725728
8762,-0.09993733400972814,-0.15133836650652024,-0.018456626182447554,-0.005953269075825847
8763,0.08767270448509444,-0.10432395332875771,0.07782519172808927,0.07466205126674821
8764,0.07470681268837097,-0.14977171674972395,0.11748381128584642,0.11679746948763091
8765,0.01771060248873504,0.038479902121691376,-0.05256482945898361,-0.0483423353525708
8766,-0.018247739548208047,-0.26662886813285186,0.17246575751245857,0.17570350034317087
8767,-0.03075109665482975,-0.16236459669959116,0.023126734505087874,0.029109844528662224
8768,0.05813016621407895,-0.22325505058040643,0.11060547282981704,0.10383157769090744
8769,-0.16032049177881888,-0.2397570946853272,0.019336934141028318,0.015621736146340005
8770,-0.08170451493539432,-0.2109008982125272,0.057220017307749685,0.05763779057622869
8771,-0.02023216257348333,-0.2475157410999373,0.06288979737996478,0.08350989227417861
8772,-0.13646265405389274,-0.1560532362507833,-0.07114081943242516,-0.07114081943242516
8773,-0.05302736414908537,-0.05757810868073168,-0.0027901286144847957,0.0009399898540777652
8774,-0.028125093252961714,-0.18886335830025958,0.11084420041180507,0.1094864372892483
8775,0.06559040315120407,-0.0881053982274477,0.057563188206857435,0.06138282951866551
8776,-0.0860612933066754,-0.0892095132941422,-0.06239742174211452,-0.06321804780519828
8777,-0.1458028706991734,-0.21842081704514935,0.08476321207961564,0.09056727641669898
8778,0.03989734713974515,-0.13144937483214464,0.008609113425442391,0.007743725940735877
8779,-0.11712571991286441,0.07825788547044253,-0.09884813941690787,-0.09307391602757302
8780,-0.19629375428963622,-0.33823222225537874,0.04795440303184028,0.04177732684790069
8781,-0.2194503297424726,-0.19741278983020497,0.0015815702306705259,-0.01891916087254931
8782,0.021828653278028107,-0.07509474500910147,0.12977828175822861,0.12686878935274984
8783,-0.11919966578138519,-0.15978335471934585,-0.0485512219868103,-0.05084897496344483
8784,-0.18311897585867323,-0.34029124765002533,0.2176747933514368,0.2187192265226343
8785,-0.18520784220106828,-0.08698636268687893,-0.077094088508251,-0.07900390916415503
8786,-0.17835934469278744,-0.1279579839455701,-0.041299871683924676,-0.04015099519560741
8787,-0.06681388200889259,-0.1260630837635403,0.10280206499358417,0.09959416311062037
8788,-0.23153591358061526,-0.19302617051117543,-0.16593058995553694,-0.17570350034317087
8789,-0.019157888454537312,-0.1256751514428098,0.04323953328757721,0.04935692757601981
8790,0.0024618781892512902,-0.02427561099340515,0.04058368893796066,0.04946137089313955
8791,-0.13943182835486853,-0.20351526364477332,-0.02072453821133359,-0.026095908806063675
8792,-0.051326430127420844,-0.22218077646146037,0.08274894810659185,0.07776550983259227
8793,-0.06254662648085701,-0.1738981230043866,0.006460565187550356,0.020605174420339586
8794,0.05243054519411535,-0.13849183850079075,0.1164990600101459,0.13789501954582076
8795,-0.06905195309003012,-0.1344931515024917,-0.031482199874668014,-0.04774551639760078
8796,-0.10988929008385304,-0.3021694369013159,0.049401688997642565,0.059279042702396215
8797,-0.05086389543731908,-0.023992121989794394,-0.020351526364477332,-0.025573692220464916
8798,-0.1617230163229984,-0.15312882337143024,-0.10729312762973349,-0.09071648115544147
8799,-0.1045029990152487,-0.10163826803139266,-0.023783235355554887,-0.0367043657306556
8800,0.043358897078571206,-0.1553370535048193,0.12728656262122884,0.12859956432216288
8801,0.07886962489928678,-0.076556951448778,0.08776222732833994,0.08917967234639372
8802,-0.05444480916713914,-0.10263793978096743,-0.06815672465757511,-0.0637850258124198
8803,0.05478798006624689,-0.15220375399122674,0.18517800125331976,0.18784876607681059
8804,0.047223299812002024,-0.17337590641878783,0.15681418041837006,0.15676941899674732
8805,-0.11737936796872668,-0.28987496642893373,0.07057384142520365,0.051729282922025596
8806,-0.15547133776968755,-0.17031720927456653,-0.031183790397183008,-0.017471874906747037
8807,-0.2599892572588105,-0.1141267046641401,-0.09911670794664437,-0.09977320879711139
8808,-0.22486646175882544,-0.09176091432663899,-0.08012294470472382,-0.0802124675479693
8809,-0.043358897078571206,-0.017889648175226043,-0.06942496493688638,-0.07806391931007728
8810,-0.12988272507534837,-0.20626063083763535,0.1098146877144818,0.10262301930709318
8811,-0.02033660589060308,-0.11981140521022947,0.0011787174360657691,0.0004326937423532571
8812,-0.023007370714093874,-0.26789710841216313,0.08697144221300468,0.08333084658768762
8813,-0.19860642774014503,-0.09780370624571035,-0.08603145235892691,-0.07798931694070603
8814,-0.24005550416281218,-0.30430306466533374,-0.015009996717495746,-0.020620094894213837
8815,0.06518755035659932,-0.17088418728178806,0.0942824744113873,0.092059323804124
8816,-0.12204947629136698,-0.0762287010235445,-0.01107099161469368,-0.009922115126376412
8817,-0.23231177822207627,0.04353794276506221,-0.22176300319298137,-0.22483662081107694
8818,-0.14478827847572437,-0.12227328339948074,-0.06033839634746798,-0.0731401629315747
8819,-0.038882754916296135,-0.17061561875205153,0.02554385127271642,0.01900868371579481
8820,-0.1307182716123064,-0.30752588702217176,0.0944615200978783,0.09143266390140549
8821,-0.051460714392289095,-0.05674256214377368,-0.01159320820029244,-0.0027155262451135443
8822,-0.02308197308346513,-0.20345558174927633,0.12688370982662409,0.13798454238906627
8823,-0.028333979887201214,-0.03388439616842231,0.0017606159171615287,0.0047745516397600775
8824,-0.05571304944645041,-0.272597057682552,0.07342365193518545,0.0742144370505207
8825,-0.02187341469965086,-0.08785175017158543,0.049192802363403065,0.04808868729670854
8826,-0.03619706961893109,-0.18328310107129,0.0892095132941422,0.0885530124436752
8827,-0.08031691086508906,-0.16940706036823724,0.034242487541404305,0.026603204917788188
8828,0.03372027095580555,-0.06280027453671928,-0.0020590253946465337,-0.0027006057712392942
8829,-0.11754349318134343,-0.06835069081794036,-0.03792784458834412,-0.04135955357942168
8830,-0.20436573065560557,-0.091581868640148,-0.1195875981021157,-0.12264629524633701
8831,-0.12292978424994776,-0.1263316522932768,-0.08700128316075317,-0.09498373668347705
8832,-0.1041747485900152,-0.23217749395720805,0.07443824415863447,0.07145414938378442
8833,-0.09088060636805825,-0.03298916773596729,-0.08794127301483094,-0.08310703947957386
8834,-0.15186058309211897,-0.18014980155769741,-0.008519590582196888,-0.0060875533406941
8835,-0.14535525648294587,-0.40901495031482193,0.09759481961147085,0.09878845752141087
8836,-0.06263614932410252,-0.028975560263793977,-0.08704604458237591,-0.08616573662379515
8837,-0.24275610993405147,-0.16875055951777024,-0.10184715466563217,-0.09847512757005161
8838,-0.12976336128435437,-0.09513294142221955,-0.061054579093432,-0.05654859598340842
8839,-0.15584434961654378,-0.17003372027095576,0.027931127092596455,0.032287905463877525
8840,0.05742890394198919,-0.10509981797021872,0.07527379069559248,0.07695980424338275
8841,0.042806839545223956,-0.15351675569216078,0.15850019396616036,0.16212586911760313
8842,-0.11444003461549937,-0.12509325296171403,-0.03883799349467339,-0.039211005341529645
8843,-0.07121542180179642,-0.06124854525379725,0.041150666945182164,0.04610426427143326
8844,-0.05228134045537286,-0.10811375369281727,0.06547103936021006,0.06441168571513829
8845,-0.021455641431171853,-0.13358300259616243,0.031407597505296765,0.03825609501357763
8846,-0.301811345528334,-0.19017636000119362,-0.14719047476947866,-0.14930918205962218
8847,-0.11709587896511592,-0.1899674733669541,0.0049834382739995815,0.016039509414819013
8848,-0.15092059323804125,-0.28272805944316787,0.008355465369580137,0.014323654919280235
8849,0.03331741816120079,-0.29597744024350214,0.20321685416728832,0.19984482707170775
8850,-0.08559875861657365,-0.21691384918385007,0.051878487660768094,0.05049088359046282
8851,-0.00738563456775387,-0.02318641640058488,0.041374474053295925,0.030034913908865743
8852,-0.2523499746351944,0.015517292829220253,-0.21148279669362297,-0.2119751723314732
8853,-0.015576974724717254,-0.1125451344334696,0.029781265853003485,0.03283996299722479
8854,-0.11491748977947538,-0.18410372713437378,0.016084270836441764,0.018396944286950552
8855,-0.0700217838918564,0.09807227477544686,-0.022321028915878366,-0.03125839276655426
8856,-0.013876040703052726,-0.1458923935424189,0.06532183462146757,0.052415624720241104
8857,-0.042657634806481444,-0.16075318552117213,0.12318343230581003,0.09841544567455461
8858,-0.09726656918623734,-0.2556175584136552,0.09916146936826713,0.10254841693772193
8859,0.049416609471516805,-0.11809555071469068,0.036062785354062835,0.03242218972874578
8860,-0.27065739607889944,-0.22332965294977764,-0.09143266390140549,-0.08952284324550147
8861,-0.06139774999253976,-0.12236280624272625,0.0057891438632090945,0.0064158037659276055
8862,0.08462892781474739,-0.023574348721315388,0.11024738145683505,0.1101727790874638
8863,-0.02675240965653069,0.09101489063292649,-0.029214287845781974,-0.024827668526752403
8864,0.12876368953477962,0.09511802094834532,0.06815672465757511,0.08561367909044791
8865,0.030601891916087254,-0.14477335800185012,0.13426934439437793,0.12918146280325862
8866,-0.08280863000208885,-0.24903762943511082,0.035824057772074834,0.035824057772074834
8867,-0.011190355405687684,-0.2921876398794425,0.12927098564650413,0.14053594342156306
8868,-0.05962221360150397,-0.16073826504729788,0.03707737757751186,0.0369430933126436
8869,0.09387962161678252,-0.06656023395303035,0.15024917191369996,0.13401569633851568
8870,0.13613440362865925,-0.13670138163588072,0.20702157500522214,0.22258362925606515
8871,0.0005072961117245083,-0.2242398018561069,0.20578317567365936,0.19387663752200765
8872,-0.03264599683685953,-0.16509504341857895,0.004953597326251081,0.001641252126167527
8873,-0.04095670078481692,-0.08725493121661541,0.021589925696040103,0.021589925696040103
8874,0.11485780788397838,0.14851839694428695,-0.006177076183939601,-0.002879651457730297
8875,-0.016919817373399777,-0.045268717734475244,0.03192981409089552,0.02924412879353048
8876,-0.14131180806302407,-0.12263137477246275,0.019948673569872576,0.018173137178836795
8877,-0.2717465906717197,-0.34481215123392317,-0.0184715466563218,-0.008967204798424397
8878,-0.037002775208140604,-0.10857628838291902,0.03834561785682313,0.036391035779296345
8879,-0.1301960550267076,-0.30951031004744706,0.0705589209513294,0.07713884992987377
8880,-0.04383635224254722,-0.04438840977589448,-0.05683208498701918,-0.05286323893646861
8881,-0.07518426785234698,-0.09638626122765658,-0.06554564172958133,-0.0672316552773716
8882,-0.25778102712542145,-0.12103488406791799,-0.2010086240338993,-0.1912207931723911
8883,-0.037137059473008854,-0.07129002417116766,-0.009549103279520155,-0.006938020351526363
8884,0.03721166184238011,-0.2421742114529557,0.16546805526543523,0.16233475575184264
8885,0.17219718898272207,-0.03234758735937453,0.13704455253498848,0.14581779117304763
8886,0.031228551818805763,-0.11451463698487062,0.07842201068305929,0.08134642356241233
8887,-0.016681089791411773,-0.3770552952761779,0.229730536241831,0.21155739906299423
8888,-0.07921279579839453,-0.26027274626242125,0.06436692429351555,0.06781355375846736
8889,-0.1226761361940855,-0.3708334576706156,0.09854972993942286,0.10002685685297363
8890,-0.054295604428396635,-0.04331413565694846,0.057652711050102945,0.06299424069708454
8891,-0.023529587299692633,0.14520605174420337,-0.08901554713377695,-0.0913133001104115
8892,0.06481453850974307,-0.018516308077944552,0.04498522873086448,0.04943152994539106
8893,-0.08200292441287935,-0.03476470412700307,-0.07291635582346094,-0.08273402763271762
8894,0.052370863298618356,-0.3316970546984572,0.3084211154546268,0.3084211154546268
8895,-0.16928769657724327,-0.08935871803288471,-0.19040016710930738,-0.19031064426606187
8896,0.14229655933872457,-0.2553639103577929,0.2721942048879472,0.27784906448628804
8897,-0.016725851213034524,-0.1861925934767688,0.10917310733788904,0.1005490734385724
8898,-0.24380054310524898,-0.2878905434036585,-0.11348512428754735,-0.11242577064247558
8899,0.11091880278117631,0.0007460236937125122,0.10723344573423649,0.10535346602608098
8900,-0.2361164990600101,-0.15733639700396881,0.03594342156306884,0.046551878487660764
8901,-0.03845006117394288,-0.054221002059025386,-0.049715018949001814,-0.04373190892542746
8902,-0.009474500910148904,0.057309540150995195,-0.053877831159917636,-0.06156187520515651
8903,-0.040971621258691165,-0.15936558145086685,0.12078123601205573,0.121751066813882
8904,-0.05249022708961236,-0.25187251947121836,0.06930560114589239,0.06667959774402434
8905,-0.23657903375011188,-0.19128047506788814,-0.13591059652054546,-0.13983468114947328
8906,-0.16349855271403418,0.02627495449255468,-0.1899674733669541,-0.19684581182298347
8907,-0.1425949688162096,-0.18677449195786455,0.011115753036316433,0.0016561726000417771
8908,0.01908328608516606,-0.24250246187818922,0.062427262689863025,0.0430306466533377
8909,-0.01213034525976545,-0.25812419802452924,0.14169974038375457,0.137671212437707
8910,-0.16518456626182446,-0.06320312733132404,-0.06979797678374264,-0.076198860075796
8911,-0.21070693205216195,-0.1075915371072185,-0.10244397362060217,-0.11115753036316432
8912,-0.008832920533556145,-0.10598012592879949,-0.0035510727820715583,-0.00428217600190982
8913,-0.07234937781623943,-0.20860314523589263,0.06485929993136581,0.06011458923935423
8914,-0.06839545223956311,0.03651039957029034,-0.07575124585956848,-0.07921279579839453
8915,-0.02018740115186058,-0.17840410611441015,-0.021276595744680847,-0.013831279281429975
8916,-0.07146906985765866,-0.30675002238071075,0.03819641311808062,0.04341857897406821
8917,-0.06512786846110231,-0.19274268150756468,-0.027393990033123445,-0.0369729342603921
8918,-0.2946644385425681,-0.34348422905911485,-0.014592223449016738,-0.013861120229178476
8919,-0.1613052430545194,-0.2829817074990301,0.01272716421473546,0.013741756438184476
8920,-0.07015606815672465,-0.02855778699531497,-0.02190325564739936,-0.03995702903524216
8921,-0.07381158425591595,-0.1735698725791531,0.047059174599385266,0.042642714332607204
8922,-0.07090209185043715,-0.02391751962042314,-0.05301244367521112,-0.057772074841096956
8923,-0.11836411924442718,-0.16191698248336364,-7.460236937125121e-05,0.013338903643579718
8924,-0.008713556742562143,-0.003461549938826057,-0.007191668407388618,-0.010608456924591923
8925,-0.11136641699740381,-0.07827280594431678,-0.027498433350243195,-0.03448121512339231
8926,0.06803736086658112,0.05031183790397182,0.031124108501686013,0.028796514577302968
8927,-0.06326280922682104,-0.12507833248783978,0.04235922532899644,0.04034496135597266
8928,-0.17419653248187159,-0.12533198054370207,-0.059070156068156715,-0.07021575005222165
8929,-0.21290024171167676,-0.136716302109755,-0.12734624451672583,-0.12986780460147412
8930,-0.3097042762078123,-0.12759989257258808,-0.1855360926263018,-0.1909969860642774
8931,-0.08009310375697531,-0.1161111276894154,0.02203753991226761,0.021381039061800597
8932,0.08104801408492733,-0.19545820775267822,0.19648772045000149,0.2059473008862761
8933,-0.26809107457252834,-0.3366058906030855,-0.029766345379129238,-0.03442153322789531
8934,-0.0038494822595565633,-0.4041807167795649,0.24335292888902146,0.2465309898242368
8935,-0.03983766524424815,-0.09574468085106382,-0.014592223449016738,-0.009370057593029155
8936,-0.2078422010683059,-0.2503058697144221,-0.09905702605114738,-0.09786338814120735
8937,-0.21595893885589804,-0.19990450896720474,-0.0896869684581182,-0.09332756408343529
8938,-0.05466861627525289,-0.18374563576139175,0.09593864701142905,0.10914326639014053
8939,0.02794604756647071,0.00544597296410134,-0.0518486467130196,-0.04297096475784071
8940,-0.20008355465369576,0.0026707648234907937,-0.17959774402435016,-0.1869982990659783
8941,-0.09690847781325532,0.023604189669063885,-0.0881650801229447,-0.09271582465459102
8942,0.0798245352272388,0.0020142639730237827,0.09719196681686608,0.09731133060786008
8943,-0.11333591954880486,-0.11182895168750559,0.004595505953269075,0.0029393333532272982
8944,0.09274566560233952,-0.1378204171764495,0.1376413714899585,0.1300617707618394
8945,-0.0396735400316314,-0.014070006863417979,-0.01688997642565128,-0.011831935782280444
8946,-0.22183760556235263,-0.24011518605830917,-0.0012383993315627703,-0.010056399391244666
8947,-0.10620393303691322,-0.2543493181343439,0.000671421324341261,0.0
8948,-0.1343439467637492,-0.1713467219718898,-0.07752678225060426,-0.07895914774253229
8949,-0.01896392229417206,-0.11618573005878663,0.10222016651248843,0.09990749306197963
8950,0.004043448419921816,-0.19396616036525316,0.07557220017307748,0.08468860971024439
8951,0.10013130017009339,-0.2567813553758467,0.17619587598102113,0.17489779475396136
8952,-0.09177583480051324,0.03415296469815881,-0.08649398704902866,-0.08404702933365162
8953,-0.152696129629077,-0.0483423353525708,-0.05951777028438422,-0.06943988541076063
8954,0.07315508340544895,-0.1737190773178956,0.09102981110680074,0.09040315120408222
8955,0.009951956074124912,-0.09911670794664437,0.03016919817373399,0.031616484139536265
8956,-0.1214824982841455,-0.027498433350243195,-0.024230849571782394,-0.022813404553728624
8957,0.08477813255348988,-0.04250843006773894,0.1773745934170869,0.17988123302796094
8958,0.0151741219301125,-0.09003013935722597,0.06241234221598878,0.061054579093432
8959,-0.25433439766046967,-0.34614007340873143,-0.08331592611381336,-0.07009638626122765
8960,-0.2940825400614723,-0.28560771090089815,-0.07140938796216167,-0.07473665363611948
8961,0.007534839306496373,-0.03621199009280534,0.0706782847423234,0.07792963504520903
8962,-0.1290024171167676,-0.0792575572200173,-0.04131479215779892,-0.06529199367371906
8963,-0.17459938527647634,-0.10827787890543401,-0.07194652502163468,-0.06326280922682104
8964,-0.10999373340097278,-0.16063382173017812,0.08356957416967561,0.07467697174062247
8965,-0.06353137775655754,-0.13758168959446151,-0.02954253827101548,-0.0367342066784041
8966,0.001536808809047775,-0.16367759840052518,0.12664498224463608,0.12264629524633701
8967,-0.023574348721315388,-0.0702306705260959,-0.049282325206648554,-0.0458207752678225
8968,-0.2110799438990182,-0.2657784011220196,-0.08300259616245412,-0.08116737787592132
8969,-0.00738563456775387,-0.1565903733102563,0.055534003759959406,0.05648891408791142
8970,-0.11546954731282263,-0.1948017069022112,0.03340694100444629,0.030243800543105243
8971,-0.14092387574229356,-0.1270030736176181,-0.06080093103756974,-0.057951120527587954
8972,0.01172749246516069,-0.21852526036226907,0.03330249768732654,0.03516755692160783
8973,-0.2564978663722359,-0.0048640744830055795,-0.22025603533168212,-0.21436244815135325
8974,-0.022365790337501117,-0.21524275610993399,0.08365909701292112,0.08248037957685535
8975,-0.1512488436632747,-0.044970308256990235,-0.0861209752021724,-0.08646414610128017
8976,-0.0051326430127420835,-0.22222553788308314,0.08753842022022618,0.09176091432663899
8977,0.023738473933932143,-0.0057294619677120935,0.015203962877860997,0.008161499209214882
8978,-0.10189191608725492,-0.06641102921428783,-0.01702426069051953,-0.0054012115424785885
8979,-0.018799797081555308,-0.1136194085524156,0.11757333412909192,0.11676762853988241
8980,-0.057593029154605936,-0.243740861209752,0.17961266449822444,0.18547641073080479
8981,-0.19043000805705587,-0.21276595744680848,-0.02624511354480618,-0.02624511354480618
8982,0.0428217600190982,0.0015815702306705259,0.042911282862343705,0.051236907284175334
8983,-0.03680880904777535,0.034615499388260564,-0.0860016114111784,-0.0881650801229447
8984,0.05059532690758258,-0.1599474799319626,0.1697054698457223,0.16889976425651276
8985,-0.13981976067559904,-0.06089045388081525,-0.15727671510847183,-0.1588135239175196
8986,-0.021828653278028107,-0.09129837963653725,0.008086896839843632,0.007281191250634119
8987,0.12716719883023483,-0.15772432932469932,0.11494733072722388,0.12430246784637879
8988,-0.07840709020918503,-0.4205037151979946,0.18686401480111006,0.19292172719405565
8989,-0.22725373757870546,-0.3004834233535256,0.03668944525678135,0.015024917191369997
8990,-0.16830294530154274,-0.0888812628689087,-0.013219539852585716,-0.016576646474292023
8991,0.17004864074483,-0.24488973769806924,0.23629554474650113,0.23529587299692636
8992,-0.2994091492345797,-0.2244337680164722,-0.08840380770493268,-0.08725493121661541
8993,-0.16670645459699798,-0.27859508818000056,0.053847990212169135,0.055683208498701904
8994,-0.37247470979678304,-0.17976186923696694,-0.15339739190116677,-0.1477126913550774
8995,-0.07784011220196352,-0.06412819671152756,-0.045582047685834494,-0.044269045984900474
8996,-0.013055414639968963,-0.22725373757870546,0.11532034257408015,0.11439527319387663
8997,0.1259138790247978,-0.1646623496762257,0.15424785891199902,0.15541165587419054
8998,-0.19609978812927098,-0.02308197308346513,-0.1464593715496404,-0.1526066067858315
8999,-0.05630986840142042,0.092178687595118,-0.1357166303601802,-0.13279221748082717
9000,-0.14302766255856283,-0.25018650592342806,-0.0398525857181224,-0.041135746471307924
9001,0.03573453492882933,-0.2095282146160962,0.15054758139118496,0.14683238339649665
9002,-0.11928918862463068,-0.03862910686043388,-0.13592551699441974,-0.13680582495300048
9003,-0.12309390946256453,-0.21528751753155678,0.045179194891229735,0.04425412551102623
9004,-0.06529199367371906,0.1770761839396019,-0.1932052161976664,-0.1984572230014025
9005,0.05793620005371369,-0.0611441019366775,0.01633791889230402,0.04198621348214019
9006,-0.12321327325355852,-0.18641640058488254,0.008474829160574139,0.02955745874488973
9007,-0.0758706096505625,-0.14972695532810118,0.022574676971740617,0.03482438602250007
9008,-0.1626779266509504,-0.07815344215332277,-0.07936200053713705,-0.07494554027035898
9009,-0.07172271791352092,-0.04947629136701381,-0.0396735400316314,-0.045268717734475244
9010,-0.11803586881919369,-0.26167527080660075,-0.017188385903136278,-0.026543523022291182
9011,0.1549192802363403,-0.17885172033063768,0.22923816060398078,0.23457969025096234
9012,-0.026707648234907937,-0.16599027185103396,0.034705022231506066,0.02866223031243472
9013,-0.08464384828862163,-0.16667661364924946,-0.03568977350720658,-0.05817492763570171
9014,0.15442690459849,-0.1462803258631494,0.1344931515024917,0.136298528841276
9015,-0.10236937125123093,-0.17961266449822444,0.0027304467189877947,0.003237742830712303
9016,-0.044761421622750736,-0.0730804810360777,0.0304377667034705,0.01597982751932201
9017,-0.1626779266509504,-0.04222494106412819,-0.12201963534361848,-0.12033362179582821
9018,-0.028319059413326964,-0.17166005192324907,0.08079436602906508,0.07543791590820922
9019,-0.052848318462594364,-0.08729969263823817,0.03989734713974515,0.029915550117871743
9020,0.007609441675867625,-0.03395899853779356,0.05702605114738443,0.056444152666288674
9021,-0.2526334636388051,-0.04938676852376831,-0.15117424129390347,-0.15045805854793945
9022,-0.3079436602906508,-0.275760198143893,-0.07590045059831098,-0.07463221031899972
9023,-0.08342036943093312,-0.1650204410492077,0.08820984154456744,0.08997045746172896
9024,-0.14754856614246067,-0.0674405419116111,-0.0277073199844827,-0.028871116946674224
9025,-0.22318044821103514,-0.22617946345975945,-0.018695353764435558,-0.025469248903345166
9026,0.020620094894213837,0.17139148339351254,-0.16658709080600395,-0.16540837336993822
9027,-0.14422130046850287,-0.20287368326818056,-0.005222165855987586,-0.007639282623616125
9028,-0.02663304586553668,-0.12695831219599532,0.046029661902062,0.04947629136701381
9029,-0.21706305392259256,0.012204947629136698,-0.23240130106532178,-0.23750410313031536
9030,0.10774074184596101,-0.1592014562382501,0.18398436334337975,0.17779236668556592
9031,-0.23581808958252512,0.02675240965653069,-0.18920652919936734,-0.19031064426606187
9032,0.060457760138461984,-0.0888215809734117,0.10501029512697321,0.10301095162782369
9033,-0.17828474232341618,-0.3121512339231894,0.003983766524424815,-0.002626003401868043
9034,0.14599683685953863,0.051669601026528594,0.08892602429053147,0.08967204798424397
9035,-0.12685386887887556,-0.17483811285846435,-0.02224642654650711,-0.02297752976634538
9036,-0.06955924920175463,0.025528930798842168,-0.08428575691563962,-0.08649398704902866
9037,-0.11614096863716389,-0.15459102981110678,0.03149712034854227,0.025827340276327174
9038,0.11939363194175047,-0.02866223031243472,0.11194831547849958,0.1154247858911999
9039,-0.19244427203007963,-0.09801259287994984,-0.11424606845513412,-0.10800931037569753
9040,-0.107024559099997,-0.37917400256632144,0.011324639670555936,0.008236101578586135
9041,0.05386291068604338,-0.25887022171824176,0.1646325087284772,0.16473695204559693
9042,-0.19022112142281639,-0.021022947688818596,-0.04679060606964877,-0.04673092417415176
9043,-0.2504699949270388,-0.321013995404494,0.0022977529766345377,0.013771597385932975
9044,-0.12230312434722924,-0.028020649935841954,-0.1159320820029244,-0.12073647459043298
9045,-0.05022231506072633,-0.14593715496404164,0.07527379069559248,0.06193488705201276
9046,-0.13667154068813223,-0.20600698278177312,0.08170451493539432,0.09390946256453105
9047,-0.041613201635283925,-0.01644236220942377,-0.006639610874041358,-0.007027543194771865
9048,-0.2227477544686819,-0.09984781116648263,-0.05548924233833665,-0.05583241323744441
9049,-0.3042284622959625,-0.19741278983020497,-0.14504192653158662,-0.14395273193876634
9050,-0.13967055593685654,-0.22535883739667567,-0.013144937483214466,-0.009370057593029155
9051,0.08513622392647188,-0.15427769985974754,0.07748202082898151,0.08051087702545433
9052,-0.19924800811673776,-0.2413685058637462,-0.03264599683685953,-0.031482199874668014
9053,-0.08070484318581957,-0.12982304317985138,0.03701769568201486,0.0397929038226254
9054,-0.03786816269284712,0.0765271105010295,-0.11148578078839783,-0.10857628838291902
9055,0.11779714123720568,-0.11888633583002595,0.20723046163946163,0.2072752230610844
9056,-0.3013338903643579,-0.1164393781146489,-0.19787532452030673,-0.1964727999761272
9057,-0.12354152367879202,-0.07612425770642474,-0.09265614275909402,-0.10047447106920115
9058,0.042538271015487454,0.04106114410193667,0.0336456685864343,0.0336456685864343
9059,0.008668795320939391,-0.22128554802900538,0.23817552445465662,0.23355017755363908
9060,-0.23832472919339917,-0.0123243114201307,-0.18592402494703228,-0.18293993017218224
9061,-0.12379517173465429,-0.026767330130404936,-0.07816836262719704,-0.08031691086508906
9062,0.010593536450717672,0.04990898510936707,-0.015114440034615496,-0.027050819134015695
9063,0.33286085166064866,0.1596192295067291,0.1902658828444391,0.1787472770135179
9064,-0.19678612992748645,0.035182477395482074,-0.19900928053474976,-0.21810748709379008
9065,-0.1742860553251171,-0.3641490853749515,0.10095192623317714,0.10117573334129092
9066,-0.0061173942884426005,-0.289293067947838,0.17671809256661988,0.1785831518009012
9067,0.13955119214586253,-0.34326042195100115,0.290009250693802,0.29014353495867024
9068,-0.02834890036107546,-0.10848676553967351,0.06881322550804213,0.08537495150845989
9069,-0.13884992987377276,-0.012040822416519947,-0.14295306018919157,-0.12913670138163585
9070,-0.0393751305541464,-0.08365909701292112,-0.020515651577094087,-0.016696010265286023
9071,-0.0024469577153770398,-0.22464265465071168,0.17365939542239858,0.1713765629196383
9072,0.11164990600101457,-0.20818537196741366,0.107203604786488,0.10460744233236847
9073,-0.06673927963952135,-0.21395959535674852,0.08167467398764583,0.0800632628092268
9074,-0.14671301960550265,-0.19778580167706122,0.03882307302079913,0.0369729342603921
9075,-0.20376891170063557,-0.08831428486168719,-0.10219032556473992,-0.10157858613589567
9076,-0.2751932201366715,-0.00854943152994539,-0.18766972039031957,-0.19330965951478618
9077,-0.13641789263226997,-0.2836083674017486,0.033123452000835545,0.03234758735937453
9078,-0.15784369311569335,-0.25822864134164897,-0.008877681955178896,-0.005625018650592342
9079,-0.16654232938438124,-0.10295126973232668,-0.11181403121363133,-0.11612604816328966
9080,-0.03813673122258362,-0.19968070185909098,0.08364417653904686,0.08598669093730416
9081,-0.0862701799409149,-0.2627793858732953,0.07837724926143654,0.08437527975888512
9082,-0.19932261048610903,-0.08143594640565782,-0.15060726328668195,-0.1405807048431858
9083,-0.09480469099698605,-0.07840709020918503,-0.059816179761869225,-0.05468353674912715
9084,-0.2229268001551729,-0.24084628927814747,-0.0640535943421563,-0.04883471099042104
9085,-0.24744113873056603,-0.18329802154516422,0.030870460445823755,0.0303780848079735
9086,-0.24036883411417143,-0.2865626212288502,-0.013876040703052726,-0.005669780072215092
9087,-0.17168989287099753,-0.07149891080540716,-0.1131121124406911,-0.10950135776312254
9088,-0.12005013279221748,0.028304138939452713,-0.07123034227567067,-0.05122198681030109
9089,-0.09641610217540508,-0.05699621019963593,-0.03761451463698486,-0.03592850108919459
9090,-0.07572140491181999,-0.3002446957715377,0.028125093252961714,0.02623019307093193
9091,-0.07133478559279041,-0.18635671868938553,0.0038494822595565633,-0.0011787174360657691
9092,-0.20220226194383928,-0.018023932440094294,-0.15536689445256782,-0.16117095878965113
9093,-0.014890632926501743,-0.24314404225478195,0.09126853868878876,0.08686699889588491
9094,-0.04808868729670854,-0.09101489063292649,0.05411655874190563,0.05383306973829489
9095,0.11566351347318789,-0.07710900898212526,0.121452657336397,0.12195995344812148
9096,-0.09007490077884871,-0.024678463788009905,-0.04440333024976873,-0.04428396645877472
9097,-0.029408254006147234,-0.259541643042583,0.12563039002118706,0.12309390946256453
9098,0.05510131001760615,-0.2993793082868311,0.21971889827220908,0.2229864820506699
9099,-0.18552117215242753,-0.13000208886634237,-0.03573453492882933,-0.04397063650741547
9100,-0.038464981647817136,0.2545731252424577,-0.19023604189669063,-0.18447673898123004
9101,-0.16388648503476466,-0.06053236250783325,-0.1276894154158336,-0.1306884306645579
9102,-0.08689683984363342,0.07745217988123301,-0.07627346244516724,-0.07399062994240696
9103,-0.2342663602996031,-0.2214198322938736,-0.0668735639043896,-0.06755990570260512
9104,-0.04680552654352302,-0.24756050252156006,0.12034854226970247,0.12437707021575004
9105,-0.07957088717137656,-0.2110799438990182,0.01675569216078302,0.0334367819521948
9106,0.04434364835427172,-0.2888305332577362,0.1590224105517591,0.1564113276237653
9107,-0.1994121333293545,-0.17943361881173342,-0.08148070782728059,-0.08582256572468741
9108,-0.11751365223359492,-0.14010324967920978,-0.048640744830055795,-0.04144907642266718
9109,-0.006833577034406612,0.0056399391244665925,0.08762794306347167,0.08076452508131657
9110,0.007057384142520366,-0.1691832532601235,0.10114589239354242,0.10398078242964995
9111,-0.1126048163289666,-0.18092566619915842,0.03179552982602726,0.03500343170899107
9112,-0.14614604159828115,-0.1324788875294679,-0.10402554385127269,-0.10080272149443466
9113,-0.008862761481304644,-0.09532690758258482,0.09922115126376413,0.09874369609978813
9114,-0.07754170272447852,-0.19762167646444445,0.01102623019307093,0.01899376324192056
9115,-0.04881979051654679,-0.29338127778938256,0.09808719524932111,0.10195159798275193
9116,-0.06603801736743159,-0.04173256542627793,0.10580108024230848,0.10398078242964995
9117,-0.08171943540926858,-0.005684700546089343,-0.10842708364417654,-0.10878517501715854
9118,0.03698785473426636,-0.24357673599713522,0.11387305660827786,0.11314195338843962
9119,-0.21674972397123327,0.09317835934469276,-0.23034227567067525,-0.23346065471039354
9120,-0.2047238220285876,0.005505654859598341,-0.09152218674465101,-0.09768434245471636
9121,-0.17656888782787739,-0.16785533108531525,-0.06848497508280861,-0.0673510190683656
9122,-0.021231834323058096,-0.13793978096744353,0.09404374682939928,0.10780042374145801
9123,-0.1508609113425442,-0.17304765599355434,-0.03612246724955984,-0.024305451941153647
9124,0.17840410611441015,-0.031139028975560257,0.2013965563546298,0.19741278983020497
9125,-0.16218555101310014,-0.27237325057443823,-0.04511951299573274,-0.039330369132523635
9126,-0.062337739846617515,-0.11523081973083464,0.1476828504073289,0.13300110411506666
9127,-0.008668795320939391,-0.12791322252394735,0.07537823401271224,0.07333412909193995
9128,-0.2318641640058488,0.042642714332607204,-0.20942377129897644,-0.2101101130971919
9129,0.06645579063591059,-0.42735221270627555,0.26054131479215775,0.24933603891259581
9130,-0.031482199874668014,-0.08837396675718419,0.15048789949568794,0.13768613291158124
9131,-0.1620512667482319,-0.2536928172838769,-0.024887350422249408,-0.026006385962818172
9132,-0.1503834561785682,-0.27729700695294074,0.08410671122914862,0.08313688042732235
9133,-0.05114738444092983,-0.11790158455432542,0.04218017964250544,0.05046104264271433
9134,-0.023022291187968124,-0.12475008206260628,0.06329265017456955,0.06957416967562888
9135,-0.06256154695473126,-0.3249530005072961,0.15990271851033988,0.15138312792814296
9136,0.06678404106114409,0.0515203962877861,0.01404016591566948,0.019277252245531316
9137,0.06776879233684462,-0.13525409567007846,0.09604309032854884,0.08903046760765121
9138,-0.15860463728328011,-0.12115424785891198,-0.03767419653248187,-0.03555548924233833
9139,-0.20749903016919816,-0.34839306496374317,0.04926740473277431,0.045268717734475244
9140,-0.0033869475694548053,0.07883978395153829,-0.060935215302438,-0.061875205156515754
9141,0.07846677210468203,0.0241711676762854,-0.002611082927993793,0.00019396616036525315
9142,-0.04289636238846945,-0.10593536450717674,0.011906538151651694,0.008370385843454387
9143,-0.07769090746322103,-0.27784906448628804,0.06473993614037181,0.0642326400286473
9144,-0.0917310733788905,-0.06518755035659932,-0.08776222732833994,-0.08212228820387334
9145,-0.19838262063203127,-0.18522276267494256,-0.09402882635552505,-0.09243233565098026
9146,-0.17373399779176982,-0.11664826474888841,-0.0800035809137298,-0.07924263674614306
9147,-0.10909850496851779,-0.2501119035540569,-0.00010444331711975173,-0.004610426427143326
9148,-0.12761481304646236,-0.17283876935931483,0.06932052161976664,0.07939184148488554
9149,-0.17097371012503354,-0.2969920324669511,0.004416460266778072,-0.00616215571006535
9150,-0.2716869087762227,-0.14814538509743067,-0.08154038972277759,-0.08818000059681894
9151,-0.12200471486974424,-0.08004834233535256,-0.06288979737996478,-0.05926412222852196
9152,0.05235594282474411,-0.14296798066306582,0.14404225478201185,0.14438542568111962
9153,-0.11193339500462533,-0.35321237802512595,0.05437020679776789,0.05536987854734266
9154,-0.06365074154755154,-0.24414371400435672,0.17033212974844078,0.1811196323595237
9155,-0.11634985527140342,-0.29969263823819037,0.09261138133747128,0.09431231535913581
9156,-0.11090388230730207,0.04601474142818775,-0.11921458625525945,-0.12157202112739098
9157,-0.00731103219838262,-0.12404881979051653,0.08773238638059144,0.08447972307600488
9158,-0.1588135239175196,-0.11629017337590641,-0.010056399391244666,-0.00844498821282564
9159,-0.1879830503416788,-0.15451642744173552,-0.11224672495598459,-0.11933395004625347
9160,-0.08750857927247768,-0.34161916982483354,0.08914983139864523,0.08718032884724418
9161,0.15478499597147202,-0.06870878219092237,0.0760496553370535,0.07954104622362804
9162,0.0024021962937542897,-0.04229954343349944,0.01914296798066306,0.02494703231774641
9163,-0.0244397362060219,-0.10335412252693144,0.020515651577094087,0.02442481573214765
9164,-0.2106024887350422,-0.3139267703142251,0.008146578735340634,0.000731103219838262
9165,-0.26689743666258836,-0.07727313419474201,-0.24409895258273395,-0.25643818447673894
9166,-0.41569932261048603,-0.05763779057622869,-0.22116618423801138,-0.2167795649189818
9167,-0.01891916087254931,-0.1210647250156665,0.06700784816925784,0.06823132702694637
9168,0.05410163826803139,-0.26873265494912113,0.17055593685655454,0.16919817373399776
9169,-0.2964101339858553,-0.09329772313568678,-0.1861329115812718,-0.2021127391005938
9170,-0.02224642654650711,-0.024215929097908144,-0.0241711676762854,-0.024215929097908144
9171,-0.11633493479752915,-0.09420787204201603,-0.02572289695920742,-0.021948017069022108
9172,-0.20919996419086268,-0.21049804541792247,-0.007549759780370624,-0.008280863000208886
9173,-0.11469368267136162,-0.04204589537763719,-0.1037868162692847,-0.10269762167646443
9174,0.1346423562412342,0.016785533108531526,0.1314344543582704,0.15656053236250783
9175,-0.0793470800632628,-0.09473008862761481,-0.03774879890185312,-0.0335263047954403
9176,-0.3912894273522126,-0.24563576139178175,-0.21721225866133503,-0.19903912148249828
9177,0.10192175703500342,-0.08692668079138191,0.10671122914863775,0.1062785354062845
9178,-0.1948017069022112,-0.26473396795082205,0.013861120229178476,0.017427113485124286
9179,-0.0759899734415565,-0.055907015606815665,-0.07916803437677179,-0.08452448449762762
9180,-0.22149443466324487,-0.2082002924412879,0.017591238697741037,0.01882963802930381
9181,0.05742890394198919,0.06778371281071886,0.05192324908239085,0.08340544895705886
9182,-0.26142162275073855,-0.031407597505296765,-0.15633672525439407,-0.15529229208319653
9183,-0.0950284981050998,-0.22614962251201096,0.03160156366566202,0.034227567067530065
9184,-0.07784011220196352,-0.06946972635850913,-0.052475306615738106,-0.05522067380860015
9185,-0.2268807257318492,-0.1224970905075945,-0.1794783802333562,-0.19029572379218762
9186,-0.29085971770463426,-0.31946226612157197,0.013547790277819221,0.0005222165855987585
9187,-0.0862701799409149,-0.027767001879979703,-0.06541135746471308,-0.04394079555966697
9188,-0.05571304944645041,-0.3156127838620154,0.1100832562442183,0.1137686132911581
9189,-0.01947121840589657,-0.02866223031243472,0.009623705648891406,0.008773238638059145
9190,0.03849482259556562,-0.2819372743278326,0.11294798722807435,0.11527558115245738
9191,-0.04277699859747545,-0.13911849840350926,0.023022291187968124,0.022649279341111873
9192,-0.11063531377756555,-0.2601086210498045,0.04720837933812777,0.04277699859747545
9193,0.07977977380561606,-0.2413386649159977,0.19653248187162423,0.20581301662140786
9194,-0.15511324639670554,-0.13674614305750346,-0.09483453194473455,-0.09475992957536329
9195,-0.3014681746292262,-0.32319238459013455,-0.07178239980901792,-0.07246874160723343
9196,-0.1406105457909343,-0.11272418011996058,-0.007803407836232878,-0.008340544895705886
9197,0.0047745516397600775,-0.16600519232490824,0.10817343558831427,0.11132165557578107
9198,-0.1137089313956611,-0.43691623645966987,0.1105010295126973,0.11814031213631343
9199,0.13213571663036017,-0.1558741905642923,0.2553489898839187,0.26021306436692426
9200,-0.032511712571991286,-0.24935095938647006,0.11557399062994239,0.10965056250186504
9201,-0.11752857270746916,-0.40764226671839093,0.06460565187550356,0.06318820685744977
9202,-0.257631822386679,-0.24682939930172176,-0.09555071469069855,-0.09680403449613557
9203,-0.14765300945958043,-0.26336128435439105,0.048610903882307294,0.04440333024976873
9204,-0.0804213541822088,-0.1106203933036913,0.0007012622720897614,0.0031929814090895527
9205,-0.09695323923487809,-0.24021962937542893,0.019560741249142068,0.01896392229417206
9206,-0.26894154158336064,-0.3191340156963384,0.05474321864462415,0.04883471099042104
9207,0.04001671093073915,-0.08397242696428038,0.06779863328459311,0.06678404106114409
9208,0.04667124227865476,-0.15206946972635849,0.10635313777565575,0.11170958789651157
9209,-0.04128495121005043,-0.0006415803765927604,-0.11799110739757093,-0.12916654232938435
9210,-0.1776431619468234,-0.4196234072394139,0.05083405448957058,0.04455253498851123
9211,0.13765629196383275,-0.18264152069469722,0.21876398794425708,0.22146459371549637
9212,-0.13741756438184474,-0.020739458685207837,-0.06336725254394078,-0.06271075169347377
9213,-0.06432216287189281,0.03822625406582912,-0.0612634657276715,-0.05663811882665393
9214,-0.05569812897257616,-0.30382560950135773,0.11925934767688219,0.12409358121213927
9215,0.06214377368625226,-0.17248067798633282,0.1442063799946286,0.15153233266688548
9216,-0.09940019695025513,-0.038271015487451876,-0.17013816358807554,-0.1644833039897347
9217,-0.048610903882307294,-0.3024529259049267,0.16115603831577688,0.16049953746530987
9218,-0.06960401062337739,-0.20787204201605441,-0.02518575989973441,-0.017486795380621287
9219,0.09005998030497447,-0.16485631583659094,0.18264152069469722,0.1808809047775357
9220,0.15690370326161554,-0.03865894780818238,0.1722419504043448,0.17386828205663807
9221,-0.18775924323356505,-0.21874906747038284,-0.05672764166989942,-0.041941452060517435
9222,-0.012652561845364207,-0.33130912237772664,0.15836590970129208,0.14642953060189187
9223,-0.09641610217540508,-0.27720748410969526,0.06056220345558174,0.07102145564143117
9224,-0.12101996359404371,-0.169630867476351,0.032407269254871536,0.04027035898660141
9225,-0.20062069171316876,-0.2553639103577929,-0.051057861597684336,-0.050252156008474824
9226,-0.12646593655814506,-0.12770433588970784,-0.05192324908239085,-0.052415624720241104
9227,-0.05192324908239085,-0.21640655307212556,0.04601474142818775,0.06479961803586881
9228,-0.05686192593476768,-0.1154247858911999,0.0765867923965265,0.07484109695323922
9229,0.005774223389334844,-0.1551580078183283,0.09195488048700426,0.10415982811614094
9230,-0.21210945659634148,-0.09162663006177076,-0.13016621407895912,-0.12827131389692936
9231,-0.076139178180299,-0.2710005669780072,0.06120378383217451,0.051028020649935835
9232,0.013264301274208466,-0.26770314225179787,0.2492465160693503,0.25070872250902687
9233,-0.2639730237832353,-0.1614544477932619,-0.14733967950822116,-0.14602667780728715
9234,-0.047103936021008014,-0.24277103040792572,0.10684551341350598,0.10542806839545223
9235,0.04388111366416997,-0.25554295604428395,0.10459252185849421,0.10511473844409296
9236,-0.003789800364059562,-0.01717346542926203,0.03873355017755364,0.033392020530572046
9237,-0.19316045477604366,-0.039091641550535634,-0.1752708066008176,-0.17828474232341618
9238,-0.23948852615559066,-0.21261675270806601,-0.1195875981021157,-0.12536182149145056
9239,-0.02445465667989615,-0.05892095132941421,0.06653039300528185,0.0672316552773716
9240,-0.20159052251499504,-0.2811315687386231,0.029796186326877735,0.03698785473426636
9241,-0.1265853003491391,-0.1619020620094894,-0.09796783145832709,-0.10272746262421292
9242,-0.09604309032854884,-0.09431231535913581,0.0122944704723822,0.006594849452418608
9243,-0.1441466980991316,-0.22401599474799314,-0.015039837665244244,-0.021455641431171853
9244,0.009459580436274656,-0.1009966876547999,0.07302079914058068,0.07527379069559248
9245,-0.14101339858553907,-0.30428814419145944,0.05380322879054637,0.048640744830055795
9246,-0.010324967920981169,-0.10344364537017693,0.028035570409716208,0.022932768344722625
9247,-0.07206588881262868,-0.20714093879621615,0.013532869803944969,0.011399242039927187
9248,-0.031332995135925516,-0.2869057921279579,0.19136999791113363,0.19868103010951624
9249,-0.036286592462176595,-0.0788099430037898,0.035615171137835334,0.03785324221897287
9250,-0.09065679925994449,-0.16176777774462114,0.07900390916415503,0.08312195995344811
9251,-0.06933544209364088,-0.09458088388887229,-0.03216854167288353,-0.029139685476410725
9252,0.011205275879561933,-0.16051445793918412,0.10147414281877593,0.10505505654859595
9253,0.09662498880964458,-0.2900390916415505,0.21033392020530567,0.20515651577094085
9254,-0.15908209244725607,-0.153054221002059,-0.09937035600250661,-0.09477485004923755
9255,-0.123362477992301,-0.19790516546805523,0.09162663006177076,0.09822147951418934
9256,-0.036495479096416095,-0.1630956999194294,0.03415296469815881,0.034242487541404305
9257,0.0031183790397183012,-0.07220017307749693,0.04779027781922353,0.04808868729670854
9258,-0.04556712721196024,-0.28147473963773084,0.09810211572319537,0.0912536182149145
9259,-0.10008653874847065,-0.20041180507892928,0.014651905344513737,0.027259705768255198
9260,-0.32295365700814654,-0.009519262331771656,-0.22626898630300496,-0.2267912028886037
9261,0.02255975649786637,-0.14532541553519737,0.06248694458536002,0.060547282981707494
9262,-0.17060069827817728,-0.15688878278774132,-0.03307869057921279,-0.036018023932440094
9263,-0.04779027781922353,-0.019709945987884572,-0.10727820715585926,-0.11448479603712211
9264,-0.013010653218346211,-0.13337411596192292,0.0796454895407478,0.08258482289397509
9265,-0.06860433887380263,-0.17312225836292558,0.01042941123810092,0.01272716421473546
9266,-0.036018023932440094,-0.1291516218555101,0.07140938796216167,0.06521739130434782
9267,-0.0860016114111784,-0.13890961176926978,0.04089701888931992,0.0278266837754767
9268,-0.032183462146757776,-0.004013607472173315,0.0017158544955387781,-0.012040822416519947
9269,0.012398913789501954,-0.14052102294768878,0.05011787174360657,0.05830921190056996
9270,-0.03768911700635612,-0.2595118020948345,0.050789293067947834,0.0308555399719495
9271,-0.13946166930261703,-0.10533854555220672,-0.038957357285667384,-0.038479902121691376
9272,-0.20148607919787528,-0.2902181373280415,-0.03607770582793709,-0.03927068723702665
9273,0.005684700546089343,-0.02628987496642893,0.08728477216436392,0.09193996001313001
9274,0.018262660022082298,-0.18377547670914024,0.10272746262421292,0.0985049685178001
9275,-0.2798782489331861,-0.26456984273820533,-0.05801080242308495,-0.053176568887827874
9276,0.05049088359046282,-0.12084091790755273,0.038464981647817136,0.039121482498284135
9277,-0.04725314075975052,-0.21546656321804775,0.10969532392348778,0.1126048163289666
9278,-0.17753871862970363,-0.11444003461549937,-0.08512130345259765,-0.07900390916415503
9279,0.15375548327414876,-0.12451135448061829,0.25214108800095486,0.24769478678642828
9280,-0.1404911819999403,-0.13144937483214464,-0.10087732386380589,-0.10034018680433288
9281,-0.055907015606815665,-0.19342902330578016,0.0035212318343230574,0.008116737787592133
9282,-0.0393751305541464,-0.21522783563605977,0.0396436990838829,0.036898331891020854
9283,0.07246874160723343,-0.20226194383933632,0.2094685327205992,0.2117961266449822
9284,-0.0888812628689087,-0.007654203097490375,-0.06769418996747335,-0.061472352361911
9285,0.03142251797917101,-0.1972188236698397,0.1775834800513264,0.19871087105726473
9286,0.08106293455880156,-0.04729790218137327,0.060278714451970986,0.05381814926442063
9287,-0.09425263346363881,-0.08485273492286115,0.061711079943899,0.04795440303184028
9288,-0.09082092447256125,-0.2526185431649309,0.03688341141714661,0.04040464325146966
9289,-0.02517083942586016,-0.1413864104323953,0.062039330369132506,0.06226313747724627
9290,0.09561039658619555,-0.28459311867744913,0.22159887798036465,0.21631703022888002
9291,-0.23872758198800392,-0.016770612634657275,-0.12937542896362386,-0.1419235474918683
9292,-0.11514129688758913,-0.2058279370952821,-0.02573781743308167,-0.02091850437169884
9293,-0.14898093163438866,-0.350287965145773,0.020500731103219837,0.03127331324042851
9294,0.008057055892095131,-0.23769806929068066,0.19505535495807344,0.18759511802094833
9295,-0.06685864343051534,-0.22101697949926885,0.061487272835785256,0.06839545223956311
9296,-0.0011787174360657691,-0.04046432514696666,0.006654531347915609,-0.002834890036107546
9297,-0.17849362895765566,-0.30677986332845925,0.10183223419175792,0.09868401420429111
9298,-0.07960072811912505,0.0522365790337501,-0.05058040643370833,-0.055907015606815665
9299,-0.28087792068276085,-0.1472352361911014,-0.1485034764704127,-0.15145773029751425
9300,-0.15280057294619676,-0.13034525976545014,0.011578287726418189,0.0038196413118080624
9301,-0.15770940885082507,-0.19017636000119362,0.028020649935841954,0.03319805437020679
9302,-0.08673271463101667,-0.2412491420727522,-0.017606159171615288,-0.022470233654620867
9303,-0.322028587627943,-0.17492763570170983,-0.20494762913670134,-0.20430604876010858
9304,0.0402106770911044,-0.000552057533347259,0.03610754677568559,0.034227567067530065
9305,-0.12428754737250453,-0.15733639700396881,0.011503685357046937,0.012563039002118706
9306,0.0764674286055325,0.05326609173107336,-0.0017755363910357791,0.0029393333532272982
9307,-0.040822416519948675,0.02326101876995613,-0.0396735400316314,-0.029602220166512486
9308,0.08333084658768762,-0.05174420339589984,0.07085733042881441,0.07767598698934677
9309,0.04482110351824773,-0.20197845483572555,0.16391632598251318,0.1632150637104234
9310,-0.10693503625675149,-0.2875772134522992,0.07225985497299393,0.076556951448778
9311,-0.12379517173465429,-0.09480469099698605,-0.0704992390558324,-0.06903703261615587
9312,-0.09838560472680613,-0.08292799379308285,-0.039524335292888894,-0.0397630628748769
9313,0.21654083733699378,0.09355137119154902,0.14541493837844288,0.14460923278923338
9314,-0.1921309420787204,-0.24456148727283575,-0.048327414878696545,-0.04479126257049923
9315,-0.2789084181313598,-0.2522902927396974,0.009325296171406403,0.014890632926501743
9316,-0.027871445197099456,-0.04121034884067917,0.059666975023126734,0.045492524842589
9317,-0.2421742114529557,-0.25061919966578133,-0.007296111724508369,-0.009802751335382411
9318,-0.05437020679776789,-0.12533198054370207,0.0041478917370415674,0.019292172719405566
9319,-0.007594521201993375,-0.22893975112649573,0.137193757273731,0.14410193667750887
9320,-0.1676315239772015,-0.07399062994240696,-0.12913670138163585,-0.12843543910954608
9321,-0.03492882933961982,-0.04250843006773894,-0.0034317089910775563,-0.013861120229178476
9322,-0.1687654799916445,-0.35003431708991073,-0.04610426427143326,-0.04878994956879829
9323,-0.08474829160574138,-0.14786189609381992,-0.03907672107666139,-0.030810778550326757
9324,0.009474500910148904,-0.07391602757303571,0.06311360448807854,0.07100653516755692
9325,-0.1949359911670794,-0.2783414401241383,0.10226492793411117,0.09537166900420757
9326,-0.04241890722449344,0.1959655038644027,-0.19304109098504965,-0.20609650562501863
9327,0.0016710930739160276,-0.14531049506132312,0.11630509384978065,0.107024559099997
9328,0.04644743517054101,0.07974993285786756,-0.004759631165885828,-0.004386619319029572
9329,-0.15106979797678372,-0.08826952344006445,-0.09834084330518335,-0.09975828832323713
9330,-0.19253379487332511,-0.25070872250902687,0.06851481603055712,0.05231118140312136
9331,-0.17218226850884782,-0.34076870281400135,0.12348184178329502,0.11684223090925365
9332,0.028527946047566467,-0.3266986959505833,0.166945182178986,0.168198501984423
9333,-0.029587299692638236,-0.07995881949210706,0.01714362448151353,0.01714362448151353
9334,-0.13516457282683297,-0.22783563605980123,0.06666467727015009,0.06679896153501834
9335,0.03503327265673957,-0.17433081674673986,0.04356778371281072,0.04474650114887648
9336,-0.1311062039330369,-0.14869744263077794,-0.048983915729163545,-0.053310853152696125
9337,0.1121572021127391,-0.039151323446032636,0.12176598728775626,0.122467249559846
9338,-0.14559398406493387,-0.17018292500969828,0.022112142281638863,0.032019336934141024
9339,-0.19527916206618717,-0.14790665751544269,-0.1144549550893736,-0.10753185521172151
9340,-0.08771746590671718,-0.2846229596251976,0.11190355405687682,0.11190355405687682
9341,-0.12707767598698932,-0.11253021395959535,-0.007176747933514366,-0.013562710751693472
9342,-0.05398227447703738,-0.11788666408045116,-0.02573781743308167,-0.028483184625943715
9343,-0.11211244069111635,-0.14014801110083255,0.08243561815523259,0.07842201068305929
9344,-0.10626361493241024,-0.06002506639610874,-0.06903703261615587,-0.06888782787741338
9345,0.15181582167049623,0.018725194712184055,0.06403867386828205,0.06703768911700635
9346,0.00544597296410134,-0.20636507415475513,0.051833726239145346,0.04485094446599623
9347,-0.00968338754438841,0.09077616305093847,0.0366745247829071,0.025618453642087667
9348,-0.13685058637462325,-0.07807883978395153,-0.03956909671451165,-0.03956909671451165
9349,-0.14137148995852106,-0.3605383306973829,0.044806183044373483,0.04250843006773894
9350,-0.04807376682283429,-0.2950076094416758,0.12719703977798333,0.11802094834531944
9351,0.05053564501208557,-0.20063561218704304,0.1618722210617409,0.16103667452478287
9352,-0.17404732774312912,-0.32829518665512814,0.06844021366118587,0.06547103936021006
9353,-0.2023216257348333,-0.2752529020321685,-0.05551908328608515,-0.05231118140312136
9354,-0.22713437378771145,-0.15200978783086147,-0.06824624750082062,-0.05062516785533108
9355,-0.05131150965354659,0.018710274238309805,-0.06597833547193457,-0.06814180418370086
9356,-0.1253170600698278,-0.3229088955865238,0.09437199725463279,0.08734445405986094
9357,-0.12586911760317507,0.05049088359046282,-0.1502044104920772,-0.13937214645937152
9358,-0.13744740532959324,-0.00040285279460475654,-0.137372802960222,-0.14656381486676015
9359,0.019709945987884572,-0.14064038673868282,0.07333412909193995,0.07239413923786218
9360,0.051908328608516595,-0.09522246426546506,0.03894243681179314,0.039449732923517646
9361,-0.1753006475485661,-0.16797469487630923,-0.08001850138760407,-0.07725821372086776
9362,-0.3239682492315955,-0.2571692876965772,-0.06557548267732982,-0.06603801736743159
9363,-0.053474978365312884,-0.06211393273850376,-0.016576646474292023,-0.019784548357255825
9364,-0.10533854555220672,-0.24474053295932677,0.034884067917997065,0.03340694100444629
9365,-0.11715556086061292,-0.27198531825370775,-0.006565008504670108,-0.0042970964757840695
9366,-0.13040494166094713,-0.24918683417385332,0.00544597296410134,-0.014323654919280235
9367,-0.12313867088418727,0.0029990152487242992,-0.20460445823759357,-0.20515651577094085
9368,-0.2539315448658649,-0.2510518934081346,-0.05369878547342662,-0.05302736414908537
9369,-0.07381158425591595,-0.2885321237802512,0.151681537405628,0.15341231237504102
9370,-0.23941392378621942,-0.20922980513861117,-0.02815493420071021,-0.031004744710692006
9371,-0.1603652532004416,-0.28126585300349133,0.0884634896004297,0.0831518009011966
9372,-0.08715048789949567,-0.02029184446898033,-0.06773895138909611,-0.0670824505386291
9373,-0.14220703649547908,-0.184058965712751,-0.03722658231625436,-0.04916296141565455
9374,0.13080779445555188,-0.2312673450508788,0.243024678463788,0.24872429948375155
9375,-0.14636984870639488,-0.045507445316463245,-0.10424935095938645,-0.10148906329265016
9376,-0.09180567574826173,-0.0829429142669571,0.010190683656112916,0.004058368893796066
9377,-0.15820178448867536,-0.01530840619498075,-0.051968010504013604,-0.05707081256900718
9378,-0.11794634597594818,-0.04511951299573274,-0.0011936379099400194,-0.0051326430127420835
9379,-0.1613052430545194,-0.05457909343200739,-0.1626779266509504,-0.15591895198591507
9380,-0.14214735459998207,-0.14617588254602965,-0.008877681955178896,-0.014099847811166482
9381,0.028199695622332963,-0.031004744710692006,-0.010757661663334426,-0.008071976365969381
9382,-0.1328966607979469,-0.2458744889737698,-0.03539136402972158,-0.023544507773566883
9383,0.026782250604279186,-0.36413416490107714,0.24314404225478195,0.24074184596102766
9384,0.18790844797230757,-0.15466563218047802,0.24955984602070955,0.2523648951090686
9385,-0.24224881382232696,-0.2045149353943481,-0.07991405807048432,-0.09459580436274655
9386,-0.06930560114589239,-0.16740771686908776,0.0183820238130763,0.017188385903136278
9387,-0.07840709020918503,-0.20005371370594727,0.03124347229268001,0.03943481244964339
9388,-0.13016621407895912,-0.53721166184238,0.23043179851392076,0.2552743875145474
9389,-0.15390468801289126,-0.2593178359344693,0.07879502252991553,0.08507654203097491
9390,-0.028871116946674224,-0.16857151383127925,0.058324132374444206,0.05920444033302497
9391,0.0017307749694130284,-0.15656053236250783,0.12160186207513948,0.13201635283936616
9392,-0.19305601145892393,-0.15247232252096324,-0.076676315239772,-0.07818328310107127
9393,-0.17801617379367968,-0.3171794336188117,0.0034018680433290554,0.0021783891856405357
9394,-0.09129837963653725,-0.05174420339589984,-0.039151323446032636,-0.037599594163110615
9395,-0.11496225120109813,-0.09478977052311179,-0.045238876786726744,-0.03619706961893109
9396,-0.18352182865327799,-0.04737250455074452,-0.17222702993047057,-0.17391304347826086
9397,-0.14440034615499386,-0.08394258601653187,-0.05066992927695383,-0.0487302676733013
9398,-0.1901465190534451,-0.1911611112768941,-0.07698964519113125,-0.07831756736593953
9399,-0.02032168541672883,-0.07448300558025721,0.07886962489928678,0.08812031870132193
9400,-0.16169317537524988,-0.25516994419742767,0.07073796663782041,0.06353137775655754
9401,-0.10269762167646443,-0.2746113216555757,0.04755155023723553,0.04859598340843304
9402,0.02185849422577661,0.03375011190355405,0.014651905344513737,0.014457939184148486
9403,-0.36971442213004685,-0.23626570379875264,-0.15042821760019096,-0.15978335471934585
9404,-0.13974515830622777,-0.3056011458923935,0.022858165975351372,0.03568977350720658
9405,-0.2002029184446898,-0.19545820775267822,-0.040658291307331916,-0.03807704932708662
9406,-0.014547462027393989,0.06430724239801855,-0.10032526633045864,-0.11115753036316432
9407,0.14814538509743067,-0.12118408880666048,0.10381665721703319,0.10281698546745843
9408,-0.0016710930739160276,-0.1446241532631076,0.04804392587508579,0.04541792247321774
9409,-0.16696010265286024,-0.13796962191519202,-0.047999164453463035,-0.03886783444242189
9410,-0.21157231953686845,-0.20664856315836586,-0.06651547253140759,-0.06709737101250335
9411,-0.2665542657634806,-0.1317925457312524,-0.10839724269642803,-0.11496225120109813
9412,-0.03255647399361403,-0.26944883769508515,0.1965474023454985,0.20948345319447342
9413,-0.030467607651219,-0.09186535764375875,-0.028289218465578463,-0.030885380919698006
9414,-0.08249530005072961,-0.3188206857449792,0.14469875563247886,0.14604159828116137
9415,0.025693056011458916,-0.20508191340156962,0.0183820238130763,0.029661902062009485
9416,-0.12221360150398375,-0.3578824863477663,0.03842022022619438,0.04033004088209841
9417,-0.09598340843305184,-0.17049625496105753,0.08361433559129836,0.08227149294261585
9418,0.011981140521022945,0.02781176330160245,-0.00735579362000537,-0.0024021962937542897
9419,-0.11485780788397838,-0.20491778818895282,0.021291516218555098,0.022813404553728624
9420,-0.13762645101608426,-0.08197308346513085,-0.016114111784190262,-0.014263973023783233
9421,-0.0889111038166572,-0.09795291098445284,-0.014189370654411983,-0.013323983169705466
9422,0.0007907851153352629,-0.40359881829846905,0.168377547670914,0.17543493181343436
9423,0.05613082271492942,0.11312703291456534,-0.03418280564590731,-0.0336755095341828
9424,-0.090507594521202,-0.16275252902032167,-0.05896571275103696,-0.0488496314642953
9425,0.1461908030199039,-0.31535913580615316,0.20063561218704304,0.21589925696040102
9426,-0.23745934170869262,-0.029512697323266984,-0.19295156814180417,-0.19011667810569663
9427,-0.25876577840112197,-0.2926203336217958,-0.09473008862761481,-0.0897466503536152
9428,-0.09010474172659722,0.0019545820775267817,-0.12883829190415086,-0.13307570648443792
9429,-0.28975560263793976,-0.1515174121930112,-0.08950792277162722,-0.0818686401480111
9430,0.09950464026737488,-0.07020082957834739,0.11153054221002057,0.11063531377756555
9431,-0.1793291754946137,-0.22389663095699916,-0.015696338515711256,-0.015726179463459757
9432,0.07333412909193995,-0.04229954343349944,0.04455253498851123,0.033153292948584046
9433,0.15475515502372353,-0.15565038345617854,0.2534839306496374,0.25023126734505086
9434,0.12913670138163585,-0.05947300886276147,0.1258243561815523,0.12037838321745097
9435,-0.024394974784399146,-0.06403867386828205,-0.009951956074124912,-0.017919489122974544
9436,0.042314463907373694,-0.22516487123631043,0.12442183163737278,0.12190027155262449
9437,0.10204112082599741,0.13747724627734173,0.0491181999940318,0.04440333024976873
9438,-0.13843215660529376,-0.005953269075825847,-0.14593715496404164,-0.14605651875503564
9439,-0.10554743218644622,-0.1621407895914774,-0.04829757393094804,-0.05716033541225268
9440,-0.11597684342454714,-0.036420876727044846,-0.016934737847274027,-0.017307749694130282
9441,-0.16424457640774667,-0.3098534809465548,0.08946316135000447,0.08998537793560323
9442,0.013935722598549728,-0.10141446092327891,0.011817015308406191,0.015323326668855
9443,-0.06673927963952135,-0.2503058697144221,0.05996538450061173,0.06353137775655754
9444,0.08634478231028617,-0.0971024439736206,0.08595684998955566,0.08455432544537614
9445,-0.16715406881322548,-0.13274745605920443,-0.13637313121064723,-0.1304795440303184
9446,-0.030810778550326757,0.03619706961893109,-0.10199635940437467,-0.09614753364566858
9447,-0.1272418011996061,0.012980812270597712,-0.0829429142669571,-0.08422607502014264
9448,-0.1825519978514517,-0.4365283041389394,0.11676762853988241,0.11148578078839783
9449,-0.0491778818895288,0.16293157470681266,-0.21340753782340122,-0.20639491510250363
9450,0.13040494166094713,-0.20448509444659957,0.21488466473695203,0.22174808271910712
9451,-0.07510966548297573,0.05098325922831308,-0.17773268479006893,-0.14877204500014918
9452,-0.0970726030258721,0.013577631225567722,-0.11373877234340961,-0.11497717167497239
9453,0.059532690758258476,-0.18261167974694872,0.19923308764286352,0.19924800811673776
9454,-0.009578944227268656,-0.22170332129748438,0.10254841693772193,0.11654382143176865
9455,-0.04634299185342126,-0.2349228611500701,0.09237265375548326,0.10053415296469816
9456,-0.008176419683089135,-0.21398943630449702,0.10599504640267374,0.09073140162931573
9457,0.14742920235146667,-0.25487153471994267,0.20305272895467158,0.19392139894363045
9458,-0.07482617647936497,0.20299304705917456,-0.19136999791113363,-0.1950105935364507
9459,-0.023022291187968124,-0.24396466831786576,0.1338068097042762,0.13358300259616243
9460,0.012473516158873205,-0.06371042344304854,-0.0007161827459640117,-0.003789800364059562
9461,-0.2216585598758616,-0.32077526782250604,0.06268091074572528,0.06333741159619229
9462,-0.10472680612336246,-0.3108979141177523,0.05542956044283966,0.04792456208409178
9463,-0.2373250574438244,-0.11884157440840319,-0.1156933544209364,-0.11554414968219391
9464,-0.14234132076034733,-0.4632807137954701,0.10918802781176327,0.08991077556623196
9465,0.05589209513294142,0.049864223687744305,0.044806183044373483,0.04899883620303779
9466,-0.06077109008982124,-0.14144609232789232,-0.04397063650741547,-0.04664140133090626
9467,-0.03913640297215839,0.022276267494255615,-0.06844021366118587,-0.06344185491331204
9468,0.0036107546775685597,-0.37186297036793886,0.25752737906955925,0.2522902927396974
9469,-0.13379188923040194,0.08076452508131657,-0.12931574706812687,-0.12931574706812687
9470,-0.11279878248933185,-0.20993106741070094,0.08940347945450745,0.08582256572468741
9471,-0.14086419384679655,-0.12416818358151054,-0.0860612933066754,-0.09837068425293187
9472,-0.01286144847960371,-0.09362597356092028,0.0892691951896392,0.10371221389991345
9473,-0.04580585479394825,-0.3129569395123989,0.1350601295097132,0.1592312971859986
9474,-0.1641699740383754,0.0215004028527946,-0.15773924979857357,-0.15703798752648382
9475,-0.15423293843812477,-0.20350034317089907,0.024021962937542895,0.01818805765271105
9476,-0.13913341887738354,-0.07792963504520903,-0.0059681895497000976,0.0011488764883172688
9477,-0.045388081525469234,-0.16885500283489,0.06538151651696457,0.06872370266479662
9478,-0.24950016412521256,-0.2436960997881292,-0.009937035600250662,0.0005669780072215093
9479,-0.07954104622362804,-0.23307272238966306,0.07236429829011369,0.08058547939482556
9480,-0.11814031213631343,-0.25409567007848166,0.08346513085255586,0.08703112410850167
9481,-0.021231834323058096,-0.2637939780967443,0.12630181134552831,0.13024081644833038
9482,-0.16737787592133924,-0.28477216436394015,0.0050729611172450825,0.003774879890185312
9483,0.07351317477843095,-0.15372564232640026,0.17195846140073406,0.16949658321148275
9484,0.0214108800095491,-0.09851988899167437,0.13798454238906627,0.14642953060189187
9485,-0.08947808182387872,-0.03568977350720658,-0.03146727940079377,-0.03509295455223658
9486,0.01586046372832801,-0.14662349676225714,0.04158336068753543,0.029080003580913727
9487,-0.20884187281788066,-0.06823132702694637,-0.09399898540777654,-0.09271582465459102
9488,-0.02381307630330339,-0.0024021962937542897,-0.020605174420339586,-0.018068693861717045
9489,-0.18226850884784096,-0.29902121691384914,0.03868878875593088,0.037196741368505856
9490,-0.18719226522634358,-0.06436692429351555,-0.07288651487571245,-0.0742144370505207
9491,-0.05662319835277968,-0.027244785294380944,-0.06869386171704812,-0.06815672465757511
9492,-0.06335233207006653,-0.09061203783832172,-0.03603294440631434,-0.04110590552355942
9493,-0.06299424069708454,-0.08671779415714241,0.02191817612127361,0.023216257348333377
9494,-0.08373369938229237,-0.2591686311957267,0.12483960490585179,0.12425770642475603
9495,-0.1196771209453612,-0.09969860642774012,0.02869207126018322,0.031034585658440507
9496,-0.15757512458595682,-0.19860642774014503,0.059308883650144716,0.06092029482856375
9497,0.03671928620452985,-0.3192384590134582,0.3112709259646086,0.3103607770582793
9498,0.09907194652502163,-0.15915669481662736,0.14663841723613139,0.14813046462355642
9499,-0.1927277610336904,-0.21469069857658674,-0.08625525946704066,-0.07804899883620303
9500,-0.23046163946166928,-0.08949300229775296,-0.13744740532959324,-0.13796962191519202
9501,-0.024887350422249408,-0.10089224433768015,0.0054012115424785885,0.004491062636149324
9502,0.09074632210318997,-0.4635791232729551,0.3343976604696965,0.3388141207364745
9503,0.11930410909850495,-0.09138790247978273,0.12443675211124704,0.1241234221598878
9504,-0.07931723911551429,-0.12779385873295332,0.021843573751902358,0.021097550058189845
9505,0.06739578048998836,0.058115245740204706,-0.039688460505505646,-0.03342186147832055
9506,0.046850287965145766,-0.12931574706812687,0.15703798752648382,0.15560562203455577
9507,-0.05072961117245083,0.11129181462803257,-0.13168810241413267,-0.12934558801587537
9508,-0.11915490435976245,-0.2056638118826654,-0.0019247411297782816,-0.0019247411297782816
9509,0.1126048163289666,-0.14492256274059262,0.10933723255050579,0.10466712422786546
9510,-0.05302736414908537,-0.25551311509653546,0.09413326967264479,0.10709916146936825
9511,0.035286920712601824,-0.11072483662081105,0.08519590582196888,0.0888514219211602
9512,-0.3863209095520873,-0.24951508459908683,-0.0966846707051416,-0.09869893467816535
9513,-0.1553370535048193,-0.0491181999940318,-0.14147593327564081,-0.13795470144131775
9514,-0.1663931246456387,-0.28281758228641335,0.031482199874668014,0.035510727820715585
9515,0.09243233565098026,-0.2485004923756378,0.1715854495538778,0.17151084718450657
9516,-0.26716600519232486,-0.1810599504640267,-0.14450478947211362,-0.13561218704306047
9517,-0.2067380860016114,0.07764614604159827,-0.2559458088388887,-0.24984333502432032
9518,-0.1955775715436722,-0.25324520306764936,-0.0578466772104682,-0.06512786846110231
9519,0.021112470532064095,-0.2679567903076602,0.17277908746381782,0.1685267524096565
9520,-0.05225149950762435,-0.0734982543045567,-0.028483184625943715,-0.022738802184357372
9521,0.11620065053266089,-0.16685565933574048,0.12983796365372563,0.1252872191220793
9522,-0.031691086508907514,-0.16655724985825549,0.05528035570409715,0.055563844707707914
9523,-0.10645758109277549,-0.09549103279520156,-0.0014920473874250244,0.005371370594730088
9524,-0.0005818984810957594,-0.22309092536778966,0.15963414998060335,0.15527737160932228
9525,-0.10548775029094923,-0.3169257855629495,0.053116886992330865,0.07785503267583777
9526,-0.017277908746381784,-0.2369371251230939,0.12436214974187577,0.12685386887887556
9527,-0.16858643430515352,0.07270746918922144,-0.15915669481662736,-0.16396108740413592
9528,-0.11600668437229565,-0.22400107427411894,0.03861418638655963,0.0399122676136194
9529,-0.019874071200501324,-0.14662349676225714,0.006206917131688101,0.0035659932559458083
9530,-0.1585747963355316,-0.15205454925248424,0.010056399391244666,0.013607472173316221
9531,-0.07497538121810747,-0.05150547581391184,0.023619110142938136,0.018143296231088298
9532,0.03203425740801527,-0.12060219032556471,0.09441675867625554,0.092477097072603
9533,-0.062248217003372026,-0.25026110829279935,0.09386470114290826,0.09265614275909402
9534,-0.17252543940795553,0.12545134433469604,-0.21640655307212556,-0.21546656321804775
9535,-0.025573692220464916,-0.28948703410820326,0.14055086389543728,0.13984960162334753
9536,0.025334964638476915,-0.1980394497329235,0.09095520873742949,0.09019426456984272
9537,0.03573453492882933,-0.07788487362358627,0.12357136462654053,0.12236280624272625
9538,-0.07282683298021543,-0.0887917400256632,-0.03464534033600907,-0.034570737966637816
9539,-0.0710960580108024,-0.05753334725910894,-0.06066664677270149,-0.05662319835277968
9540,-0.0007460236937125122,0.11060547282981704,-0.07099161469368266,-0.0647697770881203
9541,-0.0769448837695085,-0.2899197278505565,0.08280863000208885,0.07681059950464025
9542,-0.317791173047656,-0.2996777177643162,-0.1306585897168094,-0.11354480618304436
9543,-0.22647787293724445,-0.39891378950195444,0.05214705619050461,0.054295604428396635
9544,-0.06827608844856912,0.08256990242010086,-0.11675270806600815,-0.13235952373847393
9545,-0.19144460028050486,-0.07436364178926322,-0.1285846438482886,-0.13356808212228818
9546,-0.2097221807764614,-0.055936856554564166,-0.0609650562501865,-0.054221002059025386
9547,-0.09862433230879411,-0.20854346334039564,0.051281668705798096,0.05219181761212735
9548,-0.16218555101310014,-0.21430276625585626,0.07833248783981378,0.07836232878756227
9549,-0.053295932678821864,-0.17160037002775205,0.05083405448957058,0.05074453164632508
9550,-0.17074990301691978,-0.17052609590880605,-0.07009638626122765,-0.0678583151800901
9551,-0.008340544895705886,-0.12428754737250453,0.005177404434364835,0.01712870400763928
9552,0.028513025573692216,0.0152934857211065,0.03375011190355405,0.028020649935841954
9553,-0.1006385962818179,-0.06849989555668287,0.009489421384023155,0.008624033899316642
9554,-0.004953597326251081,-0.275282742979917,0.22218077646146037,0.2265823162543642
9555,-0.23768314881680638,-0.21106502342514394,-0.10501029512697321,-0.09640118170153084
9556,-0.2779385873295336,-0.3736235862851003,0.07733281609023901,0.07727313419474201
9557,0.12236280624272625,-0.0016860135477902774,0.09126853868878876,0.09328280266181252
9558,0.059637134075378226,-0.2839813792486049,0.18498403509295452,0.18037360866581117
9559,0.09261138133747128,-0.08076452508131657,0.09381993972128552,0.08431559786338812
9560,0.09857957088717137,-0.08940347945450745,0.13474679955835395,0.13519441377458147
9561,0.0983259228313091,-0.33487511563367245,0.2737011727492465,0.2812956939512399
9562,-0.09359613261317179,0.009310375697532151,-0.08550923577332814,-0.08631494136253767
9563,-0.1290024171167676,-0.10909850496851779,-0.04316493091820595,-0.04289636238846945
9564,-0.13088239682492314,-0.061546954731282265,-0.11727492465160694,-0.11352988570917012
9565,-0.0896869684581182,-0.14165497896213183,0.03249679209811703,0.02514099847811166
9566,-0.06311360448807854,-0.18951985915072658,0.0014025245441795229,0.0030139357225985493
9567,-0.11600668437229565,-0.22620930440750794,0.03607770582793709,0.03643579720091909
9568,-0.0727522306108442,-0.0881949210706932,0.012831607531855211,0.018158216704962548
9569,-0.12734624451672583,0.07966041001462205,-0.2261048610903882,-0.22174808271910712
9570,0.04635791232729551,-0.08010802423084956,0.11133657604965531,0.10232460982960817
9571,0.08683715794813641,0.013368744591328221,0.05959237265375547,0.07209572976037718
9572,0.059831100235743485,-0.043821431768672967,0.0636955029691743,0.06278535406284502
9573,-0.1762704783503924,-0.2946345975948196,0.06335233207006653,0.043120169496583205
9574,-0.1012354152367879,-0.0012980812270597711,-0.08907522902927395,-0.08498701918772938
9575,-0.15511324639670554,-0.053474978365312884,-0.06576944883769507,-0.06253170600698277
9576,-0.26659902718510337,-0.323401271224374,-0.09137298200590849,-0.08895586523827995
9577,-0.2535137715973859,-0.29629077019486133,-0.031303154188177015,-0.04155351973978693
9578,-0.2088269523440064,-0.059234281280773474,-0.10903882307302079,-0.1093969144460028
9579,-0.06039807824296499,-0.11955775715436721,-0.07278207155859269,-0.06641102921428783
9580,-0.03918116439378114,-0.2843693115693354,0.08598669093730416,0.08547939482557965
9581,-0.11436543224612812,-0.022485154128495118,-0.07827280594431678,-0.09643102264927933
9582,-0.06469517471874905,-0.22206141267046636,0.04901375667691205,0.05414639968965413
9583,-0.18447673898123004,-0.07288651487571245,-0.12943511085912088,-0.11985616663185221
9584,-0.1271373578824863,-0.1317925457312524,-0.061994568947509765,-0.06993226104861089
9585,0.0454626838948405,-0.024842589000626653,0.033153292948584046,0.033496463847691796
9586,0.045179194891229735,-0.11318671481006236,0.02078422010683059,0.0012234788576885199
9587,0.0888812628689087,-0.16245411954283664,0.16360299603115394,0.1621706305392259
9588,-0.09413326967264479,-0.12973352033660587,-0.06382978723404255,-0.058100325266330445
9589,-0.02297752976634538,-0.24299483751603948,0.026707648234907937,0.031482199874668014
9590,-0.1709289487034108,-0.21691384918385007,-0.03565993255945808,-0.04674584464802601
9591,-0.09877353704753662,-0.11133657604965531,-0.039419891975769145,-0.04185192921727194
9592,-0.09637134075378234,-0.07161827459640117,-0.0973710125033571,-0.10790486705857776
9593,-0.107024559099997,-0.08197308346513085,-0.03466026080988332,-0.04356778371281072
9594,-0.07463221031899972,-0.07789979409746053,-0.03448121512339231,-0.030273641490853747
9595,-0.04243382769836769,-0.18365611291814626,0.05065500880307958,0.05062516785533108
9596,-0.08955268419324997,-0.30785413744740525,0.09671451165289008,0.09693831876100382
9597,-0.04580585479394825,-0.09595356748530331,-0.013607472173316221,-0.015024917191369997
9598,-0.18898272209125358,-0.1932947390409119,0.030706335233207004,0.041374474053295925
9599,-0.013174778430962965,-0.049207722837277305,-0.02815493420071021,-0.053206409835576375
9600,-0.123362477992301,-0.11224672495598459,0.004968517800125331,-0.0058189848109575955
9601,-0.24520306764942848,-0.08421115454626837,-0.11455939840649339,-0.11387305660827786
9602,-0.004341857897406821,0.012921130375100712,0.04176240637402644,0.03743546895049386
9603,0.05874190564292321,-0.11127689415415831,0.04474650114887648,0.05096833875443883
9604,-0.0829429142669571,-0.15030885380919695,0.04356778371281072,0.03692817283876935
9605,-0.050416281221091576,-0.08067500223807106,-0.02943809495389573,-0.03149712034854227
9606,-0.14578795022529914,-0.3634329026289874,0.17533048849631463,0.17260004177732682
9607,-0.12128853212378024,-0.24896302706573958,0.021798812330279606,0.027259705768255198
9608,-0.005505654859598341,-0.09968368595386587,0.027871445197099456,0.03548088687296708
9609,-0.043582704186684966,-0.0884634896004297,0.006594849452418608,0.008862761481304644
9610,-0.13043478260869565,-0.28900957894422724,0.05062516785533108,0.043090328548834704
9611,0.03903195965503864,-0.16895944615200975,0.15280057294619676,0.15315866431917877
9612,-0.21946525021634683,-0.2230461639461669,-0.1224970905075945,-0.12430246784637879
9613,-0.1711975172331473,-0.011264957775058934,-0.17838918564053594,-0.17844886753603292
9614,-0.07327444719644295,-0.3369789024499417,0.11799110739757093,0.11637969621915191
9615,-0.18616275252902031,-0.24987317597206882,-0.10141446092327891,-0.1013249380800334
9616,-0.08465876876249588,-0.14165497896213183,-0.012160186207513949,-0.008997045746172896
9617,0.06366566202142579,-0.06280027453671928,0.15175613977499924,0.15208439020023273
9618,-0.08635970278416041,-0.13192682999612065,0.009787830861508159,0.009534182805645905
9619,-0.05348989883918713,-0.2963653725642326,0.09262630181134551,0.092477097072603
9620,-0.15160693503625672,-0.2421742114529557,0.07818328310107127,0.05738414252036644
9621,-0.07406523231177821,0.009071648115544149,-0.09480469099698605,-0.09863925278266836
9622,-0.06672435916564709,-0.0970726030258721,0.023783235355554887,0.021589925696040103
9623,-0.17069022112142276,-0.20948345319447342,-0.023290859717704632,-0.0427919190713497
9624,-0.37795052370863297,0.019277252245531316,-0.2542747157649726,-0.2635850914625048
9625,0.02006803736086658,-0.028960639789919723,0.034167885172033056,0.0399421085613679
9626,0.07051415952970666,-0.12312375041031302,0.16419981498612393,0.17228671182596758
9627,-0.03640595625317059,-0.15226343588672372,0.10407030527289546,0.10222016651248843
9628,-0.13064366924293513,0.04085225746769716,-0.1654382143176867,-0.16767628539882423
9629,0.08356957416967561,-0.21055772731341943,0.2579451523380382,0.2574080152785652
9630,0.010160842708364416,-0.26861329115812715,0.1357912327295515,0.13561218704306047
9631,-0.16548297573930945,-0.06536659604309032,-0.09969860642774012,-0.09555071469069855
9632,-0.1941452060517442,0.024633702366387154,-0.16706454596998,-0.16889976425651276
9633,-0.1695861060547283,-0.22831309122377721,-0.03270567873235654,-0.034540897018889315
9634,-0.2033063770105338,0.019396616036525316,-0.21319865118916173,-0.2201665124884366
9635,-0.1066963086747635,-0.37268359643102256,0.045298558682223745,0.07624362149741874
9636,0.0027006057712392942,-0.23559428247441136,0.051550237235534584,0.04741726597236728
9637,0.028125093252961714,-0.01769568201486079,0.0543403658500194,0.047014413177762525
9638,0.02545432842947092,0.06160663662677926,-0.03124347229268001,-0.030005072961117242
9639,-0.21310912834591625,-0.2183312942019038,0.00850467010832264,0.012831607531855211
9640,-0.15147265077138847,-0.04101638268031393,-0.0916117095878965,-0.08262958431559785
9641,-0.13993912446659304,-0.259362597356092,0.030870460445823755,0.03064665333771
9642,-0.04640267374891825,0.060412998716839236,-0.029751424905254988,-0.022664199814986123
9643,-0.1101727790874638,-0.3199695622332964,0.08289815284533436,0.08718032884724418
9644,-0.10223508698636269,-0.2072752230610844,0.052878159410342865,0.049983587478738316
9645,-0.19709945987884572,-0.32756408343528987,0.04064337083345766,0.042851600966846703
9646,-0.1260630837635403,-0.06738086001611411,-0.03801736743158962,-0.03725642326400286
9647,0.10398078242964995,-0.27241801199606097,0.23162543642386077,0.23081973083465127
9648,-0.1567097371012503,-0.272597057682552,0.09099997015905223,0.08364417653904686
9649,-0.10172779087463817,-0.17585270508191336,-0.03748023037211662,-0.03187013219539852
9650,-0.10460744233236847,-0.3224314404225478,0.05578765181582167,0.04437348930202022
9651,-0.1871475038047208,-0.24969413028557783,0.004804392587508579,0.010757661663334426
9652,-0.0670526095908806,-0.27425323028259374,0.19678612992748645,0.19615947002476794
9653,0.015770940885082508,-0.07502014263973023,-0.0060875533406941,-0.005087881591119333
9654,-0.23359493897526182,-0.2552296260929247,-0.027006057712392943,-0.03354122526931455
9655,-0.01911312703291456,-0.15089075229029272,0.03871862970367938,0.04464205783175673
9656,-0.0242606905195309,-0.12906209901226462,0.018575989973441554,0.01471158724001074
9657,0.1798961535018352,-0.03189997314314702,0.17539017039181162,0.17433081674673986
9658,0.07994389901823282,-0.0823460953119871,0.14384828862164661,0.1426844916594551
9659,-0.18120915520276917,-0.19177285070573838,-0.04401539792903822,-0.048775029094924045
9660,-0.1940407627346244,-0.039419891975769145,-0.10820327653606278,-0.11199307690012233
9661,-0.1223180448211035,-0.04819313061382829,-0.0797946942794903,-0.08609113425442391
9662,-0.1996657813852168,-0.12307898898869024,-0.04235922532899644,-0.041613201635283925
9663,-0.049774700844498816,-0.055131150965354654,-0.021470561905046103,-0.02042612873384858
9664,-0.019262331771657065,-0.19432425173823517,0.05560860612933066,0.04771567544985228
9665,-0.1586941601265256,-0.2965742591984721,-0.030407925755721994,-0.029826027274626236
9666,-0.09276058607621376,0.022201665124884366,-0.057652711050102945,-0.049953746530989815
9667,-0.16039509414819011,-0.03175076840440452,-0.15360627853540626,-0.14477335800185012
9668,-0.016546805526543522,-0.1352391751962042,0.07579600728119124,0.08449464354987912
9669,-0.05954761123213272,-0.21215421801796422,0.13622392647190473,0.13622392647190473
9670,0.05977141834024648,-0.019874071200501324,0.006251678553310852,0.018575989973441554
9671,-0.003491390886574557,-0.16325982513204618,0.14947330727223895,0.15793321595893883
9672,-0.08188356062188533,-0.32065590403151195,0.09210408522574676,0.0948792933663573
9673,-0.06606785831518008,0.0022977529766345377,-0.00916117095878965,-0.013264301274208466
9674,0.016875055951777025,0.00671421324341261,0.019993434991495324,0.022380710811375368
9675,0.004550744531646324,-0.11444003461549937,0.059607293127629725,0.07557220017307748
9676,-0.18456626182447552,-0.25372265823162543,0.06066664677270149,0.03930052818477515
9677,-0.02836382083494971,-0.23171495926710628,0.1368655068484975,0.1499656829100892
9678,0.036361194831547844,-0.17433081674673986,0.09619229506729132,0.09914654889439287
9679,0.03097490376294351,-0.025916863119572673,0.00856435200381964,0.016875055951777025
9680,-0.12227328339948074,-0.23250574438244154,0.043388738026319706,0.042985885231714954
9681,-0.09840052520068036,-0.2111694667422637,0.06177076183939601,0.06330757064844379
9682,-0.0464175942227925,-0.22392647190474765,0.08191340156963384,0.08289815284533436
9683,-0.08337560800931038,-0.10924770970726028,-0.06724657575124585,-0.051117543493181344
9684,0.06588881262868908,0.11679746948763091,0.05225149950762435,0.0519978514517621
9685,-0.23687744322759688,-0.12096028169854672,-0.12467547969323503,-0.12922622422488136
9686,-0.16579630569066872,-0.15063710423443047,-0.05680224403927068,-0.05714541493837843
9687,-0.06776879233684462,0.1157530363164334,-0.1251081734355883,-0.12906209901226462
9688,-0.17732983199546415,-0.16258840380770492,-0.11591716152905016,-0.1059204440333025
9689,0.04219510011637969,-0.2860851660648742,0.19942705380322875,0.2018143296231088
9690,-0.026409238757422935,-0.17747903673420665,0.057772074841096956,0.04925248425890005
9691,-0.051460714392289095,-0.046029661902062,0.01924741129778281,0.013383665065202468
9692,-0.1770165020441049,0.09847512757005161,-0.19418996747336692,-0.18866939213989434
9693,-0.16607979469427947,-0.22544836023992115,0.016427441735549518,0.016710930739160273
9694,-0.03671928620452985,-0.01028020649935842,-0.010668138820088923,-0.006460565187550356
9695,0.00367043657306556,-0.21369102682701197,0.14474351705410163,0.14008832920533554
9696,-0.03648055862254185,-0.019232490823908568,-0.08074960460744232,-0.08483781444898689
9697,-0.05195309003013936,-0.2149741875801975,0.029706663483632236,0.036167228671182584
9698,-0.10008653874847065,0.05507146906985765,-0.14402733430813758,-0.15399421085613677
9699,-0.09011966220047148,0.038673868282056635,-0.06118886335830024,-0.05681716451314493
9700,-0.0639043896034138,-0.28592104085225745,0.1273910059383486,0.12836083674017484
9701,-0.08307719853182535,-0.22312076631553815,0.0646205723493778,0.07464713079287398
9702,-0.006341201396556354,-0.19615947002476794,0.10216048461699143,0.11035182477395479
9703,-0.13441854913312046,-0.18414848855599653,0.018456626182447554,0.017352511115753033
9704,-0.14824982841455042,-0.3761899077914714,0.13580615320342573,0.13564202799080896
9705,-0.20527587956193485,-0.07224493449911969,-0.18643132105875682,-0.1842678523469905
9706,-0.07463221031899972,-0.026021306436692423,-0.02018740115186058,-0.021157231953686847
9707,0.151979946883113,0.011906538151651694,0.1191698248336367,0.11773745934170868
9708,-0.051117543493181344,-0.1741368505863746,-0.013204619378711467,-0.012637641371489955
9709,-0.426904598490048,-0.1513532869803945,-0.15820178448867536,-0.15955954761123212
9710,-0.02226134702038136,-0.04118050789293067,0.009996717495747662,0.010921786875951179
9711,-0.09881829846915936,-0.2490525499089851,0.043045567127211956,0.036420876727044846
9712,-0.13507504998358744,0.10794962848020051,-0.2062158694160126,-0.19544328727880395
9713,-0.12195995344812148,-0.15023425143982572,0.019441377458148067,0.025394646533973917
9714,-0.08164483303989735,-0.09638626122765658,-0.02809525230521321,-0.02818477514845871
9715,-0.060159350660976975,0.06702276864313209,-0.031049506132314757,-0.028677150786308968
9716,0.1136492495001641,-0.19090746322103191,0.16903404852138101,0.1728089284115663
9717,-0.01936677508877682,-0.18981826862821158,0.15894780818238785,0.16555757810868071
9718,-0.025200680373608664,-0.1918772940228581,0.05316164841395362,0.04805884634896004
9719,-0.10569663692518873,0.029915550117871743,-0.10214556414311718,-0.09601324938080033
9720,-0.13213571663036017,0.0035212318343230574,-0.092835188445585,-0.08829936438781294
9721,-0.05214705619050461,-0.23241622153919606,0.05417624063740264,0.05138611202291783
9722,-0.1942794903166124,-0.4178777117961266,0.1924591925039539,0.19298140908955264
9723,-0.05120706633642683,-0.11996060994897195,0.046850287965145766,0.03785324221897287
9724,-0.060069827817731486,0.04100146220643967,-0.0941929515681418,-0.09234281280773476
9725,-0.26192891886246306,-0.07792963504520903,-0.11355972665691862,-0.11156038315776907
9726,0.08355465369580138,1.4920473874250244e-05,0.15211423114798125,0.1443555847333711
9727,-0.010265286025484167,-0.24342753125839273,0.12731640356897733,0.1375220076989645
9728,-0.19592074244277996,-0.243024678463788,-0.06620214258004833,-0.08800095491032794
9729,-0.13335919548804867,-0.48214019277252246,0.1720927456656023,0.1791948912297454
9730,-0.10247381456835067,0.0016114111784190262,-0.11470860314523587,-0.11578287726418189
9731,-0.05571304944645041,-0.15702306705260954,0.02494703231774641,0.01836710333920205
9732,-0.1425949688162096,-0.1276595744680851,-0.11136641699740381,-0.11788666408045116
9733,-0.08292799379308285,-0.19639819760675598,-0.004073289367670317,-0.004953597326251081
9734,-0.04638775327504401,-0.33602399212198975,0.15103995702903522,0.16124556115902242
9735,0.01277192563635821,-0.21367610635313777,0.015457610933723252,0.018695353764435558
9736,0.12100504312016948,0.02646892065291993,0.07461728984512547,0.07597505296768224
9737,0.07430395989376622,-0.20136671540688128,0.154009131330011,0.14247560502521558
9738,0.17609143266390137,0.07234937781623943,0.13976007878010202,0.13862612276565903
9739,-0.22083793381277786,-0.22956641102921424,0.026409238757422935,0.028468264152069465
9740,-0.03189997314314702,-0.27340276327176144,0.12364596699591177,0.11512637641371487
9741,-0.18695353764435554,-0.015487451881471754,-0.15329294858404702,-0.14677270150099964
9742,-0.2291635582346095,-0.05089373638506758,-0.12824147294918084,-0.14196830891349105
9743,-0.12518277580495954,-0.06550088030795857,-0.10615917161529048,-0.13547790277819222
9744,-0.18564053594342153,-0.11646921906239739,-0.10551759123869772,-0.1197368028408582
9745,-0.02385783772492614,-0.19025096237056485,0.12012473516158871,0.12343708036167228
9746,-0.11705111754349316,-0.1624391990689624,0.0050431201694965825,-0.007176747933514366
9747,0.028856196472799973,-0.13692518874399448,0.17462922622422486,0.17727015009996716
9748,0.030586971442213,-0.07166303601802392,0.01645728268329802,0.014293813971531732
9749,0.16263316522932766,-0.15642624809763958,0.24226373429620118,0.2420548476619617
9750,-0.09441675867625554,-0.07806391931007728,0.030900301393572256,0.029035242159290972
9751,0.019709945987884572,0.061472352361911,-0.06484437945749157,-0.06606785831518008
9752,0.0023275939243830378,-0.0050729611172450825,0.05268419324997761,0.059502849810509975
9753,-0.15357643758765777,-0.12025901942645695,-0.007848169257855628,0.0003730118468562561
9754,0.1320312733132404,0.0024917191369997907,0.01650204410492077,0.0151741219301125
9755,-0.09384978066903403,-0.13349347975291692,0.009772910387633909,0.013905881650801226
9756,-0.20212765957446807,-0.3195667094386917,-0.0029094924054787977,0.019336934141028318
9757,-0.1377607352809525,0.0028199695622332962,-0.13899913461251528,-0.13601503983766522
9758,0.1354182208826952,0.09016442362209423,0.004341857897406821,-0.0025215600847482912
9759,-0.06833577034406611,-0.0763480648145385,-0.03445137417564381,-0.0368535704693981
9760,-0.12968875891498313,-0.09853480946554861,-0.07193160454776042,-0.0738563456775387
9761,-0.17427113485124288,-0.08943332040225595,-0.1502044104920772,-0.15341231237504102
9762,-0.10924770970726028,-0.11436543224612812,-0.0981767180925666,-0.10302587210169793
9763,-0.31324042851600964,-0.21782399809017933,-0.10275730357196143,-0.09325296171406404
9764,-0.1255259467040673,-0.16470711109784847,-0.03237742830712303,-0.008788159111933393
9765,-0.22080809286502937,-0.14165497896213183,-0.11520097878308615,-0.11520097878308615
9766,-0.13691026827012026,-0.32880248276685264,0.06227805795112051,0.062337739846617515
9767,-0.23407239413923783,-0.19533884396168416,-0.09120885679329176,-0.09117901584554325
9768,-0.1585747963355316,-0.07425919847214348,-0.0974903762943511,-0.09596848795917758
9769,-0.05068484975082807,0.0013130017009340216,-0.029661902062009485,-0.029497776849392733
9770,0.009340216645280652,-0.07840709020918503,0.0061173942884426005,0.0021187072901435347
9771,0.042851600966846703,0.04004655187848766,0.01593506609769926,0.013040494166094714
9772,-0.15870908060039984,-0.04613410521918176,-0.09438691772850705,-0.09911670794664437
9773,0.04474650114887648,-0.06875354361254511,0.042911282862343705,0.04841693772194204
9774,-0.17450986243323083,-0.003834561785682313,-0.06379994628629404,-0.05962221360150397
9775,0.011324639670555936,0.011861776730028945,0.06451612903225806,0.05663811882665393
9776,-0.057399062994240684,-0.11273910059383484,0.031541881770165016,0.04553728626421174
9777,0.015651577094088508,-0.35382411745397024,0.22244934499119687,0.2312971859986273
9778,-0.08422607502014264,-0.10882993643878128,-0.016322998418429765,-0.023425143982572883
9779,-0.03263107636298528,-0.08152546924890333,0.03452597654501506,0.04106114410193667
9780,-0.06129330667542,-0.16497567962758494,0.04740234549849302,0.0520873742950076
9781,-0.07075288711169465,0.07463221031899972,-0.14865268120915517,-0.13771597385932977
9782,-0.17236131419533882,-0.018575989973441554,-0.04176240637402644,-0.04813344871833128
9783,-0.0550863895437319,-0.31116648264748886,0.1809405866730327,0.18182089463161347
9784,-0.05323625078332487,-0.23328160902390255,0.09959416311062037,0.09829608188356061
9785,0.030393005281847744,-0.057249858255498186,0.06981289725761688,0.07060368237295216
9786,-0.10778550326758377,-0.1315538181492644,-0.024245770045656645,-0.0277073199844827
9787,-0.14722031571722716,-0.3063322491122318,0.13133001104115066,0.12774909731133058
9788,-0.0025663215063710418,-0.29082987675688576,0.16599027185103396,0.1752111247053206
9789,0.007504998358747873,-0.07570648443794574,0.008862761481304644,0.009250693802035151
9790,0.037032616155889105,-0.21661543970636504,0.18071677956491894,0.18049297245680518
9791,-0.13753692817283875,-0.152278356360598,-0.026647966339410932,-0.030393005281847744
9792,-0.14795141893706543,-0.39227417862791314,0.12770433588970784,0.13628360836740172
9793,-0.036495479096416095,-0.08070484318581957,0.12309390946256453,0.12319835277968426
9794,-0.16245411954283664,-0.21434752767747897,-0.053310853152696125,-0.04204589537763719
9795,-0.1372235982214795,-0.05423592253289964,-0.06275551311509653,-0.06681388200889259
9796,-0.14059562531706002,0.03237742830712303,-0.12664498224463608,-0.12682402793112707
9797,-0.11117245083703857,-0.12191519202649874,-0.03216854167288353,-0.038106890274835124
9798,0.22983497955895077,-0.09465548625824355,0.2437707021575005,0.2389364686222434
9799,-0.0522067380860016,-0.14801110083256241,0.030109516278236992,0.032660917310733784
9800,-0.1409089552684193,0.10360777058279369,-0.16336426844916593,-0.16973531079347076
9801,-0.07451284652800572,-0.22771627226880725,0.10002685685297363,0.09656530691414758
9802,0.08052579749932856,-0.14235624123422158,0.12624212945003133,0.12349676225716927
9803,-0.14932410253349643,-0.05536987854734266,-0.18605830921190053,-0.1846259437199725
9804,-0.11773745934170868,-0.006102473814568349,-0.04447793261913997,-0.033168213422458286
9805,-0.03536152308197308,-0.26440571752558856,0.1098445286622303,0.11120229178478706
9806,-0.14583271164692188,-0.4246963683566589,0.121512339231894,0.12027393990033121
9807,-0.15103995702903522,-0.12500373011846855,-0.0030288561964727993,-0.004953597326251081
9808,-0.03774879890185312,-0.16497567962758494,0.09753513771597384,0.09899734415565035
9809,-0.051699441974277095,-0.45828235504759623,0.21003551072782067,0.20688729074035386
9810,-0.2459640118170153,-0.31673181940258416,-0.09310375697532153,-0.09829608188356061
9811,-0.3243263406045776,-0.09461072483662081,-0.19924800811673776,-0.19354838709677416
9812,0.0020142639730237827,-0.23471397451583056,0.12389961505177403,0.1252573781743308
9813,-0.0579660410014622,-0.17376383873951834,0.07309540150995195,0.07196144549550892
9814,-0.08935871803288471,-0.16325982513204618,0.0458207752678225,0.04110590552355942
9815,-0.01962042314463907,-0.02193309659514786,-0.008728477216436393,-0.003715197994688311
9816,-0.20561905046104262,0.03254155351973978,-0.21795828235504755,-0.23841425203664465
9817,-0.06473993614037181,-0.2163617916505028,0.10545790934320072,0.09969860642774012
9818,0.10712900241711674,-0.02573781743308167,0.10389125958640445,0.09658022738802183
9819,-0.27583480051326426,-0.06515770940885082,-0.17231655277371605,-0.1737787592133926
9820,-0.09684879591775834,-0.14446002805049088,-0.016114111784190262,-0.02014263973023783
9821,-0.19081794037778635,-0.22553788308316666,-0.04740234549849302,-0.04216525916863119
9822,-0.17400256632150635,-0.1550386440273343,-0.04046432514696666,-0.03751007131986511
9823,0.0005968189549700097,-0.13073319208618064,0.07713884992987377,0.07240905971173643
9824,-0.2229268001551729,-0.336038912595864,-0.008683715794813642,-0.016114111784190262
9825,0.0005968189549700097,-0.17106323296827905,0.1303303392915759,0.1354182208826952
9826,-0.16475187251947118,-0.15863447823102858,0.04850646056518755,0.05714541493837843
9827,0.01924741129778281,-0.17354003163140458,0.09189519859150726,0.09474500910148904
9828,-0.11730476559935542,0.0522067380860016,-0.10247381456835067,-0.10693503625675149
9829,-0.20718570021783891,-0.1195875981021157,-0.1094864372892483,-0.1002805049088359
9830,-0.12218376055623524,-0.3540926859837068,0.18310405538479899,0.18279072543343974
9831,0.09094028826355523,-0.06345677538718629,0.20405240070424632,0.20405240070424632
9832,-0.0886723762346692,-0.3794127301483095,0.14463907373698187,0.14117752379815582
9833,-0.123362477992301,-0.27690907463221026,0.02869207126018322,0.02199277849064486
9834,0.047894721136343285,-0.3539733221927128,0.21310912834591625,0.2055593685655456
9835,0.011831935782280444,-0.14210259317835933,0.076676315239772,0.0736772999910477
9836,-0.07431888036764048,-0.10366745247829069,0.0021037868162692842,0.007549759780370624
9837,-0.07123034227567067,-0.06887290740353913,-0.049192802363403065,-0.03806212885321237
9838,-0.1408492733729223,-0.1001014592223449,-0.17667333114499714,-0.17498731759720687
9839,-0.0012980812270597711,-0.05023723553460058,0.046223628062427254,0.04446301214526573
9840,0.004998358747873831,0.023902599146548888,-0.0394049715018949,-0.04744710692011578
9841,0.05962221360150397,-0.10474172659723671,0.14220703649547908,0.14010324967920978
9842,-0.10371221389991345,-0.06738086001611411,-0.02506639610874041,-0.02514099847811166
9843,0.09878845752141087,-0.0546984572230014,0.11006833577034406,0.1133209990749306
9844,-0.07100653516755692,-0.2719554773059592,0.1012652561845364,0.09731133060786008
9845,-0.09960908358449463,0.015517292829220253,-0.13420966249888094,-0.13015129360508487
9846,-0.31726895646205716,-0.2760884485691265,-0.052848318462594364,-0.07549759780370624
9847,0.015905225149950762,-0.03674912715227835,0.031019665184566253,0.03375011190355405
9848,-0.08674763510489092,-0.11078451851630806,0.00790785115335263,0.0052818477514845865
9849,-0.06156187520515651,-0.24342753125839273,0.014413177762525736,0.014666825818387989
9850,0.009847512757005161,-0.03554056876846408,0.0489093133597923,0.04112082599743368
9851,0.12433230879412727,-0.09392438303840529,0.06484437945749157,0.08806063680582492
9852,-0.13088239682492314,-0.0667542001133956,-0.0818686401480111,-0.08362925606517262
9853,-0.026797171078153437,-0.3304288144191459,0.11615588911103814,0.13253856942496492
9854,-0.03242218972874578,-0.09064187878607023,0.09005998030497447,0.0925069380203515
9855,-0.1516516964578795,-0.06570976694219807,-0.08640446420578315,-0.08758318164184893
9856,-0.037599594163110615,-0.10724836620811075,-0.0018053773387842799,0.0015815702306705259
9857,-0.21307928739816773,-0.23817552445465662,-0.08616573662379515,-0.08471845065799288
9858,-0.2181373280415386,-0.011742412939034943,-0.16108143594640564,-0.15988779803646563
9859,-0.06691832532601234,-0.14545969980006562,0.03455581749276357,0.05064008832920533
9860,0.055534003759959406,-0.15511324639670554,0.10245889409447641,0.09623705648891406
9861,0.006818656560532362,-0.11382829518665512,0.04650711706603801,0.0432693742353257
9862,0.07360269762167646,-0.19936737190773174,0.19019128047506784,0.1881770165020441
9863,-0.03995702903524216,-0.20105338545552204,0.0634866163349348,0.07118558085404791
9864,-0.2595118020948345,-0.17977678971084118,-0.11606636626779265,-0.11506669451821788
9865,0.005923428128077347,0.05492226433111515,-0.009489421384023155,-0.019396616036525316
9866,-0.1614544477932619,-0.09414819014651903,-0.05538479902121691,-0.06050252156008474
9867,-0.03170600698278177,-0.06621706305392258,-0.006699292769538359,0.013592551699441973
9868,-0.09978812927098564,-0.20390319596550385,-0.05463877532750439,-0.05589209513294142
9869,-0.17844886753603292,-0.2505595177702843,0.018725194712184055,0.025588612694339166
9870,-0.10526394318283548,-0.0792575572200173,-0.11027722240458354,-0.10532362507833248
9871,0.10894930022977528,0.03845006117394288,0.10930739160275728,0.10862104980454178
9872,-0.03500343170899107,-0.27402942317448,0.09593864701142905,0.08982125272298648
9873,-0.1716152905016263,-0.2732386380591447,-0.014383336814777235,-0.010548775029094922
9874,-0.1334188773835457,0.05066992927695383,-0.13094207872042013,-0.12743576735997134
9875,0.025484169377219416,-0.21199009280534747,0.12282534093282801,0.1401629315747068
9876,0.0013130017009340216,-0.03398883948554206,-0.028319059413326964,-0.0365551609919131
9877,0.016740771686908774,-0.10420458953776371,0.11115753036316432,0.10647250156664974
9878,-0.09380501924741129,0.02451433857539315,-0.11796126644982244,-0.12886813285189935
9879,-0.09423771298976454,-0.027931127092596455,-0.05250514756348661,-0.06472501566649756
9880,-0.09282026797171077,-0.11670794664438541,0.00556533675509534,0.013771597385932975
9881,0.02990062964399749,-0.18944525678135535,0.0792277162722688,0.08521082629584315
9882,-0.28002745367192855,-0.20982662409358116,-0.10847184506579928,-0.11546954731282263
9883,-0.14716063382173017,-0.03913640297215839,-0.09271582465459102,-0.08989585509235773
9884,-0.051833726239145346,-0.11618573005878663,0.020888663423950345,0.019829309778878573
9885,-0.08339052848318461,-0.06893258929903613,-0.02078422010683059,-0.014845871504878993
9886,-0.10442839664587746,-0.21379547014413175,0.08991077556623196,0.09231297185998626
9887,-0.017113783533765033,-0.1321804780519829,0.07403539136402972,0.091402822953657
9888,0.0034018680433290554,-0.008400226791202886,-0.033063770105338536,-0.04495538778311598
9889,0.06089045388081525,-0.26212288502282827,0.1883859031362836,0.18707290143534955
9890,-0.031019665184566253,-0.17622571692876965,0.08004834233535256,0.08910506997702246
9891,0.07360269762167646,-0.018098534809465546,0.08530034913908864,0.08582256572468741
9892,-0.015159201456238247,-0.19220554444809163,0.10608456924591925,0.10680075199188324
9893,-0.14395273193876634,-0.016770612634657275,-0.1474739637730894,-0.15532213303094503
9894,-0.09981797021873413,-0.14064038673868282,-0.008251022052460385,-0.00854943152994539
9895,-0.11893109725164869,-0.36380591447584376,0.08225657246874159,0.08116737787592132
9896,0.023514666825818386,-0.2573334129091939,0.14287845781982034,0.14287845781982034
9897,-0.10802423084957177,-0.12018441705708571,-0.007415475515502371,-0.00487899495687983
9898,0.06645579063591059,-0.02270896123660887,0.1107099161469368,0.10899406165139802
9899,-0.17819521948017064,-0.021545164274417352,-0.04438840977589448,-0.050088030795858066
9900,-0.10111605144579391,-0.3077496941302855,0.10466712422786546,0.10162334755751841
9901,-0.1427143326072036,-0.27446211691683325,0.05428068395452239,0.05504162812210915
9902,-0.1418041837008743,-0.16685565933574048,0.021828653278028107,0.025200680373608664
9903,-0.15830622780579506,-0.09393930351227954,-0.0885231714959267,-0.08709080600399867
9904,-0.2065291993673719,-0.08382322222553786,-0.10512965891796722,-0.10219032556473992
9905,-0.04925248425890005,-0.08057055892095132,-0.010772582137208676,0.00028348900361075465
9906,0.015039837665244244,-0.004312016949658321,-0.01099638924532243,-0.02091850437169884
9907,-0.04056876846408641,-0.17804601474142817,-0.012757005162483959,-0.028826355525051472
9908,-0.05087881591119333,-0.30409417803109423,0.10125033571066216,0.11173942884426007
9909,-0.0398824266658709,-0.30918205962221357,0.14874220405240066,0.15709766942198083
9910,-0.07731789561636476,-0.25812419802452924,0.08644922562740591,0.08552415624720239
9911,-0.1334188773835457,-0.3452597654501507,0.030199039121482495,0.032750440153979286
9912,-0.02323117782220763,-0.14056578436931155,0.08823968249231594,0.09076124257706424
9913,-0.32462475008206254,-0.18951985915072658,-0.13425442392050368,-0.13537345946107246
9914,-0.09240249470323177,-0.11372385186953536,-0.03906180060278713,-0.03852466354331413
9915,-0.10244397362060217,-0.01936677508877682,-0.006729133717286861,-0.006729133717286861
9916,-0.05404195637253439,-0.06436692429351555,0.054012115424785886,0.045716331950702745
9917,-0.10615917161529048,-0.20805108770254538,0.03464534033600907,0.0394944943451404
9918,-0.0546984572230014,-0.11627525290203215,0.05578765181582167,0.06653039300528185
9919,-0.023783235355554887,-0.1439378114648921,0.10706932052161974,0.1002506639610874
9920,-0.09101489063292649,-0.1493390230073707,-0.00731103219838262,-0.008176419683089135
9921,0.058533019008683705,-0.21294500313329948,0.20427620781236008,0.17394288442600936
9922,-0.14450478947211362,-0.06955924920175463,-0.17055593685655454,-0.16488615678433943
9923,-0.05880158753842022,-0.016367759840052516,-0.11694667422637342,-0.12509325296171403
9924,-0.03267583778460804,-0.14535525648294587,0.11845364208767269,0.11694667422637342
9925,-0.08977649130136371,-0.36128435439109546,0.12824147294918084,0.138864850347647
9926,-0.10996389245322429,-0.14910029542538267,-0.01518904240398675,-0.015666497567962758
9927,-0.17583778460803914,-0.14799618035868817,-0.04176240637402644,-0.041643042583032426
9928,-0.20235146668258183,-0.17774760526394312,-0.1313150905672764,-0.12583927665542657
9929,-0.1097251648712363,-0.0818089582525141,-0.10148906329265016,-0.10360777058279369
9930,-0.05569812897257616,0.06296439974933603,-0.10501029512697321,-0.09384978066903403
9931,0.03586881919369759,-0.17412193011250035,0.13010653218346213,0.12419802452925903
9932,-0.09165647100951925,-0.07387126615141296,-0.027931127092596455,-0.024872429948375158
9933,-0.19868103010951624,-0.3278475724389006,0.0671122914863776,0.0646205723493778
9934,0.00790785115335263,-0.17903076601712867,0.08337560800931038,0.0733490495658142
9935,-0.02631971591417743,-0.20535048193130614,0.0665453134791561,0.07888454537316106
9936,-0.09537166900420757,-0.2885918056757482,0.06952940825400614,0.07003670436573065
9937,-0.1017427113485124,-0.12692847124824683,0.03291456536659604,0.02578257885470442
9938,-0.0335263047954403,-0.19891975769150427,0.05131150965354659,0.05129658917967234
9939,-0.1336874459132822,-0.18623735489839152,0.03801736743158962,0.0336755095341828
9940,-0.026722568708782188,-0.03594342156306884,0.06584405120706634,0.06344185491331204
9941,0.045089672047984246,-0.027632717615111452,0.0764077467100355,0.08574796335531615
9942,-0.06999194294410789,-0.2868311897585867,0.1261526066067858,0.12477992301035477
9943,-0.13346363880516843,-0.09170123243114199,-0.03375011190355405,-0.044627137357882485
9944,-0.004759631165885828,-0.15111455939840648,0.036286592462176595,0.04203097490376294
9945,-0.031437438453045266,-0.07513950643072423,0.010817343558831426,0.0014472859658022736
9946,-0.06436692429351555,-0.04455253498851123,-0.10251857598997342,-0.10226492793411117
9947,-0.1578586135895676,0.04262779385873295,-0.2218823669839754,-0.2224941064128196
9948,0.17395780489988358,0.006281519501059353,0.11497717167497239,0.1246008773238638
9949,-0.02072453821133359,-0.30154277699859744,0.14105816000716181,0.152278356360598
9950,-0.1411476828504073,-0.31182298349795584,0.030601891916087254,0.03163140461341052
9951,0.04501506967861298,-0.23322192712840556,0.12815195010593536,0.11694667422637342
9952,-0.024409895258273397,-0.10481632896660796,0.06720181432962309,0.056891766882516175
9953,-0.11752857270746916,-0.18675957148399028,0.04344841992181671,0.047014413177762525
9954,-0.10706932052161974,-0.17198830234848259,0.05086389543731908,0.05289307988421711
9955,-0.02091850437169884,0.05062516785533108,-0.010787502611082926,-0.008818000059681894
9956,-0.10484616991435645,-0.14156545611888632,-0.04881979051654679,-0.019292172719405566
9957,-0.1328966607979469,-0.2067380860016114,0.0946405657843693,0.09473008862761481
9958,-0.1350302885619647,-0.04095670078481692,-0.030945062815195008,-0.03267583778460804
9959,-0.12337739846617526,-0.07112589895855091,0.012413834263376201,0.0007460236937125122
9960,-0.09950464026737488,-0.0215004028527946,-0.06575452836382083,-0.0673510190683656
9961,-0.17822506042791916,-0.1493688639551192,-0.07393094804690996,-0.07376682283429321
9962,-0.09571483990331532,-0.14856315836590966,-0.06882814598191637,-0.0699024201008624
9963,-0.06308376354033003,-0.1252872191220793,-0.009713228492136908,-0.004177732684790068
9964,-0.15036853570469397,-0.18223866790009247,-0.02517083942586016,-0.021172152427561097
9965,-0.11520097878308615,-0.05301244367521112,-0.09262630181134551,-0.06491898182686281
9966,-0.03779356032347587,-0.14065530721255706,0.07396078899465847,0.0787204201605443
9967,0.16966070842409953,-0.12188535107875025,0.2788487362358628,0.27468592402494696
9968,-0.10941183491987704,-0.2711050102951269,0.06521739130434782,0.06954432872788038
9969,-0.168079138193429,-0.05989078213124048,-0.06418787860702456,-0.0733788905135627
9970,-0.16257348333383065,0.0009549103279520156,-0.15573990629942405,-0.15620244098952582
9971,-0.12030378084807972,-0.23020799140580703,0.023902599146548888,0.03127331324042851
9972,-0.09405866730327354,-0.2710453283996299,0.057309540150995195,0.05911491748977946
9973,0.07018590910447316,-0.10445823759362596,0.09547611232132731,0.09541643042583031
9974,0.05438512727164214,-0.2298200590850765,0.1924890334517024,0.1933842618841574
9975,0.11845364208767269,0.15457610933723254,-0.017248067798633283,-0.05053564501208557
9976,0.040628450359583415,-0.076079496284802,0.008176419683089135,0.002611082927993793
9977,-0.11485780788397838,-0.1955775715436722,0.05675748261764793,0.05163976007878009
9978,-0.16997403837545877,-0.1466085762883829,-0.09905702605114738,-0.09293963176270478
9979,-0.15068186565605324,0.01897884276804631,-0.11230640685148158,-0.11925934767688219
9980,0.0675300647548566,-0.06353137775655754,0.05061024738145683,0.05098325922831308
9981,-0.15499388260571154,-0.19847214347527675,-0.07030527289546715,-0.06875354361254511
9982,-0.21595893885589804,-0.2368177613320999,0.003909164155053563,0.0051923249082390845
9983,-0.21494434663244902,-0.2514547462027394,-0.07087225090268866,-0.07557220017307748
9984,0.12149741875801974,-0.061233624779923,0.1564710095192623,0.16091731073378887
9985,-0.15139804840201723,-0.08210736772999909,-0.10920294828563754,-0.1066963086747635
9986,-0.047387425024618776,-0.17063053922592578,0.029661902062009485,0.033153292948584046
9987,-0.19063889469129536,-0.23811584255915963,-0.035615171137835334,-0.03855450449106263
9988,-0.14560890453880812,-0.4258004834233535,0.1488317268956462,0.1412670466414013
9989,-0.2654053892751634,-0.1010862104980454,-0.11843872161379844,-0.13010653218346213
9990,0.016710930739160273,-0.03842022022619438,-0.05883142848616872,-0.05886126943391721
9991,0.13161350004476138,0.03192981409089552,0.14207275223061083,0.13846199755304225
9992,0.04100146220643967,-0.16203634627435765,0.04213541822088269,0.0397332219271284
9993,0.07267762824147293,-0.2729700695294082,0.1774044343648354,0.1792694935991167
9994,-0.009474500910148904,-0.23141654978962128,0.21088597773865295,0.20902091850437168
9995,-0.024394974784399146,0.04067321178120616,-0.0184715466563218,-0.0184715466563218
9996,-0.1676464444510757,-0.27264181910417473,0.007504998358747873,0.001894900182029781
9997,0.025394646533973917,-0.13318014980155768,0.1417743427531258,0.1407299095819283
9998,-0.0551460714392289,-0.18707290143534955,0.0551162304914804,0.05256482945898361
9999,-0.20572349377816238,-0.16425949688162095,-0.06092029482856375,-0.061994568947509765
10000,0.008131658261466383,0.0823162543642386,-0.04634299185342126,-0.046984572230014024
