galaxy,used_radius_arcsec,n_css,rayleigh_p,mean_PA_deg,Rbar,hemi_axis_deg,hemi_NA,hemi_NB,hemi_binom_p,hemi_dr_median_arcsec,hemi_ks_stat,hemi_ks_p,quad_chi2,quad_dof,quad_p,blue_axis_deg,blue_Rbar,blue_hemi_sumA,blue_hemi_sumB,blue_hemi_asym,blue_hemi_p_perm,blue_quad_p_perm,red_axis_deg,red_Rbar,n_boot_ok,ci_band,n_css_lo,n_css_med,n_css_hi,rayleigh_p_lo,rayleigh_p_med,rayleigh_p_hi,mean_PA_deg_lo,mean_PA_deg_med,mean_PA_deg_hi,Rbar_lo,Rbar_med,Rbar_hi,hemi_axis_deg_lo,hemi_axis_deg_med,hemi_axis_deg_hi,hemi_NA_lo,hemi_NA_med,hemi_NA_hi,hemi_NB_lo,hemi_NB_med,hemi_NB_hi,hemi_binom_p_lo,hemi_binom_p_med,hemi_binom_p_hi,hemi_dr_median_arcsec_lo,hemi_dr_median_arcsec_med,hemi_dr_median_arcsec_hi,hemi_ks_stat_lo,hemi_ks_stat_med,hemi_ks_stat_hi,hemi_ks_p_lo,hemi_ks_p_med,hemi_ks_p_hi,quad_chi2_lo,quad_chi2_med,quad_chi2_hi,quad_dof_lo,quad_dof_med,quad_dof_hi,quad_p_lo,quad_p_med,quad_p_hi,blue_axis_deg_lo,blue_axis_deg_med,blue_axis_deg_hi,blue_Rbar_lo,blue_Rbar_med,blue_Rbar_hi,blue_hemi_sumA_lo,blue_hemi_sumA_med,blue_hemi_sumA_hi,blue_hemi_sumB_lo,blue_hemi_sumB_med,blue_hemi_sumB_hi,blue_hemi_asym_lo,blue_hemi_asym_med,blue_hemi_asym_hi,blue_hemi_p_perm_lo,blue_hemi_p_perm_med,blue_hemi_p_perm_hi,blue_quad_p_perm_lo,blue_quad_p_perm_med,blue_quad_p_perm_hi,red_axis_deg_lo,red_axis_deg_med,red_axis_deg_hi,red_Rbar_lo,red_Rbar_med,red_Rbar_hi
SDSS J125939.47+275116.5,60.0,8,0.00025154367488148095,290.21126543913954,0.892985790491061,290.21126543913954,8.0,0.0,0.0078125,,,,12.0,3.0,0.007383160505359809,284.68188452752776,0.8849269704898315,4.279719701872347,0.0,1.0,1.0,0.7996001999000499,296.38375716075177,0.9122820619691584,1000.0,16-84%,8.0,8.0,8.0,-1.6681525298286245e-05,0.00013097486841400115,0.0006368784758752932,279.5979121430057,290.65739499748054,299.5585054432647,0.8639146617106426,0.9081720421764082,0.9440422988495638,279.5979121430057,290.65739499748054,299.5585054432647,8.0,8.0,8.0,0.0,0.0,0.0,0.0078125,0.0078125,0.0078125,,,,,,,,,,9.0,12.0,17.0,3.0,3.0,3.0,0.0007067423923370342,0.007383160505359809,0.029290886534888205,271.62393856670633,285.08547044889133,296.5349872210795,0.8677278465693612,0.9039979583557521,0.9415474532582521,3.4935749904779447,4.308584797997404,5.084737610095067,0.0,0.0,0.0,1.0,1.0,1.0,1.0,1.0,1.0,0.46,0.8,0.98,285.0677802511749,295.69924447119513,304.69489786006557,0.8809522361048053,0.9260176707768497,0.9588720745935848
LEDA 126771,60.0,1638,1.412900930136444e-42,39.049373002911295,0.2425481950743978,39.049373002911295,1061.0,577.0,2.6971814026792047e-33,5.589357450794964,0.14630094561064494,1.8964235180636631e-07,213.5897435897436,3.0,0.0,41.83082513660031,0.19450870312549326,525.9031880822367,321.5507565387587,0.24113691704493748,1.0,1.0,37.206828358420296,0.2871016551079934,1000.0,16-84%,1638.0,1638.0,1638.0,1.9293217667745828e-48,6.488526303320971e-43,4.988845175734205e-37,35.14031578822494,39.17921911096096,43.172888079757115,0.22590471770568538,0.24352561427784525,0.25898614376974377,35.14031578822494,39.17921911096096,43.172888079757115,1042.0,1061.0,1078.0,560.0,577.0,596.0,5.569729243258499e-38,2.6971814026792047e-33,1.8730461888478326e-28,3.9243183174674825,5.474283390911076,6.937646878430414,0.12783803125383697,0.1521767604627574,0.175695270387726,1.2258830005466585e-10,4.736020032303146e-08,8.128079001330352e-06,183.8649084249084,215.5726495726496,249.91833943833947,3.0,3.0,3.0,0.0,0.0,0.0,36.19138422975004,42.1612798541496,47.6927228132717,0.17516864504912208,0.19572575206714155,0.21338222142964836,515.9293523607939,529.2815433579485,540.8022349248942,307.38869003440664,318.5703141178469,330.9053634904565,0.22163160774613178,0.2479298790437564,0.27253521633516564,1.0,1.0,1.0,1.0,1.0,1.0,33.406783617315625,37.30473064889162,40.95638258964277,0.26751698740439456,0.28736113311028844,0.30806046080806854
SDSS J130033.33+275849.3,60.0,56,0.24908350796806503,87.50204323997639,0.15754631208999098,87.50204323997639,34.0,22.0,0.1408954235984807,1.9109166131565942,0.12299465240641712,0.9682072790019624,2.142857142857143,3.0,0.5432912450214109,82.3549767363657,0.20725600303213706,23.8751741915271,12.297037726609684,0.3200837286677547,0.06746626686656672,0.0384807596201899,93.12270422492122,0.07970669460692735,1000.0,16-84%,56.0,56.0,56.0,0.015916226182918932,0.13888060957092294,0.5001012486704504,55.74665646729329,89.30728150831658,125.2834499047832,0.11123857431873717,0.18775658635134437,0.27191368435494484,55.74665646729329,89.30728150831658,125.2834499047832,31.0,35.0,38.0,18.0,21.0,25.0,0.01045481832189218,0.08142681460950618,0.5044037600228255,-6.143788248606739,-0.34531009944737434,6.287708452667886,0.19444444444444445,0.2604166666666667,0.34375,0.07315456796799258,0.2903328897005457,0.6360887731466953,1.857142857142857,4.428571428571429,8.571428571428571,3.0,3.0,3.0,0.03556654007389515,0.21875073004155254,0.602579645949568,55.77210518564152,83.75194256074747,112.85432971379396,0.15085562253985546,0.23367255521270597,0.3175836897463291,20.729453193984078,23.700790329758497,26.822977349794517,9.573592209913647,12.236253971291866,14.95391358721572,0.17088459161758054,0.31958357362967693,0.46583164421350753,0.02,0.16,0.58,0.02,0.08,0.4,31.93066161839232,92.08115789870163,164.7091947574154,0.073734865666065,0.14692425575069834,0.2385417021008978
2MASX J12592536+2756038,60.0,378,0.0009259089569339364,85.45653102970755,0.13593430025654635,85.45653102970755,218.0,160.0,0.0033171143045398147,3.2134728439547686,0.10986238532110092,0.1962646024917558,9.619047619047619,3.0,0.02209804351891398,89.74572936063498,0.11509475176215384,119.25788671313634,94.70981658039025,0.11472792274201492,0.9615192403798101,0.9480259870064968,92.7878054490036,0.18089166627152242,1000.0,16-84%,378.0,378.0,378.0,1.0552938510684393e-05,0.0006120819798639098,0.013480253979994986,70.5366134508995,85.88270355831338,102.46236224365089,0.10673769131277337,0.13990419812991464,0.1741127616773518,70.5366134508995,85.88270355831338,102.46236224365089,208.0,217.0,227.0,151.0,161.0,170.0,0.00010903214719687772,0.004607088498085085,0.05688709939323303,-0.03338523000268415,3.5960209069913063,7.459572426179012,0.10895205250221955,0.14777424964284544,0.1928787018255578,0.0017308202296219225,0.030959719111567727,0.20295988592771022,5.957671957671957,11.481481481481481,18.296296296296298,3.0,3.0,3.0,0.00038209535964284225,0.009387874317381861,0.11368783495889401,71.00602057313267,90.32637241081545,111.87544302096273,0.08338495032173623,0.1207071937506804,0.15837233235555437,114.69080978731964,120.90364267131318,127.42153684752734,87.00569276173177,92.54638378908729,99.08513460596093,0.07660025884439357,0.13347487718101309,0.1852235430847919,0.46,0.88,1.0,0.64,0.92,1.0,79.03343813012816,93.07766291859633,106.6057924904361,0.1470704026623192,0.18514307295908516,0.2231918570492386
GMP 2550,60.0,165,0.05767694033491259,20.46443468316795,0.1314925469237966,20.46443468316795,98.0,67.0,0.01924201279261728,-11.649454833953811,0.23347547974413646,0.021215393124411452,5.884848484848485,3.0,0.11734899242946828,22.684590555565535,0.1172736667189952,57.703727072562145,39.70384318643779,0.18478937353907837,0.49075462268865566,0.9980009995002499,8.275802804261275,0.21035560202131354,1000.0,16-84%,165.0,165.0,165.0,0.002371846243446017,0.036729246759318115,0.24067592927010006,358.02488007309694,20.19478732107001,46.53340034634107,0.09290933823250971,0.14151094607365422,0.1913918382169537,358.02488007309694,20.19478732107001,46.53340034634107,91.0,98.0,105.0,60.0,67.0,74.0,0.0005722115632375066,0.01924201279261728,0.21278579701152142,-16.831181037403756,-12.795733131163919,-7.549581952452656,0.21240811975573728,0.2968826705940108,0.3768108396336072,1.6588436002229727e-05,0.0014205257671038008,0.050859261475764944,3.8484848484848486,8.115151515151513,13.698666666666666,3.0,3.0,3.0,0.0033454935466701798,0.0436908627635757,0.27829667567449323,354.60588498725303,22.422353420658055,54.74869608530804,0.07790328694518599,0.131017276854555,0.1853865349461975,52.590304294137894,56.995275926600634,62.13649473708323,35.17574660335912,40.3099851352241,45.17492941609172,0.08356230744314934,0.17383298396085717,0.27183929619208247,0.4,0.82,0.98,0.78,0.98,1.0,352.9220315377729,8.058826655146788,25.03851783955639,0.16031174497991701,0.21630585630538438,0.28112741991954954
SDSS J125942.36+280158.5,60.0,154,0.31779681334869986,161.57539203970794,0.08627737857014876,161.57539203970794,84.0,70.0,0.29481351399329186,4.919466027114595,0.16428571428571428,0.22734835751747684,2.6233766233766236,3.0,0.4534060537985759,162.20828035298166,0.07281082217189612,48.72846326078083,42.026293344227554,0.0738492412659218,0.816591704147926,0.9410294852573713,157.36995564185895,0.12170345931747918,1000.0,16-84%,154.0,154.0,154.0,0.02261614037402977,0.17956273883022386,0.6078090875108466,122.35872397088758,160.1019079188202,200.1174050297593,0.056860186638495354,0.10559792722800176,0.1568591975605024,122.35872397088758,160.1019079188202,200.1174050297593,81.0,87.0,93.0,61.0,67.0,73.0,0.012237048519511283,0.12547871343864211,0.572845968999708,-2.0298720880313987,3.439928280289493,8.785298480942235,0.1413167187035385,0.19390573346661472,0.2652821135742484,0.00805652045298223,0.10394483701420883,0.39845361643412364,1.7922077922077921,4.64935064935065,9.48051948051948,3.0,3.0,3.0,0.023539506046068026,0.19934918836370563,0.6166320739348246,113.08682496428446,161.63294441652386,210.48916739003403,0.052155427603911515,0.09883150583566769,0.15386960337597486,47.131267108601186,51.06361076668318,55.22724457620259,35.60048082083359,39.61920482616742,43.275808441963854,0.048090646052055916,0.12623010908804055,0.21226445583445994,0.24,0.62,0.92,0.3968000000000001,0.8,0.98,123.98206606618663,156.73260360628376,186.2873318776318,0.08038436993660131,0.1396592525261646,0.20209785041382458
[EDG2007] 265,60.0,72,0.059048467862755846,196.94438901741162,0.1982351536795918,196.94438901741162,44.0,28.0,0.07636915467183139,1.4345916647329702,0.12987012987012986,0.8936437840136305,5.888888888888889,3.0,0.11714294851589024,204.52853474776882,0.19780457698829973,30.784109574599036,17.881656784424177,0.26512379759910204,0.2753623188405797,0.8520739630184908,193.57263294620194,0.2085017416988192,1000.0,16-84%,72.0,72.0,72.0,0.0021791461892961233,0.03080727488182934,0.23123249679876298,172.27372573392142,196.79729219763612,221.91472346938735,0.1426112655715237,0.2198489810516734,0.2917576574316136,172.27372573392142,196.79729219763612,221.91472346938735,42.0,46.0,50.0,22.0,26.0,30.0,0.0012935849626762883,0.02446090732832437,0.1945051658673991,-4.326872468161707,1.3198455593460032,10.17692126380458,0.1875,0.2476485330974495,0.3190665597433841,0.05546861861868844,0.231694383450948,0.5491412732163043,4.555555555555555,8.555555555555555,13.924444444444438,3.0,3.0,3.0,0.003011943786854251,0.03582260915894264,0.20738806762077422,177.60121939211717,204.02430122677788,230.5422795858077,0.141660058982012,0.22208225505483098,0.29977623736493564,27.95772418127861,30.900538564471198,34.057268952308505,14.958979674016325,17.770179853766717,20.53432245582789,0.15821553357680218,0.2722782359822843,0.38644519717831,0.18,0.54,0.86,0.42,0.76,0.94,168.95420299307557,193.2471784379493,223.03477016846625,0.14082223202922695,0.22982076913075172,0.31804484460859905
SDSS J125926.45+275124.7,60.0,76,2.1244337834841282e-06,114.07879587996598,0.41457024745868004,114.07879587996598,53.0,23.0,0.0007645817391550476,10.047418496107511,0.33305988515176377,0.04279768384939107,60.526315789473685,3.0,4.537481501643015e-13,108.04311268393013,0.28585870090959536,25.638012222933966,13.868677070641981,0.29790740157530127,0.8285857071464268,0.9825087456271864,115.73988957674669,0.4522490140981568,1000.0,16-84%,76.0,76.0,76.0,6.034061244527281e-09,1.8074266804068694e-06,0.00015978496388057141,105.85185374249943,114.61020363378833,121.81976789367678,0.3391494051090234,0.41712728164738005,0.4990247163514902,105.85185374249943,114.61020363378833,121.81976789367678,50.0,54.0,57.0,19.0,22.0,26.0,1.4836899336372366e-05,0.0003129786008370502,0.007905180027859783,5.138014996705471,10.363025326477114,15.375345969803686,0.2758115234137688,0.37735849056603776,0.48705882352941177,0.000559748801932995,0.015844554210488207,0.14531040201215706,46.421052631578945,62.421052631578945,78.10526315789474,3.0,3.0,3.0,1.1102230246251565e-16,1.7863488466218769e-13,4.6149228882796933e-10,90.7135951689865,109.09767847171423,122.51458879720758,0.2106916315945271,0.2923812372239006,0.3854990902403567,23.028634719043243,26.28650972626172,29.437310840092156,10.308966637330288,13.167023088062024,15.972235170846474,0.1880699663591012,0.3305195458368573,0.4726135856582053,0.3,0.8,0.98,0.92,1.0,1.0,108.37397278739036,116.199564652412,123.41054922865862,0.36438555180600063,0.4561975546809618,0.5503918521427246
[EDG2007] 205,60.0,5,,,,,,,,,,,,,,,,,,,,,,,,,,,,,,,,,,,,,,,,,,,,,,,,,,,,,,,,,,,,,,,,,,,,,,,,,,,,,,,,,,,,,,,,,,,,,
SDSS J125928.50+280109.3,60.0,147,0.6107124747357633,359.50618548612914,0.057919073968426875,359.50618548612914,82.0,65.0,0.18676536981201722,0.8937499016569674,0.15478424015009382,0.3077142939308239,3.3401360544217686,3.0,0.34209540597819466,359.9173815428175,0.08240264638430689,48.64645006453715,37.43031126513382,0.1303039127650948,0.49525237381309345,0.3773113443278361,349.3705477736638,0.05669809187061557,1000.0,16-84%,147.0,147.0,147.0,0.08210601586300566,0.3520181683674156,0.7449869737685855,300.9983198117161,358.1441763036389,56.94180845944476,0.044750874962241276,0.08427653947733746,0.13040345938872877,300.9983198117161,358.1441763036389,56.94180845944476,76.0,82.0,87.0,60.0,65.0,71.0,0.031645409418021034,0.18676536981201722,0.6208422313416991,-7.801859678737645,0.7170506798495566,7.778743606273022,0.15608128034526164,0.21277419708705614,0.27968912245067323,0.005378726862836835,0.0643958072045574,0.3036670811670173,2.034013605442177,5.136054421768708,10.323537414965983,3.0,3.0,3.0,0.016009603291843946,0.16210139225200088,0.565377151429387,317.6873814316548,0.7835520009253969,47.453118718299436,0.05499589556718999,0.10204927486177584,0.1565012044996195,44.79714881115685,48.84268413317163,53.209647808694115,33.23881612740316,37.28668813081913,41.31859896536602,0.04907476810803495,0.13613617647891468,0.22649846037605353,0.14,0.46,0.82,0.1,0.36,0.76,286.3389468664284,348.63183599439776,54.61588155445861,0.047484864744177104,0.09449509868905877,0.1476249927831493
LEDA 1821898,60.0,616,4.919803992157499e-31,359.60332232720936,0.33658635157280636,359.60332232720936,433.0,183.0,2.5266236059936893e-24,7.219213224430042,0.21893259632251796,6.764706532223657e-06,102.24675324675324,3.0,0.0,358.68835137860594,0.3229184864315941,245.487426295114,103.1544068404767,0.4082499744064919,0.4097951024487756,0.6141929035482259,3.649504897641293,0.35578157669979316,1000.0,16-84%,616.0,616.0,616.0,4.7319889757289005e-36,5.136686897677278e-31,1.2249529608466441e-26,354.7682512871122,359.7390990341073,4.462856425738437,0.3112222676832784,0.33648265737998884,0.3633777289692752,354.7682512871122,359.7390990341073,4.462856425738437,422.0,433.0,444.0,172.0,183.0,194.0,1.1592845939298753e-28,2.5266236059936893e-24,2.167928685644442e-20,4.405167469815754,6.470602070503357,8.849948546684574,0.1834277205395845,0.21934044568857985,0.25542210465702914,6.444227475572571e-08,6.204623394861629e-06,0.0003006694847676699,87.30389610389611,104.17532467532467,122.66545454545454,3.0,3.0,3.0,0.0,0.0,0.0,352.89421879775,358.72710280397723,4.335279365507233,0.29741072867223217,0.3229798433156943,0.35177876194885593,236.41486103852296,244.47905709030002,252.0119317321627,96.91321349972804,104.1487588725096,110.95382384118737,0.3649639679006582,0.4018281771269457,0.441224172727444,0.2,0.58,0.88,0.24,0.61,0.88,359.0442589121217,3.771045873600883,8.383114271840952,0.32495831061516717,0.3546252221367644,0.3896761444715798
GMP 2710,60.0,0,,,,,,,,,,,,,,,,,,,,,,,,,,,,,,,,,,,,,,,,,,,,,,,,,,,,,,,,,,,,,,,,,,,,,,,,,,,,,,,,,,,,,,,,,,,,,
SDSS J130036.67+275427.4,60.0,46,0.1069904821421501,326.9723340410943,0.22028468782742103,326.9723340410943,32.0,14.0,0.011351591436778108,8.329747417727006,0.375,0.09676889702320847,3.91304347826087,3.0,0.27100825132729933,338.98937845078996,0.28037264118581606,16.49764114577913,8.298779593721884,0.33064697676291466,0.7556221889055472,0.09695152423788106,315.669787279962,0.20765273094034098,1000.0,16-84%,46.0,46.0,46.0,0.005651163789020979,0.05947189564526105,0.2987854160401318,295.042140487531,326.19031584487993,354.3317005179249,0.16240644385204514,0.24713864554759502,0.3325003457349124,295.042140487531,326.19031584487993,354.3317005179249,27.0,31.0,34.0,12.0,15.0,19.0,0.0016414913408482334,0.02589608179323477,0.3019956131896606,-3.681832167034471,3.585338220181484,12.303113974443434,0.29411764705882354,0.39250700280112044,0.49583333333333335,0.008164694583371082,0.07188172891838229,0.3053731111898883,3.0434782608695654,6.3478260869565215,10.549565217391299,3.0,3.0,3.0,0.014434407075934956,0.09586097691432316,0.3849701411156259,310.0204803774983,338.1576857716633,1.4913499481806411,0.21200606083711357,0.3067426180871835,0.40546713164990905,15.19346494888745,17.57210642268076,20.069475082929056,5.269699421079044,7.078000009668619,9.14125294472868,0.27116004320408954,0.4273938968190464,0.5691732211344143,0.1,0.36,0.74,0.02,0.12,0.44319999999999937,282.96626335236033,315.43189398516256,357.48367564311934,0.14240712751313692,0.25350126024029207,0.3563549372462044
LEDA 44609,60.0,0,,,,,,,,,,,,,,,,,,,,,,,,,,,,,,,,,,,,,,,,,,,,,,,,,,,,,,,,,,,,,,,,,,,,,,,,,,,,,,,,,,,,,,,,,,,,,
LEDA 1822726,60.0,292,0.0011676477607440322,320.99742269173817,0.15207203608866388,320.99742269173817,175.0,117.0,0.0008215005632187792,-1.6222571520548925,0.11643467643467643,0.26656522106386915,10.657534246575342,3.0,0.013729460592555864,327.8078118710874,0.1872591898877137,101.11320651926833,58.986402571126746,0.2631287121029512,0.0034982508745627187,0.019490254872563718,319.52196453285296,0.08482664473291322,1000.0,16-84%,292.0,292.0,292.0,1.3293597080996392e-05,0.0005834019089066144,0.016163750475918635,305.665873464922,320.77989932478476,336.632537042306,0.11885567630617207,0.15969409975951226,0.19609395366379997,305.665873464922,320.77989932478476,336.632537042306,168.0,177.0,185.0,107.0,115.0,124.0,5.855070030917541e-06,0.0003410907841792765,0.011727402986761715,-3.955338672972909,-1.2211393392594836,1.7150164171622175,0.0967387373819964,0.13153801843317972,0.17475003613556808,0.025028739858655617,0.1624598995225719,0.49558192244392624,6.927123287671233,12.972602739726026,19.94410958904109,3.0,3.0,3.0,0.00017440062632122726,0.004696324559665732,0.07425794587030747,314.7015384505273,327.5094021942522,341.47453070217057,0.1475051333095311,0.19510543099667876,0.23375255697332623,94.33741946711314,100.43436328303329,106.02700520645774,54.29069669576517,59.90146942239807,65.37805978462062,0.18528287710574276,0.25197528574224193,0.3169800612903837,0.02,0.04,0.26,0.02,0.04,0.22,287.95422467467097,317.60976564900864,350.77440186099966,0.05914311881038379,0.10022471415008483,0.1398580428280901
SDSS J130027.87+275916.2,60.0,48,0.4232883633524389,139.8915550726549,0.1342302551384107,139.8915550726549,30.0,18.0,0.11140289106101878,2.0022346552805033,0.1111111111111111,0.9965501754172914,2.1666666666666665,3.0,0.5385438054098628,112.55425758518118,0.06498861673614692,15.332323499082264,13.066675724667105,0.07977914139032247,0.9060469765117442,0.6601699150424788,153.96756701753452,0.19357722241099407,1000.0,16-84%,48.0,48.0,48.0,0.03993998857079274,0.2530895614557422,0.704872923138777,89.13064452238962,137.87173872506526,179.5106526346151,0.08572810719354568,0.16946858830237155,0.2581893364490026,89.13064452238962,137.87173872506526,179.5106526346151,26.0,29.0,33.0,15.0,19.0,22.0,0.01328328156224501,0.19341265286193737,0.6654658120766188,-8.976256391658119,0.8027647947164454,9.95364058579235,0.23333333333333334,0.34375,0.4729922373641538,0.007643004367031386,0.12834963789578013,0.5320111341450217,1.5,4.166666666666667,8.833333333333332,3.0,3.0,3.0,0.031590878969932845,0.24402044505670617,0.6822703303362125,24.815795213131707,106.88910141769611,186.56139946873952,0.0695496508106699,0.14196786295965907,0.22822740807558484,14.648858487187093,16.69798903102359,18.9141776143485,9.424530592077002,11.574009841186854,13.675941714431511,0.04989749486944296,0.18318730990238596,0.32624617452474514,0.2,0.62,0.94,0.16,0.56,0.9,115.30523142456337,151.36524084243717,183.48642983870866,0.10685279453568243,0.21752895539028855,0.34007314684622014
SDSS J130044.10+280215.4,60.0,99,0.6697217550523815,65.01259397276067,0.0636350821085236,65.01259397276067,57.0,42.0,0.15906965188123823,-1.397820683339738,0.13659147869674185,0.6958632368744612,6.575757575757576,3.0,0.08672221755642362,63.227282657338435,0.057557867709275144,36.28511353260181,25.470709472246146,0.17511553622249865,0.18640679660169915,0.29485257371314344,33.14063043270295,0.09368749708880025,1000.0,16-84%,99.0,99.0,99.0,0.07567870734062383,0.3707002437262915,0.7520786949646103,355.85084489371684,63.120305134830176,121.58813145078409,0.05364612570157325,0.10011919727515055,0.16147236636135676,355.85084489371684,63.120305134830176,121.58813145078409,52.0,56.0,61.0,38.0,43.0,47.0,0.026525106848394424,0.22762615711004688,0.6878853435796917,-5.425988143360561,0.7050968855125959,6.8345827530092365,0.16305858667884754,0.22333880229696473,0.3090844865815429,0.015203131818907022,0.152121965752407,0.481661890269985,4.555555555555556,8.838383838383837,14.427070707070705,3.0,3.0,3.0,0.002378105696896089,0.03151865405678356,0.20738806762077375,350.4129557146714,59.150777971087905,125.73345259519567,0.054443674164029496,0.1038757807842156,0.1662463163509944,31.87022002405294,34.91615375248443,38.483299640579354,23.209295565020366,26.612947121383776,29.604036382558323,0.044965603086402496,0.13162391753861363,0.23967393085734873,0.17680000000000007,0.56,0.8831999999999993,0.06,0.3,0.72,338.06214828856673,31.04188476083607,84.75314144802365,0.0680004868890257,0.13306698504906303,0.20221095157852334
SDSS J130042.51+280325.4,60.0,72,0.008289395963602102,193.72765658990045,0.25800458048653235,193.72765658990045,47.0,25.0,0.012774595538064901,0.6134795473564196,0.11659574468085106,0.9521357735909228,7.0,3.0,0.07189777249646512,192.33389775440628,0.2560363325783686,28.90693498321728,14.674596654896456,0.3265681079430924,0.3548225887056472,0.6466766616691654,184.54076932715225,0.26745711700129465,1000.0,16-84%,72.0,72.0,72.0,0.0001282977254819107,0.004848585807278344,0.07371819687211666,175.93480783343693,192.56562493985143,209.71349080788275,0.19030333292951881,0.2720584902733677,0.35279039128825795,175.93480783343693,192.56562493985143,209.71349080788275,44.0,48.0,52.0,20.0,24.0,28.0,0.00020771603022674048,0.006309827313666047,0.07636915467183139,-3.0328694505588527,0.6134795473564196,3.6776248335554556,0.16677681615525833,0.2256422116274105,0.3072259576830547,0.0823704320572481,0.3467627665499321,0.7105437125608467,4.555555555555555,9.222222222222221,15.444444444444445,3.0,3.0,3.0,0.0014736640128295564,0.026477675982590543,0.20738806762077422,174.05146616775914,190.87486865344908,210.48340302410645,0.18014111458375653,0.2704505480391937,0.36196021108194804,26.266487041728716,29.27459980378623,32.12027820867764,11.796989602687864,14.339886426804492,16.90375577227723,0.22659654376882238,0.3413846210300464,0.4561759869247123,0.14,0.5,0.84,0.24,0.62,0.92,160.52910669860705,182.83734967245368,203.02472008281393,0.2027405228503361,0.2899687995596598,0.3730263481229035
LEDA 126776,60.0,90,3.086678903421379e-06,91.62528556508084,0.37547621368057066,91.62528556508084,66.0,24.0,1.0902049191089246e-05,-3.605942608460836,0.1893939393939394,0.493583156664127,18.177777777777777,3.0,0.00040423178689408257,101.91412207872696,0.3501505882027445,41.00287922563356,14.872997323029573,0.4676415569042051,0.6921539230384808,0.8855572213893054,84.91494985431376,0.44373692192429337,1000.0,16-84%,90.0,90.0,90.0,8.750154431248133e-09,2.12328147140711e-06,0.00020029190970989288,82.14013661151142,91.57919552817174,102.06320601236018,0.30760380948670035,0.38097173398522877,0.45404811477084056,82.14013661151142,91.57919552817174,102.06320601236018,63.0,67.0,71.0,19.0,23.0,27.0,3.127182277340457e-08,3.7950491781678e-06,0.00018775579617929893,-7.642541957895256,-3.0123515725997905,3.4715052560234057,0.1838044871794872,0.2517845554834523,0.3469236471460341,0.027797907106673795,0.19571268795431687,0.5456940224561337,13.28888888888889,20.044444444444444,28.93333333333333,3.0,3.0,3.0,2.312838967011288e-06,0.0001661802101676768,0.0040517479645285626,90.88661059984383,102.76875764098247,114.33465745343506,0.2827043628776714,0.35675091869791864,0.43378845499645874,37.82656412937824,41.06711251118898,44.25186135722842,12.079937386903048,14.831128757955266,17.691905449463917,0.3700226772760436,0.4661601217657775,0.5671013171580739,0.34,0.74,0.96,0.34,0.86,1.0,76.97994703075346,84.86008113880985,94.50252394654433,0.364489834929784,0.4476778840296568,0.5280250359844966
LEDA 126788,60.0,184,0.34466509157228514,190.20719955271204,0.07608569548251397,190.20719955271204,101.0,83.0,0.2099955388881721,5.21079917463598,0.18179649290230226,0.08417567345964672,4.695652173913044,3.0,0.19548850316421484,178.86498970264006,0.07700277297657403,56.851397641127065,44.566637440409814,0.12112993700618133,0.5637181409295352,0.3568215892053973,195.95566853062013,0.10431116894614735,1000.0,16-84%,184.0,184.0,184.0,0.027956479025119798,0.20705912657300002,0.6194566628474647,145.9166358770409,188.60930763815304,229.2178333900115,0.05101750207267977,0.09251179583592264,0.13943032432629404,145.9166358770409,188.60930763815304,229.2178333900115,96.0,103.0,110.0,74.0,81.0,88.0,0.009683555095331005,0.12135284705944048,0.6059427533583797,-0.5151546821238229,4.242452118635438,8.087161745440984,0.14275856307435256,0.20871763659347348,0.2827725754503161,0.0012139809916606864,0.032501958896579516,0.28855696937419983,2.739130434782609,6.6521739130434785,12.391304347826088,3.0,3.0,3.0,0.006156147117900246,0.08385050699342128,0.4336183926819718,126.8180950600725,176.77168372986466,213.30886983692437,0.05173526903532392,0.09890916244354678,0.15282405348324446,52.33880197968903,57.53773127151639,62.62486112874486,38.634774771165944,43.84446831805944,48.626578010491734,0.04501739290737446,0.13382846164375842,0.23121310853859336,0.18,0.54,0.88,0.06,0.3,0.74,157.71349099717202,196.13290922894544,233.65914053193035,0.07110355458393255,0.12389254421581074,0.17831671857302117
LEDA 126769,60.0,183,2.226385156531753e-08,330.9231452882959,0.3102995334123324,330.9231452882959,122.0,61.0,7.655797273791237e-06,1.4090286181562277,0.19672131147540983,0.08205710069091014,43.07650273224044,3.0,2.370657337102955e-09,330.6460501593698,0.3019669525320477,77.40783047045053,39.13691984317239,0.3283795325339905,0.5712143928035982,0.7871064467766117,331.13406375837616,0.314675540210989,1000.0,16-84%,183.0,183.0,183.0,2.639965963656465e-11,1.357787797745112e-08,2.9064737690631883e-06,321.9941326012363,331.37168256586733,340.3347408195259,0.2639401884687696,0.3146237924175932,0.3648318229318253,321.9941326012363,331.37168256586733,340.3347408195259,117.0,124.0,131.0,52.0,59.0,66.0,4.7208028126810284e-09,1.7594609769434547e-06,0.0002007969509479453,-0.9098442208539438,1.8896968369033509,5.134782950031645,0.18368830425707616,0.22738095238095238,0.2798968092682261,0.003084503292964489,0.02541980597519698,0.11765149460786145,31.316939890710383,44.540983606557376,60.43868852459016,3.0,3.0,3.0,4.737632508522439e-13,1.1583359271760685e-09,7.289536942955976e-07,321.36917273319114,330.62729839337567,340.3417702217571,0.25137758055203563,0.3047318424055975,0.3599820425265347,73.79414057949809,78.72722145971463,83.62840430673116,33.07464802224487,37.917397619150734,42.83772827121447,0.2694974911838747,0.3479255414260825,0.4290414316106657,0.16,0.54,0.88,0.4,0.76,0.96,320.8269730805521,331.99588458552785,342.6446918983354,0.2638318442659499,0.32199015921569896,0.3734217569442112
SDSS J130004.03+280030.7,60.0,430,3.0655179004122556e-50,145.00295804560358,0.5149148453468523,145.00295804560358,336.0,94.0,5.422652505596349e-33,2.6839302194666033,0.162677304964539,0.03580068357973642,247.91627906976746,3.0,0.0,150.27874203800786,0.4867480347746344,180.7955874516054,55.51058097605039,0.5301808552403935,0.8200899550224887,0.9635182408795602,144.06541631810035,0.5288997572272266,1000.0,16-84%,430.0,430.0,430.0,3.0644805718873726e-56,1.9331478352919952e-50,1.0809087166409346e-44,141.9757004603522,145.06230310725698,148.0995787348986,0.48521450337906885,0.5159550347907832,0.5452221517049177,141.9757004603522,145.06230310725698,148.0995787348986,329.0,337.0,345.0,85.0,93.0,101.0,3.211608071175631e-38,1.5047422076569126e-33,2.94965147492942e-29,-0.04337958024711211,3.0517552943615414,6.959945075198121,0.14253838480646233,0.1827334782072218,0.22909805213399762,0.0006861272462515938,0.012838450020292422,0.09421895452702801,216.87479069767443,248.66046511627908,282.5142325581395,3.0,3.0,3.0,0.0,0.0,0.0,146.51725314412442,150.2620366439039,153.8759671159171,0.4527531596350098,0.48900922355064147,0.5226652589283346,175.19310852490406,181.77449011791975,188.72093940032036,49.08537324206293,54.21373765834929,59.99021429620418,0.49193433901477684,0.5406650703631196,0.5831317516393393,0.3,0.7,0.94,0.76,0.96,1.0,140.63361712348558,144.27995291582272,147.6112559693836,0.49403941243637406,0.529582550672362,0.5635219539528588
2MASS J13001763+2759145,60.0,98,1.232345593408384e-07,125.09410630414521,0.40291256345050924,125.09410630414521,77.0,21.0,1.0892545009628191e-08,9.396699819739862,0.18614718614718614,0.5573423696919017,24.04081632653061,3.0,2.4494604617619764e-05,123.08663486631292,0.3957325347766657,44.30089420730641,12.142262261394242,0.5697525432289573,0.496751624187906,0.5257371314342829,124.38023891218734,0.39436424298460254,1000.0,16-84%,98.0,98.0,98.0,8.464877057762178e-10,1.0225911290325478e-07,3.2375989457641394e-06,114.32478080571457,124.89932801890569,134.39897682228047,0.35914695254076556,0.40527004603981065,0.4616952801805306,114.32478080571457,124.89932801890569,134.39897682228047,74.0,77.0,80.15999999999997,17.840000000000003,21.0,24.0,1.4529345436337154e-10,1.0892545009628191e-08,4.2159207369916054e-07,-2.6945715114374567,7.100827418152312,12.318564354852176,0.18651079735330395,0.24861111111111112,0.34385992671552296,0.037547163114463926,0.23912526916566174,0.5566492034206983,18.97959183673469,26.0,34.99265306122449,3.0,3.0,3.0,1.2227397766739758e-07,9.53740694265015e-06,0.00027606816683101165,110.27582769580033,123.38480276164876,133.52537806197023,0.34794477457716516,0.40400022022740234,0.4585310271143812,41.00599070352764,44.29410696289652,47.15924741188388,9.760026440596342,12.093348984726855,14.776547883511396,0.4819119855615245,0.5725982702369178,0.6539260627662842,0.14,0.5,0.86,0.2,0.56,0.88,111.17536528188486,124.40084071848844,135.78965970361355,0.3424047336012189,0.4035981123243452,0.46647655889525375
SDSS J130037.31+275441.0,60.0,95,2.3511085718647144e-14,29.504351241354072,0.574743003000225,29.504351241354072,74.0,21.0,4.24989199238447e-08,13.882002807484696,0.5598455598455598,2.6935121288408172e-05,110.68421052631578,3.0,0.0,23.373056203451597,0.5723177184633048,34.479142787762584,8.972806173913337,0.5870009797798832,0.2518740629685157,0.5652173913043478,32.07496708653923,0.5913605285397315,1000.0,16-84%,95.0,95.0,95.0,3.842774789380162e-18,1.4993664726801222e-14,2.3159874204423758e-11,24.70039836482141,29.541115721982806,33.8598983779475,0.5077152428858892,0.5788479500991519,0.649699017060658,24.70039836482141,29.541115721982806,33.8598983779475,71.0,75.0,78.0,17.0,20.0,24.0,1.641548327293179e-10,1.1639663841105042e-08,1.4640982465812788e-06,8.997611927658474,14.322839827520127,20.16644028534503,0.49764240465416937,0.5889495275071424,0.6775105897686542,9.133058933095915e-08,1.2483817531373398e-05,0.000623090973426749,91.31578947368423,111.52631578947368,136.55031578947367,3.0,3.0,3.0,0.0,0.0,0.0,17.287358451061664,23.633964057724484,28.833120098137897,0.49481917898392663,0.5793948496680899,0.6563250158050024,31.241323023495074,34.22657293901051,37.59511100566718,6.950553854096735,9.107741998990155,11.225509475715928,0.48401211729088883,0.5829657707347748,0.6752749798033829,0.12,0.42,0.8,0.24,0.6,0.94,26.383549895234864,32.38592426532705,37.24343042944673,0.5116713330319644,0.5943160240181371,0.6821308264829421
LEDA 44652,60.0,643,6.168328749478646e-46,283.6539452742679,0.40236371270240434,283.6539452742679,503.0,140.0,6.214712296072121e-49,4.261039635909427,0.18315819369497302,0.0010819693237741046,186.045101088647,3.0,0.0,284.6655064385601,0.3824288231138043,276.49571164443705,83.37778573896973,0.5366272518248844,0.9920039980009995,0.9940029985007496,282.3683115401906,0.4410422566287648,1000.0,16-84%,643.0,643.0,643.0,1.2130648320486457e-51,6.446806615499995e-46,9.21752423068083e-41,280.0445466220689,283.6038230285184,287.36077656099474,0.37863815541222395,0.40227846788072114,0.427002101674021,280.0445466220689,283.6038230285184,287.36077656099474,490.0,501.0,513.0,130.0,142.0,153.0,1.0824426183149419e-54,7.892848181036697e-48,4.9347114904262864e-42,2.854356994505842,4.255706135753304,7.55792204485719,0.15541162916959095,0.19726277831827024,0.24293990363809467,3.164838698562229e-06,0.0002826136011806476,0.009235126447106298,166.09710730948677,186.4867807153966,208.2156765163297,3.0,3.0,3.0,0.0,0.0,0.0,280.49982145596186,284.6502052842276,289.0958796225225,0.3554032948067525,0.3827367150379707,0.4087847628366005,267.5967404923951,276.12520603519044,283.85559682650324,77.13439069801689,84.60523607726898,91.53818085547697,0.49272849741003966,0.5302062690490477,0.5689539778687546,0.92,0.99,1.0,0.96,1.0,1.0,278.5566230784202,282.23049431379786,286.60962059202654,0.4159631524738012,0.4424588767964037,0.4682192963435794
2MASX J12594422+2752037,60.0,0,,,,,,,,,,,,,,,,,,,,,,,,,,,,,,,,,,,,,,,,,,,,,,,,,,,,,,,,,,,,,,,,,,,,,,,,,,,,,,,,,,,,,,,,,,,,,
LEDA 44651,60.0,1422,2.6437553031710963e-35,251.28144189086382,0.23662280137411973,251.28144189086382,924.0,498.0,6.890289521093635e-30,4.509734622662798,0.11345381526104417,0.0004327484556065802,155.37834036568216,3.0,0.0,250.7756737772451,0.21923762847866798,472.44551546657874,271.78229039358473,0.26962607886045253,0.9250374812593704,0.9825087456271864,251.0483605590553,0.25188623893488854,1000.0,16-84%,1422.0,1422.0,1422.0,1.0544677489223568e-40,2.1444834914783383e-35,3.94646055027562e-30,247.19616398645917,251.26584801947854,255.61792239935426,0.21820258068513199,0.23693590612658666,0.25442754538564316,247.19616398645917,251.26584801947854,255.61792239935426,902.0,921.0,937.16,484.84000000000003,501.0,520.0,1.5237576903000748e-33,4.3812838630759873e-29,2.8402803721962467e-24,3.5839275364320575,4.6461591639023965,5.661162061590982,0.10330790565479621,0.1279898521221113,0.15050967741146037,6.581878571811658e-07,4.3438525069639914e-05,0.0017538059728417364,130.29682137834038,155.3052039381153,183.17288326300985,3.0,3.0,3.0,0.0,0.0,0.0,245.42695692610528,250.7129738589215,256.1207557975265,0.19991489164025486,0.22056309248981612,0.23929982137582265,459.58571493462046,472.4013507321889,484.16115367558865,261.118682873503,272.3025633654744,283.099832070476,0.24117678439760218,0.268654506169845,0.296673091859544,0.66,0.94,1.0,0.84,0.98,1.0,246.71930557927226,251.283875903938,255.62233053168188,0.22972385714091703,0.25184570359577085,0.2728352089889723
LEDA 44692,60.0,390,9.474019613247675e-55,41.05217248916898,0.5647636829137881,41.05217248916898,329.0,61.0,1.5305996039869846e-45,5.093907728381552,0.16159250585480095,0.12022383764580782,259.2307692307692,3.0,0.0,40.83541930545027,0.5448851798748819,182.60515974131556,36.286442728144415,0.6684528568590735,0.8995502248875562,0.9785107446276862,42.11451924747615,0.5966182409471134,1000.0,16-84%,390.0,390.0,390.0,1.7568996953639264e-60,5.8175608193338575e-55,4.4027183267393925e-49,38.12516439285707,41.31546620287486,44.36545549327292,0.5343226437835508,0.5658697451643057,0.5939688690120919,38.12516439285707,41.31546620287486,44.36545549327292,321.0,328.0,336.0,54.0,62.0,69.0,7.19726326594967e-51,8.157817932327064e-45,5.9323021203538915e-40,2.0462511664551393,4.609906011482426,7.8787150164580595,0.1407882977237816,0.19076923076923077,0.24711316467688454,0.0026233961144686677,0.03783157352200241,0.24231953911941703,227.2036923076923,261.46666666666664,295.96758974358977,3.0,3.0,3.0,0.0,0.0,0.0,37.5284974192233,41.05413670841324,44.75973992592469,0.5131431886141986,0.546768269703153,0.5782040896535601,176.511498790189,182.26045058512855,188.45876277959874,32.02932253801629,36.5716428379538,41.4445238511876,0.6224545623646677,0.6660990204102313,0.7071787248836651,0.64,0.9,1.0,0.84,0.98,1.0,39.05010947054433,42.41864656818893,45.562677072813585,0.5642730496858921,0.5986463836943612,0.6295312291779148
NGC 4871,60.0,1054,4.758710073928234e-46,77.33396760033139,0.31466215978392814,77.33396760033139,731.0,323.0,5.897176205316787e-37,3.716985793246245,0.1193030455756354,0.003062373095316806,179.65464895635674,3.0,0.0,75.5201604223725,0.29255368157425204,384.01805687748043,179.73933502236753,0.3623521833863656,0.9885057471264368,0.9885057471264368,79.2111146570063,0.3455382519515941,1000.0,16-84%,1054.0,1054.0,1054.0,1.6662472757100301e-52,2.8439613458577983e-46,1.0887457262122077e-40,73.7527505645736,77.27161019384721,80.73073376268462,0.2954725705927026,0.3154375959833695,0.3363272871916984,73.7527505645736,77.27161019384721,80.73073376268462,720.0,736.0,751.0,303.0,318.0,334.0,1.8341461827197838e-44,9.272949279407001e-39,3.708527818658502e-33,2.4406212831367746,3.7454398394458224,5.2253763306485865,0.10411241013236579,0.1326508776445025,0.16169314957565617,1.541794306679076e-05,0.0007043340328866272,0.01483552175002409,157.56827324478175,182.3111954459203,209.46899430740038,3.0,3.0,3.0,0.0,0.0,0.0,71.35699204342245,75.42184879792529,79.42891721895938,0.2704561660047903,0.2939837093506704,0.317038219790768,375.4102076232992,385.40558105770765,396.7837961303226,167.98109371901833,177.65855335673777,187.86490787168336,0.33645370082378145,0.36893387469532807,0.4024536778904485,0.86,0.98,1.0,0.9,0.98,1.0,75.44601860430112,79.08380981474875,82.88081637166277,0.3229223257406284,0.34660408479709504,0.3691263169833309
LEDA 44636,60.0,888,1.2189868693114527e-21,183.8903965749566,0.2328734211189665,183.8903965749566,577.0,311.0,3.2418178392775494e-19,2.636104609886182,0.1050282256042174,0.021116147453697273,69.66666666666667,3.0,4.9960036108132044e-15,189.78218325102614,0.22748141738696584,309.9900097219312,178.96690573838882,0.26796451761029483,0.9115442278860569,0.5777111444277861,179.2205162495494,0.24136597992396774,1000.0,16-84%,888.0,888.0,888.0,1.49474346272759e-25,7.656432395727047e-22,6.0848164659870416e-18,178.95491752615033,183.89362308791874,189.38023009894505,0.21128540586691616,0.23399519900276716,0.25371712581207634,178.95491752615033,183.89362308791874,189.38023009894505,558.0,572.0,587.0,301.0,316.0,330.0,4.995322547883588e-22,6.870806941661984e-18,1.8683039877091742e-14,0.49820283702316176,2.2418013044757963,3.8543192033884797,0.07726984126984127,0.10677401765774366,0.14194212412080767,0.00048742584593590817,0.017983128787852663,0.16676634044716704,56.692252252252246,71.44594594594594,87.3427027027027,3.0,3.0,3.0,0.0,2.1094237467877974e-15,2.989519742868651e-12,183.84104708526172,189.89489123163526,196.33131084060778,0.20280727343575652,0.22816470766041985,0.2510973064822607,301.289351689372,311.8672157719153,321.02056082418216,167.840318909137,177.39503666011274,186.9000986774287,0.23761795520024312,0.2742129207119075,0.3103989901932571,0.3368000000000001,0.76,0.98,0.24,0.6,0.88,173.4435927578071,179.4212069870341,185.46042254624422,0.21667870813506226,0.2432212773920412,0.26747109697183064
LEDA 44635,60.0,442,1.4068728923385144e-28,189.19195901755992,0.38091047501444053,189.19195901755992,333.0,109.0,1.9172432814020927e-27,2.5011033062596724,0.12750365043943027,0.12490041478190565,112.02714932126698,3.0,0.0,191.43526066534784,0.36885645726048283,186.95181488766247,62.73691860118254,0.49747897933099694,0.6501749125437282,0.6766616691654173,189.16734960513094,0.40020371928561843,1000.0,16-84%,442.0,442.0,442.0,2.7306613804068967e-33,1.052736830140343e-28,8.253960726279427e-25,183.9542442839071,189.03736490966764,194.29842498336666,0.3542055603452616,0.38177067140793325,0.4118735450373955,183.9542442839071,189.03736490966764,194.29842498336666,324.0,334.0,343.0,99.0,108.0,118.0,1.4220130842816468e-32,6.220817521218284e-28,2.819382878138231e-23,-1.5177012381807236,1.7776779758183778,3.640357107248702,0.09708255076374074,0.13008994565796217,0.17480008089896068,0.012302828328192978,0.10802779522482692,0.38927990973425175,96.02425339366515,114.90497737556561,134.7985520361991,3.0,3.0,3.0,0.0,0.0,0.0,185.2663018738092,191.38924079557955,197.25292945303067,0.340532654306062,0.3717237532799499,0.40145095272845477,179.35316600694838,186.5923714969979,193.71038084384116,57.03174771048765,63.17021074179874,69.275438313471,0.44632021340535555,0.4935798496196393,0.5428013905524294,0.34,0.74,0.96,0.28,0.64,0.92,183.66310199999407,189.0298584959413,194.81157997613207,0.3682319026683994,0.4008903544795387,0.4352784153365636
LEDA 44708,60.0,2697,6.782141086113602e-27,96.84242043152682,0.1494713272359476,96.84242043152682,1553.0,1144.0,3.5127640905201106e-15,0.1285581262059381,0.046956263311704396,0.10513864977991874,107.59621802002225,3.0,0.0,106.06359539204192,0.0934222404420438,659.733121904968,541.5271186547964,0.09840166123794282,0.9995002498750625,0.999000499750125,93.68802956562001,0.16712065233084578,1000.0,16-84%,2697.0,2697.0,2697.0,1.8170164398453432e-32,3.1077640219758215e-27,9.581546102346327e-23,91.86451658556473,97.12500795168614,102.06507170549742,0.13711267033081564,0.15043618962946853,0.1646172850874254,91.86451658556473,97.12500795168614,102.06507170549742,1530.0,1554.0,1580.0,1117.0,1143.0,1167.0,4.754393335912539e-19,2.5753924149341457e-15,2.9332903735015124e-12,-0.6642254469275639,0.16466049466021104,1.0582572197793845,0.040969795443747535,0.051827637251261556,0.06326621122392104,0.009877331965634471,0.05558223780867562,0.21299518047171026,89.28407860585837,110.46459028550242,132.7782128290693,3.0,3.0,3.0,0.0,0.0,0.0,96.73330273532395,106.47306388555819,116.22828710706085,0.07961993435010292,0.09552367234647863,0.11237182270133171,646.9547939562173,662.5987531172308,678.6678256993897,523.6498121194079,538.7248641866886,554.5636648929028,0.0805401494988832,0.10279397665351261,0.12645210512430752,0.96,1.0,1.0,0.96,1.0,1.0,88.59196980354773,93.94155899103521,99.26891565541592,0.1517641807102233,0.16842825545527895,0.18404442136967877
NGC 4867,60.0,241,6.39597667077712e-09,81.35922800974936,0.2798013276304897,81.35922800974936,158.0,83.0,1.5564803144029363e-06,16.417625268723118,0.2914442580448376,0.00013648091883027523,22.45228215767635,3.0,5.2518174131988005e-05,80.0703463223249,0.27378612410445213,89.0562128230232,47.96481721368929,0.29989115976083497,0.7801099450274862,0.7961019490254873,81.55192720768201,0.29910965844403425,1000.0,16-84%,241.0,241.0,241.0,1.0663506710168186e-11,4.689704799658721e-09,6.054920482177168e-07,71.86547423842927,81.36600630607325,90.8702687085273,0.24373703089900764,0.28209277387713994,0.32377739817282974,71.86547423842927,81.36600630607325,90.8702687085273,154.0,162.0,169.0,72.0,79.0,87.0,3.6453357949260385e-10,9.63898302847835e-08,1.892234756936659e-05,12.277919442133609,16.665533667891676,20.264275507616357,0.27966578943401293,0.34769963230801765,0.40332731466961347,2.3512163449868907e-08,3.6328344943104564e-06,0.0003752250339472457,16.643153526970956,24.195020746887966,33.77709543568465,3.0,3.0,3.0,2.207931632458582e-07,2.274493277903966e-05,0.0008367806856334203,69.6409209979783,79.7232585610958,91.06896339230809,0.23491708419021537,0.2772784555872295,0.32217171592275756,84.86239412744216,90.09055300088342,95.27202026588135,41.86402116857268,46.59299391694084,51.67644385095747,0.24852762900253367,0.3194976099981806,0.3843764716031315,0.44,0.78,0.98,0.36,0.76,0.96,70.90272755132793,81.37433314849818,92.14425546557067,0.2576462927359619,0.30461627921951984,0.3492256782060203
LEDA 93586,60.0,177,0.06105761414161534,299.37568969629444,0.1256831584085903,299.37568969629444,104.0,73.0,0.023863795943825466,11.234216505839008,0.2428872497365648,0.010091163495265112,8.062146892655367,3.0,0.044744626690106926,302.2231050789377,0.12067336294290545,58.005226096268785,43.394391167991714,0.14409161811922178,0.6116941529235382,0.7621189405297352,300.9170834127284,0.12767834910069056,1000.0,16-84%,177.0,177.0,177.0,0.0024286314669843424,0.037009731580295226,0.2641759265185682,273.43834286916433,298.5751651063583,324.3828163232088,0.08672119145327829,0.13647245360320598,0.18442807416611479,273.43834286916433,298.5751651063583,324.3828163232088,97.0,105.0,113.0,64.0,72.0,80.0,0.00028466004341758566,0.015919925652419134,0.22902156233365906,3.485473091374807,8.61521634778872,13.795303380664755,0.1619518207282913,0.23528219444107296,0.31318097262822214,0.0003219079532993313,0.015546181436437458,0.19663864144161472,4.898305084745763,10.435028248587571,17.237288135593218,3.0,3.0,3.0,0.0006316011258393761,0.015208984021788163,0.17939700920926616,273.8753802790594,301.86868341337663,333.29514669510513,0.08516482716003833,0.13776055409198573,0.18779390016032954,54.59674407213353,59.82454631037564,65.77460231939483,36.02701454823189,41.384329265666665,46.93763571175834,0.07738345448914032,0.18281590777074452,0.28643816077988354,0.14,0.5,0.86,0.28,0.66,0.94,269.7210168010844,299.7719580081957,327.17317836078246,0.0841489504106277,0.1412150073726668,0.19792033814774615
2MASX J12595140+2804232,60.0,1,,,,,,,,,,,,,,,,,,,,,,,,,,,,,,,,,,,,,,,,,,,,,,,,,,,,,,,,,,,,,,,,,,,,,,,,,,,,,,,,,,,,,,,,,,,,,
2MASX J12595178+2805542,60.0,0,,,,,,,,,,,,,,,,,,,,,,,,,,,,,,,,,,,,,,,,,,,,,,,,,,,,,,,,,,,,,,,,,,,,,,,,,,,,,,,,,,,,,,,,,,,,,
LEDA 1822111,60.0,48,0.012474361708941095,164.46620127739334,0.30031663812757836,164.46620127739334,33.0,15.0,0.01328328156224501,-1.0805503486775834,0.36363636363636365,0.09904885080316485,9.666666666666668,3.0,0.021622837607703338,163.9991144118884,0.29044099476450175,17.705340237592594,8.242620318600368,0.36468068072246906,0.5327336331834083,0.038980509745127435,159.21425058724435,0.2721409045177276,1000.0,16-84%,48.0,48.0,48.0,0.00022802098582328585,0.006560584890267541,0.10484692078282379,148.8558996508068,164.9863626769203,182.46172405469702,0.2166149869729485,0.32102192382070016,0.4108456221716283,148.8558996508068,164.9863626769203,182.46172405469702,30.0,34.0,37.0,11.0,14.0,18.0,0.0002222449626216872,0.00551520148550111,0.11140289106101878,-4.125617570248309,1.6018622609768371,11.829923164399052,0.29601518026565465,0.3758727758727759,0.48044137931034475,0.01769300139208243,0.09125231774170306,0.29433475113370733,5.666666666666667,11.166666666666668,19.166666666666668,3.0,3.0,3.0,0.00025253933942925855,0.010857953536153264,0.12900306143743634,145.75993965463795,163.8317453114821,185.05666263189005,0.1861869094644149,0.30951805871957444,0.42169623896983033,15.623232727083604,18.096861989145225,20.38760750855597,6.050244634994388,7.910214862155807,9.82113184415437,0.24236207273505664,0.39631781939545757,0.5283728332205148,0.18,0.52,0.84,0.02,0.06,0.28,129.91089740342238,161.37936978608627,182.62092304523594,0.2055190520226625,0.3110684042203533,0.4055849112798367
IC 4042,60.0,155,0.0029842408894862264,146.52965387663767,0.193680979345888,146.52965387663767,98.0,57.0,0.0012406040255824196,-8.411897395201187,0.22717508055853922,0.03967229292279002,8.27741935483871,3.0,0.0406130757518991,142.26295665060036,0.16573458134390556,54.27335285678739,33.766803456165505,0.23292268277816386,0.5507246376811594,0.09995002498750624,154.3962260907358,0.18462154463228883,1000.0,16-84%,155.0,155.0,155.0,3.410286829853979e-05,0.0016568706533947371,0.031763795554281264,129.62463204230323,146.8816426840911,162.3113372821183,0.14917903014024766,0.20324621978039503,0.25761504467388047,129.62463204230323,146.8816426840911,162.3113372821183,91.0,97.0,103.15999999999997,51.84,58.0,64.0,4.7003883815317234e-05,0.0021681266074654493,0.036422752537651835,-13.17013646958451,-5.535670155697842,1.6428836303707106,0.17995620114339658,0.249743671053327,0.3264680213916503,0.0006606412850313159,0.01718324131861877,0.16814596479612878,5.593548387096774,10.496774193548386,17.008258064516127,3.0,3.0,3.0,0.0007040118690715858,0.014782795620824185,0.13314922938570906,120.10116062324846,143.10140948283765,162.78984416950289,0.12179766541306697,0.1806426129108883,0.2391622444666199,49.57391589783958,54.060344012731406,58.42456446488449,29.87964707718899,33.83592853372697,37.95600729070029,0.14086072357988674,0.22884439044504754,0.31414454714720597,0.18,0.58,0.9,0.02,0.14,0.48,134.18641013730064,154.3220846646468,173.86797120352423,0.13037690821908968,0.19534216219952244,0.2640129916042524
LEDA 126748,60.0,0,,,,,,,,,,,,,,,,,,,,,,,,,,,,,,,,,,,,,,,,,,,,,,,,,,,,,,,,,,,,,,,,,,,,,,,,,,,,,,,,,,,,,,,,,,,,,
CAIRNS J125935.95+275421.4,60.0,221,6.332832150719786e-09,55.81341566074843,0.29226466561622827,55.81341566074843,145.0,76.0,4.031074893667258e-06,1.0875961226145563,0.11397459165154265,0.4902811155440341,29.552036199095024,3.0,1.7143687520704276e-06,44.33071763401489,0.2604002046990939,81.04958371237551,45.36601705784399,0.28227185914649955,0.8835582208895553,0.8740629685157422,68.95226455562494,0.36511770650445846,1000.0,16-84%,221.0,221.0,221.0,7.727518438555073e-12,3.750098342532563e-09,6.833465263903262e-07,46.81878444550341,56.07678081290243,64.15943754829061,0.2534503576997298,0.2962930379327426,0.34025729889740297,46.81878444550341,56.07678081290243,64.15943754829061,140.0,147.0,154.0,67.0,74.0,81.0,4.6284384329246696e-09,1.0294695177781845e-06,8.746658345099625e-05,-3.064139799067965,1.1399295285838562,4.906878807146823,0.12459814674794416,0.16000363108206245,0.20541933880188915,0.027295161404509802,0.1455368445796093,0.39028725254375973,21.426063348416292,30.891402714932127,43.48868778280543,3.0,3.0,3.0,1.9379491345006272e-09,8.961378571981093e-07,8.587963208681145e-05,32.90849345075054,45.01488502429527,54.64139544010169,0.21884559644922152,0.2659427233838847,0.31080412466838575,77.16515158509736,82.4555278954457,87.66013539627066,39.297758122818955,43.865954036342096,48.497468129695186,0.23099840557379067,0.30579001049325316,0.37642644127800545,0.3,0.84,1.0,0.5,0.86,1.0,60.96178476586044,68.82176500325653,76.05642764901893,0.3181807718443756,0.3686066410101147,0.42077312246608006
CAIRNS J125947.21+280315.7,60.0,37,3.838418837950909e-09,183.20818588976584,0.7124659852926237,183.20818588976584,36.0,1.0,5.529727786779404e-10,,,,33.37837837837838,3.0,2.67991622560082e-07,178.46869568102352,0.6924345976854199,21.931473506783746,0.694938402911363,0.9385728143123223,0.431784107946027,0.5087456271864068,190.0762761744447,0.7531301898865246,1000.0,16-84%,37.0,37.0,37.0,4.286514912438879e-10,3.3054004658692763e-09,2.0963297994026015e-08,174.94238066545518,182.8741317772823,191.16171014245288,0.6671821042960432,0.7165985898732756,0.7702191511414681,174.94238066545518,182.8741317772823,191.16171014245288,35.0,36.0,37.0,0.0,1.0,2.0,1.4551915228366852e-11,5.529727786779404e-10,1.0244548320770264e-08,-2.2655175405010297,1.0789410790223641,3.068709322501995,0.5131428571428571,0.5714285714285714,0.6470588235294118,0.16316148080853965,0.36036036036036045,0.5135135135135135,31.0,35.108108108108105,38.567567567567565,3.0,3.0,3.0,2.1431986296782668e-08,1.1558336665551394e-07,8.500480661588483e-07,168.60756757761874,178.10073193780045,187.37210692339136,0.6470899674381114,0.6993340177358653,0.7558772775487619,20.31387625886991,21.942570381797584,23.214183730808838,0.0,0.694938402911363,1.389876805822726,0.8710528280823921,0.9385142604203207,1.0,0.36,0.6,1.0,0.12,0.62,0.94,182.1722246082502,190.03158143743792,197.20129717624468,0.7058485220005082,0.7585410996113493,0.8058298083734574
SDSS J130036.58+275552.1,60.0,121,1.580367864776556e-14,124.02494042731723,0.5124768380669708,124.02494042731723,92.0,29.0,7.97712197059598e-09,14.291484093847743,0.45764617691154424,0.00010317874203319008,100.58677685950411,3.0,0.0,121.83444705315827,0.5024115774595084,45.68007364275098,14.86646629570808,0.5089243312394496,0.7051474262868566,0.8710644677661169,122.91569317725276,0.5630823065090694,1000.0,16-84%,121.0,121.0,121.0,2.7203687695026723e-18,5.007504635433219e-15,1.8101599750072367e-11,119.40827817817893,124.0881085999539,128.92473559912145,0.452130378359892,0.5216634165193209,0.5781545623687179,119.40827817817893,124.0881085999539,128.92473559912145,88.0,93.0,97.0,24.0,28.0,33.0,1.3442945758766515e-11,2.4401043194765048e-09,5.93077782436201e-07,9.289176551821088,14.126377192981426,18.030479031537553,0.34330517956151946,0.4512196336121067,0.5482058993637942,1.2361497232763665e-06,0.00022182563396450544,0.009896328739142033,81.41322314049587,103.29752066115702,124.43074380165288,3.0,3.0,3.0,0.0,0.0,0.0,115.62979810922042,121.96345559225415,128.40487145240695,0.4361391268382714,0.5099055565966325,0.5788517019679205,42.74003430464651,46.518776413982316,49.88734278787185,10.861286745356415,14.049156748024382,17.03231912795477,0.4431705543294712,0.532813554795075,0.6347264054180833,0.2568000000000001,0.68,0.96,0.54,0.88,1.0,118.70879176502399,122.89006967629734,127.42212167026105,0.49545058458530244,0.571643256565741,0.6502368102483382
[EDG2007] 34,60.0,161,5.253035393366938e-44,103.99062157057114,0.7867494965115333,103.99062157057114,161.0,0.0,6.842277657836021e-49,,,,186.1552795031056,3.0,0.0,104.1730448397492,0.783711026699925,88.91337240739566,0.0,1.0,0.9995002498750625,0.2898550724637681,100.72769505302438,0.7780737646943593,1000.0,16-84%,161.0,161.0,161.0,5.413317946554533e-46,4.0348759632535587e-44,2.8044321021050917e-42,100.86322955071876,103.9505952212055,107.1044361333146,0.7708887104076703,0.7877904198105161,0.8046065178567903,100.86322955071876,103.9505952212055,107.1044361333146,161.0,161.0,161.0,0.0,0.0,0.0,6.842277657836021e-49,6.842277657836021e-49,6.842277657836021e-49,-23.789357224548286,-20.45989171033876,-16.192850071960518,0.8168250935435077,0.8616352201257862,0.9937106918238994,0.00016661346897819498,0.004511894995898279,0.06304347826086959,174.527950310559,188.44099378881987,201.36024844720498,3.0,3.0,3.0,0.0,0.0,0.0,100.86527110461134,104.34795274454865,108.03778012256066,0.7672399871507418,0.78538725682393,0.8036077484800577,85.49219043998269,88.6939539175793,92.00011820915734,0.0,0.0,0.0,1.0,1.0,1.0,0.9768,1.0,1.0,0.06,0.28,0.64,96.77337598075837,100.71674883258106,104.19922894317403,0.7596002164937248,0.7799821060723391,0.7983555536048479
GMP 3397,60.0,123,0.21816203893092856,101.8775692625644,0.11125730795230937,101.8775692625644,71.0,52.0,0.10420386640532626,0.2615237896109548,0.17009750812567714,0.3044103458769232,4.967479674796747,3.0,0.1741939892626866,118.5344152066761,0.12284791188104488,39.65448057588638,28.100374567292665,0.17052808959856336,0.5987006496751625,0.9930034982508745,84.10715822545711,0.16294503969367047,1000.0,16-84%,123.0,123.0,123.0,0.010822606075803766,0.13132456943802864,0.5442242384170668,68.86910217511229,102.16681713287448,140.6895942141474,0.07032988887058272,0.12847134635467872,0.19182758980258735,68.86910217511229,102.16681713287448,140.6895942141474,66.84,72.0,78.0,45.0,51.0,56.15999999999997,0.003731445755098149,0.0709016673750142,0.3838653803931637,-8.31742579546644,0.8453602605817991,9.136024581646293,0.17803222094361335,0.2457694869779269,0.3425977421271538,0.0012162707807399672,0.0438944684416773,0.26107721639334674,3.2113821138211387,6.91869918699187,12.317073170731707,3.0,3.0,3.0,0.006372292646119049,0.0745347499043375,0.36016825990363643,86.12315163994998,119.75980105487986,152.8005267765892,0.07489623009031522,0.13868883629150594,0.2130258611749143,36.09264672756439,39.730395113822524,43.66116142327888,24.52565878261837,27.968340231376335,31.32209079760596,0.0836366337634625,0.1739268825271626,0.2716027297438178,0.24,0.66,0.94,0.48,0.94,1.0,60.347895921289194,85.4513752235074,114.03463767381334,0.10743223223919234,0.18015018754969858,0.24997583423132796
ECO 11254,60.0,1284,8.591091204420667e-55,67.85794406454045,0.3113775222065848,67.85794406454045,880.0,404.0,4.991039323677217e-41,7.95076026882267,0.20012376237623763,3.437677657627739e-10,195.12772585669782,3.0,0.0,66.57501688799823,0.28994199319841696,440.6039073432404,219.19292139650526,0.335574492483761,0.9985007496251874,0.9570214892553723,68.14736222181398,0.34013982504965523,1000.0,16-84%,1284.0,1284.0,1284.0,3.77751007357813e-62,4.3324316788334786e-55,1.0162170859089102e-48,64.25011745853129,67.72699367609368,70.95101465129551,0.29336908426880476,0.3122329080080508,0.33188691918096513,64.25011745853129,67.72699367609368,70.95101465129551,863.0,879.0,897.0,387.0,405.0,421.0,5.079524767888495e-47,1.0877696237317948e-40,1.7362890810211058e-35,5.703206799252419,7.591682990632435,9.415549623373781,0.17672790963124743,0.20540639232511632,0.23299265475434258,1.0735508466128864e-13,9.024373331304716e-11,5.5537307234143436e-08,169.22342679127726,197.08722741433021,229.5763239875389,3.0,3.0,3.0,0.0,0.0,0.0,62.46458339753565,66.37827577285464,70.33182755550979,0.26924818546834084,0.2903807280766469,0.3142001896058399,428.62952964444673,441.25160878033466,454.1631266115319,208.2058497361508,219.29315232954698,229.47165390951912,0.30633423862879455,0.3357258385448917,0.36927469572503174,0.94,1.0,1.0,0.7768,0.96,1.0,64.72102863180987,68.1540521855162,71.45368260148496,0.319688231114211,0.3416550295826456,0.3640645376687273
CAIRNS J125930.08+274933.2,60.0,0,,,,,,,,,,,,,,,,,,,,,,,,,,,,,,,,,,,,,,,,,,,,,,,,,,,,,,,,,,,,,,,,,,,,,,,,,,,,,,,,,,,,,,,,,,,,,
CAIRNS J130005.15+275835.8,60.0,2542,6.404246912640459e-64,80.63029926855472,0.23925244561052186,80.63029926855472,1613.0,929.0,2.6588256108866656e-42,0.7057149110488297,0.04811685464641766,0.12522748921556046,136.51140833988984,3.0,0.0,89.41937797133437,0.14678197507345084,655.2920149423242,478.56201751945093,0.15586662159604853,1.0,1.0,78.24768412454205,0.27211902688691947,1000.0,16-84%,2542.0,2542.0,2542.0,3.8352324942817965e-71,6.109123945689601e-64,3.8568090329381917e-57,77.36793095935786,80.74062976366059,83.78665630221195,0.22605431882523402,0.23929127396881272,0.2525552863530563,77.36793095935786,80.74062976366059,83.78665630221195,1584.0,1614.0,1643.0,899.0,928.0,958.0,7.550258093746228e-50,1.5269146990203315e-42,1.2377833247631975e-35,-0.057395366967715515,0.998811912221008,1.9896884909922896,0.045264191807695205,0.06193908592555146,0.07853600546768837,0.001298666909553975,0.020593563123256466,0.16938963247471508,115.98911093627066,138.54917387883557,161.2429268292683,3.0,3.0,3.0,0.0,0.0,0.0,82.66854385272904,89.42566963146805,95.80737018769628,0.13050277435232527,0.14678137688646276,0.16467068481215547,638.3919867638391,656.4568670240149,674.8786689143124,459.89638415757554,477.30828647864007,494.46046060220874,0.13049156070425041,0.15669451485460853,0.18797889249718674,1.0,1.0,1.0,1.0,1.0,1.0,74.88511269058318,78.16539904542196,81.70873970835441,0.25776341743101605,0.2725884635800692,0.2885823263958064
SDSS J130048.04+280557.3,60.0,162,1.0626980978361826e-25,169.0251435479887,0.5957867310207899,169.0251435479887,131.0,31.0,7.864559183313363e-16,-2.489164789403212,0.22531396207830584,0.13185102838687518,115.9753086419753,3.0,0.0,171.52710642171587,0.5162670147813903,61.39617330258462,17.702338258940543,0.5523976896791253,0.984007996001999,0.9985007496251874,166.7350412723639,0.657700792650846,1000.0,16-84%,162.0,162.0,162.0,1.7754663384080515e-29,8.671415327281679e-26,3.985398074270319e-22,165.0396036534197,169.06539588347732,173.87733744405443,0.5515089953750927,0.5968404841906998,0.6392609733200381,165.0396036534197,169.06539588347732,173.87733744405443,127.0,132.0,137.0,25.0,30.0,35.0,6.592735518455973e-20,1.8253286401945031e-16,1.8509096544997267e-13,-7.214940321376012,-3.52968317528423,-1.6423447334660133,0.18636363636363637,0.2565993553690404,0.33959472521656675,0.005730062008610885,0.06953849697852871,0.3462612702984641,95.21876543209876,116.5679012345679,140.4691358024691,3.0,3.0,3.0,0.0,0.0,0.0,165.2864177972616,171.51725975296483,178.70900186800952,0.4644923295853761,0.5176556176432708,0.5702555773027855,57.9476086207299,61.79121144773758,65.97217751079152,13.973835642054521,17.230959218683715,20.481292242081413,0.4847607741292122,0.566132514564371,0.6445774026894263,0.76,0.96,1.0,0.96,1.0,1.0,162.97249088633316,166.7607075869521,171.18355026574386,0.613118621218762,0.6560675572431043,0.698601122997435
LEDA 44707,60.0,169,0.00043589886930201215,159.16056059313962,0.21398031614199067,159.16056059313962,107.0,62.0,0.0006677136382200455,-4.479784854739123,0.11621947542960506,0.6102443435225522,11.189349112426035,3.0,0.01074484106964324,153.62905486708974,0.22970793353604982,61.72667108471097,35.084432924152416,0.27519816485224013,0.5862068965517241,0.6636681659170415,161.2978569608607,0.2316578695772552,1000.0,16-84%,169.0,169.0,169.0,5.002041568870152e-06,0.0003361129063408139,0.008722883280528887,144.4134354219708,157.8083122779292,173.2708727884998,0.16750544126853614,0.21754518113118235,0.2687456671867359,144.4134354219708,157.8083122779292,173.2708727884998,101.0,107.0,113.0,56.0,62.0,68.0,1.3829511795728438e-05,0.0006677136382200455,0.013596354306730772,-6.289754983913364,-2.3495247106809742,3.1706493681948444,0.1359599590211122,0.17609126984126983,0.23160568086883876,0.025671821472106587,0.15267943999223624,0.41448344559193606,6.739644970414201,12.325443786982248,20.23076923076923,3.0,3.0,3.0,0.00015203856542023164,0.0063475487540886055,0.08067579400230562,138.67453735081625,152.33700139496432,168.07083990087222,0.17967986025917534,0.23427826763596016,0.28940476458373005,58.63669893005724,62.784765097150725,66.95381299015355,30.111122805660802,33.80566970187421,38.01688719527167,0.2178207612280748,0.2995222805420434,0.3743737519392694,0.1,0.42,0.78,0.22,0.64,0.94,146.37440349448946,160.24648605799712,177.29167371853896,0.1784827130590439,0.23679461973360033,0.29810114349310785
LEDA 44542,60.0,3,,,,,,,,,,,,,,,,,,,,,,,,,,,,,,,,,,,,,,,,,,,,,,,,,,,,,,,,,,,,,,,,,,,,,,,,,,,,,,,,,,,,,,,,,,,,,
LEDA 126789,60.0,78,9.091558835844956e-05,214.67318482354509,0.34540164436217863,214.67318482354509,52.0,26.0,0.004334880883507413,12.03022897316437,0.5769230769230769,9.534495499445555e-06,39.23076923076923,3.0,1.5508692885468633e-08,217.08973566520672,0.21387579201251927,23.537652157622688,15.323377459301522,0.21137563207393248,0.8710644677661169,0.9540229885057471,216.5757087982012,0.3940307600311489,1000.0,16-84%,78.0,78.0,78.0,3.2373075657188524e-07,8.125521066381852e-05,0.004287590494319682,204.28227529560263,214.78136228219591,224.75838265830998,0.2643820683993811,0.3474804113236333,0.437700371010103,204.28227529560263,214.78136228219591,224.75838265830998,48.0,52.0,56.0,22.0,26.0,30.0,0.00014948153872377523,0.004334880883507413,0.053544392168502264,7.2309898506128985,9.99265228332137,17.752138995499884,0.49188272174073394,0.5850282326369283,0.675,4.3378060738212784e-08,6.492046673573006e-06,0.00035514187144458317,27.624615384615385,40.41025641025641,55.84615384615385,3.0,3.0,3.0,4.530820163495264e-12,8.724088285116949e-09,4.3550815306403405e-06,194.8095380007768,217.9162823730353,239.55316169993853,0.1344449434715362,0.22829023435842996,0.3355493724655944,21.451269952221857,24.035581197534317,26.916088540882402,12.185784425739891,14.748636220400547,17.443176954981197,0.11674667126963063,0.23842083861227312,0.3664978018873506,0.44,0.84,0.98,0.74,0.96,1.0,206.0899058082091,216.78442237744184,226.90864654967925,0.29552889892129514,0.40431350866160076,0.501405905419801
SDSS J130026.15+280032.0,60.0,95,0.017625541715309313,312.6347487355656,0.20617841520432192,312.6347487355656,60.0,35.0,0.013378703026003939,-4.883243101790846,0.16428571428571428,0.5301446823883617,8.115789473684211,3.0,0.043678328254118326,316.7532090438534,0.19716914634240162,36.5394528357548,22.696231831693936,0.23369732420207862,0.6796601699150425,0.4382808595702149,311.98314289916993,0.20951161754116207,1000.0,16-84%,95.0,95.0,95.0,0.0004513767834116728,0.011257052682076999,0.13226542489834298,291.80577053846775,312.2708232893052,334.1557152071463,0.14592519893296566,0.21732261618511534,0.2847568270312371,291.80577053846775,312.2708232893052,334.1557152071463,56.0,61.0,65.0,30.0,34.0,39.0,0.0004247927288947456,0.007313123139453615,0.10017333048675559,-5.8488017310387335,0.8919940598126033,8.425110844529684,0.17890934038411999,0.23503015093776317,0.3102979242979243,0.022508305269546815,0.14970175975330963,0.4292546932651576,5.0,9.8,16.705263157894738,3.0,3.0,3.0,0.0008125509550636068,0.020344998515208434,0.17179714429673354,294.15861758805454,316.37607319731774,341.3466923176795,0.13267439204799947,0.20980608848469048,0.28415349271424667,33.96051211777235,37.15833706151812,40.560595131086586,18.802985465143898,22.07296485076772,25.246699717493097,0.15044754726736442,0.25437532965881005,0.3613992099342167,0.24,0.62,0.92,0.08,0.34,0.76,288.460661343914,311.8643372967672,340.8680470297436,0.15066136825395673,0.22734996207260186,0.3035551992464025
LEDA 126768,60.0,1418,3.268810058290005e-84,356.224601996495,0.3681930123600266,356.224601996495,1020.0,398.0,3.7851602039598145e-63,8.33831131019543,0.18805301014878315,2.469843567602852e-09,293.2891396332863,3.0,0.0,352.3901473697832,0.3157216704106742,512.2322695996805,222.8162970260986,0.3937372110010883,1.0,1.0,359.5468063807614,0.4317586125458111,1000.0,16-84%,1418.0,1418.0,1418.0,9.348147871112075e-93,8.054476058795574e-85,2.9631871670392317e-77,353.45667678866516,356.21628594964466,358.87477299142483,0.3525230008891525,0.36953215209532325,0.38657517159689997,353.45667678866516,356.21628594964466,358.87477299142483,1009.0,1025.0,1043.1599999999999,374.84000000000003,393.0,409.0,5.144767640219248e-73,3.2539101071360613e-65,9.771862254109296e-59,6.868180506477794,8.256425674435857,9.58448314575576,0.17951072491435205,0.20368426170252968,0.22788440591789572,2.0165080031465615e-13,9.253450847935453e-11,2.1108253270187176e-08,269.00727785613543,296.68829337094496,327.02679830747525,3.0,3.0,3.0,0.0,0.0,0.0,348.6578580674435,352.2516930679566,356.0173245562854,0.2985357565416508,0.31705201847010267,0.3368688716328822,497.56601430970704,509.566429792573,522.0977235606883,214.4923199844275,225.23189979478371,235.38003059170003,0.36003452532812896,0.387546770233696,0.4145755236320452,1.0,1.0,1.0,1.0,1.0,1.0,357.0728838047619,359.4608709739856,1.9757165180419065,0.41360090394472593,0.4329620679459696,0.4518129730722152
LEDA 1821555,60.0,296,4.745300132185971e-07,340.33003408004856,0.2217935259134839,340.33003408004856,188.0,108.0,3.866377056751264e-06,2.650152866460985,0.13731284475965327,0.13440181858530065,22.62162162162162,3.0,4.8421825935340834e-05,336.7933939354122,0.1974153872483157,116.25850964106257,67.88819343200083,0.2626727245280627,0.6986506746626686,0.9645177411294353,346.5769899851281,0.27305123003934184,1000.0,16-84%,296.0,296.0,296.0,8.035372112757555e-10,2.4119953216791667e-07,2.4977390770919534e-05,330.3457508893787,340.7041597962386,350.96276745239265,0.18921551176839074,0.22688884673335466,0.2659887088799361,330.3457508893787,340.7041597962386,350.96276745239265,182.0,190.0,198.0,98.0,106.0,114.0,6.3031845058590794e-09,1.2012929398701982e-06,9.224986808410592e-05,0.5250647466509696,2.3129963027893083,4.1054719111544955,0.1140979578885338,0.15768516770603191,0.20847459606407054,0.004440735670984504,0.06062738805799303,0.31073523799462527,16.945945945945947,24.68918918918919,34.68432432432432,3.0,3.0,3.0,1.4205001270806152e-07,1.7932531990061396e-05,0.0007250653112662597,324.60542529469103,337.03990742091537,349.5841289414359,0.16055278379434493,0.20344156011904346,0.24262411924286817,110.87268884958134,116.62673443730398,122.23530349369115,61.89322001482871,67.32756255910081,73.18826176522947,0.20502806310153887,0.26923868553531005,0.3247723161691552,0.38,0.84,1.0,0.76,0.96,1.0,337.01340841429055,346.6616092102745,356.4907596972314,0.23760217637655054,0.2797099857345166,0.3189964635297541
GMP 2399,60.0,51,0.01761790060137301,340.0272443779795,0.28141239761803233,340.0272443779795,31.0,20.0,0.16077960181198847,8.30321105177866,0.2870967741935484,0.21602737146034307,5.392156862745098,3.0,0.14523301509900022,336.4706058617237,0.2306112658535351,16.838388497464088,12.9101161090374,0.13204940686558644,0.9740129935032483,0.9895052473763118,354.0837495498973,0.3722399617802933,1000.0,16-84%,51.0,51.0,51.0,0.0004281045685024227,0.011379807291252389,0.10527663042637023,319.1679049854781,340.2399257445629,0.29303612482721064,0.21009639202000607,0.29624827800311443,0.3899768032153715,319.1679049854781,340.2399257445629,0.29303612482721064,31.0,34.0,38.0,13.0,17.0,20.0,0.0006210434562277101,0.024092907698449295,0.16077960181198847,-3.2776218920686957,5.7426819004065415,15.186380094813096,0.24496637426900586,0.33905075187969924,0.4411764705882353,0.018192820676248916,0.12628570418064988,0.44973335336519904,3.666666666666667,7.588235294117647,12.764705882352942,3.0,3.0,3.0,0.00517408428482824,0.05533413046415114,0.29978058859571255,309.5320102856333,337.62669910713885,3.521983451679546,0.16031857717077008,0.25270456946685427,0.35133761735416236,16.73619013563569,19.2600994391916,21.858497387901604,7.985255041692901,10.290284487800323,13.006229665411494,0.13583169739355364,0.30194374441411476,0.4560918668003963,0.26,0.78,1.0,0.5368,0.94,1.0,336.36791247868473,353.9123308795391,10.107326415072237,0.2976170416070736,0.383781048505663,0.4765242076228518
SDSS J125948.57+275857.7,60.0,277,1.304786007293132e-14,246.01040367962634,0.3397288802959287,246.01040367962634,195.0,82.0,8.801103846393847e-12,2.128677123862637,0.14534083802376485,0.15486981484195336,56.357400722021666,3.0,3.524291969370097e-12,249.19431565144575,0.31859690139609576,118.22419777344379,52.74054030909479,0.3830243487562605,0.7576211894052973,0.7301349325337332,241.8922555787402,0.3493301229883432,1000.0,16-84%,277.0,277.0,277.0,1.5428778158862642e-18,5.976069747895598e-15,9.589702266111023e-12,239.54660370834267,246.37697202088407,252.61845018941665,0.30263782721934596,0.34385273839238023,0.38478696937617474,239.54660370834267,246.37697202088407,252.61845018941665,189.0,196.0,204.0,73.0,81.0,88.0,1.6574524602714191e-15,3.638586317533204e-12,1.2393650421409122e-09,0.7358936437199856,2.3729890324896488,4.748572678011122,0.12286646032173011,0.1719776104886399,0.22786133853346707,0.004622194731154642,0.05986644959236457,0.3292451275152064,44.21357400722022,58.50902527075812,75.59552346570398,3.0,3.0,3.0,2.220446049250313e-16,1.2238543511955413e-12,1.3596413639405095e-09,241.5424054961361,249.5502740308824,256.60753972334464,0.2782679516374388,0.3233231058636721,0.3679584578719234,113.30066661117581,119.0168108800627,124.33334670308626,46.70541317091289,52.077888515812035,57.26816110617532,0.33038601687085645,0.3920314628861489,0.4486551751657103,0.38,0.76,0.98,0.34,0.74,0.96,234.69464710285274,241.98814478803808,249.47860435820292,0.3087617729593654,0.35417923115537137,0.39935029564170443
SDSS J125953.93+275813.6,60.0,298,2.135751704515967e-11,116.39939950468909,0.2871382600336626,116.39939950468909,195.0,103.0,1.0820540098197794e-07,6.8257769777821125,0.1905899925317401,0.01255477636332289,40.604026845637584,3.0,7.934111700969027e-09,120.22335035338051,0.2661099667959941,113.30427611712705,66.00128928995227,0.2638121506144124,0.9650174912543729,0.9260369815092454,111.58982699157798,0.32698991462009114,1000.0,16-84%,298.0,298.0,298.0,1.0519243851832714e-14,1.7320625343998073e-11,7.996158216365682e-09,109.07897447404247,116.12905449097366,123.6055805759712,0.2501295379636977,0.288359906605025,0.3286419724678549,109.07897447404247,116.12905449097366,123.6055805759712,185.84,194.0,202.0,96.0,104.0,112.15999999999997,7.913872952579653e-10,2.0609186833503622e-07,2.3785668768764552e-05,4.258731168567947,6.592389585275974,8.272212628227727,0.14460941248368456,0.19847434179055462,0.2593798620014376,0.0001658836400998785,0.007686868055368442,0.10018011258776906,30.76993288590604,41.919463087248324,55.80724832214765,3.0,3.0,3.0,4.618518900656455e-12,4.17351619930173e-09,9.503858702286642e-07,111.92814292364619,120.02852030156544,128.01767207804085,0.22716450914309116,0.26755326557187864,0.310325018653507,108.49594598220494,114.42184034702404,120.09143640860975,59.975111895396346,64.98788187121713,70.31315471738604,0.21819725274761875,0.2758295579621396,0.3303825977254586,0.54,0.92,1.0,0.66,0.94,1.0,103.90300000869559,111.4813330131081,118.92188980356804,0.2833912040802686,0.32885698438769845,0.373995948174595
SDSS J125930.25+280115.0,60.0,152,0.17070055602939524,167.37540109878205,0.1078450518543335,167.37540109878205,79.0,73.0,0.6852087510703436,2.3595765625382157,0.11184324605514132,0.6727980314787073,3.68421052631579,3.0,0.2976446981301364,168.4921601310923,0.11073445019658917,46.48642209127515,42.001058238066655,0.05068924820228137,0.8160919540229885,0.2538730634682659,155.26557658158754,0.08352101898660934,1000.0,16-84%,152.0,152.0,152.0,0.008567318580801267,0.0930208313362437,0.4571540324864283,134.7235276227031,165.92921647699882,197.2173408613005,0.07176051948341466,0.12499820589299002,0.17695897303074934,134.7235276227031,165.92921647699882,197.2173408613005,81.0,88.0,94.15999999999997,57.84,64.0,71.0,0.004083359062580322,0.06174850711174888,0.4655089982676935,-3.0140672813565175,1.765373197439171,6.874852175528511,0.13450329944711967,0.18188487961048488,0.24729354181898788,0.01838303709908324,0.15068166821018986,0.4765164574305687,2.263157894736842,5.894736842105263,10.894736842105264,3.0,3.0,3.0,0.012308905748379506,0.11684533844902656,0.5196155943005698,136.67401888779432,166.989345911922,201.12766830807652,0.07090921270986295,0.12845565513685284,0.18737476429771616,46.74153331327328,51.1158957738845,56.00001976428387,33.02443031388232,37.38181525325332,41.43104110004828,0.06597355918514215,0.15674308947505416,0.25064066614181607,0.12,0.46,0.8431999999999993,0.04,0.26,0.7,106.6786230456774,154.88922274666913,203.41834293897114,0.06258105703156872,0.1134820604697806,0.1676504535100929
[EDG2007] 474,60.0,0,,,,,,,,,,,,,,,,,,,,,,,,,,,,,,,,,,,,,,,,,,,,,,,,,,,,,,,,,,,,,,,,,,,,,,,,,,,,,,,,,,,,,,,,,,,,,
SDSS J130008.39+275716.7,60.0,1055,1.5525666581439732e-84,346.3942931517837,0.4276877524478898,346.3942931517837,807.0,248.0,1.5677111196939476e-69,9.05940435851241,0.2414108406283727,3.33265558283493e-10,303.5175355450237,3.0,0.0,342.30247103486016,0.4018900906810474,432.3541009133587,143.72570031476144,0.5010215598312641,0.9910044977511244,0.9980009995002499,349.6725186447481,0.4676697807596747,1000.0,16-84%,1055.0,1055.0,1055.0,6.123260387369525e-92,1.4828833136707087e-84,2.342703926804059e-77,343.65337093916264,346.4539293457972,349.0198834141363,0.40896397540575463,0.4277386702660829,0.44617992547863267,343.65337093916264,346.4539293457972,349.0198834141363,789.0,804.0,817.0,238.0,251.0,266.0,8.951594565558715e-75,5.290581370315054e-68,1.1550675597485817e-60,7.947567211154016,9.126522321624954,10.90524082355574,0.21556728017491378,0.24939662301944338,0.2821931951181338,4.438011645843301e-14,5.728850284603326e-11,3.575982341849482e-08,278.00489099526067,302.6265402843602,333.66335545023696,3.0,3.0,3.0,0.0,0.0,0.0,338.93433990701806,342.31198707543626,345.689947537933,0.37999343419994863,0.401286153807154,0.4215815051572859,419.57547426832735,430.7362329271582,441.9006922858368,136.41725764974274,145.60535825266595,154.35620755960102,0.46528764541543194,0.49365391551128535,0.5258056274209135,0.9,1.0,1.0,0.98,1.0,1.0,347.0336262051169,349.7025202174277,352.5141548316283,0.44674866211137576,0.46760457676185385,0.4891912414031641
SDSS J130025.97+280344.6,60.0,107,0.15680578894296396,34.94402092042827,0.13158797392953728,34.94402092042827,64.0,43.0,0.0526677812986243,-7.266810424614256,0.20748546511627908,0.18027955174433966,4.065420560747664,3.0,0.25448599286323614,45.540675345606985,0.12347093329327494,38.87987120797374,24.966421797198265,0.21792102181481998,0.4107946026986507,0.5987006496751625,21.046832315426116,0.13048667673525047,1000.0,16-84%,107.0,107.0,107.0,0.006639570219720134,0.09369658829734412,0.46998025240318425,5.2415621261455385,34.135031161085635,66.98456736544551,0.08400403881785981,0.14875476512561006,0.2164889885114496,5.2415621261455385,34.135031161085635,66.98456736544551,59.0,65.0,70.0,37.0,42.0,48.0,0.0018401240468733455,0.03294666029982693,0.3337051161974391,-15.736807065525037,-4.840482139366866,5.204101475557414,0.16353229552755127,0.22167308813780662,0.2966101694915254,0.017787388743884892,0.14113090797622785,0.45085277101846816,2.7196261682242993,6.08411214953271,11.479252336448596,3.0,3.0,3.0,0.009398298950771823,0.10758893039495132,0.4369023296901905,11.657792863194118,44.94767533857066,83.1270614586947,0.08149222238967796,0.14702732600059387,0.21758849458414806,34.32930538144602,38.72633563216856,42.405296028138004,21.448041012061672,24.988961662945606,29.362982554973698,0.08542131887438442,0.2136500759532181,0.3268037734702037,0.12,0.48,0.84,0.14,0.5,0.88,341.7250423496747,21.48800540679042,57.46006006587942,0.0870519059484294,0.1539045053713563,0.23129631702374678
LEDA 44637,60.0,32,4.741631062451865e-06,261.8444996785246,0.5929339455648897,261.8444996785246,29.0,3.0,2.5560148060321808e-06,-15.285208791918365,0.5632183908045977,0.25201612903225806,18.5,3.0,0.0003468294018257323,267.202365942715,0.5792757165673683,15.614739054725728,2.4037418519601443,0.7331915088282253,0.7156421789105447,0.5642178910544727,253.0364964172889,0.5902217277511617,1000.0,16-84%,32.0,32.0,32.0,8.708308942902378e-08,2.006482595474058e-06,6.439195131724713e-05,251.06382043837561,262.26813912578086,274.4570502030033,0.5319222782241136,0.6114998739404914,0.6814122623051014,251.06382043837561,262.26813912578086,274.4570502030033,27.0,29.0,30.0,2.0,3.0,5.0,2.4633482098579407e-07,2.5560148060321808e-06,0.00011307420209050179,-15.908975647870374,-10.050505167892865,8.732620658269553,0.39285714285714285,0.5287356321839081,0.8333333333333334,0.019521690767519473,0.19032258064516122,0.6225806451612901,15.25,20.625,27.0,3.0,3.0,3.0,5.887355583600318e-06,0.00012616799325609884,0.0016150028616767065,254.73410268575822,267.26667116218846,281.5923591369028,0.5162597970580088,0.6022537695278631,0.6850231386935284,13.912388036333688,15.833333635167968,17.546491922139776,0.8580629647573899,2.2140844177870527,3.7248897940198913,0.6036250890116501,0.7646171109181656,0.9024428416456788,0.19680000000000009,0.65,0.98,0.16,0.54,0.9,240.7450882638077,253.32656426823849,269.20161955755214,0.5237754121765789,0.6113211205041363,0.6987631289816932
SDSS J125915.58+275356.9,60.0,80,3.428199704054172e-08,5.722865555408703,0.46352785094571763,5.722865555408703,65.0,15.0,1.411466840981396e-08,4.054721560066675,0.29743589743589743,0.19032123647026947,31.6,3.0,6.3543970485469e-07,356.7037382216613,0.490833069724638,38.31062091171799,9.349123172114615,0.607672120283748,0.2178910544727636,0.0069965017491254375,19.91420495929151,0.42129060061005547,1000.0,16-84%,80.0,80.0,80.0,1.902702842773437e-10,1.7823910974924022e-08,8.039992601461626e-07,356.06143301356224,5.41064597805763,16.03521094582436,0.4188327208063593,0.4722672740076499,0.528944741753876,356.06143301356224,5.41064597805763,16.03521094582436,60.0,64.0,67.15999999999997,12.840000000000003,16.0,20.0,5.580982368572084e-10,5.8713304145961997e-08,8.580559867049611e-06,-0.7727140398826808,5.712234714288321,16.935483715660727,0.25,0.34780578898225956,0.4659534904662209,0.007257805779479664,0.07131511744331628,0.34574051504458686,24.668,32.95,43.3,3.0,3.0,3.0,2.125259523921841e-09,3.3008125799316446e-07,1.8127423828024845e-05,347.2844456741566,356.5780017842261,6.67140529410301,0.4340447901322688,0.49962464760520164,0.561791978179878,35.798803214290324,38.72425135741097,41.52786207363125,6.625792173212857,8.782330745122142,11.212395860091965,0.5322090274925554,0.6288736645832653,0.7193765539472935,0.04,0.22,0.7,0.02,0.02,0.04,6.4513209520550845,19.209468920951053,33.126776431486974,0.36698226695669145,0.4384409705513017,0.49761444005254346
SDSS J130000.97+275929.5,60.0,849,5.928276945328426e-140,125.56389552115581,0.6144914484201526,125.56389552115581,758.0,91.0,1.0189211858282708e-131,3.900715121879209,0.16161674736872625,0.025124541949400243,542.2508833922261,3.0,0.0,129.94971264198148,0.5568699184385222,388.2544117980593,51.40591280977047,0.7661562350179141,0.9370314842578711,1.0,122.75701669851554,0.6642895904202278,1000.0,16-84%,849.0,849.0,849.0,2.4955873402182314e-147,9.255286491986821e-140,4.7622626038636534e-133,123.50644583799476,125.56515290690305,127.56445823531129,0.5990620441172919,0.6140644235539365,0.630558192907855,123.50644583799476,125.56515290690305,127.56445823531129,747.0,757.0,767.0,82.0,92.0,102.0,3.2582157088469713e-140,8.409105881257433e-131,6.442844887857644e-122,1.9757256538364516,3.7429420219310927,6.949309180623189,0.1244043579015802,0.17091434728015797,0.22477718258874968,0.0003901206365585496,0.014604085870473838,0.14056197986427577,498.6867844522968,545.9399293286219,593.2643109540636,3.0,3.0,3.0,0.0,0.0,0.0,127.11901368275738,129.94872833808802,132.68449036093364,0.5388676782146149,0.5572856777900559,0.5761256025699507,377.47141116211736,386.5693639843306,395.686438573371,47.23645332357286,52.961365972427,58.58765160947081,0.7342061158100965,0.7586872623547187,0.7852482410845827,0.7968000000000001,0.96,1.0,1.0,1.0,1.0,120.7091016100411,122.78595437139631,124.66324264248323,0.6468184922625034,0.6653986331542434,0.681731096493797
SDSS J130022.65+275754.8,60.0,73,0.053868712984137306,286.8544537839472,0.20004127771701538,286.8544537839472,47.0,26.0,0.01861775143319464,4.01938797316771,0.16448445171849427,0.6804636598040588,2.780821917808219,3.0,0.42666670908054494,306.3673838397766,0.14100190873656884,25.918598288082013,16.46045248735002,0.22317974630557472,0.7881059470264867,0.9825087456271864,285.46280054263775,0.28139996156442676,1000.0,16-84%,73.0,73.0,73.0,0.0020531882350656705,0.029464304063508154,0.195531217112004,263.5925848937311,286.30142814110263,312.48928963605624,0.14952139815900395,0.2197321517129986,0.29115661053701747,263.5925848937311,286.30142814110263,312.48928963605624,42.0,47.0,51.0,22.0,26.0,31.0,0.0009142745821630902,0.01861775143319464,0.241644723140752,-2.3222674542919712,3.080542218226846,7.5235774998802825,0.17664347826086957,0.2391304347826087,0.3275315619967794,0.04495085045462645,0.24245341792136915,0.608932453879296,2.013698630136986,4.972602739726027,9.027397260273972,3.0,3.0,3.0,0.028928834051911267,0.1738143341512779,0.5695683764264352,268.37813557952313,306.74514766102027,344.81447263467965,0.10405383786346041,0.16975301553058755,0.24664081656305603,23.106315376182092,25.875438073469788,28.75579008065174,13.469251403094534,16.349395229781322,19.043955016534326,0.10334318410825924,0.22368026180438322,0.35212551591150487,0.42,0.82,0.98,0.44,0.86,1.0,265.39926869527244,285.4660257857222,307.7652472287898,0.2246356890611228,0.3075460310914113,0.3767712233617734
SDSS J130042.87+280313.7,60.0,79,0.004997768624987526,203.13135181531771,0.25898447588392554,203.13135181531771,54.0,25.0,0.0014660719473423367,0.057245278138886135,0.12296296296296297,0.9224515317440456,9.455696202531646,3.0,0.02380737937045585,198.1477020783025,0.25568528355571735,33.65821355841918,14.391353648019297,0.4009788439430145,0.17091454272863568,0.15692153923038482,206.75863137685727,0.24818659091896236,1000.0,16-84%,79.0,79.0,79.0,9.811221050905323e-05,0.003104822108277252,0.04721933146978647,185.43270054923937,202.26603802119178,220.94808109115309,0.19658324087234827,0.2703677709095951,0.3418008752876312,185.43270054923937,202.26603802119178,220.94808109115309,49.0,54.0,58.0,21.0,25.0,30.0,3.761512780416609e-05,0.0014660719473423367,0.04216544399495113,-5.22400082529521,1.0786214935954064,7.041204632269313,0.17461879251352935,0.2330508474576271,0.3188695413204214,0.05003251251265563,0.26731140915811036,0.6118614329790704,6.113924050632912,11.27848101265823,18.18075949367088,3.0,3.0,3.0,0.0004037213168769461,0.010311505444250968,0.10619722490682115,179.78818991468597,197.6310348965958,218.3912577159731,0.18803471716908524,0.27162055557255943,0.34604422391556006,29.30231014879301,32.65837667997732,35.75950793407465,12.474639511500442,15.308820913614097,18.345248422221864,0.23398345285325967,0.36328014652734797,0.47584942530935387,0.1,0.44,0.84,0.04,0.22,0.62,184.7178663512923,206.709459640246,226.95267810253142,0.17090253654752527,0.265438335274483,0.3538176072017958
SDSS J130032.48+275833.2,60.0,63,0.7624374604889262,47.20870065752865,0.06561489292028283,47.20870065752865,35.0,28.0,0.44996253629022254,-12.270802113876456,0.25,0.24469975258391916,5.634920634920634,3.0,0.13078791581449611,61.46349385500855,0.12809221990612843,23.19237034012862,14.77008329123909,0.22185834273710753,0.03398300849575212,0.033483258370814596,352.6316412658404,0.052221578118489057,1000.0,16-84%,63.0,63.0,63.0,0.10728285446953728,0.41603881107244195,0.8171771998196778,321.8946858968367,45.855101240882846,108.96253883161421,0.05661044423647984,0.11798433802910552,0.18823687279494497,321.8946858968367,45.855101240882846,108.96253883161421,32.0,37.0,41.0,22.0,26.0,31.0,0.022574972673257185,0.20736789985685422,0.8013064925040663,-14.212107169406073,-6.328724421623235,8.602706340175446,0.20504962779156327,0.2915874214048656,0.40619068736141906,0.009129702684935539,0.12470585899972089,0.48579577902870097,4.090793650793651,7.793650793650793,12.11111111111111,3.0,3.0,3.0,0.007012072648261647,0.050474491345401606,0.25186857181957184,21.158334457698174,61.22976955160357,101.94525516305185,0.07291420858587334,0.1571493811296574,0.25611221764595277,20.17186152410204,23.26080425809375,26.079679022457377,12.12325301017336,14.756896143225177,17.681879317405755,0.07729822119348609,0.2255967242086953,0.35653834080540686,0.06,0.3,0.7,0.02,0.1,0.3231999999999994,260.7409579843204,357.1864073861792,70.25885179012153,0.06956045192607437,0.13601234516340865,0.21783594307241563
SDSS J130022.65+275754.9,60.0,153,0.974882955774279,51.030097962769275,0.012894205150793484,51.030097962769275,84.0,69.0,0.25763377654672176,-2.7939340078226778,0.13146997929606624,0.4787903829613014,1.326797385620915,3.0,0.7227798211160419,345.6070062371599,0.04522629577992949,41.17400907841986,42.24642663511567,-0.012855573667566017,0.8690654672663668,0.696151924037981,77.23594848222729,0.011862433439100602,1000.0,16-84%,153.0,153.0,153.0,0.15733522900799737,0.48506810295205366,0.8332906571305839,304.24060396366303,45.6269579256259,161.01145600207724,0.03452500721986404,0.06876437056077911,0.10994343165669838,304.24060396366303,45.6269579256259,161.01145600207724,77.0,83.0,90.0,63.0,70.0,76.0,0.035211020179809045,0.33199325143986436,0.7465275303369365,-7.337560943621394,-0.6299162724243743,5.869476047150319,0.15460521143298817,0.21401669681646274,0.2973316790736145,0.0018479714323901026,0.05304562304175034,0.288588269617769,1.326797385620915,3.549019607843137,7.078431372549019,3.0,3.0,3.0,0.0694394711865185,0.314475512844358,0.7227798211160419,270.02974973823075,344.7231273024197,52.34462864081405,0.04559221774450832,0.08544565774976043,0.139485739585698,42.00665794617992,46.43812072619458,50.65069853041464,32.78357568725818,36.82234818045326,41.456579811279056,0.02121652310843169,0.11666067866325075,0.20619506665707657,0.1,0.44,0.82,0.1,0.52,0.92,320.7293369039294,73.51350266174654,182.1849642371651,0.04092781486441306,0.0800161674908162,0.12667955110205834
SDSS J130020.39+280413.9,60.0,95,0.01282496801579666,182.51983549984803,0.21414115811338363,182.51983549984803,58.0,37.0,0.03960823767054588,3.8809422539081453,0.16635601118359739,0.4938846793558815,10.473684210526315,3.0,0.014940479022935715,181.47654625800826,0.23661634922026253,34.35039507824654,21.338743266512726,0.2336479284556627,0.6536731634182908,0.5387306346826587,183.42237393756858,0.21308394101657777,1000.0,16-84%,95.0,95.0,95.0,0.00020707525362844993,0.007476928603395705,0.09844369078421036,163.53197915703822,182.4377382434551,200.4974224743696,0.1562141222487418,0.22701579770264463,0.29881231754968784,163.53197915703822,182.4377382434551,200.4974224743696,56.0,60.0,64.0,31.0,35.0,39.0,0.0009246444117719317,0.013378703026003939,0.10017333048675559,-2.9839406698744804,2.9935436051769386,11.10542974944945,0.17536842105263156,0.2339226633581472,0.31113460061443926,0.02241966060693662,0.15834481681609186,0.4596386807314275,6.418105263157895,12.284210526315789,20.073684210526316,3.0,3.0,3.0,0.00016387732494460572,0.0064715854652444005,0.09295706312942402,163.76286729235653,181.88018991941658,198.85355037600687,0.17711463038039377,0.24717480969426545,0.32740036795863403,32.85142474856079,35.78028706456639,39.164153237221086,16.873777762220783,19.89093610766725,22.69665830785819,0.19502739406348726,0.2861178882274482,0.39177305270325496,0.12,0.44,0.84,0.2,0.53,0.86,161.00900324286965,182.39371942597313,203.5386245119248,0.14838508958544516,0.22693617252444281,0.3174045759058678
LEDA 126785,60.0,232,7.56387317075077e-05,191.719992620801,0.20224539210682244,191.719992620801,143.0,89.0,0.00047624975354938266,4.086638185196428,0.13365286398994264,0.2518523841772962,14.482758620689655,3.0,0.002316525263039715,186.38878904604167,0.21528434288346124,87.11813479017712,52.146161201368656,0.2511194512549827,0.24237881059470265,0.4002998500749625,202.2028510121896,0.17834588928809414,1000.0,16-84%,232.0,232.0,232.0,5.400131543444315e-07,5.876510839359675e-05,0.0024759672026342487,178.89108501766339,191.47953733816053,203.54357031511358,0.1608319594330569,0.2049178242121414,0.2494103221570612,178.89108501766339,191.47953733816053,203.54357031511358,137.0,144.0,151.0,81.0,88.0,95.0,5.045177766493283e-06,0.0002868816394511249,0.006978110763764819,1.5080568602890572,4.389233492533055,6.8106161829744405,0.13139541309754074,0.1824342383620734,0.24249350649350648,0.002637265426668062,0.04562720217596139,0.2672072644262057,9.413793103448276,15.96551724137931,24.862068965517242,3.0,3.0,3.0,1.6500522730389378e-05,0.001152593617583686,0.02426636457349853,173.7408918193812,185.78058602983742,198.56608981468503,0.17198623332196647,0.22037740038606557,0.26618608638482266,82.37206617965009,87.44606236811092,92.33374540857112,47.13943970029565,51.615333499257275,56.33288182309746,0.19301539772138537,0.2579177500101376,0.31957156837270273,0.06,0.26,0.66,0.1,0.4,0.82,187.85414648044457,202.61126878410005,218.51534346414041,0.1287873594072045,0.18381672807477428,0.23627099388010903
SDSS J125915.81+275309.7,60.0,19,1.6303911467797303e-07,16.289981605048695,0.8992305939210617,16.289981605048695,19.0,0.0,3.814697265625e-06,,,,24.157894736842106,3.0,2.3153885534643592e-05,19.22948679202409,0.893539791627934,10.660106229503999,0.0,1.0,1.0,0.7091454272863568,12.599288129157003,0.9098944272547589,1000.0,16-84%,19.0,19.0,19.0,9.355912858428817e-08,1.505185601248441e-07,2.2790457687976132e-07,10.044827279101241,15.85532101447592,22.01352484574869,0.8773845999742622,0.9040339752725446,0.9302045052440397,10.044827279101241,15.85532101447592,22.01352484574869,19.0,19.0,19.0,0.0,0.0,0.0,3.814697265625e-06,3.814697265625e-06,3.814697265625e-06,,,,,,,,,,19.94736842105263,24.157894736842106,31.736842105263158,3.0,3.0,3.0,5.946254344468827e-07,2.3153885534643592e-05,0.0001740592798235019,12.064994266907263,18.872259948885585,25.3225133272324,0.8754212944047028,0.8991550048527455,0.9230757481802538,9.51731647005289,10.771671806095355,11.834453485283909,0.0,0.0,0.0,1.0,1.0,1.0,1.0,1.0,1.0,0.36,0.7,0.9,6.612259360563428,12.592127186983248,18.682671216210622,0.8770004342057721,0.9162165116620266,0.9480268877231511
SDSS J130005.34+275628.8,60.0,480,5.564580656690392e-46,340.8575065778727,0.4659275977586993,340.8575065778727,385.0,95.0,1.985813512691141e-42,10.830772189110789,0.250580997949419,0.0001055766512013044,212.11666666666667,3.0,0.0,342.91972398459853,0.4482774666635597,220.73292762561218,59.74920469478031,0.5739535762903479,0.9565217391304348,0.9965017491254373,339.20426319225993,0.4838349360697167,1000.0,16-84%,480.0,480.0,480.0,1.8352881777013827e-50,4.428603475193792e-46,2.0387791539187922e-40,336.94304852814093,340.51602097039904,344.3340364812186,0.436346223936482,0.46643827175890584,0.48845442981542664,336.94304852814093,340.51602097039904,344.3340364812186,376.0,385.0,393.0,87.0,95.0,104.0,1.7782643750865064e-47,1.985813512691141e-42,3.5059009554383096e-37,7.637860589985443,10.622274146147404,13.669244459253823,0.23845706724091167,0.2811497852651268,0.3255396963245181,1.1998274592122533e-07,7.943113861523097e-06,0.00030128950353024527,188.63400000000001,211.84166666666667,237.18866666666668,3.0,3.0,3.0,0.0,0.0,0.0,338.6446091936332,342.69358086739203,346.52379810577554,0.414708579899324,0.44860244717941833,0.475320296186852,214.07885540293697,221.2239974222163,228.34570266433568,53.46658014795376,59.10839751342358,64.75384052495828,0.5379293664446437,0.5786815608211219,0.618989973292596,0.66,0.9299999999999999,1.0,0.92,1.0,1.0,334.7403003694254,338.89187527897775,343.1167648247167,0.45405429727102375,0.48256661721787897,0.5099016445946742
ECO 11482,60.0,0,,,,,,,,,,,,,,,,,,,,,,,,,,,,,,,,,,,,,,,,,,,,,,,,,,,,,,,,,,,,,,,,,,,,,,,,,,,,,,,,,,,,,,,,,,,,,
2MASX J13001036+2757332,60.0,1230,8.566137131573293e-129,330.4480267693677,0.4896370483454812,330.4480267693677,963.0,267.0,1.2245961746093718e-92,15.150267801242808,0.39315341804053344,1.8581697877726938e-29,514.3837398373984,3.0,0.0,329.5934810094093,0.46259500236317574,486.59386047912324,146.92371245218112,0.5361653133870911,0.9995002498750625,0.9720139930034982,330.228185326037,0.5254251835485367,1000.0,16-84%,1230.0,1230.0,1230.0,2.246569998352968e-137,2.8728116262802636e-129,2.5156295005234006e-120,328.2712387659793,330.36235910681285,332.6064399103992,0.47317273872487026,0.4905432679765732,0.5057773169969513,328.2712387659793,330.36235910681285,332.6064399103992,949.0,964.0,979.0,251.0,266.0,281.0,7.976058040645492e-102,3.3856040283060612e-93,4.897750539950722e-85,13.892700170697797,15.318306865294346,17.27841937265096,0.3700870192121019,0.40233803918226996,0.4339495709094016,2.5495491688319858e-36,1.0948505067795496e-30,6.109427344449865e-26,477.39538211382114,515.0991869918699,559.1702113821138,3.0,3.0,3.0,0.0,0.0,0.0,326.7365522941727,329.5630587133562,332.177183577679,0.444370228183634,0.4635079771547086,0.4812885687232324,474.74899679454745,485.96103211318393,497.1049844769648,138.57260394188393,147.33156482237746,156.306762674537,0.5082034990231096,0.5337859293896723,0.5613492681514142,0.98,1.0,1.0,0.8,0.98,1.0,328.04851398002404,330.1975198384325,332.4261188013868,0.5078550462209082,0.5267813012862286,0.5436639573316937
2MASX J13002014+2750365,60.0,0,,,,,,,,,,,,,,,,,,,,,,,,,,,,,,,,,,,,,,,,,,,,,,,,,,,,,,,,,,,,,,,,,,,,,,,,,,,,,,,,,,,,,,,,,,,,,
GMP 2913,60.0,0,,,,,,,,,,,,,,,,,,,,,,,,,,,,,,,,,,,,,,,,,,,,,,,,,,,,,,,,,,,,,,,,,,,,,,,,,,,,,,,,,,,,,,,,,,,,,
2MASX J12592022+2804278,60.0,0,,,,,,,,,,,,,,,,,,,,,,,,,,,,,,,,,,,,,,,,,,,,,,,,,,,,,,,,,,,,,,,,,,,,,,,,,,,,,,,,,,,,,,,,,,,,,
LEDA 44656,60.0,503,1.8669782827215331e-19,210.26064885485476,0.29280570347794266,210.26064885485476,341.0,162.0,1.0397921549865401e-15,8.882359170331405,0.21306252489048189,7.359928085081363e-05,69.15904572564612,3.0,6.439293542825908e-15,208.46665527408845,0.2534772316967723,187.17343349360056,92.64746699982986,0.3378088138773249,0.6046976511744128,0.9955022488755623,215.10738442847767,0.3214221016323117,1000.0,16-84%,503.0,503.0,503.0,7.76121843877622e-24,9.95116121678764e-20,3.846013387478833e-16,203.82149459328832,209.89466127637957,216.48434386904876,0.26564125821966256,0.2949353776127352,0.32525592717926993,203.82149459328832,209.89466127637957,216.48434386904876,331.0,342.0,351.0,152.0,161.0,172.0,3.6282133033563537e-19,4.886484581305357e-16,1.2141020689560284e-12,7.02233428571565,9.261976004457445,11.849721299361878,0.17929069829821476,0.22164993762715102,0.26989625964337044,1.7364908406000552e-07,3.1961717749890366e-05,0.001461703384299958,55.33288270377733,71.61630218687873,89.18226640159045,3.0,3.0,3.0,0.0,1.942890293094024e-15,5.830447236121469e-12,200.20200867915582,208.46777020316472,216.1976945363615,0.223294644874432,0.2566026980751248,0.28979386761810766,177.22714741915826,184.7768134698553,191.96180445392554,88.23017009009554,94.85922747977344,102.21121326224508,0.27276582247271314,0.3224268792249319,0.3682007069612823,0.56,0.9,1.0,0.94,1.0,1.0,208.68720049796548,214.7760415302106,221.4118916260012,0.2892212357998715,0.3236214419353482,0.35715634440402383
2MASX J12592016+2753098,60.0,60,4.549253661234008e-17,27.559123480970754,0.7919278522682103,27.559123480970754,57.0,3.0,6.253851603243987e-14,-11.509861572598737,1.0,5.8445353594389236e-05,79.73333333333333,3.0,0.0,25.48108642662089,0.7599495785719849,29.055234321820304,2.419504470081301,0.8462573757273668,0.7361319340329835,0.6481759120439781,24.95498788089992,0.8114030094602496,1000.0,16-84%,60.0,60.0,60.0,3.924097141120839e-19,2.4131514394302168e-17,1.69463248846809e-15,23.06584143927404,27.681519306622477,32.546478016757476,0.7528978606729686,0.7985724072147962,0.8404560467056316,23.06584143927404,27.681519306622477,32.546478016757476,55.0,57.0,58.0,2.0,3.0,5.0,3.1762786845135338e-15,6.253851603243987e-14,1.0382663478969434e-11,-14.211637425572107,-11.509861572598737,-8.845605654669676,0.8181818181818182,1.0,1.0,3.6619895735832867e-07,5.8445353594389236e-05,0.0041055297507356925,66.53333333333333,82.53333333333333,96.93333333333332,3.0,3.0,3.0,0.0,0.0,2.353672812205332e-14,19.754156466462632,25.700274509685585,31.6775757084838,0.71063252604371,0.7706032293733585,0.8224584476183305,27.081842294731292,29.249200615934104,31.324379974284973,1.1102482370727669,2.0642462441719474,3.373502477180481,0.7881707410759438,0.8667033209556302,0.9278681857250113,0.4,0.7,0.9,0.2768000000000001,0.66,0.92,20.206828197766754,25.19039680803229,30.292547187240018,0.7679447112614174,0.8177068081984037,0.8613301326919128
LEDA 1820946,60.0,0,,,,,,,,,,,,,,,,,,,,,,,,,,,,,,,,,,,,,,,,,,,,,,,,,,,,,,,,,,,,,,,,,,,,,,,,,,,,,,,,,,,,,,,,,,,,,
LEDA 126800,60.0,91,0.3969107869951179,67.44324660169707,0.10076867980209632,67.44324660169707,57.0,34.0,0.020584209038374254,19.818980922704647,0.37874097007223945,0.0029380143226276256,1.5274725274725274,3.0,0.6759443541953892,55.15271799397533,0.1144568458899078,32.51345130084307,18.80635755566485,0.26709167572123593,0.33233383308345826,0.767616191904048,85.58618150824543,0.12835223904760582,1000.0,16-84%,91.0,91.0,91.0,0.033333710401832625,0.23723549108268155,0.6679388017379589,19.561142708878663,67.23334015851776,107.77687753408748,0.06659362752513864,0.12573758424181913,0.19332850618983888,19.561142708878663,67.23334015851776,107.77687753408748,48.0,53.0,59.0,32.0,38.0,43.0,0.00610552107452477,0.14179337454474714,0.6752224599160574,5.9435813774188615,17.968935973183314,26.054501368172986,0.2639984040127679,0.366212582211568,0.4615829165674367,0.00011378189403792778,0.004116923260458394,0.0738890053271402,1.5134065934065937,3.813186813186813,7.857142857142857,3.0,3.0,3.0,0.04905826509273037,0.28235600464116417,0.679199386108271,10.452727953357055,55.16165295174153,96.46139899196248,0.07864345683081388,0.1430743043667913,0.2110009033194816,26.891356985008887,30.617922953477382,34.25697086709873,17.124493514895143,20.612142173341482,24.294250027840302,0.0544597009653218,0.198578476943169,0.3296397461319383,0.12,0.5,0.86,0.22,0.62,0.92,44.51682882297655,86.41270732167345,121.99238840552596,0.07981925009544409,0.1549874506835902,0.2344021403303818
LEDA 44616,60.0,114,1.8839128616293455e-08,192.74784526410093,0.39500532775284314,192.74784526410093,81.0,33.0,8.004321800801116e-06,19.132643762339555,0.3501683501683502,0.004493157476144409,35.26315789473684,3.0,1.0718483667293555e-07,192.50031554208908,0.4304399975143177,45.47762937467724,16.866862219600634,0.45891411451821945,0.3748125937031484,0.08095952023988005,187.72188858208014,0.3588519968122865,1000.0,16-84%,114.0,114.0,114.0,7.632412296062559e-11,1.2656011447705162e-08,1.150872881939939e-06,182.6455480647303,192.9293025877621,202.11682299612937,0.34634792513902846,0.39939834608580493,0.45205242124228984,182.6455480647303,192.9293025877621,202.11682299612937,78.0,83.0,88.0,26.0,31.0,36.0,4.5895722935023815e-09,1.1803379442916355e-06,0.00010423670561637987,13.457750926910244,19.010217504078362,24.017887852552214,0.3141274289491077,0.3848627921046628,0.4653843638763965,7.11906116027983e-05,0.0019431261745456387,0.01744297335950633,26.561403508771928,36.56140350877193,48.61894736842105,3.0,3.0,3.0,1.572825114593002e-10,5.698131549936036e-08,7.2751797298709064e-06,182.37842804111233,192.73467864692338,202.00835817645395,0.3777815297667938,0.43524970951942976,0.4955981681039735,43.15556530049447,46.93762405889281,50.78392532049318,12.270463154050619,15.364192161150399,18.261207511003505,0.4150625435474697,0.5078666810722998,0.6043688958611906,0.04,0.22,0.62,0.02,0.1,0.4,175.24157526043427,187.69093082919073,201.01730960711484,0.2988737273737988,0.36612820404702334,0.4320097234322859
SDSS J130042.56+280658.6,60.0,11,-3.896368478791623e-06,163.9017587842311,0.9125869714497267,163.9017587842311,11.0,0.0,0.0009765625,,,,15.545454545454547,3.0,0.0014051586723807796,169.81202674435804,0.9122923714827513,5.574734987697009,0.0,1.0,1.0,0.8445777111444278,164.19360624049625,0.9358034533836018,1000.0,16-84%,11.0,11.0,11.0,-3.7974452381667404e-06,-2.4057261066549993e-06,1.550133262518023e-06,156.3362387889323,163.7095921563532,171.6876200572076,0.8848092250866866,0.9243235583593261,0.9588089415549619,156.3362387889323,163.7095921563532,171.6876200572076,11.0,11.0,11.0,0.0,0.0,0.0,0.0009765625,0.0009765625,0.0009765625,,,,,,,,,,12.636363636363637,15.545454545454547,25.727272727272727,3.0,3.0,3.0,1.0877318307844774e-05,0.0014051586723807796,0.005492773187803834,160.80112816342103,169.24163034840035,178.73024299563656,0.8879177680988533,0.9216948426498954,0.9620852508639599,4.8431213886668845,5.58039192679731,6.310033812425036,0.0,0.0,0.0,1.0,1.0,1.0,1.0,1.0,1.0,0.4,0.8,0.98,158.2499666292524,163.84809893770944,170.85989099418498,0.9126205658014909,0.9419339535953006,0.9683582934914452
2MASX J12590459+2754389,60.0,0,,,,,,,,,,,,,,,,,,,,,,,,,,,,,,,,,,,,,,,,,,,,,,,,,,,,,,,,,,,,,,,,,,,,,,,,,,,,,,,,,,,,,,,,,,,,,
LEDA 126761,60.0,60,0.07882499958590093,138.416497109486,0.205771923854398,138.416497109486,38.0,22.0,0.051893895928921435,-13.53506583905007,0.3444976076555024,0.054980945457141286,3.6000000000000005,3.0,0.3080221715589937,152.76094002534967,0.1784109443362154,18.931197596519905,13.871780679240254,0.15423651092737267,0.9535232383808095,0.519240379810095,119.31084141873646,0.281039469951954,1000.0,16-84%,60.0,60.0,60.0,0.004359777211009493,0.04702893298894072,0.2780824880785877,116.52945484878313,139.25218076888,165.74799318760915,0.14605007708647724,0.22572084533744152,0.30098007837630214,116.52945484878313,139.25218076888,165.74799318760915,35.0,39.0,42.0,18.0,21.0,25.0,0.002670436282807066,0.027340133868077935,0.2450608330229457,-18.189339046194423,-11.606548589284554,-3.2959957637366273,0.27739576213260425,0.38265841988563426,0.48784222196288946,0.0021886192702493673,0.02858166360325657,0.20768692125173963,2.0,5.466666666666666,10.799999999999999,3.0,3.0,3.0,0.01285800115629765,0.1406459690184717,0.5724067044708798,123.49765159124922,153.97133647456803,191.64829852266314,0.12541535072004803,0.21118974597997991,0.29520112048504926,18.01552012359972,20.569213876748435,23.318605959010306,9.842592049422128,12.128733866525145,14.732387938396817,0.11833912012742857,0.2569805341734981,0.40019953244512957,0.3,0.76,0.98,0.1,0.44,0.88,100.50247432762205,120.0643007883117,142.53245965727126,0.21193920055316068,0.29802063931740985,0.38638733188916585
Z 160-A14,60.0,0,,,,,,,,,,,,,,,,,,,,,,,,,,,,,,,,,,,,,,,,,,,,,,,,,,,,,,,,,,,,,,,,,,,,,,,,,,,,,,,,,,,,,,,,,,,,,
LEDA 44654,60.0,5,,,,,,,,,,,,,,,,,,,,,,,,,,,,,,,,,,,,,,,,,,,,,,,,,,,,,,,,,,,,,,,,,,,,,,,,,,,,,,,,,,,,,,,,,,,,,
NGC 4894,60.0,335,1.928858793678434e-21,249.48677627726656,0.37733297549826883,249.48677627726656,227.0,108.0,7.259562804400295e-11,5.9497489237640835,0.18379833578071464,0.012051987565589195,25.05970149253731,3.0,1.5003000198854366e-05,256.2276240152059,0.3921536554265198,120.54731827609744,57.30386019868265,0.35559763291859736,0.5557221389305347,0.5707146426786607,247.7478480298203,0.3940415846747327,1000.0,16-84%,335.0,335.0,335.0,7.773824275626129e-26,7.615351291164485e-22,4.569517756448218e-18,244.11244284147767,249.47636975397802,254.3557346115033,0.3452324543040883,0.38099209298989273,0.4154352737177547,244.11244284147767,249.47636975397802,254.3557346115033,221.0,232.0,246.0,89.0,103.0,114.0,3.673481927333038e-18,1.42627833390264e-12,5.218069261607211e-09,4.240548276842862,5.988694803797678,8.283420158936154,0.1418855485722638,0.1903437626661898,0.2440857435129546,0.00032191171948407277,0.010306904300629024,0.10324723570886916,19.078089552238808,27.698507462686564,37.246447761194034,3.0,3.0,3.0,4.080918055038297e-08,4.201727161090574e-06,0.000263440839346529,250.85697099942695,256.2603119056256,261.34102679099135,0.3529532404630412,0.39656253669411745,0.4370163549965485,114.9318805520321,121.14366995357969,127.4163104710319,51.02216737927534,56.704941334884055,62.57774570580611,0.3006313659939753,0.3622718548479099,0.4252119244294674,0.32,0.68,0.94,0.12,0.44,0.82,241.07465660951038,247.69892732648327,253.47949587792277,0.3594449679284226,0.39701253173318085,0.4351088292195284
NGC 4886,60.0,1888,6.223355602687535e-92,135.37574246776347,0.3335173991949873,135.37574246776347,1308.0,580.0,1.9469145504696985e-64,9.074295585782771,0.20633765685964356,1.831693371823289e-15,448.39406779661016,3.0,0.0,136.31241461112438,0.25997657620327513,585.2938085690018,306.5654831570627,0.31252500029741326,1.0,1.0,134.05834280070957,0.37792839631541925,1000.0,16-84%,1888.0,1888.0,1888.0,1.488889593006059e-100,4.083861859098231e-92,5.062932339771646e-84,132.68076197559026,135.38565484697796,138.03876026652085,0.31872628268669784,0.33385174385489624,0.3489263496557765,132.68076197559026,135.38565484697796,138.03876026652085,1289.0,1309.0,1328.0,560.0,579.0,599.0,9.90788547609927e-72,8.609588218557593e-65,6.588741125367867e-58,8.03015708916352,9.19562569793026,10.271122874008636,0.19234028003220344,0.21680660452326891,0.2393392547520717,1.2741198028828881e-20,5.313301272213915e-17,1.65649546890941e-13,406.4754237288135,450.67372881355936,494.46169491525427,3.0,3.0,3.0,0.0,0.0,0.0,132.16837543381246,136.1102752435052,140.38884070120014,0.24289408490901815,0.2610678937872535,0.2773570375800267,572.4510266444244,585.4911470069669,599.4293548126204,293.0768754593274,306.1365821673009,317.8344458877454,0.2887708008156693,0.31347372492587233,0.33880834614805416,1.0,1.0,1.0,1.0,1.0,1.0,131.24912871110234,134.10765022182102,136.78937577137015,0.36110445027864424,0.3785518003262896,0.39598582779654545
NGC 4872,60.0,1365,8.730330961991083e-86,13.80787054551206,0.37879267887053336,13.80787054551206,1001.0,364.0,5.739339964794015e-69,2.013240046240952,0.0964035964035964,0.013061176271873583,375.4747252747253,3.0,0.0,12.435237004460191,0.3318900543520347,500.2637991867193,204.1431824924246,0.42038285308929146,1.0,1.0,14.835597089607347,0.4379628056921318,1000.0,16-84%,1365.0,1365.0,1365.0,1.8556959218398902e-94,5.95737311679317e-86,1.090425242451106e-77,11.316224036233052,13.933667200843047,16.610134471977574,0.36031491338278776,0.3791626344753469,0.397634865490555,11.316224036233052,13.933667200843047,16.610134471977574,985.84,1003.5,1020.0,345.0,361.5,379.15999999999997,1.2740573387575574e-77,5.108676417718593e-70,1.8845030039120185e-62,0.5142702346339485,1.948937721223757,3.6317631811049678,0.08383013924460538,0.10812840680536168,0.13239929298651157,0.00016631214918319667,0.003682164991450778,0.04523710812768072,339.17219047619045,378.76556776556777,417.97424175824176,3.0,3.0,3.0,0.0,0.0,0.0,9.141395731673924,12.76087284192954,16.02585808804895,0.31066076647594904,0.3321423383654494,0.35453716447483064,489.06119110159665,501.21928964637357,514.3228941087626,191.98429508999232,202.77755746370948,213.91447108659472,0.39418137921226737,0.42366584597590534,0.4539641574690655,1.0,1.0,1.0,1.0,1.0,1.0,12.360646963802651,14.900193851238384,17.45763538817795,0.41974918362287694,0.43829237979159613,0.45657531911163096
NGC 4865,60.0,0,,,,,,,,,,,,,,,,,,,,,,,,,,,,,,,,,,,,,,,,,,,,,,,,,,,,,,,,,,,,,,,,,,,,,,,,,,,,,,,,,,,,,,,,,,,,,
NGC 4873,60.0,997,7.676663468392152e-30,163.68067543898928,0.25930887191618246,163.68067543898928,649.0,348.0,1.0243978808256076e-21,7.530867000035563,0.15801941094167862,2.060792524830375e-05,112.21163490471415,3.0,0.0,158.38931096368628,0.24235066248759018,346.58632436954326,188.95935405434452,0.2943296466868994,0.7231384307846077,0.8380809595202399,169.2057132234845,0.27591839860515205,1000.0,16-84%,997.0,997.0,997.0,3.7608537030067224e-35,5.153427538333875e-30,1.3809902809655264e-25,159.45314775267775,163.87793088985268,168.66322896165082,0.23961233095927198,0.26007852264991305,0.2819651520375547,159.45314775267775,163.87793088985268,168.66322896165082,638.0,653.0,668.0,329.0,344.0,359.0,3.0644943855463636e-27,8.036945617195067e-23,7.838161220392403e-19,4.801654166472709,7.010500273127047,8.556920344734145,0.13176303140490103,0.16272703915429393,0.1954794124333709,4.7481364566865845e-08,1.1185363848817102e-05,0.0007607318506248025,94.48324974924773,114.96389167502508,135.58286860581745,3.0,3.0,3.0,0.0,0.0,0.0,152.9996663495915,158.43759153467317,164.21477198197488,0.2209570887561305,0.24384255322285409,0.26904653458779243,336.06183899296775,346.26096897583966,356.84505330718275,178.7344251636664,188.3898448102124,197.8589512905197,0.26192693809110607,0.2958063006487988,0.329785802929254,0.3,0.76,0.98,0.42,0.81,0.98,164.22777819858072,169.51387886437533,174.47515114229907,0.2521774715804036,0.2771036156240235,0.3017849573290717
NGC 4898A,60.0,200,0.17258258741832094,328.1478614279593,0.09372511374868911,328.1478614279593,107.0,93.0,0.35800309062450253,1.0780201434144914,0.11395839614109135,0.49032608788826637,10.84,3.0,0.012623277760871576,321.5239171611678,0.13915494069731746,60.79584671814745,43.7440277994277,0.1631130609005372,0.01649175412293853,0.01249375312343828,348.8255570103595,0.03579807993448255,1000.0,16-84%,200.0,200.0,200.0,0.007625038168661751,0.10859919067417743,0.4779568087147522,301.9851782249091,328.50404813246655,356.501706160029,0.06075503738888239,0.10535872911956672,0.15614781482375675,301.9851782249091,328.50404813246655,356.501706160029,105.0,111.0,118.0,82.0,89.0,95.0,0.013130355940531638,0.13736665086863098,0.5246223557223147,-1.0397205396863123,4.864940796922301,11.950935691482806,0.12727033885654573,0.17764798607189913,0.24584793479347933,0.004236305730624591,0.07791614658577525,0.36722013185479374,6.52,12.600000000000001,20.68,3.0,3.0,3.0,0.00012267733534820913,0.005586546097302358,0.08887708168754682,301.6500193968666,322.1109676895227,341.6588859323658,0.09305189614927163,0.1497907468625892,0.2058166242006808,55.93747917034601,60.67821655081596,65.80132365627341,39.041108142347824,43.54430272315649,48.17222594383415,0.08615858793536296,0.16480633759076524,0.24409737865923428,0.02,0.16,0.5431999999999994,0.02,0.02,0.1,280.45455554480986,350.6979295906191,71.43420766541004,0.038774934615073704,0.07482773105621875,0.11847977224018225
NGC 4898B,60.0,207,0.018491112352242357,275.7147942389778,0.13884382975658863,275.7147942389778,121.0,86.0,0.017905614973719872,10.22148344246931,0.1583701710551605,0.14057257968919185,17.057971014492754,3.0,0.0006876028521328736,294.66299678383916,0.16090234843287585,61.96054719424268,44.18036720054989,0.16751485602959074,0.47276361819090457,0.1984007996001999,256.21381976211006,0.09664043796987981,1000.0,16-84%,207.0,207.0,207.0,0.00038515158538736805,0.011466561861338723,0.1039045195259553,254.20606068014536,276.7296648790765,296.42256743521534,0.10458761194418463,0.14692219733882947,0.1948877471956149,254.20606068014536,276.7296648790765,296.42256743521534,117.0,124.0,132.0,75.0,83.0,90.0,9.038603372205988e-05,0.005306333695933137,0.07048534581058005,-0.9821464122590177,7.343978781711291,11.890283650421914,0.1281403505445859,0.17184090419384537,0.2289527559055118,0.009424333307746497,0.09377265317185876,0.3504773289664886,12.072463768115941,19.202898550724637,28.92270531400966,3.0,3.0,3.0,2.3247618873289966e-06,0.00024822902224241883,0.007139007906790007,272.93787549389424,295.2983459199065,313.1106177916862,0.1199429369299951,0.1695571916629623,0.2259633039439225,59.730795249627135,64.05448059047188,68.41283991327667,37.85903007608253,41.88222544573226,46.236346689411434,0.13697975182495964,0.20738515839255572,0.28017937409908583,0.04,0.28,0.72,0.02,0.12,0.4631999999999994,217.5925301725964,258.722823725451,294.4881472085319,0.06837139531177823,0.1145228906691177,0.16677775236574008
NGC 4908,60.0,218,0.008602263562330759,208.53424100360576,0.1476999485293189,208.53424100360576,128.0,90.0,0.012036788138188217,19.00684409755481,0.3715277777777778,5.035116402023373e-07,9.119266055045872,3.0,0.02774649552154984,205.71147067825072,0.2363137514289714,79.7767007281032,41.12897906575546,0.3196518288325345,0.0004997501249375312,0.0024987506246876563,245.23971765878932,0.029807837905302108,1000.0,16-84%,218.0,218.0,218.0,0.00016720030833383592,0.0052347139162984115,0.07149175522067021,191.03729638863103,207.7881754035584,227.9777220850101,0.11000785567178001,0.1552217998303852,0.1997286328096475,191.03729638863103,207.7881754035584,227.9777220850101,122.0,130.0,137.0,81.0,88.0,96.0,0.000181229550274878,0.005367918801283626,0.09018463240010764,14.637388203532534,18.61339020592831,20.93160544910075,0.31322135763870257,0.3877027230364843,0.454168593651461,3.209541046146014e-10,1.358727018978535e-07,4.652529866343513e-05,6.2568807339449535,11.027522935779816,18.262752293577982,3.0,3.0,3.0,0.00038824315324076597,0.011577975802185891,0.09975974948089128,193.5665742308529,205.6351593875828,219.33266335286385,0.191468443405628,0.2400745080227921,0.2902627619451174,73.3071994696136,79.17988347563578,84.505717814212,37.45819755655849,41.94790269337544,46.615679315620895,0.23092582005203438,0.3086292688342622,0.3800354830306527,0.02,0.02,0.06,0.02,0.02,0.06,161.15180300818577,241.6055528013586,326.28034918990227,0.037306924501335104,0.0697208837433608,0.11347710505060804
NGC 4906,60.0,131,0.9899748692830516,28.128701613941246,0.008770056941970972,28.128701613941246,71.0,60.0,0.3823543213561353,4.441686686369977,0.2044600938967136,0.1103816509544518,4.847328244274809,3.0,0.1833240079095788,320.2949067418574,0.07608324035272909,36.42637045231263,30.76695296608173,0.08422589028661771,0.23738130934532733,0.6106946526736632,170.97440375010285,0.05506490516363276,1000.0,16-84%,131.0,131.0,131.0,0.1813115489327769,0.5066252149875464,0.8432137006497759,276.5767257652433,25.61874853113295,128.00416053449294,0.03608035264145477,0.07204662251400873,0.11416951974488125,276.5767257652433,25.61874853113295,128.00416053449294,67.0,72.0,77.0,54.0,59.0,64.0,0.05417080038723309,0.294406156523514,0.7268761029664557,-5.6307805430552005,0.5045047372472604,7.230282348419664,0.15707697424387465,0.2389783419195184,0.3452641173158861,0.000573457390845944,0.038227175494018745,0.3576641093991241,3.1374045801526718,6.801526717557252,12.908396946564885,3.0,3.0,3.0,0.004838948680670141,0.0785001714613347,0.3709214229048624,273.66919340228264,319.5421411986158,20.380679110475,0.052015837878724616,0.10612881819929161,0.1667377205761437,34.70012731958457,38.02913104583269,41.464058654158094,25.487985583271154,28.834501136415877,32.035459047724714,0.05281641189556955,0.1317197606834255,0.23121945945734726,0.06,0.32,0.78,0.14,0.5,0.88,110.3076112313305,172.86564803011686,247.83084181232425,0.04782100960335576,0.09705327400347181,0.15377092365865302
NGC 4889,60.0,2623,9.467234531267179e-05,258.09255129660113,0.05943272506332939,258.09255129660113,1415.0,1208.0,5.717300628912705e-05,3.1374181376916397,0.09092504621720918,3.819370822693285e-05,19.475028593213878,3.0,0.00021803294670608153,233.19651067096044,0.0528781720788788,624.4825795627969,543.1571840417155,0.06964938849806668,0.49525237381309345,0.2383808095952024,273.32986503753625,0.05795123747249855,1000.0,16-84%,2623.0,2623.0,2623.0,5.056859836534606e-07,5.332263380428971e-05,0.0025006231505224066,245.07980896730874,258.505657107832,270.7258828733741,0.04779234514946003,0.06124627755514531,0.07434401060970149,245.07980896730874,258.505657107832,270.7258828733741,1391.0,1416.0,1442.0,1181.0,1207.0,1232.0,3.76196468925071e-07,4.838471680508066e-05,0.0020296737921906183,1.4584413555506262,2.68840290884264,3.7101282338143946,0.08225569732427719,0.09991668640670479,0.11839188533623628,1.891833327629412e-08,4.092171787065472e-06,0.00027766331731363797,13.736134197483796,22.102554327106365,31.730674799847502,3.0,3.0,3.0,5.964705525984827e-07,6.210339058382308e-05,0.003287241858284861,215.90598608149298,234.31420783257738,252.8165524084052,0.039569971054119454,0.05516573007101677,0.07153160614960946,610.2173809154464,624.7007706296142,640.3033615684577,526.9352368315191,541.9566377976242,557.4466482022565,0.04800677879695182,0.07052689575773229,0.09398244733948967,0.14,0.54,0.9,0.04,0.26,0.72,257.93287107197284,273.4383842892662,287.4055082853181,0.04362087808504945,0.06027089435609539,0.0758514829682597
IC 3968,60.0,400,1.1051562107135233e-12,130.36291342279225,0.2623501211348523,130.36291342279225,274.0,126.0,1.0422074451792602e-13,7.704751704638113,0.19122928976943576,0.003024200720935629,52.67999999999999,3.0,2.14519513264122e-11,128.47675917479853,0.271219649624907,151.54664187722636,69.67562401626193,0.37008488964841724,0.296351824087956,0.0559720139930035,131.39783995018786,0.24456759108663365,1000.0,16-84%,400.0,400.0,400.0,4.854785884671944e-16,6.46316637623267e-13,4.747122481295604e-10,122.7308733362803,130.58136067189082,137.9272492303952,0.23166981886801394,0.2648938677487279,0.2969066025838395,122.7308733362803,130.58136067189082,137.9272492303952,260.0,270.0,281.0,119.0,130.0,140.0,3.245930193497785e-16,2.1923129599824985e-12,2.0465070564643136e-09,5.287561495126347,7.927453514773681,10.775334599382033,0.15300850438881108,0.2060886030170838,0.25980010474379117,1.1974817182539567e-05,0.0009865298254553882,0.028864004205014792,40.14,54.43000000000001,69.976,3.0,3.0,3.0,4.294342659250106e-15,9.0846774547515e-12,9.951302115673855e-09,120.21902067595636,128.67207034701175,137.01301487242807,0.23564597767530124,0.27381569060775257,0.3084619863436895,143.29322923275274,150.82416084458345,157.64040905550857,63.89106989247409,70.48903533012445,77.08850686795442,0.3061727222003508,0.36246602803924,0.4189817080860605,0.08,0.32,0.7231999999999993,0.02,0.08,0.32,122.31173193092673,131.3642116336739,141.33983204200706,0.21063651711157183,0.24648721554172098,0.287283286026868
IC 3955,60.0,12,0.00023276858697421867,12.187257571454722,0.7710037335112095,12.187257571454722,12.0,0.0,0.00048828125,,,,14.666666666666668,3.0,0.0021248423323048105,9.071970422465085,0.7479541710440141,6.808330979437912,0.0,1.0,1.0,0.9375312343828086,15.986638890460142,0.8044483682820753,1000.0,16-84%,12.0,12.0,12.0,1.1369985461135025e-05,0.00012187688960327475,0.0008651649792815391,358.5115320638349,12.228445220786398,25.433133304967384,0.7219526000893041,0.7917192047897094,0.8486636902023841,358.5115320638349,12.228445220786398,25.433133304967384,12.0,12.0,12.0,0.0,0.0,0.0,0.00048828125,0.00048828125,0.00048828125,-9.705740811824612,-9.705740811824612,-9.705740811824612,0.8,0.8,0.8,0.1818181818181818,0.1818181818181818,0.1818181818181818,12.666666666666666,14.666666666666668,22.666666666666664,3.0,3.0,3.0,4.73868506654096e-05,0.0021248423323048105,0.005415819531660038,353.4261394745747,8.949410281224232,24.85945238683189,0.7040635410752586,0.772738815370341,0.832960540053529,6.112542091347971,6.882021561288445,7.487385355183426,0.0,0.0,0.0,1.0,1.0,1.0,1.0,1.0,1.0,0.24,0.9,1.0,3.9005710666531854,16.21611713729135,27.309829608855466,0.7514093655238235,0.8194255354049629,0.8719101440847616
IC 3998,60.0,433,6.91002773876125e-19,266.0120915782337,0.3107620935492611,266.0120915782337,299.0,134.0,1.4726974651924344e-15,7.762991981622655,0.24249987520591024,2.8273221825151243e-05,65.48498845265588,3.0,3.952393967665557e-14,262.84564398573514,0.28624505288244934,171.02435516406075,81.64842748370609,0.3537220223871413,0.8130934532733634,0.7326336831584208,268.0819094937462,0.33742849109167355,1000.0,16-84%,433.0,433.0,433.0,1.14902312125538e-22,1.0531883356656652e-18,2.6680059338339666e-15,259.73661429278604,265.6509931797159,271.88498815218065,0.2783881058688822,0.30919215906306174,0.3415694505955502,259.73661429278604,265.6509931797159,271.88498815218065,288.0,298.0,308.0,125.0,135.0,145.0,6.546265341735783e-19,3.289754683660759e-15,5.7226880609521514e-12,6.737579709554935,8.507513639466538,10.8655652604485,0.21104401915484464,0.26091410936745624,0.30946584933541166,2.695916427298227e-08,4.578904771283364e-06,0.00040473684327932977,52.51205542725173,66.55658198614319,83.81588914549653,3.0,3.0,3.0,0.0,2.3314683517128287e-14,2.3295414486312887e-11,254.90216610301354,262.4557811172929,270.32544841090214,0.25248714879891493,0.2857491972793871,0.31997132160682284,164.5161777327955,171.84022476499786,178.39655032437867,74.59476120927064,81.14040850964193,87.40539010067661,0.30806782110520714,0.358380403832787,0.40735663003324163,0.38,0.78,0.98,0.44,0.78,0.96,262.21416135199183,267.7403208570804,273.59025662130387,0.3007919078179298,0.3363543075550273,0.3748629642433396
IC 4030,60.0,45,0.2966100509957927,333.34680074479195,0.16470119948037196,333.34680074479195,26.0,19.0,0.3712980344710104,-10.584391193084485,0.20445344129554655,0.6541463339418085,3.8000000000000007,3.0,0.28388613075982716,330.81905057674817,0.19141822416942594,15.951143420818351,11.809286144002295,0.14920004271348947,0.872063968015992,0.3843078460769615,339.7275741663738,0.2137712661158332,1000.0,16-84%,45.0,45.0,45.0,0.0223861164419138,0.1915451855430214,0.6378429523822613,293.5219357419073,332.7703128739296,4.365622475993973,0.10039572710016773,0.19182570638181543,0.28909808951716603,293.5219357419073,332.7703128739296,4.365622475993973,25.0,28.0,31.0,14.0,17.0,20.0,0.016094360031274842,0.1351564508456704,0.5514843298025198,-16.666475518625607,-3.962741198205933,14.516379913125444,0.23333333333333334,0.31701861779194435,0.4200268907563025,0.04105664069902491,0.20363441290251608,0.5480924894646914,2.911111111111111,6.111111111111111,10.377777777777776,3.0,3.0,3.0,0.015613340378099694,0.10632780116420104,0.40553410992569006,292.03281699100467,331.2684694417079,1.4776938930353936,0.11950980739322993,0.21774332556100756,0.32697053752526567,15.373746707071684,17.532766502323653,19.92779147149057,7.902895897597349,10.164018794345743,12.195941733925348,0.12541696583993509,0.2646452840259997,0.42621545063674304,0.18,0.6,0.94,0.1,0.44,0.88,306.90193712764403,339.1985498696507,9.984260204708505,0.12422041898042357,0.24341631415968612,0.3730103074175649
IC 4011,60.0,678,6.556851881188632e-73,196.15072907225755,0.49512103522627154,196.15072907225755,530.0,148.0,2.641313763772578e-51,10.1165131341672,0.24722080571137175,1.0349797849920716e-06,234.96755162241888,3.0,0.0,195.55706813500558,0.4949815506520802,280.00394220350745,79.57508115025905,0.5573986468505963,0.9850074962518741,0.9880059970014993,195.7496296939995,0.5577400977557223,1000.0,16-84%,678.0,678.0,678.0,8.112749021266765e-80,4.2740935471272333e-73,5.246847172182118e-66,193.52653451760034,196.09319698820298,198.64371170057336,0.4708509089996496,0.4957582505501134,0.5182704645931023,193.52653451760034,196.09319698820298,198.64371170057336,517.0,528.0,538.0,140.0,150.0,161.0,7.337936721063764e-56,3.335595213737174e-50,2.0889444039607843e-44,7.82711203874274,10.925076620702121,13.530558446456233,0.2201328264292598,0.2638795124214198,0.3046525647204534,3.692715033291173e-10,1.195397651650077e-07,2.029326580267097e-05,207.1686135693215,236.2418879056047,266.4441297935103,3.0,3.0,3.0,0.0,0.0,0.0,192.3988690878018,195.57496257823527,198.4176827793549,0.46756817702073555,0.49509565249395027,0.5199504179574823,271.28978283230646,279.8362334728221,287.91663453177273,73.58852993771471,79.84460513582508,86.5769732956446,0.5219765526242179,0.5563618950976349,0.5895706546393751,0.9,0.98,1.0,0.94,1.0,1.0,193.2763691410122,195.74974991815282,198.30739282335048,0.5314972228240756,0.5576487477910506,0.5840227406852647
IC 4021,60.0,80,0.45489450325071457,166.21874332062907,0.09922762643932267,166.21874332062907,48.0,32.0,0.09291188222054622,5.6064659184757275,0.1875,0.4730861016598302,5.5,3.0,0.13863861738241512,153.38261477547394,0.0921917575734467,26.603372223747957,21.170702692349273,0.11371584988175612,0.8290854572713643,0.7556221889055472,218.4927911607263,0.17274649988574656,1000.0,16-84%,80.0,80.0,80.0,0.041046869679579524,0.22825072585080186,0.64322178812523,116.07821985714304,168.17418238599453,212.61023174863476,0.07426855962673329,0.13589107813761386,0.19978243248477295,116.07821985714304,168.17418238599453,212.61023174863476,43.0,47.0,51.0,29.0,33.0,37.0,0.01831609751691632,0.1456354544029827,0.5764306261883931,-2.535394246084187,4.839325449786358,11.67809982302901,0.1854569928657962,0.25749097292876094,0.35294117647058826,0.013088784991406583,0.13151068235247057,0.46668687035834694,3.7,7.5,13.299999999999999,3.0,3.0,3.0,0.004030775416706156,0.057558451972636426,0.29573403237527585,98.99854030620651,156.24133324788897,208.88488584515528,0.0708589570987981,0.13744117530046418,0.20350458883103037,25.291076641061263,28.14424569402148,31.108666946103565,16.686009948318244,19.65796462545447,22.54742343449418,0.06495836351857895,0.17662880396426536,0.2940212520519662,0.1,0.54,0.94,0.2,0.68,0.96,185.02436067118344,218.04098889984084,247.52468488193176,0.10654247852607353,0.19011603946105063,0.28261273240674545
IC 4040,60.0,98,0.09672178041119754,259.9030710186004,0.15438874420199047,259.9030710186004,59.0,39.0,0.05439055827708824,-3.3004949859060915,0.17644502390265102,0.393598190813202,4.122448979591836,3.0,0.24854181408321419,259.9898147836141,0.15217351070649596,34.68661297485216,22.806951547241212,0.2066259332911231,0.43228385807096453,0.4947526236881559,251.2631859560944,0.16737586827012765,1000.0,16-84%,98.0,98.0,98.0,0.0049435363495291176,0.057636868109796305,0.3346157246391851,232.22954052582497,259.80023859101743,286.6713094618717,0.10569373294142106,0.1706408481424281,0.2327667493767021,232.22954052582497,259.80023859101743,286.6713094618717,54.0,59.0,64.0,34.0,39.0,44.0,0.0031886785048038917,0.05439055827708824,0.36335418766405314,-10.263533701944063,-3.3830264547923825,5.111922125559343,0.1703860300470146,0.2359342363440724,0.31146910279263224,0.017630437410188736,0.12220388364302343,0.45379691877573736,2.4081632653061225,6.0816326530612255,10.829387755102038,3.0,3.0,3.0,0.012686314458848075,0.10770546340718445,0.49211684249672605,230.9906107739348,260.1761147553591,291.0056731352088,0.10115063559055613,0.17050297900436628,0.23931563613558454,31.555126723237475,34.88213133367255,38.01064525683548,19.594195055855067,22.545493575631994,25.79308227606834,0.11150159270334879,0.21540302282966717,0.3133313300111122,0.2,0.54,0.88,0.14,0.42,0.8,219.9457450913725,249.8401266309511,280.43424738078966,0.11952833622029554,0.18567554718007828,0.2562675496535011
2MASX J12592529+2758048,60.0,441,8.974883923013978e-11,115.02879161039152,0.22903725361167546,115.02879161039152,285.0,156.0,8.346151484323655e-10,9.44918574914648,0.21201079622132254,0.00018455587595218563,38.59183673469388,3.0,2.117982922378303e-08,119.39457436446651,0.25686528920092605,161.18866763139772,84.11035623811193,0.31422184310969253,0.12593703148425786,0.09545227386306847,105.69533969096028,0.19342171567898406,1000.0,16-84%,441.0,441.0,441.0,4.100733680863093e-14,4.480647926993452e-11,2.5684152732525318e-08,106.69492507846769,114.85483330576665,123.54503678881889,0.19907617366283753,0.23245060073845408,0.26438328626104207,106.69492507846769,114.85483330576665,123.54503678881889,276.0,287.0,297.0,144.0,154.0,165.0,2.6399977991943693e-13,2.4043057799785075e-10,1.402878418913306e-07,6.159808098199488,8.85116533224831,11.42666242860712,0.1727444568868981,0.22075613460987636,0.2717207452565888,5.495022242345789e-07,9.32400595898815e-05,0.004083794649520779,29.488888888888887,41.19501133786848,54.56426303854875,3.0,3.0,3.0,8.505236515077286e-12,5.945199665902123e-09,1.767817273812253e-06,111.18487807159852,119.00143788857667,127.04157718147752,0.2251909486058667,0.2590739625790489,0.29690585284030885,155.21399668346703,163.22260859916497,170.63892180505198,76.31736053707073,82.34898536689491,88.9395222297969,0.2787344086757142,0.3283038715576643,0.37630798423381795,0.02,0.12,0.52,0.02,0.08,0.30319999999999936,94.28640779725288,105.95793997831066,117.01692376873723,0.16327772192085427,0.19775822474933347,0.23604754749726733
LEDA 44602,60.0,120,0.00656474128659725,111.21956333999651,0.2046550386216204,111.21956333999651,78.0,42.0,0.0012993330972502712,-4.193165692863047,0.1684981684981685,0.37370632460025455,13.0,3.0,0.004636605438041674,126.8885562820069,0.22061134429194032,47.760861116841475,19.825883783149486,0.4133203540875916,0.05897051474262868,0.7331334332833583,92.90694943357596,0.23942400267540512,1000.0,16-84%,120.0,120.0,120.0,0.00011738860249016696,0.0032229799266158235,0.054925512949201,93.56835928738246,111.0355532524278,130.1802062666511,0.1555039592869736,0.21865972742446566,0.27462156443841856,93.56835928738246,111.0355532524278,130.1802062666511,72.0,78.0,84.0,36.0,42.0,48.0,1.3897012121027625e-05,0.0012993330972502712,0.035323682537769574,-6.970639342945546,-3.505907128641873,3.4043512410613013,0.19382891819348816,0.25081400081400085,0.31034830961604415,0.00788426370706424,0.055393651391006736,0.24246953136727833,8.866666666666667,14.333333333333332,22.410666666666664,3.0,3.0,3.0,5.3580257925567316e-05,0.002484814280423353,0.031117170455882137,107.03623672662798,126.52387302099794,146.23484121808906,0.17267739154800257,0.2342659376259752,0.29486494458141294,41.364804299339006,46.01448978974001,49.82872599217309,18.41140394330838,21.921986679147555,25.632153192451536,0.23923404060142045,0.3589068523141504,0.45526571222884826,0.06,0.34,0.78,0.24,0.74,0.96,78.14172427904441,92.91822122573285,111.00672432994281,0.17705599226737856,0.2541126104576068,0.3276465610947182
NGC 4874,60.0,1986,0.2468473892221488,6.083216321791781,0.026540976989750165,6.083216321791781,1012.0,974.0,0.4064001059859151,1.5995044761578612,0.04739227828684127,0.20573672275211896,1.6535750251762338,3.0,0.6473039597418824,11.080518684730293,0.031007108816421165,516.258534702119,483.49281997819844,0.032773863791760345,0.5007496251874063,0.30834582708645675,349.3688186272992,0.02431292189852952,1000.0,16-84%,1986.0,1986.0,1986.0,0.01985514875150732,0.1362773906878155,0.5955175515175372,329.95188363379134,8.870212791212339,40.859041191191125,0.01615515818166002,0.031678960146048485,0.044423716839647236,329.95188363379134,8.870212791212339,40.859041191191125,1009.0,1030.0,1053.0,933.0,956.0,977.0,0.007563217131667167,0.10138234348232711,0.46343320872370924,0.2582898058826666,1.868178815117119,3.5340167513432323,0.04499031701691362,0.06784287409778757,0.09677499210842752,0.00016727527762186374,0.01972451521093624,0.25763504672917853,1.4602215508559921,3.8408862034239677,7.678952668680765,3.0,3.0,3.0,0.053134637937825836,0.2791660641706531,0.6914811285829996,333.7742682900166,13.855059123019032,46.169586744332264,0.019132507350799466,0.03615881326009498,0.05292475277588001,507.5793318388706,521.4955797766224,535.9072009839327,464.5985721913153,477.42827660621873,490.7707306044649,0.01981651120324726,0.04325419764477522,0.06812574042523882,0.14,0.42,0.8,0.04,0.26,0.72,303.59500481606744,352.6822710307731,33.484181168514624,0.016044038668530557,0.030304763611210747,0.04514174875807827
GMP 3308,60.0,1667,4.8626516257117595e-37,196.98510608241733,0.22396072657585234,196.98510608241733,1055.0,612.0,1.283687534190295e-27,1.8232514420316974,0.04371495833720534,0.4341175452346173,150.5620875824835,3.0,0.0,196.11651919877258,0.18897773746385027,524.0522207626856,332.5785518014111,0.2235194848162516,1.0,1.0,199.07974130854666,0.2561319925086703,1000.0,16-84%,1667.0,1667.0,1667.0,9.624752318944137e-43,7.148807595335184e-37,1.4402377939036756e-31,192.95603383785,197.1456044495901,201.2207928793332,0.2063993578528748,0.223444034070917,0.24090763808686125,192.95603383785,197.1456044495901,201.2207928793332,1037.0,1057.0,1078.0,589.0,610.0,630.0,2.1947519485498877e-33,4.270577045597152e-28,1.6246778373203823e-23,0.7045175677977784,1.9804537608999695,2.9044844879914686,0.04501686195490553,0.06259721680690089,0.08239218049874966,0.009719375008203609,0.0915359675422962,0.3999665552211357,126.5192801439712,151.1859628074385,178.68350329934015,3.0,3.0,3.0,0.0,0.0,0.0,190.7847516218144,196.368801731772,201.92357586792002,0.17065618907265764,0.18832064471519075,0.20892143047487194,511.5127000691495,524.8327655392543,538.401213841105,317.36415340011956,331.8379449234069,344.5370677910763,0.1981369579253194,0.2254955253261925,0.2567682334902479,0.98,1.0,1.0,1.0,1.0,1.0,195.0218397020235,199.28574025338776,203.1694678112426,0.2353147638418076,0.25611529113985076,0.2763137423608804
GMP 3424,60.0,649,8.390380907077654e-23,39.891383133723934,0.27986451492986325,39.891383133723934,438.0,211.0,3.133812272517306e-19,2.6493233421548723,0.08756952108896535,0.20897687632367806,123.85053929121725,3.0,0.0,46.10894553287051,0.2685260193134593,240.95613956462054,114.50464031470904,0.35573966639255883,0.41679160419790107,0.991504247876062,32.206804345388434,0.30369961045805277,1000.0,16-84%,649.0,649.0,649.0,3.336041889888389e-28,3.976903071998696e-23,7.370896792560954e-19,34.92772461174553,39.968881363582,45.06860712647563,0.2536382023759577,0.28191435778411666,0.31222586271599545,34.92772461174553,39.968881363582,45.06860712647563,426.0,438.0,451.0,198.0,211.0,223.0,1.2186711125522938e-23,3.133812272517306e-19,1.3010001738949887e-15,0.7833897008408233,2.8286788527133595,4.459174544222837,0.08213576201282743,0.10979546582320612,0.1480551660524316,0.003314668621066791,0.05959055920686292,0.2750783076807343,101.83562403697997,126.37750385208014,152.80881355932203,3.0,3.0,3.0,0.0,0.0,0.0,40.66316201534346,46.162195798568234,52.39660450434633,0.237981229737651,0.2705549777576538,0.3045666224063995,231.38205499662243,239.55606946663613,249.29702672679306,107.51733783962398,115.4605267078222,122.65225622640139,0.311120600722698,0.35030643301527326,0.39166712644605695,0.16,0.52,0.88,0.94,1.0,1.0,26.935299783801838,32.11385297912142,37.259902207948244,0.27233089687918066,0.3066866434621524,0.3408328112073515
NGC 4869,60.0,403,0.015074436853026743,40.57420103364893,0.10202362998577866,40.57420103364893,230.0,173.0,0.0052141476308249,3.086498603666591,0.0751696406132194,0.596778138095054,5.109181141439206,3.0,0.16397473081806957,40.94537457552889,0.10911520454838797,124.59145703708714,91.22620122886622,0.1545992856947077,0.3793103448275862,0.7471264367816092,41.17259870597354,0.12088172398654902,1000.0,16-84%,403.0,403.0,403.0,0.000274828178554318,0.008284379685331966,0.07805911256707462,22.36239291528352,41.22324586695663,61.458091653700706,0.07955052981703223,0.10906077602432218,0.1426387840256172,22.36239291528352,41.22324586695663,61.458091653700706,220.0,229.0,239.0,164.0,174.0,183.0,0.00021909523787911947,0.007072271548879053,0.07279547977568877,-3.420450229308056,0.7505208128477818,4.812680455495215,0.07487261733784406,0.09877001135603974,0.13777428968552863,0.04215806899637165,0.26504283207127965,0.6077628785066747,3.617171215880893,7.233250620347395,12.77488833746898,3.0,3.0,3.0,0.005149626889818362,0.06482342403889685,0.3058815307091766,20.39256746352379,41.772374501656714,62.53045860499827,0.08249528318960982,0.11842115869736516,0.15663789811881104,117.85047817297954,124.64340954445012,131.11241899825276,84.57500367665172,91.03106503026719,97.21883163109983,0.10146363399019774,0.1565687461513714,0.2114432356946635,0.16,0.54,0.84,0.26,0.66,0.94,23.146499442180755,41.952150808938086,60.79777654977903,0.09215394669974784,0.12929934768629314,0.16775498130985386
GMP 3016,60.0,0,,,,,,,,,,,,,,,,,,,,,,,,,,,,,,,,,,,,,,,,,,,,,,,,,,,,,,,,,,,,,,,,,,,,,,,,,,,,,,,,,,,,,,,,,,,,,
LEDA 44644,60.0,1415,8.87545044747008e-59,304.92632075090614,0.30735303465840697,304.92632075090614,983.0,432.0,1.1673946221273036e-49,6.082083640716334,0.1523115180287103,1.5101647372910797e-06,223.1936395759717,3.0,0.0,305.647335192118,0.27504985241399943,498.7550260768084,240.31227353061672,0.3496877113673819,0.9930034982508745,0.9970014992503748,303.8547332983467,0.33472378411558285,1000.0,16-84%,1415.0,1415.0,1415.0,2.380586068588672e-66,6.619363744711566e-59,4.616101492161395e-52,301.5759704795961,304.8084206398489,308.19177755262456,0.2890278403043768,0.30769060893424227,0.3267827219831665,301.5759704795961,304.8084206398489,308.19177755262456,966.0,984.0,1002.0,413.0,431.0,449.0,1.010720445860314e-56,5.111941815091718e-50,8.811890207972143e-44,5.059518405049895,6.239611933760564,7.517507279935239,0.1431836970140861,0.16665706753138326,0.19448335755343812,2.2527542680532746e-10,8.455547480991812e-08,7.600269305513667e-06,193.89520848056537,224.05017667844524,257.5471660777385,3.0,3.0,3.0,0.0,0.0,0.0,301.3577892683154,305.4619869707393,309.6267293122147,0.2549201880304259,0.275647898123376,0.29655587838625624,487.1765850269071,499.65486464151513,511.02149587063684,228.52232307432374,239.4942379920335,251.4373170511254,0.3219232622568782,0.3514059207839339,0.3805952848767682,0.94,1.0,1.0,0.94,1.0,1.0,300.4624087876391,303.78127950327075,307.01772620700103,0.3136056501889185,0.3351594385548545,0.35532680925958937
IC 3973,60.0,89,0.24018416770175088,323.36788619500817,0.12659540455699567,323.36788619500817,55.0,34.0,0.03341672160209761,5.336741918228753,0.18128342245989304,0.43105974579789796,1.5617977528089888,3.0,0.6680826019462166,321.53463997263225,0.15169362102532852,31.811735313039897,17.224019266134956,0.29749141564347914,0.10194902548725637,0.6166916541729135,312.3468516176835,0.11104931456116789,1000.0,16-84%,89.0,89.0,89.0,0.01445051335559069,0.1517325724263898,0.5760966613728271,284.5830840780525,324.20675137122817,354.2809420449091,0.07871723137290874,0.14555732055752624,0.21819036226777985,284.5830840780525,324.20675137122817,354.2809420449091,48.0,54.0,59.0,30.0,35.0,41.0,0.002785268996304216,0.05577832765373432,0.39657015814551616,-6.894889541531887,3.1917370932500226,10.027933591524944,0.17110298286768874,0.23735810113519093,0.32615151515151514,0.01603527410872934,0.15013039674105544,0.5041812392187808,1.3820224719101124,3.6741573033707864,8.213483146067414,3.0,3.0,3.0,0.04179966635875665,0.29891173423067824,0.7097541216297216,287.0388267988965,321.89861980885007,348.67248232216593,0.09688495975952721,0.16963448000802517,0.24834633004030343,27.070310373373303,30.41130722906172,34.06477079733915,15.200339833727035,18.36885619358023,21.720586327967606,0.10949340655542959,0.2465090212876376,0.3757980890215416,0.08,0.34,0.78,0.15680000000000008,0.5,0.86,260.9637841718477,312.2838649390069,356.43361187677885,0.07849582020149719,0.14748815463612108,0.22225445729453708
LEDA 126758,60.0,61,0.006323896974240364,10.097688946890685,0.28810914515961794,10.097688946890685,43.0,18.0,0.001868101030975251,23.486632914930546,0.4483204134366925,0.007622287106815731,9.885245901639346,3.0,0.01956720120661115,356.19033291016177,0.29603526049601575,20.950188866395038,11.51596661639055,0.2905863693964862,0.7466266866566716,0.5052473763118441,22.831633953486858,0.24512666153202242,1000.0,16-84%,61.0,61.0,61.0,0.00013920558429288943,0.0036953994569654163,0.03834209208538251,350.06864913850393,9.449717846911994,28.0079730616892,0.23121939715059964,0.3030087800530717,0.38153659330037953,350.06864913850393,9.449717846911994,28.0079730616892,38.84,42.0,46.0,15.0,19.0,22.159999999999968,8.837556327558756e-05,0.004444019471066869,0.044826682674886306,14.435633264318803,22.98114777770941,28.012389838134865,0.3144507399577167,0.44241053064582475,0.570298719772404,0.00020817985996940977,0.008721787207148963,0.12603495628617323,6.081967213114754,11.721311475409836,19.348852459016392,3.0,3.0,3.0,0.00023160511066815386,0.00840143391327719,0.1076897324865358,332.71468426756906,355.7273391110142,14.719901792482233,0.2271320503387771,0.3148169261307884,0.3993735995437568,19.81276194231488,22.57879776120351,25.29440561592445,7.561935525270392,9.73045502388525,12.096690118698113,0.25293954665946955,0.39851393011816677,0.5295421143093724,0.08,0.36,0.76,0.14,0.5,0.86,353.9496882674241,21.98376210562867,47.39649149980329,0.17922674283065781,0.2740197234218301,0.3627779109187696
IC 4051,60.0,1271,0.056314170256054986,34.45494154734956,0.04757543253544983,34.45494154734956,704.0,567.0,0.0001344539058299347,-1.1093167127983392,0.07363816738816739,0.06218802528284516,12.238394964594807,3.0,0.006609577930091759,25.890371935898656,0.04430132894258389,368.4923728844152,293.01253081607626,0.11410322379486673,0.3458270864567716,0.9485257371314343,36.39016970068178,0.054595146479252135,1000.0,16-84%,1271.0,1271.0,1271.0,0.0016683089338839956,0.030208720867291303,0.21141460613291935,8.762359822981068,34.4215627191104,58.730531293767626,0.034965826374575334,0.05247325427028336,0.07093812703666949,8.762359822981068,34.4215627191104,58.730531293767626,662.0,690.0,716.0,555.0,581.0,609.0,7.002691510961552e-06,0.0024375416718237734,0.14465076534698942,-2.7612280647829905,-1.1285500482523947,0.6626611277618406,0.05624658455508788,0.07883296037816939,0.10678803429121704,0.001355306490113794,0.03701060447015028,0.2618017981862204,8.070590086546028,14.49803304484658,22.712037765538945,3.0,3.0,3.0,4.6366666324737515e-05,0.0022999826110981503,0.04457515134898667,356.8315887718645,27.00496389465087,54.78159223389497,0.03223719848004311,0.05132443719826676,0.07206466736398816,337.358207593481,356.93125832469184,373.5764810325919,288.6953835711149,304.07816454332556,323.4552680297973,0.02323965935140097,0.07818246204340504,0.12613184871799313,0.22,0.62,0.94,0.6,0.92,1.0,8.933729062100554,35.383812822946766,61.33973703596098,0.03940711260879359,0.05994923667112127,0.08201059862024482
2MASX J12592265+2753488,60.0,231,4.976536501461467e-36,12.52339743860432,0.5932095151961347,12.52339743860432,191.0,40.0,8.679640048628433e-25,21.277458797240165,0.36963350785340315,0.0001476702371911696,110.5930735930736,3.0,0.0,14.058650867890321,0.5502124650607313,97.32416519869551,23.67176574004263,0.6087179865242252,0.9415292353823088,0.992503748125937,7.391214549562278,0.6520466800654032,1000.0,16-84%,231.0,231.0,231.0,4.1312083954492347e-41,1.6739675033388795e-36,1.8386099808752147e-32,8.571286400807253,12.363715390459333,16.268861949165398,0.5624379522628221,0.597171809253318,0.6344627769094598,8.571286400807253,12.363715390459333,16.268861949165398,186.0,192.0,197.0,34.0,39.0,45.0,4.238227540734586e-29,1.7942688383163434e-25,1.4872961070488244e-21,15.176327097110752,21.396260287430845,25.57020910689245,0.3484848484848485,0.41564581146033,0.4894179894179894,8.041246586421024e-08,1.4805458376029353e-05,0.0006832901011544582,93.30060606060604,112.87878787878788,136.50891774891775,3.0,3.0,3.0,0.0,0.0,0.0,9.184051099056887,13.96128068402038,18.7213677969782,0.5119675791648811,0.5538585817511634,0.5976671011322265,92.39771168167242,97.42547207428225,102.03988931339926,19.543067654977236,23.440103740856838,27.346441894210113,0.5497888498120604,0.6099653688834412,0.6744764685982003,0.68,0.96,1.0,0.88,1.0,1.0,3.3588634207020505,7.402652641940165,10.881248784400043,0.619741945414652,0.6553275701367088,0.6926079641399181
LEDA 126754,60.0,48,3.4664908451860535e-07,183.8745377776804,0.5380356630226328,183.8745377776804,42.0,6.0,1.0087482138487759e-07,25.17571669393779,0.6190476190476191,0.021946765810113695,30.166666666666668,3.0,1.2730219542955723e-06,181.62989284706882,0.5537178533513065,23.026776292699047,3.8868418865131598,0.7111616980941406,0.8510744627686156,0.696151924037981,182.08609818299286,0.5242479730340255,1000.0,16-84%,48.0,48.0,48.0,5.60555201051188e-09,2.129155093565069e-07,5.213589866530402e-06,172.99678829451068,183.23873400515527,195.39668508134207,0.48966354003308726,0.5463337621573883,0.6096922005628485,172.99678829451068,183.23873400515527,195.39668508134207,40.0,43.0,45.0,3.0,5.0,8.0,1.312585595769633e-10,1.3680484300948594e-08,3.3052667092192682e-06,-9.937446829116709,20.165139579059463,34.1003877551068,0.375,0.55,0.7758372093023256,0.004106265617869913,0.07076305402844137,0.43474756818882615,25.5,33.333333333333336,40.16666666666667,3.0,3.0,3.0,9.82260839332838e-09,2.739211446556311e-07,1.2136178761501526e-05,170.38681028339226,181.1715194242597,193.40364294385108,0.5005730435818229,0.5645139412307888,0.6294330108842433,21.18400853760694,23.524667848964434,25.853411616920702,1.7679396484836114,3.2144781723118996,4.970672525914531,0.6313973200405173,0.7560498317696859,0.8680306425786625,0.24,0.58,0.88,0.3168000000000001,0.67,0.9,168.43318842952363,182.66509179238597,196.5440948879576,0.4717205406293817,0.5413586732680181,0.6075475894500867
Z 160-243,60.0,0,,,,,,,,,,,,,,,,,,,,,,,,,,,,,,,,,,,,,,,,,,,,,,,,,,,,,,,,,,,,,,,,,,,,,,,,,,,,,,,,,,,,,,,,,,,,,
LEDA 126792,60.0,188,3.0150752129144716e-06,108.05352137605337,0.2600315629558776,108.05352137605337,123.0,65.0,2.8117586607301425e-05,3.2594972742394788,0.07979987492182614,0.9229147088327152,21.74468085106383,3.0,7.3716867342144e-05,108.63986180733167,0.25687242816592487,74.29364636702648,39.432878052014104,0.3065315544732838,0.384807596201899,0.3333333333333333,105.41120691927631,0.2505883830994392,1000.0,16-84%,188.0,188.0,188.0,6.789334899643941e-09,1.3684416398105867e-06,0.00016081087253261918,98.35025781222339,108.48333912709529,118.25584292432023,0.21555571050286731,0.2679905761529202,0.3162961497988129,98.35025781222339,108.48333912709529,118.25584292432023,117.0,124.0,130.0,58.0,64.0,71.0,1.5992185050097182e-07,1.4399585738906214e-05,0.0009790560536514442,-2.0546636712164172,2.8571185611215526,7.26585055265475,0.11199666666666667,0.14885048286898234,0.19557959211276313,0.06747131601383344,0.2745495495446748,0.6167376848664384,15.702127659574469,24.04255319148936,33.659574468085104,3.0,3.0,3.0,2.3376630686744448e-07,2.4474160278953327e-05,0.001305105469992851,98.5996776166993,109.45785096805429,120.01823139111616,0.2082412620058535,0.26433805227000434,0.31807601476476055,69.9884256074537,74.67120251704077,78.8686413904154,34.91153686201327,39.18208010404784,43.59729783064631,0.23880098135166566,0.3107717003634401,0.38264269170812915,0.14,0.5,0.84,0.04,0.24,0.66,93.83454107272303,105.39820494568175,118.27630701893713,0.20088831623217202,0.26026722520495377,0.31351439589892327
2MASX J12595760+2803543,60.0,9,-1.8380489912521663e-05,187.14892564568748,0.9346416359835513,187.14892564568748,9.0,0.0,0.00390625,,,,11.0,3.0,0.011725875578421419,185.16979415919573,0.9283341026402174,5.845072545159262,0.0,1.0,1.0,0.9045477261369316,190.73659944638953,0.9492137084597215,1000.0,16-84%,9.0,9.0,9.0,-2.5416216556417044e-05,-2.2643144402007966e-05,-2.8618600106324885e-07,180.0829845690048,187.24622760882085,193.84282987228653,0.9169181373535098,0.944371405747312,0.9663219257997447,180.0829845690048,187.24622760882085,193.84282987228653,9.0,9.0,9.0,0.0,0.0,0.0,0.00390625,0.00390625,0.00390625,,,,,,,,,,9.222222222222221,11.0,14.555555555555557,3.0,3.0,3.0,0.002238682271725523,0.011725875578421419,0.026477675982590543,177.50449888394985,185.2064360149891,192.80436063973525,0.9083674537599308,0.9400993222669172,0.9669486896658248,5.376528441624588,5.859980150076112,6.294460298605828,0.0,0.0,0.0,1.0,1.0,1.0,1.0,1.0,1.0,0.44,0.86,1.0,184.46990027045206,190.68943762679146,195.92622254241337,0.93332640173974,0.9552025238368053,0.9717797048687093
2MASX J12592136+2758248,60.0,278,0.1263469666965381,166.00074174611234,0.0862638468206528,166.00074174611234,159.0,119.0,0.019169411132348598,3.98532480997153,0.10940225146662438,0.35776353062011085,8.071942446043165,3.0,0.044548037288896,207.86159695284906,0.06528932115144191,84.62143233491588,69.77165757600994,0.09618160221725748,0.8850574712643678,0.44627686156921537,147.85605496331232,0.1325054988328505,1000.0,16-84%,278.0,278.0,278.0,0.006694375375250313,0.07239502710632556,0.36622913253433237,138.783977761894,167.3315998283765,198.58947701439035,0.06011072064341329,0.09718393221764765,0.13419742983691293,138.783977761894,167.3315998283765,198.58947701439035,149.0,159.0,167.0,111.0,119.0,129.0,0.0009376668035214383,0.019169411132348598,0.25443428256836287,-1.0598411949376214,3.02333848760507,6.5058240580966,0.11362443311043108,0.15961118426604665,0.21628698811004923,0.002851839800410673,0.05436096033523395,0.3141942632533818,5.185035971223022,9.712230215827336,17.083741007194245,3.0,3.0,3.0,0.0006792693474913891,0.021177542936847704,0.1587447474406095,164.45286227337442,209.55084726764028,250.6203420613325,0.04598715922203947,0.08436931234680967,0.12101926091263662,79.69656432927894,85.18054293917737,90.53405217847923,63.43231054233842,68.91379179876364,74.21336394229364,0.04484031068520767,0.10639702034364779,0.17134745673689694,0.22,0.76,1.0,0.06,0.46,0.9,128.92229003499085,149.16555688162373,170.16833789005568,0.09735307872042112,0.14029569475771508,0.1864983596339495
2MASX J13001702+2803502,60.0,88,0.04007582724832677,120.07830111304713,0.19119783715839092,120.07830111304713,54.0,34.0,0.04221061162240417,-2.244165979933726,0.1710239651416122,0.5104026850966418,7.545454545454546,3.0,0.05640196094254968,136.84995550019948,0.20383925833118496,34.44875223597752,18.39390966499285,0.3038235015690958,0.053973013493253376,0.5507246376811594,100.9830276862836,0.19263172873688306,1000.0,16-84%,88.0,88.0,88.0,0.0008864626265546823,0.026846184557406644,0.21101445920485812,100.17057780318817,121.26748347456237,140.9075087658788,0.1329656857826669,0.2027546649574542,0.2826077209751224,100.17057780318817,121.26748347456237,140.9075087658788,51.0,55.0,60.0,28.0,33.0,37.0,0.000846496085616675,0.024622831581791033,0.16544051293398976,-9.697721888753025,-4.479763682543378,3.8300711010238637,0.1746453309293066,0.24800835836489488,0.33072662578544926,0.018077825009304927,0.14143927316357444,0.4960327167641862,4.272727272727273,9.272727272727273,16.66545454545454,3.0,3.0,3.0,0.0008284005489899518,0.025876222929051784,0.23348062594938146,116.39680944431848,137.6452035438648,160.13362347561588,0.14580008862328783,0.2197364699269247,0.29760493403541144,30.493569531786555,33.790694975819974,36.988031228686985,16.086731504032954,19.040079126809985,22.265742853540228,0.16071607809283736,0.2784357767298469,0.3877263788450012,0.06,0.32,0.82,0.14,0.48,0.88,76.30282484349476,102.33374561459794,123.24232046051156,0.12170495108427253,0.21164416907294614,0.2991850576123043
LEDA 126759,60.0,107,0.618694181605714,301.4024669671762,0.06698752713548771,301.4024669671762,60.0,47.0,0.2458913146126843,-7.464863095762539,0.2393617021276596,0.07943060318935417,2.94392523364486,3.0,0.40035185059610956,320.59327333766225,0.0405838201844895,32.33218788016174,32.390471186878685,-0.0009005085322062265,0.9965017491254373,0.6291854072963519,300.0203990417057,0.09799854598103924,1000.0,16-84%,107.0,107.0,107.0,0.05647625013441203,0.3535057094984485,0.7169598029289286,240.30208052494504,302.81690608356325,357.37511474551184,0.05576446481888414,0.09858146833483053,0.1638878152553438,240.30208052494504,302.81690608356325,357.37511474551184,56.0,60.0,65.0,42.0,47.0,51.0,0.03294666029982693,0.2458913146126843,0.5620926850537896,-12.13629378613824,-4.802021198000293,7.894639715238032,0.16420811892510007,0.2353467248968553,0.32779009608277904,0.005332135900765943,0.08673548956984733,0.417271920443913,1.8852336448598133,5.224299065420561,9.983925233644857,3.0,3.0,3.0,0.018704708645337534,0.15610952658999627,0.5965837276693892,232.02728338557722,320.49274431886795,45.42074555887416,0.044896590958461546,0.09177862385688465,0.15618432043498992,32.94510041132911,36.16430933691826,39.49123162521974,25.241340568488713,28.54844749018988,31.30048872368397,0.03284666611993584,0.11892414329481699,0.2094714962695922,0.2,0.62,0.92,0.16,0.54,0.88,248.95049462896986,302.6072696243382,343.4472703454371,0.0744553943371675,0.13224281776696278,0.2065103146932951
2MASX J12593697+2749327,60.0,0,,,,,,,,,,,,,,,,,,,,,,,,,,,,,,,,,,,,,,,,,,,,,,,,,,,,,,,,,,,,,,,,,,,,,,,,,,,,,,,,,,,,,,,,,,,,,
LEDA 2816216,60.0,44,0.0033987119718347004,286.0782419465222,0.355597916808159,286.0782419465222,32.0,12.0,0.003657766827927844,15.514530341130133,0.6041666666666666,0.0016959338233060728,8.181818181818182,3.0,0.04239978885814932,283.58555633474487,0.40758605104315315,20.33454410916156,6.008971283941404,0.5437988291027688,0.11494252873563218,0.034482758620689655,281.6701931902978,0.2663582146898444,1000.0,16-84%,44.0,44.0,44.0,6.237405635550544e-05,0.0019772663986673813,0.027185216835169893,269.5808746620828,285.33471381633535,303.7758002883952,0.2849212916299641,0.37155700867293295,0.4585102077589014,269.5808746620828,285.33471381633535,303.7758002883952,30.0,32.0,35.0,9.0,12.0,14.0,0.00010604466626773501,0.003657766827927844,0.022628841205914796,9.258643862654552,14.429215772195425,20.520076324046364,0.4590197051525325,0.5757575757575758,0.6970178208887887,0.00015260887731242357,0.004896993373573365,0.04614599082820117,5.57818181818182,10.0,16.18181818181818,3.0,3.0,3.0,0.0010406864625688295,0.0185661354630432,0.13425437841118115,268.6481659541639,282.4550135729503,298.24488143944416,0.3297340572646901,0.42759898686736725,0.5104928163733496,18.281078751020612,20.527533220789415,22.7461446700942,4.136169524220053,5.822298387525909,7.500433692948492,0.4302347651654712,0.5583447410614176,0.6851134627942167,0.04,0.14,0.48,0.02,0.04,0.2,255.57819690084511,281.2743456871219,312.1891908045952,0.19470301912564658,0.30616160926694475,0.412240823292522
SDSS J130051.15+280249.7,60.0,193,7.689760400599393e-17,170.72310903537186,0.43846208475482057,170.72310903537186,151.0,42.0,1.2390336600216874e-15,-11.245688463120725,0.18874172185430463,0.165589239300346,53.943005181347154,3.0,1.1539103006441565e-11,179.3413142843326,0.4282751110680966,76.6775403068164,25.731127518674036,0.4974814522043938,0.8975512243878061,0.6806596701649176,160.45137488726039,0.4411936133797801,1000.0,16-84%,193.0,193.0,193.0,1.5216792836575292e-20,4.283321779731217e-17,1.6830681103502627e-13,164.75097583187903,171.03207497937956,177.0486419431037,0.39038395592639824,0.4419060188814001,0.48624638147115645,164.75097583187903,171.03207497937956,177.0486419431037,143.0,149.0,155.0,38.0,44.0,50.0,5.742070268129765e-18,1.5181241194685093e-14,1.4161347838071066e-11,-14.076556522383704,-9.839723714808827,1.9535895247809991,0.1990154603774093,0.24556253512577023,0.3066161468959487,0.0027172989419153686,0.028596994144947402,0.12557453065388355,43.15917098445596,55.33160621761658,69.32124352331606,3.0,3.0,3.0,5.995204332975845e-15,5.836719996210604e-12,2.2768157537100803e-09,172.21580054839023,179.44184195749608,186.58772798492237,0.3747031212413238,0.43266527158043744,0.4831836421407131,73.20855287373833,77.6465064176501,82.19522045285522,20.95432113494497,24.97351048633822,28.857124823901774,0.44017758864744494,0.511218599681931,0.5883993118848961,0.18,0.72,0.98,0.26,0.66,0.94,153.76674297354486,160.81314414054532,167.85938490087324,0.3972522876575121,0.443130621639779,0.49139621081732
2MASS J12594779+2805520,60.0,0,,,,,,,,,,,,,,,,,,,,,,,,,,,,,,,,,,,,,,,,,,,,,,,,,,,,,,,,,,,,,,,,,,,,,,,,,,,,,,,,,,,,,,,,,,,,,
LEDA 126799,60.0,57,4.552492536604494e-12,11.915175342330713,0.6768781048457562,11.915175342330713,57.0,0.0,1.3877787807814457e-17,,,,48.192982456140356,3.0,1.937336957524849e-10,8.486684613961359,0.6751612744199074,34.60410730848224,0.7775324976633059,0.9560488150394738,0.9175412293853074,0.7636181909045477,18.324344246277406,0.6707411875832986,1000.0,16-84%,57.0,57.0,57.0,9.946207993672541e-14,2.51100490047938e-12,5.533504450836567e-11,4.382279297243542,11.819940788840029,19.103187055603314,0.6436956772138397,0.6845454352130471,0.7247388801192041,4.382279297243542,11.819940788840029,19.103187055603314,54.0,56.0,57.0,0.0,1.0,3.0,1.3877787807814457e-17,8.049116928532385e-16,4.2901793229077607e-13,-8.05700065510805,1.7756867549660313,10.924067904807885,0.43636363636363634,0.688047138047138,0.8,0.033653681637792844,0.150225588160047,0.4957289712384052,43.14035087719298,49.73684210526316,57.31578947368421,3.0,3.0,3.0,2.2003510125045977e-12,9.089573538290097e-11,2.297798729067324e-09,0.9228936854262315,8.494046861111656,16.409340174184877,0.6363204962495413,0.6836956612356617,0.7263626664452609,32.44894391456306,34.56459787045377,36.608566717065194,0.0,0.7493011914064933,1.7174061670177403,0.9025106263057047,0.9598856466963999,1.0,0.24,0.82,0.98,0.44,0.84,0.98,8.76529230688135,18.29876752111238,26.709401536048688,0.6318911873254934,0.6788976320387006,0.7264363570793899
IC 3960,60.0,0,,,,,,,,,,,,,,,,,,,,,,,,,,,,,,,,,,,,,,,,,,,,,,,,,,,,,,,,,,,,,,,,,,,,,,,,,,,,,,,,,,,,,,,,,,,,,
LEDA 44815,60.0,80,7.047493499324594e-10,117.53595953510239,0.5132394532324004,117.53595953510239,61.0,19.0,2.7318699228822653e-06,28.994249270524993,0.4486626402070751,0.003637571934014371,47.099999999999994,3.0,3.309473806112351e-10,114.28308007431087,0.5389063561205494,34.17889174031274,7.634693732516615,0.6348223360334563,0.2908545727136432,0.8300849575212393,115.24755586565811,0.5520183561431671,1000.0,16-84%,80.0,80.0,80.0,1.7005574171329466e-12,4.005018219739473e-10,1.2227030862570536e-07,109.82284817601686,117.7569741707133,124.45601685037553,0.4460527982615228,0.5200759154589991,0.58202347988747,109.82284817601686,117.7569741707133,124.45601685037553,58.0,62.0,66.0,14.0,18.0,22.0,3.1365426901467503e-09,8.142666624995287e-07,7.010573979919962e-05,20.654844614853634,29.40081226010582,37.7164612878636,0.4220098039215686,0.5278431894031319,0.6234213098729228,1.297218677000307e-05,0.0005354872622074212,0.011697262905551849,34.8,48.7,64.732,3.0,3.0,3.0,5.73052716390521e-14,1.5110956930186603e-10,1.3427253719999754e-07,105.89827781758788,114.5783673090574,122.2659323331959,0.4733280657926483,0.5467522154781045,0.6166894971508295,30.986200277330568,33.74129770071862,36.668291709406816,5.975586379094264,7.886314013750869,10.11519697620805,0.5202654311594728,0.6204413634804482,0.7127261665564166,0.16,0.42,0.72,0.54,0.86,0.98,108.36197258796113,115.37577835986929,121.41627822035343,0.4693683121836425,0.560812932505003,0.6365085570542638
LEDA 44594,60.0,213,1.3680031712991553e-05,143.39331122881958,0.22930363378601626,143.39331122881958,134.0,79.0,0.00020014896302047847,9.429452405552233,0.22047987908558472,0.013046013453793628,17.62910798122066,3.0,0.0005245166429566073,148.67038049498944,0.24630719077157548,82.88607069073812,45.411208437784154,0.29209397508277146,0.22438780609695153,0.4012993503248376,133.64787672586226,0.22081235558221723,1000.0,16-84%,213.0,213.0,213.0,6.246905554011607e-08,1.1131861508529965e-05,0.0006972382087088191,132.06609281245545,142.28702275162078,155.31112949549276,0.1847264742644077,0.23140417422409104,0.27907264517881486,132.06609281245545,142.28702275162078,155.31112949549276,129.0,136.0,142.0,71.0,77.0,84.0,1.3028495116652419e-06,6.395153672735573e-05,0.0024902882810814353,2.8430356462756308,9.1444242058148,11.565391323093433,0.16394005994005995,0.22879359130015642,0.29576905985316776,0.00028017470727035063,0.009606193886828346,0.13449090001819738,11.694835680751174,19.676056338028168,29.460093896713616,3.0,3.0,3.0,1.7923977586598028e-06,0.00019811524405866088,0.008505098047137727,137.34678027832535,148.133499129492,160.1545970263478,0.19853165123126842,0.2506484480411537,0.29959904967394063,77.65715650254303,82.93366824343116,88.25257051369353,40.48256602738989,45.06358149423443,49.83835644117723,0.22114972753566445,0.2941048502945365,0.36759742559365016,0.08,0.38,0.8,0.12,0.38,0.76,119.09781550826449,132.66327016505136,147.5860068329992,0.1741101790910843,0.22477292573831192,0.2796071905123496
NGC 4876,60.0,116,1.9311781289261323e-13,325.8124985418566,0.5023691797695188,325.8124985418566,92.0,24.0,1.4181822700488308e-10,7.843524926277951,0.35507246376811596,0.011963844814932963,76.20689655172414,3.0,2.220446049250313e-16,328.5910429790897,0.46485587651388965,55.26386817044003,16.412929459230725,0.5420294990289422,0.991504247876062,0.92103948025987,324.076480063091,0.5767506481562852,1000.0,16-84%,116.0,116.0,116.0,1.462420526141233e-16,9.802392241869038e-14,4.957369169500816e-11,319.44347317307756,325.4911197362808,332.20094299820005,0.4522705506507683,0.5081546560163663,0.5606458406935201,319.44347317307756,325.4911197362808,332.20094299820005,88.0,92.0,97.0,19.0,24.0,28.0,8.630003120928982e-14,1.4181822700488308e-10,2.0883550312393552e-08,2.435020889010227,7.063111455156722,11.203032223874041,0.28892276144907725,0.383270911360799,0.46137954422137817,0.00036774109998928306,0.00692669888157916,0.07370176809218457,60.62068965517241,78.10344827586206,97.4593103448276,3.0,3.0,3.0,0.0,1.1102230246251565e-16,4.3309800190627357e-13,320.8631576036521,328.39326934682606,335.9678455735933,0.40962135639138575,0.47060759983191813,0.5313093766721608,52.09993508418682,55.93254201118449,59.536210289761556,12.374257193131731,15.55198655836427,18.619315483101133,0.47708048308144174,0.5659457566741897,0.6530599976389461,0.78,0.96,1.0,0.7,0.92,1.0,317.8848856442603,323.8905590864704,330.2959619251769,0.5334221954817467,0.5829993625723275,0.633038732832386
NGC 4864,60.0,152,5.111753174823774e-45,105.88214678371804,0.8191169296401319,105.88214678371804,152.0,0.0,3.503246160812043e-46,,,,193.26315789473685,3.0,0.0,106.74461688301545,0.8209879928208902,84.83444480943821,0.0,1.0,1.0,0.20939530234882558,101.52113682200945,0.8071388666923613,1000.0,16-84%,152.0,152.0,152.0,7.270941627873979e-47,4.0756397523933866e-45,2.1126182080857845e-43,102.88606259862524,106.08694338500811,108.89091408545033,0.8040327268489484,0.8200264763129341,0.8360213861344684,102.88606259862524,106.08694338500811,108.89091408545033,152.0,152.0,152.0,0.0,0.0,0.0,3.503246160812043e-46,3.503246160812043e-46,3.503246160812043e-46,-17.2696917612578,-16.288985031151846,-15.014976858432352,0.7624,0.8396420581655482,0.9276563758389261,0.004098570930637851,0.05132450331125829,0.12124085047054725,177.47368421052633,193.26315789473685,212.84210526315792,3.0,3.0,3.0,0.0,0.0,0.0,103.30923469731681,106.9659529514696,110.19077657496257,0.8042527724805204,0.8221687152489524,0.8389175096330521,81.75684642324181,84.9334628963249,87.96709175055724,0.0,0.0,0.0,1.0,1.0,1.0,1.0,1.0,1.0,0.06,0.22,0.56,97.95541255029082,101.6760064296459,105.21779623149831,0.7907608770359112,0.8085723034274346,0.8275668343774586
IC 3976,60.0,74,0.33011660350454164,32.305498912599376,0.12238118026686062,32.305498912599376,43.0,31.0,0.20067820312938567,6.126701763088489,0.31657914478619653,0.04030375118870269,5.45945945945946,3.0,0.1410835981771098,40.53110908795583,0.11384614306975613,18.57654518997876,18.31882510162322,0.006985160639902892,0.9920039980009995,0.6731634182908546,31.451284892253454,0.14961450394581122,1000.0,16-84%,74.0,74.0,74.0,0.025164542763278574,0.19121066328742348,0.5850222206410977,355.4082082367255,35.72405981049275,79.81625957861786,0.08511561773823523,0.14952083861602106,0.22307192811461152,355.4082082367255,35.72405981049275,79.81625957861786,40.0,44.0,49.0,25.0,30.0,34.0,0.007084252673880489,0.13017768031912758,0.5613807442989817,-2.6092420849517923,5.986820203330641,23.09443332957387,0.23677242752270747,0.3347953216374269,0.45652173913043476,0.0008997087070029918,0.029242075231564177,0.23459547791208984,4.054054054054054,7.405405405405405,12.81081081081081,3.0,3.0,3.0,0.005064123903010587,0.06003946099073765,0.25568611528574114,349.8677535511781,43.17711328748578,90.90133550263829,0.09014599502776435,0.15488350437502596,0.23777408788206064,19.32622314362887,22.115837745261956,25.084528803535754,11.977681921768006,14.717241874461337,17.374105783424447,0.06755212807502789,0.20161849704679646,0.33883752746088364,0.22,0.58,0.9,0.24,0.6,0.86,358.84987582107783,34.2229447919936,77.32326296363561,0.10157630051073857,0.18045834849644665,0.2656775747201494
GMP 3196,60.0,9,6.784207537144736e-05,4.209024645627153,0.8891321010466553,4.209024645627153,9.0,0.0,0.00390625,,,,9.222222222222221,3.0,0.026477675982590543,11.027310541990914,0.9225082274284883,5.737168968966812,0.0,1.0,1.0,0.23638180909545228,7.775289713068048,0.9280271939681589,1000.0,16-84%,9.0,9.0,9.0,-2.1282650450695676e-05,2.52645563844894e-05,0.0002187841860341061,355.2913894209271,4.271478711677162,13.763904319990388,0.861537877653657,0.9033838907779408,0.9410548744475619,355.2913894209271,4.271478711677162,13.763904319990388,9.0,9.0,9.0,0.0,0.0,0.0,0.00390625,0.00390625,0.00390625,,,,,,,,,,9.222222222222221,11.0,14.555555555555557,3.0,3.0,3.0,0.002238682271725523,0.011725875578421419,0.026477675982590543,2.2304992697110038,11.099808642813855,19.59343115347849,0.9039589399061111,0.9356060110749531,0.9622577296017389,5.056762746134926,5.8220626979122665,6.515529869017541,0.0,0.0,0.0,1.0,1.0,1.0,1.0,1.0,1.0,0.1,0.4,0.92,359.7942508499077,7.995800716762574,16.265158341572032,0.9110072677977944,0.9382894601963776,0.9628363242476476
LEDA 44693,60.0,605,1.882901955205086e-44,28.78293320690244,0.4079396526262458,28.78293320690244,460.0,145.0,4.1264494341870616e-39,12.194431919379529,0.26694152923538234,2.0339334288386943e-07,184.61322314049588,3.0,0.0,28.573074865898434,0.39078251714281603,255.3659742419273,86.30072497311888,0.4948250726723537,0.9895052473763118,0.6901549225387307,28.856359044017097,0.4400187452020944,1000.0,16-84%,605.0,605.0,605.0,1.6886069786623462e-50,2.9272038262277756e-45,2.1206420671649727e-39,24.96587466196479,28.537378752220775,32.298542158798114,0.3836518641525012,0.41169330723785,0.4352362167298469,24.96587466196479,28.537378752220775,32.298542158798114,450.0,460.5,471.0,134.0,144.5,155.0,7.092719796161264e-45,2.7095214549351795e-39,2.7827452592175656e-34,10.953233748153258,12.34794399348278,13.920842565473793,0.24151278709077093,0.2854609929078014,0.329980032462853,4.200422855918541e-11,2.3897241160950447e-08,3.97300259374178e-06,160.81685950413222,187.54214876033058,214.87834710743803,3.0,3.0,3.0,0.0,0.0,0.0,23.92610374413215,28.400678860750418,32.65952895949977,0.36184312787105993,0.39431378470198986,0.4227367743125335,247.94432289204374,256.04616297063865,264.3148328924588,78.42222184006548,85.20407413650402,92.21111011744274,0.4613895493089283,0.5000108223348685,0.5400996572024112,0.84,0.98,1.0,0.2,0.58,0.9,24.590135773128793,28.472912716826045,32.75700505106954,0.4148296489722256,0.4433342115263289,0.4693074926090405
Z 160-261,60.0,0,,,,,,,,,,,,,,,,,,,,,,,,,,,,,,,,,,,,,,,,,,,,,,,,,,,,,,,,,,,,,,,,,,,,,,,,,,,,,,,,,,,,,,,,,,,,,
Z 160-233,60.0,240,1.0577020391808527e-07,279.5005986432369,0.25869864211463567,279.5005986432369,156.0,84.0,3.913628030346217e-06,10.064776867122575,0.2271062271062271,0.0058746251506089555,26.56666666666667,3.0,7.256729717020072e-06,279.35435272898553,0.24046971179862542,89.81040035087585,52.61904697181955,0.2611212363605798,0.9620189905047476,0.5902048975512244,278.5967462096385,0.28539675748509624,1000.0,16-84%,240.0,240.0,240.0,1.736819801018126e-10,9.329740629355283e-08,1.3406294747255166e-05,269.3821224684881,279.66518150810725,289.33957101861085,0.21621546373606404,0.25970719149620736,0.3060138019469607,269.3821224684881,279.66518150810725,289.33957101861085,151.0,159.0,166.0,74.0,81.0,89.0,2.744528668579561e-09,5.363140998314979e-07,7.563032299772964e-05,5.006504314326845,9.8303825863233,13.634735200094209,0.1995972311653657,0.2527066194128754,0.3129022101427002,4.093604998228085e-05,0.0017280974266107064,0.025009717718674974,18.28933333333333,28.35,39.282666666666664,3.0,3.0,3.0,1.5123345780132528e-08,3.066807790996773e-06,0.000383387778212136,268.4394594664087,279.4621223849149,291.2474378760443,0.19664820223094132,0.24342267308036883,0.2945004876178085,87.21448003634946,92.62750442405778,98.12330172207527,44.62109325518185,50.15448809779276,54.8289672419176,0.2303439709325793,0.2985980310570164,0.3765776953653471,0.38,0.82,0.98,0.2,0.56,0.86,268.1449481537728,278.85970370328937,289.136870713798,0.24108950817772382,0.28719219882729063,0.33449791761221576
IC 3960A,60.0,0,,,,,,,,,,,,,,,,,,,,,,,,,,,,,,,,,,,,,,,,,,,,,,,,,,,,,,,,,,,,,,,,,,,,,,,,,,,,,,,,,,,,,,,,,,,,,
SDSS J125923.41+275510.4,60.0,445,1.5346945228025606e-12,158.35996640595567,0.24724408974947337,158.35996640595567,282.0,163.0,1.8411466460247222e-08,-8.380454299077535,0.20536918592002784,0.0002643313473966148,46.838202247191006,3.0,3.762233857784736e-10,158.3337174892896,0.1944303393120322,145.66130014859414,95.44527451336396,0.2082731493557786,0.9975012493753124,1.0,158.20036076533017,0.30210882314518195,1000.0,16-84%,445.0,445.0,445.0,5.355756813003664e-16,1.0030570414610106e-12,1.3636287257383577e-09,151.111656421212,158.7847892307426,165.1161724914706,0.21417791616993428,0.24916938470512573,0.2811021977716059,151.111656421212,158.7847892307426,165.1161724914706,273.0,284.0,293.0,152.0,161.0,172.0,2.1992186481998025e-11,5.902833614763101e-09,1.9371506571320036e-06,-9.906776960874467,-7.306872790289663,-4.851698073902214,0.17711219387542565,0.22336931816880667,0.26628216909921437,6.586834947408711e-07,5.323368705461616e-05,0.002557687970870011,37.76889887640449,48.86067415730337,60.9685393258427,3.0,3.0,3.0,3.6504133049675147e-13,1.3966700018741562e-10,3.1636517245914293e-08,147.8915692177078,158.5780549446922,168.1153504764526,0.1581700409499729,0.198392251919856,0.23463086649484194,139.91127851703212,147.19817852923956,154.36630111557238,87.19879413770619,93.87042016867741,101.10878501321328,0.16442451400141528,0.22192269319712976,0.2731510656387141,0.88,1.0,1.0,0.98,1.0,1.0,151.18736842178066,158.30274281358504,164.42782792320997,0.2667067958271472,0.30452705287430637,0.3382342832808705
IC 4045,60.0,170,0.04887556223352122,93.51462936994494,0.13325070924088075,93.51462936994494,99.0,71.0,0.03806366960413435,0.8612741866656073,0.14454403186797554,0.31310116606262595,10.611764705882353,3.0,0.014021587141744729,84.80245055078035,0.12951127040215304,50.29258551084088,36.21365538753534,0.16275045565608215,0.6071964017991005,0.20789605197401298,93.88440195405195,0.1452610995014918,1000.0,16-84%,170.0,170.0,170.0,0.0012787711774136373,0.027023334520504136,0.23441804674693653,67.6993689403231,93.0362229724563,113.91321282240426,0.09237551405868516,0.14574628352171742,0.1979583291359243,67.6993689403231,93.0362229724563,113.91321282240426,94.0,100.0,107.0,63.0,70.0,76.0,0.000918749608175408,0.02584438758134155,0.19213646543397744,-2.5954089761992365,2.283883538395597,6.931054508963211,0.13593000362525318,0.17812269031781228,0.2323250623586466,0.01926586292012989,0.12568281519792468,0.3924436489714255,6.9731764705882355,12.823529411764707,19.976470588235294,3.0,3.0,3.0,0.00017165898692350634,0.005034198985065519,0.07276595312116858,50.672220451859346,83.87968231316836,109.619361994889,0.08731886820082067,0.14075400369886856,0.20248324442252102,47.08190239932554,51.02087551681048,55.3729015270726,31.468294828354903,35.30522940963604,39.113148484976485,0.09974736611401525,0.18398541744079475,0.26553564599715257,0.16,0.56,0.9,0.04,0.22,0.58,70.85850710648646,92.71950138862576,116.57104198562786,0.0970236447874693,0.15931735114079418,0.22323179093307824
IC 4041,60.0,117,0.04132863738326721,345.90763707571597,0.16502265113092537,345.90763707571597,72.0,45.0,0.015864496824406386,8.592651712898757,0.26944444444444443,0.029180814267975592,2.1452991452991452,3.0,0.5428029348089041,339.3300214012474,0.20582900929883363,46.31950230059704,23.970545150567286,0.317953365525286,0.09045477261369315,0.5062468765617192,330.8513740045792,0.1405682903911966,1000.0,16-84%,117.0,117.0,117.0,0.001018930672834434,0.024850367434926753,0.22590747174421666,324.5761724652509,346.64628132491214,7.990127421498812,0.11275992616828232,0.17770817218314927,0.2426528752698201,324.5761724652509,346.64628132491214,7.990127421498812,66.0,72.0,78.0,39.0,45.0,51.0,0.00039617781879230647,0.015864496824406386,0.19534905940457784,3.722783305512006,9.55090540401454,15.916511643403414,0.18769609864215353,0.2939123848657158,0.4031911672548807,0.00013372233339355847,0.014331113938078012,0.2625290594842187,1.6666666666666667,4.47008547008547,8.504273504273504,3.0,3.0,3.0,0.03666228050411069,0.21497416633124566,0.6443698056370253,320.1371265326511,339.18857281488795,356.89887299052873,0.14545828380077128,0.21908316881604328,0.2861017789164699,41.285600695937596,45.56777810727336,49.416636216866806,20.908207880680894,24.70043826997798,29.01851549563071,0.18278148225865629,0.29775964479243394,0.400316692852746,0.06,0.26,0.66,0.14,0.46,0.84,294.70296711719334,331.9418215468686,358.96105908350125,0.0908919956565614,0.16167336968240176,0.24045098903533849
LEDA 93697,60.0,70,0.1143266195337221,112.3305780807276,0.17601525272738103,112.3305780807276,41.0,29.0,0.18821620302302766,-2.188158117705022,0.12026913372582002,0.9330305816755953,3.028571428571429,3.0,0.38724096737455327,114.57271573469632,0.19990788336917847,24.44175624120213,15.408631724552768,0.22667594916295172,0.1809095452273863,0.20589705147426288,109.02621237168199,0.06574113608174034,1000.0,16-84%,70.0,70.0,70.0,0.004451899200888882,0.08025993583115212,0.4220097210487027,84.79775035632315,111.6435447516127,135.67360523644885,0.11101653234030098,0.18983053065847172,0.2781167636378096,84.79775035632315,111.6435447516127,135.67360523644885,40.0,43.0,47.0,23.0,27.0,30.0,0.005582667351023373,0.07223792719176257,0.281978921793656,-5.783885218523899,-0.5940827971956324,5.581583230013662,0.19227058901477506,0.248107653490328,0.33,0.04562535499279205,0.23050407257288025,0.5042121909673992,2.342857142857143,5.2,9.657142857142857,3.0,3.0,3.0,0.02171706919408911,0.1577244503966626,0.5043603699005632,89.44595214651247,114.44656442771276,138.5964095653017,0.12626816508928812,0.21746711225078905,0.31475118669137947,22.512479876257178,25.37680648259262,27.99601812267993,11.75033136466772,14.43532908174468,17.025014888286933,0.1530659987734536,0.27515726873870533,0.3946545254431283,0.04,0.18,0.5631999999999994,0.04,0.22,0.64,12.097092811745597,106.03732927399898,182.6231634825483,0.05871859491548284,0.1286769955176584,0.21442263461782135
LEDA 1822852,60.0,287,0.04219456993427883,247.56717310914416,0.10502138061334189,247.56717310914416,169.0,118.0,0.003095552095434122,1.8140426076643976,0.0621301775147929,0.9307806356128738,4.888501742160279,3.0,0.18014604219694075,261.33861561247727,0.09918488767115338,88.53365430518215,73.12547624291332,0.09531276093115396,0.8910544727636182,0.1934032983508246,225.76833871296944,0.10268638144991264,1000.0,16-84%,287.0,287.0,287.0,0.0013874361935648021,0.028112996663677586,0.2544221518336371,224.62769906479105,247.58062298062657,269.5273021072883,0.06905945120571218,0.111554233839814,0.15142059305968014,224.62769906479105,247.58062298062657,269.5273021072883,155.0,164.0,174.0,113.0,123.0,132.0,0.0003797805898983284,0.01806505287095531,0.1939862451263925,-3.133168654930874,0.8146273463574403,4.062120944395223,0.09143761419514647,0.12398057268457374,0.1675244320795795,0.03435828613940393,0.20950771231308662,0.5683766103842245,3.21602787456446,7.020905923344948,12.498257839721255,3.0,3.0,3.0,0.005857408144920084,0.07123572187015159,0.3595020320829345,232.76892590036732,261.1799169197859,287.90243929113444,0.06596193614685754,0.10726194007261353,0.15052154418471686,86.33592083450503,91.90659189262217,97.38265948491411,64.37126888463794,70.1888764043797,75.0293173413174,0.07752765153989034,0.13448250077222934,0.19996715837059362,0.14,0.54,0.88,0.04,0.22,0.64,197.79797109986066,226.43694558350626,251.59501648394178,0.06877949828044418,0.11139474179746092,0.1570110544485937
IC 4012,60.0,52,2.6031129128348044e-12,99.69261924451484,0.7162175366907501,99.69261924451484,49.0,3.0,1.042677055806962e-11,34.24932150599856,0.8367346938775511,0.014932126696832578,48.30769230769231,3.0,1.8314383343209784e-10,93.36327984604577,0.6984445386548906,24.14778251781671,0.4071478048222927,0.9668377959560395,0.2563718140929535,0.4432783608195902,100.39751604406956,0.7318457118330924,1000.0,16-84%,52.0,52.0,52.0,5.764305456268122e-14,1.6746856026576565e-12,4.235820094584503e-11,92.73908586282249,99.6767715201479,106.25895424997378,0.6777346321911815,0.7221155932588503,0.7656648340792638,92.73908586282249,99.6767715201479,106.25895424997378,48.0,50.0,52.0,0.0,2.0,4.0,4.440892098500626e-16,6.123990203832363e-13,1.3065282189472782e-10,27.4606431519369,34.236899685661,42.851397326753876,0.7916666666666666,0.8775510204081632,0.96,0.0005171299288946348,0.009049773755656111,0.050678733031674215,42.92307692307692,50.0,56.92307692307692,3.0,3.0,3.0,2.668865128896414e-12,7.989175987432873e-11,2.555310851803938e-09,84.1832688645253,93.38123703520898,101.5270315318428,0.6559115648001954,0.7078012304140036,0.7568870837750226,21.4533256504345,23.688187998717794,26.011950477079935,0.0,0.7666437621430131,1.5898309326015436,0.8706211428540963,0.9417744644993647,1.0,0.24,0.5,0.94,0.24,0.56,0.88,92.54012096394467,100.43859992035084,107.33034254547925,0.6904006404545003,0.7404917318059928,0.7846037356345953
LEDA 1821341,60.0,60,0.004290515580904081,351.49084251660497,0.30142296891120096,351.49084251660497,41.0,19.0,0.0062176026593266705,-7.583527456463926,0.2490372272143774,0.33046050105422975,11.333333333333334,3.0,0.010053444472836515,341.5436004413507,0.29539501295885023,26.606769206386726,13.409446452525144,0.32979937099380496,0.9660169915042479,0.712143928035982,11.442310211060658,0.37168196675757176,1000.0,16-84%,60.0,60.0,60.0,5.6934158091539196e-05,0.0021848191716132013,0.041056519829235485,335.11301202396567,351.81777339113273,7.715413543906948,0.23068127655919896,0.31953690865068884,0.40360616935507504,335.11301202396567,351.81777339113273,7.715413543906948,39.0,42.0,46.0,14.0,18.0,21.0,4.223704562267977e-05,0.002670436282807066,0.027340133868077935,-8.666892676400343,-4.822508967568865,0.35867690105386174,0.2200260815711027,0.30553772642989585,0.42007272727272726,0.02314448033925607,0.16274797392103071,0.5447118562197625,8.133333333333333,13.733333333333334,20.687999999999995,3.0,3.0,3.0,0.00012224196018390202,0.0032915464574295727,0.043334999554468734,323.03463493196807,341.42445206455864,359.8032763039391,0.22421368865311755,0.31563815575480086,0.40121477708136194,25.32480091630982,28.10371498487202,30.96858203083962,9.038885602508035,11.938407790175873,14.558183999319088,0.27348394319150404,0.4026354857373631,0.541021303089694,0.2,0.72,0.9631999999999993,0.3,0.74,0.94,356.0520823201873,10.5032745790229,26.402718609351325,0.2962149593777639,0.39037193276338145,0.4749372929828071
LEDA 126764,60.0,101,0.00034298148282927186,22.24878693923057,0.2810488505893331,22.24878693923057,70.0,31.0,0.0001308223106691452,2.020536376545813,0.16682027649769585,0.5217052295920028,14.603960396039604,3.0,0.0021883636317967525,42.19395690552,0.20993815701736016,32.3915254721089,19.805288403111174,0.24113037050663588,0.927536231884058,0.791104447776112,10.572420887432713,0.31448960807937837,1000.0,16-84%,101.0,101.0,101.0,2.2726920701648086e-06,0.0002971512624230137,0.009373728177807832,9.50815635106568,21.67783351286539,34.43324545354102,0.2150260701846714,0.2835644108091815,0.35869048815852944,9.50815635106568,21.67783351286539,34.43324545354102,64.0,69.0,74.0,27.0,32.0,37.0,3.1798876310461662e-06,0.0002959601961545845,0.009335048120644805,-0.8782237498937704,3.9592324282410694,10.344001279976483,0.16975425487754256,0.24048913043478262,0.3332636242800177,0.011453192497384246,0.1436693558344666,0.5016963927473864,9.376237623762377,16.02970297029703,25.480792079207916,3.0,3.0,3.0,1.225370500498091e-05,0.0011181938557561777,0.024685095860237705,22.090060305693328,40.74538648390762,64.10915404594937,0.14558543247076183,0.22268565645910282,0.3032944241361558,29.76034005598736,33.27040901517141,36.81262267988078,15.796967198503046,18.946674872526106,22.564157684642428,0.15102015191180096,0.2763462163229047,0.39037029279252045,0.4,0.84,1.0,0.3,0.76,0.96,355.59159930171995,10.389655635670238,23.63202875772987,0.23648711544126047,0.3187172163383129,0.4061459313735975
LEDA 126762,60.0,0,,,,,,,,,,,,,,,,,,,,,,,,,,,,,,,,,,,,,,,,,,,,,,,,,,,,,,,,,,,,,,,,,,,,,,,,,,,,,,,,,,,,,,,,,,,,,
LEDA 126790,60.0,0,,,,,,,,,,,,,,,,,,,,,,,,,,,,,,,,,,,,,,,,,,,,,,,,,,,,,,,,,,,,,,,,,,,,,,,,,,,,,,,,,,,,,,,,,,,,,
LEDA 126747,60.0,4,,,,,,,,,,,,,,,,,,,,,,,,,,,,,,,,,,,,,,,,,,,,,,,,,,,,,,,,,,,,,,,,,,,,,,,,,,,,,,,,,,,,,,,,,,,,,
LEDA 44723,60.0,116,0.24704754567030038,249.99892629377726,0.10978719494950583,249.99892629377726,63.0,53.0,0.4034696996553114,9.666839179104102,0.26834381551362685,0.024817948533434782,3.7931034482758617,3.0,0.28468933515999106,239.30819002937062,0.12245652373231997,33.79213947744253,26.938279924748873,0.11285710884529714,0.7351324337831084,0.7246376811594203,245.3784104254835,0.16721925018452513,1000.0,16-84%,116.0,116.0,116.0,0.0163198628725616,0.1783423478674715,0.5699220554191983,213.4850417730105,248.77683048014023,289.35233573855714,0.06962063686294624,0.12191186977296567,0.18835432422276135,213.4850417730105,248.77683048014023,289.35233573855714,62.0,67.0,72.0,44.0,49.0,54.0,0.011849889910578776,0.11408316540850252,0.5159130749957949,3.1447187349986234,10.36893786735218,18.906482854088953,0.20869565217391303,0.31243153364632237,0.41972146739713334,6.343039417194017e-05,0.005951371024058643,0.15013504397277802,1.9310344827586208,5.448275862068965,10.987586206896548,3.0,3.0,3.0,0.011796307752690137,0.14176523322387058,0.5868434033381025,202.5452604268363,237.33044325249512,278.3276657644583,0.08012564419109557,0.1416402512421328,0.20778421585434637,32.138284456219644,35.671657893597,39.49331260187778,21.752016514733402,25.04041234031447,28.197810514082626,0.08000179330562025,0.17352418837464367,0.28270097940499106,0.18,0.6,0.92,0.24,0.61,0.94,216.9303550970949,244.0142414786785,272.48688695112094,0.09864466999761481,0.17673777352752315,0.26083417175464335
LEDA 44792,60.0,144,0.9810972454063465,59.20616725869854,0.01151197910968137,59.20616725869854,75.0,69.0,0.6770697943668327,9.484717247013336,0.23246376811594202,0.033259722913812934,6.166666666666667,3.0,0.10377716386905067,122.85090653260869,0.039540597599414015,44.34800402834134,42.472422643175456,0.021602996634214996,0.8405797101449275,0.9090454772613693,355.7427340311212,0.09357612172646412,1000.0,16-84%,144.0,144.0,144.0,0.1489715475032407,0.49938015216446874,0.8472920507056775,300.2218742310462,56.95116393465253,161.24051821572743,0.033922892405953343,0.0694416045017236,0.11498802729832812,300.2218742310462,56.95116393465253,161.24051821572743,73.0,79.0,85.0,59.0,65.0,71.0,0.036852264522837415,0.27861454634422095,0.8026933550697284,-7.332228011005924,0.6885699177763218,8.552137605599048,0.14442420734452374,0.2046297234554755,0.28073616473616475,0.005990572845482661,0.09000341615432608,0.4074923219199708,4.166666666666667,8.583333333333332,14.38888888888889,3.0,3.0,3.0,0.0024208749804053298,0.035378388325586874,0.24402044505670617,44.32280779010864,128.26752263317354,209.0773438079127,0.03941437275928411,0.08142717895384366,0.13012212200364684,44.06062386472535,48.18007200201244,52.28135800685001,34.32689192265578,38.51507292927937,42.58020619331632,0.023294979081531362,0.11112848920066659,0.20089472964254299,0.06,0.46,0.9,0.46,0.86,0.98,318.5104217992573,353.9161401803033,44.491692528397266,0.06193974119795509,0.11939834009684647,0.18146740969066996
2MASX J12595670+2755483,60.0,117,2.010693690552843e-07,90.28034089304322,0.3630311124708043,90.28034089304322,91.0,26.0,1.2129874896305887e-09,3.2826455431717747,0.16483516483516483,0.5941645942290616,37.63247863247863,3.0,3.3809958166486354e-08,87.99732902792255,0.34004322636786555,51.65226729444228,16.97064552497827,0.5053941948038233,0.8865567216391804,0.9230384807596201,96.68024915060778,0.42276103335522935,1000.0,16-84%,117.0,117.0,117.0,5.71194463282566e-10,9.168513621170941e-08,1.2502221763853856e-05,80.50836180914291,90.75124478846374,99.77225077707863,0.3106332468115517,0.3721606310857287,0.426507298555474,80.50836180914291,90.75124478846374,99.77225077707863,84.0,90.0,94.0,23.0,27.0,33.0,2.2313814815989472e-11,4.166817880507534e-09,2.6732854862880627e-06,-2.6593519519676505,0.848105388279297,4.680181487021764,0.16686510748877864,0.2189110824742268,0.2867347633639768,0.05190019274053762,0.23827468784020833,0.5528891827805514,30.373675213675213,40.33333333333333,50.76068376068376,3.0,3.0,3.0,5.5014548472342995e-11,9.056357053172093e-09,1.1516279940471097e-06,77.38588688610628,88.5227112723262,99.71304350936373,0.2860139701685797,0.35085212353130535,0.41346743435965444,47.88438848573633,51.469830563646056,55.193032419876424,13.831362890965796,16.951497272544543,20.91489296058879,0.4009340190603644,0.5037108653419996,0.5911582413568232,0.52,0.86,0.98,0.62,0.9,1.0,86.89392888074173,96.54890681624147,106.1801455774177,0.36571478601983975,0.4285440797049703,0.487670367063551
IC 4033,60.0,58,0.35851534211959557,193.6325176622799,0.13298845066172008,193.6325176622799,31.0,27.0,0.6940040940761318,16.542391761762282,0.26642771804062126,0.20683665663612333,3.3793103448275863,3.0,0.3367557838407792,197.48176460181077,0.15992145823735335,20.28984103691157,14.536513985251089,0.16520037908070492,0.5237381309345327,0.6606696651674163,214.92492820115348,0.13594912824722236,1000.0,16-84%,58.0,58.0,58.0,0.024151471746845007,0.21043374311058138,0.6302358710417331,149.33187682833545,192.94924078294912,233.92661309936773,0.08921699784492575,0.16392738859546427,0.25337076719490764,149.33187682833545,192.94924078294912,233.92661309936773,31.0,35.0,39.0,19.0,23.0,27.0,0.011928139715763179,0.14800580076020603,0.5409881941402374,-6.442370146975896,8.71066793563389,22.66286191668722,0.21590283400809718,0.3157894736842105,0.4496682259182259,0.004732959152461235,0.10037512665059048,0.48196965644187983,2.2758620689655173,5.310344827586207,10.551724137931036,3.0,3.0,3.0,0.01441409645500824,0.1504325376369272,0.517160858990956,158.35437191290612,198.41345058988315,234.41628292410428,0.09966054083177053,0.19462927332333932,0.2836593824300179,19.160181173389162,21.630050576775357,24.363088888501746,10.729647860108956,13.151685218372576,15.712581503095786,0.1082855351276891,0.24288413391265298,0.3814755926091028,0.1,0.44,0.82,0.14,0.64,0.94,173.30070115665876,214.58304900876726,260.38465466412003,0.0889084645941425,0.17790319859423198,0.28281700478914096
LEDA 126801,60.0,31,9.233729526425847e-11,39.122538838749676,0.8916816857028614,39.122538838749676,31.0,0.0,9.313225746154785e-10,,,,78.03225806451613,3.0,1.1102230246251565e-16,41.75927560345633,0.9181689322591423,19.05631757709457,0.0,1.0,1.0,0.06896551724137931,34.594437875684605,0.8536363040238113,1000.0,16-84%,31.0,31.0,31.0,2.9831633329250235e-11,7.639825546059377e-11,1.9007487256454396e-10,34.055588660272065,39.13542877951966,44.17372268701706,0.8743151726115693,0.8961281433275263,0.9175867302359242,34.055588660272065,39.13542877951966,44.17372268701706,31.0,31.0,31.0,0.0,0.0,0.0,9.313225746154785e-10,9.313225746154785e-10,9.313225746154785e-10,,,,,,,,,,71.32258064516128,78.03225806451613,85.25806451612902,3.0,3.0,3.0,0.0,1.1102230246251565e-16,2.220446049250313e-15,37.42688888910277,41.78910589710432,46.08377629762231,0.9049163763499909,0.9211551462335248,0.9373909444504986,17.688269660220364,19.10026681562654,20.383990765827726,0.0,0.0,0.0,1.0,1.0,1.0,1.0,1.0,1.0,0.02,0.1,0.58,26.889851096794587,34.737425354054494,42.896672744835485,0.8284337807263771,0.8648811002216805,0.8966933523406467
2MASX J12595104+2749592,60.0,0,,,,,,,,,,,,,,,,,,,,,,,,,,,,,,,,,,,,,,,,,,,,,,,,,,,,,,,,,,,,,,,,,,,,,,,,,,,,,,,,,,,,,,,,,,,,,
LEDA 126756,60.0,102,0.11614423188899047,329.8076787500198,0.14528276964477935,329.8076787500198,62.0,40.0,0.03706676743856045,1.82351104151018,0.2153225806451613,0.17617922281932713,6.313725490196078,3.0,0.09730539688131368,331.56935061041656,0.14200626506898573,37.671372733216074,23.63303656134315,0.22899390652996357,0.5412293853073463,0.6701649175412294,324.8934195606663,0.18256334229519616,1000.0,16-84%,102.0,102.0,102.0,0.0070253175071062195,0.06718770202341501,0.38132173180734674,296.496251037795,327.63061790856455,355.11681493411766,0.09722180306752756,0.16270585165600593,0.22047729685437187,296.496251037795,327.63061790856455,355.11681493411766,57.0,62.0,67.0,35.0,40.0,45.0,0.0019928055857140587,0.03706676743856045,0.27601389249250236,-2.915824016169186,4.738845479052465,14.111650736993163,0.18662287512258907,0.25,0.33305921052631576,0.006598303245176858,0.07834265884538993,0.3352553750435177,4.2745098039215685,8.588235294117647,13.52941176470588,3.0,3.0,3.0,0.0036209949908250216,0.03529735769862763,0.23330710951518585,294.58101236273626,329.0650380052044,358.6370626219391,0.0921851087155383,0.16086090601165506,0.22404925204122964,33.45158537136248,36.923942817410875,40.81754633481514,20.967386926911928,24.118867973145708,27.571061011448148,0.10423868856839061,0.21253357061961684,0.31600947624256326,0.26,0.64,0.92,0.26,0.62,0.86,296.43485472710825,322.93983814335775,348.0421378873898,0.12428006842954607,0.19754268866190652,0.26656200320593154
LEDA 126770,60.0,145,8.359051378032025e-05,346.5081234351365,0.25447146735035586,346.5081234351365,92.0,53.0,0.001511911019263757,0.6555482536697355,0.16263330598851516,0.2954127631196769,11.49655172413793,3.0,0.009322656790805905,350.5973184381148,0.23495711937766722,56.473139177064304,37.23248209033807,0.20533087371375808,0.9910044977511244,0.9190404797601199,340.508131977092,0.292817456770877,1000.0,16-84%,145.0,145.0,145.0,2.6045352822687044e-07,3.785443074349986e-05,0.0025034538930762645,334.6125264277325,346.2686556130491,358.08064928952626,0.20325089526351353,0.26498949397898686,0.32335359237169464,334.6125264277325,346.2686556130491,358.08064928952626,88.0,94.0,100.0,45.0,51.0,57.0,5.7231741646191374e-06,0.00044643117718957373,0.012456898341172414,-1.7024138192423648,0.7126633155721649,6.338761329580682,0.15652870615519174,0.21044541525090724,0.28084367245657565,0.009108912714097132,0.09374475657400244,0.3480105234703854,7.129103448275862,13.482758620689655,22.208827586206898,3.0,3.0,3.0,5.902226142998846e-05,0.00370084131425219,0.06789735238701125,336.84984253741595,350.2994571783572,4.520412532285889,0.18198875231009037,0.24425464348412826,0.3070409521060884,54.62031610721033,59.1146532817853,63.124366662012335,30.597677962859773,34.921455826856764,38.96684663975335,0.17067018122899308,0.25521031817378037,0.3452937951639925,0.54,0.9,1.0,0.64,0.9,1.0,328.73429913858547,340.059718042349,352.79458264684854,0.23962339789954268,0.30162636797172804,0.3677182818523001
NGC 4875,60.0,230,1.2786963276992295e-05,333.24904604848626,0.2213308010161253,333.24904604848626,155.0,75.0,1.4353161386899798e-07,15.439714589984654,0.3453763440860215,7.1131343810763505e-06,19.704347826086956,3.0,0.0001954526038455695,332.0220820548293,0.24676879920478864,91.21541255820287,40.22171046393892,0.38797031555288675,0.018490754622688656,0.027486256871564217,340.1723495116031,0.1660534820508452,1000.0,16-84%,230.0,230.0,230.0,4.5876313057134176e-08,5.695054155045456e-06,0.00030656439044814186,319.827762822305,333.69170609862806,344.8812472988882,0.18754806377747524,0.22913797686469614,0.2710474157063172,319.827762822305,333.69170609862806,344.8812472988882,146.0,154.0,162.0,68.0,76.0,84.0,5.009352171350943e-10,2.9790137432371465e-07,5.234036808583393e-05,10.154384635208356,14.819293479672575,19.468987665206022,0.25266720647773283,0.3257369084403968,0.40003629700724197,9.621328317106349e-08,2.869734119394071e-05,0.0028112520144485667,14.893217391304347,22.017391304347825,30.70678260869565,3.0,3.0,3.0,9.799553980327502e-07,6.469209028658884e-05,0.0019103508036840047,319.3334236505848,332.25844627183517,343.4465958652562,0.21073364172479353,0.2551546311988929,0.29773656679947186,85.73992685004279,91.13504190195404,96.11815943082173,35.84310623302071,40.525110282078316,45.07158533691327,0.31569367366651363,0.3848981486302433,0.45117083336442904,0.02,0.06,0.24,0.02,0.06,0.28,319.8007614544929,339.5840482158794,357.5507102560257,0.12006733044598894,0.17954306300424705,0.23337746791704553
LEDA 93696,60.0,46,0.0006869149753474688,129.5490153849355,0.3920611795190761,129.5490153849355,33.0,13.0,0.004533861582189047,22.663344727412067,0.5151515151515151,0.007660099838114482,24.782608695652176,3.0,1.7143810472131094e-05,125.2682763664526,0.3634622840546715,17.36900164712144,7.202737094518199,0.41373810211384576,0.5942028985507246,0.17541229385307347,133.72563203519644,0.42715256651923633,1000.0,16-84%,46.0,46.0,46.0,3.500025919469669e-06,0.00035522372863683234,0.015588168477816891,115.87480349461731,129.54994780136997,142.2548594809656,0.29898163707520325,0.4086470199748209,0.5071244104931589,115.87480349461731,129.54994780136997,142.2548594809656,30.0,33.0,36.0,10.0,13.0,16.0,0.00015641720852954677,0.004533861582189047,0.054076031858869555,12.904923847523513,21.693598427224785,26.57761455728177,0.4722222222222222,0.5625,0.6553448275862068,0.00028474383854119813,0.003859076325725436,0.02677032506090672,16.434782608695652,26.0,38.0,3.0,3.0,3.0,2.8264748763717762e-08,9.53740694265015e-06,0.0009234333712625498,106.86863475720168,124.76139701414303,139.50813332729797,0.2677601963561563,0.38184937632002236,0.4957117595016496,15.511191714335336,17.633714538620332,19.97825814313752,4.985236183379335,6.705312084569728,8.77504547645037,0.29657051514196703,0.44160156064043665,0.5875412989501083,0.18,0.54,0.8631999999999993,0.06,0.24,0.58,120.46422582583358,134.14324355874788,148.67854584398242,0.3353911441075567,0.4518004736611939,0.5466987789612957
Z 160-235,60.0,0,,,,,,,,,,,,,,,,,,,,,,,,,,,,,,,,,,,,,,,,,,,,,,,,,,,,,,,,,,,,,,,,,,,,,,,,,,,,,,,,,,,,,,,,,,,,,
LEDA 126763,60.0,101,0.7469845271759221,246.88807071793406,0.053742216323273286,246.88807071793406,56.0,45.0,0.3197273207002652,4.970825393483963,0.25992063492063494,0.05567245051036722,10.881188118811881,3.0,0.012385994569725445,316.3485587634828,0.04890215500441044,33.55111268477861,26.690718561852236,0.1138809027042991,0.29685157421289354,0.9640179910044977,290.9098345132608,0.17896421748080796,1000.0,16-84%,101.0,101.0,101.0,0.08545826288632444,0.39190548426112287,0.7437408834343864,170.6853608533345,241.95269199149766,305.05254288362016,0.05414159834085422,0.09630473917695498,0.15605683324952482,170.6853608533345,241.95269199149766,305.05254288362016,52.0,57.0,62.0,39.0,44.0,49.0,0.02808946794777821,0.23230046428473872,0.6908264239959597,-5.00753934870018,0.4500502444166088,4.976408647570542,0.2021080886326788,0.28410959370500105,0.37406550108677766,0.0013070640554676647,0.029119272330773965,0.22707113491981032,7.475247524752475,12.94059405940594,20.306930693069305,3.0,3.0,3.0,0.00014660908045438514,0.00476685134893351,0.058197871431030834,237.7712440600817,312.31073163334236,39.40510070686071,0.05131608471632819,0.10057060812028357,0.16199307550484524,30.920756015967452,33.9195612088194,37.0749796496759,22.955723941038098,26.04860352058153,29.22060503705091,0.04053773896267302,0.12990657354045698,0.22723741127624747,0.24,0.68,0.96,0.64,0.92,1.0,258.2315939503594,289.0639874847459,312.6698369181655,0.11721980420840987,0.19480344473635258,0.2711765104015959
NGC 4883,60.0,104,0.00031058531229575577,219.50762177601666,0.2786825450727155,219.50762177601666,66.0,38.0,0.0077996161848893665,-0.7340770604595548,0.1379585326953748,0.6859479728231392,20.923076923076927,3.0,0.00010922041148975214,226.99893532045894,0.31144439450057926,37.53028676861925,19.841695034285678,0.3083141139363246,0.296351824087956,0.12543728135932034,209.47748461592005,0.26169110123452227,1000.0,16-84%,104.0,104.0,104.0,2.5030111035617977e-06,0.00015710303717898192,0.008516962047782092,207.03405269303016,219.679564395444,232.73931334644567,0.21406542092591432,0.29020235405019423,0.35216416001607603,207.03405269303016,219.679564395444,232.73931334644567,64.0,68.0,73.0,31.0,36.0,40.0,4.6569869697466e-05,0.0022094328919877613,0.023645635749768138,-5.539938608923876,1.5112295398862798,7.42928217063622,0.15897435897435896,0.20487416457811194,0.26888337468982626,0.05654811603155001,0.23948099063155143,0.5470606358945515,13.307692307692308,22.384615384615387,34.230769230769226,3.0,3.0,3.0,1.7709415278677199e-07,5.424999448278012e-05,0.0040163189533365395,214.49035460813673,227.68847883823662,240.36359083865193,0.2450578111948639,0.31934693071873965,0.393519676701222,35.0949721005857,38.866221970475124,42.36135012070901,15.45500185363387,18.42386543751052,21.616607628038636,0.2493386660389557,0.35589865019512734,0.46064908663567583,0.06,0.3,0.8,0.02,0.1,0.38,191.90477161572448,209.44041479095972,228.40529599692786,0.20161665961896558,0.27625607380363376,0.3484090545246157
IC 4026,60.0,108,0.10399352423743895,355.2381814178168,0.14476758668597356,355.2381814178168,62.0,46.0,0.14857634761056238,6.088255327296103,0.19214586255259467,0.24333989019553393,6.0,3.0,0.11161022509471263,345.0856939354301,0.16215598573660583,32.88439040555258,25.7161220069873,0.12232432965946805,0.7821089455272364,0.6526736631684158,354.9696696149898,0.19423884222623447,1000.0,16-84%,108.0,108.0,108.0,0.0033034617446934442,0.07094727338344607,0.40099438725470815,328.6477676294742,355.42486004173895,21.223703387701107,0.0919847299555889,0.15651950576554097,0.22999236316192737,328.6477676294742,355.42486004173895,21.223703387701107,58.0,63.0,69.0,39.0,45.0,50.0,0.005023518333482696,0.10143273504110477,0.5007663934164359,-4.9983467229740075,6.104976452775931,14.13701965795266,0.17187414236706688,0.22684575385971034,0.30673639903188465,0.011165939022588802,0.11755660832965587,0.3768852734231566,3.333333333333333,7.777777777777778,14.530370370370369,3.0,3.0,3.0,0.0022654964644903868,0.05083471580600929,0.34303014613824456,321.1215328873385,345.10366875825,9.056675991331929,0.10173820577479604,0.17873791202680656,0.253674396247692,31.5724179749653,34.87412672784069,38.349171056780186,20.46416564218205,23.726359723483938,26.96194439662273,0.08627430560362029,0.1936835943730412,0.2969294803436602,0.22,0.6,0.88,0.24,0.59,0.9,332.8686697059877,354.87906494695085,17.656576681543584,0.13088138371309546,0.20941609653895107,0.28816923383199333
LEDA 126781,60.0,353,3.7074188878096816e-29,254.15926454182636,0.4306416313757263,254.15926454182636,264.0,89.0,2.935905140719922e-21,4.765872690558744,0.14172625127681307,0.12295017228378918,85.90084985835693,3.0,0.0,251.7594454579983,0.37732005303150923,147.36437897408447,57.6049925106649,0.43791609357643985,0.9855072463768116,0.9800099950024987,256.41299191338146,0.4739056372696664,1000.0,16-84%,353.0,353.0,353.0,3.0133329803513654e-34,1.6404220365863224e-29,3.605786622279889e-25,250.19736644845057,254.15375652827709,258.797442147036,0.39929862769889735,0.4333152280753516,0.4676045232124365,250.19736644845057,254.15375652827709,258.797442147036,256.0,266.0,274.0,79.0,87.0,97.0,2.5020443019217342e-26,3.2144588109864494e-22,1.1379732118119032e-17,0.32790731225311454,3.8646495483959846,6.401178965792454,0.11571734105177875,0.1591582595571957,0.21149289262894547,0.00455504695151033,0.0625114436634579,0.32228734485467603,73.23682719546743,87.1473087818697,106.01733711048159,3.0,3.0,3.0,0.0,0.0,8.881784197001252e-16,246.60913146922007,251.87826862524275,257.82828763601196,0.34171361986397825,0.38042241074411154,0.4203905763173256,141.69613626808663,148.68171970131033,154.93241344749688,50.44576487981411,56.506257161813025,62.33463568498508,0.3925874546180686,0.44759209121192267,0.5020460798110947,0.86,0.98,1.0,0.84,0.98,1.0,251.91485911908728,256.5408020822546,261.0354755717618,0.4386166888592799,0.47610382283413344,0.5123930574233541
LEDA 44809,60.0,134,1.105832899794279e-12,6.64825620631791,0.4532669332268402,6.64825620631791,96.0,38.0,5.72197877659695e-07,13.738825370661537,0.34923245614035087,0.0018174451606681845,29.46268656716418,3.0,1.7901496131011996e-06,11.393218736268068,0.39446805621202724,50.15865395925932,22.96350074923097,0.3719140022397438,0.895552223888056,0.8735632183908046,3.252840968690009,0.5161254858076963,1000.0,16-84%,134.0,134.0,134.0,6.527456716799763e-16,6.385504992596685e-13,3.474390905766886e-10,0.08030867521563323,6.520405445729011,13.172971519484577,0.4031634022649738,0.4577653759735171,0.5108196041569528,0.08030867521563323,6.520405445729011,13.172971519484577,92.0,97.0,102.0,32.0,37.0,42.0,1.0414040895832831e-09,2.1932825010029367e-07,1.8706159525938893e-05,1.357567741023324,13.059651798864017,17.777372881536543,0.267483978824185,0.35335941298021845,0.4519461697722567,1.905180160828249e-05,0.0018424322242351179,0.03792458001496827,22.71641791044776,31.402985074626866,41.64179104477612,3.0,3.0,3.0,4.779494022777442e-09,6.992329955601839e-07,4.6269343275673336e-05,2.3101491190282673,11.445615039135532,19.923927874459935,0.3386043089771736,0.4023357368542903,0.4605917585306444,47.433490375525885,51.09548357858446,54.83209226146002,18.49945956423286,21.872097838352442,25.279545458462255,0.3131900157924682,0.40164739421199935,0.48668769843135784,0.42,0.84,0.98,0.5,0.84,0.98,357.4303160516919,2.8315740940486194,9.057664293060327,0.45670656452537645,0.5204139913532115,0.5831884114877224
2MASX J13004737+2755196,60.0,2,,,,,,,,,,,,,,,,,,,,,,,,,,,,,,,,,,,,,,,,,,,,,,,,,,,,,,,,,,,,,,,,,,,,,,,,,,,,,,,,,,,,,,,,,,,,,
SDSS J130041.19+280242.4,60.0,98,0.7688176479413649,183.9537872993746,0.05179447870768148,183.9537872993746,52.0,46.0,0.6137344676301395,-1.8746241245912856,0.16555183946488294,0.4525049935498285,0.4489795918367347,3.0,0.9299485581867162,145.76109026685242,0.09798852849566916,34.92684987521906,26.129781324013187,0.14408047706563432,0.17691154422788605,0.004997501249375313,255.33273373485207,0.08521124274172294,1000.0,16-84%,98.0,98.0,98.0,0.0791902772657398,0.3604335034118683,0.7637685982799975,116.43502367686466,180.37831516793653,256.24386669729506,0.05243950981805142,0.10204279814447743,0.16086189290106417,116.43502367686466,180.37831516793653,256.24386669729506,51.0,56.0,61.0,37.0,42.0,47.0,0.019690184799846844,0.18884671980890222,0.7620362195292438,-5.479320376516364,0.2563484729631682,6.069866332880588,0.17416666666666666,0.236685289998833,0.3114478114478115,0.014897623709558378,0.11737522884803292,0.40019742697805966,1.0889795918367349,2.816326530612245,6.408163265306123,3.0,3.0,3.0,0.09335553642221284,0.420819326774472,0.7797386458993565,103.23609427240376,146.21457895381866,199.22918932477046,0.06980477451574943,0.1321386792264303,0.19573374470878663,32.44294045570018,35.81042077229581,39.35314262190321,22.02048533126778,25.16180130770077,28.420171947416037,0.07063894084790943,0.1737663306668455,0.2809371813997496,0.06,0.32,0.8,0.02,0.06,0.38,187.07320794375482,252.24448342600658,295.8659933028391,0.06632721849136922,0.12201980195329122,0.19232345433087464
LEDA 1821892,60.0,52,0.015084455328311184,120.6192881945758,0.28399927254319995,120.6192881945758,31.0,21.0,0.21160856876151612,6.995937432708686,0.21505376344086022,0.525406837770515,10.307692307692307,3.0,0.01612381845323929,115.75247434785143,0.2983529445184154,17.831116516127285,11.746715971787188,0.2057081277617685,0.19640179910044978,0.3968015992003998,137.89399546510884,0.1949520187832137,1000.0,16-84%,52.0,52.0,52.0,0.0002998103597689714,0.0073141560225578744,0.10204612871292479,99.74932929578404,119.41501848869962,139.11267001422243,0.20950208168054438,0.30753281658163123,0.3949778919235199,99.74932929578404,119.41501848869962,139.11267001422243,30.0,34.0,38.0,14.0,18.0,22.0,0.0011951203200073481,0.03648340000835981,0.3317497633694906,-1.3657837186392343,5.341597484644112,9.561701081477047,0.20999439775910364,0.28941450327467844,0.38125,0.05238488026214688,0.23720756965951506,0.6254637434045842,6.615384615384615,12.615384615384615,20.0,3.0,3.0,3.0,0.00016974243555278878,0.0055466812775686325,0.08522141825603458,95.4641621308948,114.59261320266228,134.8822144766458,0.21056163879585588,0.32672122875682075,0.42629261990126655,16.766360901385216,19.414382375734824,22.0295570167703,7.900516216057975,10.100351651700436,12.433948039705212,0.16049527890759052,0.32262332175872943,0.45629703409902056,0.08,0.34,0.78,0.08,0.32,0.72,95.00122509116585,134.8045123544332,172.287924020535,0.14193794672192295,0.24385921711713937,0.34360819240228535
2MASX J13004540+2750076,60.0,0,,,,,,,,,,,,,,,,,,,,,,,,,,,,,,,,,,,,,,,,,,,,,,,,,,,,,,,,,,,,,,,,,,,,,,,,,,,,,,,,,,,,,,,,,,,,,
2MASX J12595013+2755292,60.0,67,0.2707650009115073,201.23069435910205,0.13964261364775418,201.23069435910205,41.0,26.0,0.08643723427347082,1.4601862288623622,0.12664165103189493,0.9239819517988673,2.671641791044776,3.0,0.44506800603468355,211.2038972144711,0.14941330703772213,28.23560468510181,16.972602780798844,0.24913621962999408,0.2898550724637681,0.665167416291854,196.1566224997238,0.152629985156914,1000.0,16-84%,67.0,67.0,67.0,0.01971657071913174,0.15040598876855366,0.572003949423117,164.50906439300888,201.0463167226451,238.5891439254259,0.09130965709606512,0.1681513748975955,0.24207732890013064,164.50906439300888,201.0463167226451,238.5891439254259,37.0,41.0,45.0,22.0,26.0,30.0,0.006741447363103123,0.08643723427347082,0.46381761789686937,-5.571135501196772,1.4601862288623622,6.337981926032211,0.1928067837117382,0.26126126126126126,0.37022435020519834,0.017438207227207462,0.19028478907482793,0.529237670201036,1.8358208955223883,4.701492537313433,9.61611940298507,3.0,3.0,3.0,0.02213188169315693,0.19500649881794546,0.6071711030256861,175.56516324385666,211.4073238169692,248.8182425302557,0.10146186670903136,0.17623918034904412,0.25856295707829147,24.87143731262552,27.8547473415889,31.158963045810985,14.318941283424275,17.332131152029028,20.248171141730786,0.10257814790159558,0.2332539887956333,0.3643959611089566,0.14,0.48,0.86,0.22,0.6,0.88,159.90511096852606,194.52063275949467,238.03046556076765,0.10148586224328014,0.18499816864919566,0.27277685651558137
2MASX J13001027+2751502,60.0,0,,,,,,,,,,,,,,,,,,,,,,,,,,,,,,,,,,,,,,,,,,,,,,,,,,,,,,,,,,,,,,,,,,,,,,,,,,,,,,,,,,,,,,,,,,,,,
SDSS J130018.34+280333.4,60.0,90,0.004905500591463445,78.84438471819601,0.24306830621565675,78.84438471819601,59.0,31.0,0.0041651140158244435,-0.9999200467694465,0.14652815746309458,0.7054603385070628,8.666666666666668,3.0,0.03406727316561764,79.62078780996455,0.1767471625012513,33.451456780278086,21.333475997590114,0.22119185272749567,0.9880059970014993,0.9930034982508745,78.22789449345822,0.3462910059042249,1000.0,16-84%,90.0,90.0,90.0,5.2002307620581895e-05,0.0029270212176496493,0.05251443801906048,60.191867544172396,78.81540821560372,93.9369057420364,0.18094412417081987,0.25459718406399534,0.3310635652180849,60.191867544172396,78.81540821560372,93.9369057420364,54.0,59.0,64.0,26.0,31.0,36.0,7.657072931048342e-05,0.0041651140158244435,0.07254953219246177,-6.853605808258791,-1.155536139657464,2.936216789870599,0.16267942583732056,0.21078530114241317,0.2777777777777778,0.0752711504420274,0.28873980844395175,0.6095914636789886,5.911111111111111,10.8,17.200000000000003,3.0,3.0,3.0,0.0006428602522539073,0.01285800115629765,0.1160158646088354,50.94208210035663,78.72238515194545,100.6160112316411,0.1145584115860648,0.19338777044579028,0.2748599688951872,30.464447929012554,33.86892159574187,37.11894085567539,17.862692320646868,21.01300013968073,24.27744691577098,0.11535853967558676,0.23328455688474461,0.34113137344100064,0.74,0.96,1.0,0.8,0.98,1.0,64.49275678832305,78.1453592310175,91.42953058756439,0.2797069832017108,0.3546335779123182,0.43110484609727373
Coma cluster,60.0,2244,2.633715174153641e-75,81.07454106596549,0.2766342515679508,81.07454106596549,1507.0,737.0,1.9449964760802874e-60,1.582345096399898,0.04695500599193812,0.2164690622409823,252.41711229946526,3.0,0.0,84.54878918213535,0.17779346396767226,627.0123335330848,394.548825527071,0.2275571128995174,1.0,1.0,80.30191586879243,0.31216049791697487,1000.0,16-84%,2244.0,2244.0,2244.0,8.314430281868024e-83,2.39587357858591e-75,9.787904317906889e-68,78.18402842555088,81.16210787079217,84.07073047464291,0.2622194075511083,0.27671050768604216,0.29021211446242123,78.18402842555088,81.16210787079217,84.07073047464291,1486.0,1507.0,1529.0,715.0,737.0,758.0,1.686539751520075e-67,1.9449964760802874e-60,4.3149188532507505e-54,0.6015614561131872,1.5199767151789843,2.4928058717105848,0.04197380791516006,0.0569299679233934,0.07678618921415195,0.00565906516017648,0.07556127471001653,0.3383802455278439,223.9814616755793,254.68270944741533,285.6195365418895,3.0,3.0,3.0,0.0,0.0,0.0,79.21281234399902,84.49564234499996,89.95268523715663,0.16160004654550608,0.17902268748392824,0.19658324489577145,610.1769498394387,625.7648952675419,640.2494898159755,382.9506180307667,396.8255119726166,411.6610098557697,0.1992745432392492,0.22322142812476126,0.2488836764359738,1.0,1.0,1.0,1.0,1.0,1.0,77.25554289226812,80.59897712878308,83.54642474895184,0.2959375949141777,0.31129902429972756,0.32762371452773126
