name,N_inner,N_annulus,A_ap_geom,A_ann_geom,A_ap_eff,A_ann_eff,A_ap_eff_over_geom,A_ann_eff_over_geom,f_cov_ap_geom,f_cov_ann_geom,cov_ap_depthw,cov_ann_depthw,coverage_ok_ap,coverage_ok_ann,coverage_ok_both,good_ap_area,good_ann_area,N_inner_color,N_annulus_color,median_color,N_inner_Pblue,N_annulus_Pblue,matched_color_Pblue_samples,Pblue_mean_inner,Pblue_mean_annulus,median_color_inner,median_color_annulus,mean_color_inner,mean_color_annulus,Pblue_mean_IE_contrast,mean_color_IE_contrast,median_color_IE_contrast,alpha_eff,alpha_geom,sum_Pblue_inner,sum_Pblue_annulus,Pblue_std_inner,Pblue_std_annulus,color_std_inner,color_std_annulus,Pblue_inner_meets_min,Pblue_annulus_nonzero,min_gc_for_Pblue,Pblue_mean,Pblue_mean_err,fb,fb_err,mu_blue,mu_blue_err,mu_red,mu_red_err,ra,dec,otype,z,Vmag_simbad_raw,Bmag_simbad_raw,BV_simbad_raw,gmag_simbad_raw,rmag_simbad_raw,imag_simbad_raw,zmag_simbad_raw,gr_simbad_raw,gi_simbad_raw,major_axis_arcsec,galdim_minaxis,galdim_angle,dim_source,galdim_qual,galdim_bibcode,dim_ref,MV_simbad_raw,show_label,Re_arcsec,otype_family,morph_type,major_kpc,is_large_E,sdss_objid,Re_r_arcsec,Re_r_arcsec_circ,g_cmodel_sdss,r_cmodel_sdss,i_cmodel_sdss,gerr_cmodel_sdss,rerr_cmodel_sdss,ierr_cmodel_sdss,Ag_sdss,Ar_sdss,Ai_sdss,g0_cmodel_sdss,r0_cmodel_sdss,i0_cmodel_sdss,sdss_phot_ok,gr0_sdss,gi0_sdss,g_model_sdss,r_model_sdss,i_model_sdss,gerr_model_sdss,rerr_model_sdss,ierr_model_sdss,g0_model_sdss,r0_model_sdss,i0_model_sdss,Vmag_sdss,Vmag_sdss_err,V_source,mV_app,mV_src,mV_app_col,gi_primary,gr_primary,color_src,MV_abs,Re_simbad_proxy_arcsec,Re_best_arcsec,Re_best_src,Re_best_is_proxy,Re_GCS_scale,Re_GCS_arcsec,n_gcs_prior,n_gcs_red_prior,n_gcs_blue_prior,gal_color,gal_color_src,minor_axis_arcsec,q_axis,pa_deg,R_NGC 4874_arcmin,R_NGC 4889_arcmin,R_nearBCG_arcmin,nearer_BCG,R_bcg_mid_arcmin,tidal_proxy,R_xray_peak_arcmin,R_sz_peak_arcmin,R_geom_arcmin,R_cluster_arcmin,median_color_inner_exp,Delta_median_color_inner,median_color_annulus_exp,Delta_median_color_annulus,median_color_IE_contrast_exp,Delta_median_color_IE_contrast,mean_color_inner_exp,Delta_mean_color_inner,mean_color_annulus_exp,Delta_mean_color_annulus,mean_color_IE_contrast_exp,Delta_mean_color_IE_contrast,Pblue_mean_inner_exp,Delta_Pblue_mean_inner,Pblue_mean_annulus_exp,Delta_Pblue_mean_annulus,Pblue_mean_IE_contrast_exp,Delta_Pblue_mean_IE_contrast,gc_voronoi_density_arcsec2_inv
LEDA 126771,996,2718,7105.498434652183,28421.993738608737,14504.062985445711,52281.353607793535,2.041244976525801,1.839468198065711,1.0,0.9996,2.041244976525801,1.839468198065711,True,True,True,True,True,985,2612,1.507477001,985,2612,True,0.49273873672741214,0.4560634926934097,1.507477001,1.560318313,1.5211868499167511,1.584645055952144,0.03667524403400246,-0.06345820603539298,-0.052841311999999974,0.27742324910431554,0.24999999999999997,485.34765567650095,1191.237842915186,0.2841352129001552,0.29201399089933167,0.3549465401443096,0.35744603511212225,True,True,10,0.493594986299896,0.00912454939085086,0.493594986299896,0.00912454939085086,,,,,195.015438,27.964525,GiC,0.01778,17.26,18.49,1.2299995,17.207,16.401,16.026,15.919,0.80600166,1.1810017,7.15,,,NED,,,2007SDSS6.C...0000:,-17.74,False,0.89375,Members of systems,,2668.9116594673533,False,1.237667444048724e+18,9.422453,7.926310613697409,17.79433,16.6457,16.29974,0.0094071,0.006945321,0.008212235,0.03074882,0.02127189,0.0158073,17.76358118,16.62442811,16.2839327,True,1.139153069999999,1.479648479999998,17.20481,16.39346,16.02829,0.009123255,0.006616065,0.007813034,17.17406118,16.37218811,16.0124827,17.081480868699998,0.005627364442639,"SDSS(cModelMag g,r)",17.081480868699998,SDSS,Vmag_sdss,1.479648479999998,1.139153069999999,SDSS(cModel extcorr),-17.918519131300002,0.89375,7.926310613697409,SDSS,False,3.2,25.36419396383171,,,,1.479648479999998,g-i,,1.0,0.0,6.189979712058423,1.2259049075518114,1.2259049075518114,NGC 4889,2.6149297151740294,948659310.2687523,4.695446512465112,4.140232257504728,5.284277745147377,4.695446512465112,1.506731496225449,0.0007455047745510424,1.4533516731394946,0.10696663986050536,0.05150199452233134,-0.10434330652233131,1.5071856789517564,0.014001170964994758,1.4799371770681133,0.10470787888403077,0.03221913390104569,-0.09567733993643868,0.5721387791445911,-0.07940004241717896,0.5882778633702627,-0.132214370676853,-0.020136482532426503,0.056811726566428966,0.18529707122288905
SDSS J130033.33+275849.3,9,20,937.5218308173672,3750.0873232694685,937.5218308173672,3750.0873232694685,1.0,1.0,1.0,1.0,1.0,1.0,True,True,True,True,True,9,19,1.360935226,9,19,True,0.6532995013680533,0.6413793308117576,1.360935226,1.398625601,1.4467399074444445,1.4704852778421054,0.011920170556295684,-0.023745370397660892,-0.03769037499999994,0.25000000000000006,0.25000000000000006,5.879695512312479,12.186207285423395,0.21874207758134745,0.24878629048874346,0.22363810058491634,0.38155057977720763,False,True,10,,,,,,,,,195.138894,27.980364,AG?,0.0172,17.93,19.883,1.9529991,19.081,18.425,18.046,17.767,0.65600014,1.0349998,5.6,,,NED,,,2007SDSS6.C...0000:,-17.07,False,0.7,Other,,2023.575699311731,False,1.2376673243346378e+18,2.985155,2.87915143393122,18.883,18.21784,17.98378,0.01951113,0.01799711,0.0203615,0.0350279,0.02423214,0.01800708,18.8479721,18.19360786,17.96577292,True,0.6543642399999996,0.8821991800000006,19.07247,18.41958,18.04261,0.01881794,0.01724832,0.01971573,19.0374421,18.39534786,18.02460292,18.4518971984,0.0132944048221074,"SDSS(cModelMag g,r)",18.4518971984,SDSS,Vmag_sdss,0.8821991800000006,0.6543642399999996,SDSS(cModel extcorr),-16.548102801600002,0.7,2.87915143393122,SDSS,False,3.2,9.213284588579905,,,,0.8821991800000006,g-i,,1.0,0.0,12.78648642089626,5.575562057885486,5.575562057885486,NGC 4889,9.176988092179405,10558192.339535872,11.238010979748395,10.585858629837155,11.548665794849926,11.238010979748395,1.4822116900288616,-0.1212764640288615,1.4457863035575107,-0.0471607025575107,0.03769189646571783,-0.07538227146571777,1.4745455941633598,-0.027805686718915368,1.4772855640048181,-0.006800286162712776,0.010786491562286282,-0.034531861959947174,0.6053220208377682,0.047977480530285055,0.5898409893925471,0.05153834141921043,0.005171016180829213,0.006749154375466471,0.005756241246724886
2MASX J12592536+2756038,59,81,543.9338566177796,2175.735426471118,543.9338566177796,2175.735426471118,1.0,1.0,1.0,1.0,1.0,1.0,True,True,True,True,True,55,77,1.555319161,55,77,True,0.5831631479345774,0.530975870511644,1.555319161,1.535775784,1.5171374055818183,1.555485150779221,0.05218727742293339,-0.03834774519740258,0.019543376999999973,0.25000000000000006,0.25000000000000006,32.073973136401754,40.88514202939658,0.20150530628448313,0.24663735568577866,0.23960702737800924,0.27488874806023994,True,True,10,0.5839212827763589,0.02537656593594937,0.5839212827763589,0.02537656593594937,,,,,194.85557934601,27.93449232493,GiC,0.02531,17.02,18.094,1.0739994,17.578,16.871,16.55,16.316,0.7069988,1.0279999,8.579999923706055,0.143,90.0,SIMBAD,C,2006AJ....131.1163S,,-17.98,False,1.0724999904632568,Members of systems,E/S0,4517.585880691035,False,1.2376674440486584e+18,2.307695,2.193041545887024,17.54884,16.90173,16.5925,0.006365186,0.005119016,0.005765975,0.03608074,0.02496049,0.01854832,17.51275926,16.87676951,16.57395168,True,0.6359897500000002,0.9388075799999988,17.57126,16.86209,16.54906,0.006325855,0.005087877,0.005734589,17.53517926,16.837129509999997,16.53051168,17.127525307499997,0.0039915406321228,"SDSS(cModelMag g,r)",17.127525307499997,SDSS,Vmag_sdss,0.9388075799999988,0.6359897500000002,SDSS(cModel extcorr),-17.872474692500003,1.0724999904632568,2.193041545887024,SDSS,False,3.0,6.579124637661071,,,,0.9388075799999988,g-i,8.58,1.0,90.0,2.7297440817429175,9.780915934680483,2.7297440817429175,NGC 4874,6.203938961804454,55677532.40481717,4.366033477022266,4.8557645708570965,4.412367571661328,4.366033477022266,1.505907658468018,0.0494115025319819,1.4530974852776255,0.08267829872237442,0.051037990846215686,-0.03149461384621571,1.506089009017303,0.011048396564515395,1.4798480858680392,0.07563706491118172,0.03149902135779736,-0.06984676655519995,0.5732536985367597,0.009909449397817682,0.5883303826367876,-0.05735451212514364,-0.019286179197279707,0.0714734566202131,0.03847207020359714
GMP 2550,0,0,0.04293430012572778,0.1717372005029111,0.04293430012572778,0.1717372005029111,1.0,1.0,1.0,1.0,1.0,1.0,True,True,True,True,True,0,0,,0,0,True,,,,,,,,,,0.25,0.25,,,,,,,False,False,10,,,,,,,,,195.16241666666667,28.00980555555556,G,0.0197870221271543,18.45,19.149,0.6989994,18.84,,,17.14,,,5.64,,,NED,,,2007SDSS6.C...0000:,-16.55,False,0.705,Regular galaxies,Sa,2337.200564489691,False,1.2376673243347026e+18,0.03022349,0.0194839051715349,25.11438,24.80202,24.3618,0.9671926,0.9461214,1.06993,0.03529272,0.02441534,0.01814322,25.07908728,24.77760466,24.34365678,True,0.3014826200000016,0.7354304999999997,25.11438,24.80202,24.3618,0.7037622,0.7457531,0.7792174,25.07908728,24.77760466,24.34365678,24.8912125342,0.6847271732867282,"SDSS(cModelMag g,r)",24.8912125342,SDSS,Vmag_sdss,0.7354304999999997,0.3014826200000016,SDSS(cModel extcorr),-10.108787465800004,0.705,0.0194839051715349,SDSS,False,3.0,0.0584517155146048,,,,0.7354304999999997,g-i,,1.0,0.0,14.293750168346756,7.095479904962103,7.095479904962103,NGC 4889,10.68914735252012,5243609.097782694,12.687443740561982,12.348553607574654,13.39181096772086,12.687443740561982,,,,,,,,,,,,,,,,,,,
SDSS J125942.36+280158.5,3,8,86.83772465062565,347.3508986025024,86.83772465062565,347.3508986025024,1.0,1.0,1.0,1.0,1.0,1.0,True,True,True,True,True,3,8,1.542382231,3,8,True,0.649376263037515,0.7399949329761768,1.542382231,1.3233241355,1.5045554173333333,1.3200121075000002,-0.09061866993866186,0.1845433098333331,0.21905809549999988,0.2500000000000001,0.2500000000000001,1.9481287891125447,5.919959463809414,0.109796177883767,0.07374468646114524,0.12431365268120097,0.17372417190070497,False,True,10,,,,,,,,,194.92654,28.03292,G,0.0263,18.76,,,,,,,,,7.01,,,NED,,,2007SDSS6.C...0000:,-16.24,False,0.87625,Regular galaxies,,3830.719656152631,False,,,,,,,,,,,,,,,,False,,,,,,,,,,,,,,,18.76000022888184,SIMBAD,,,,,-16.239999771118164,0.87625,0.87625,SIMBAD_proxy(maj/8),True,3.2,2.8040000000000003,,,,,,,1.0,0.0,4.658388816802186,6.5950896621409445,4.658388816802186,NGC 4874,4.420100998732925,16892294.263873734,3.739317684323733,6.205568933008458,7.239094258789691,3.739317684323733,1.4766990392874262,0.06568319171257375,1.4440854238726966,-0.12076128837269651,0.03458704944202143,0.18447104605797846,1.467207306651352,0.037348110681981295,1.4766894166861084,-0.15667730918610823,0.005967910586057945,0.17857539924727517,0.6127824232755568,0.03659383976195818,0.5901924182642363,0.1498025147119405,0.01086075942051773,-0.10147942935917958,0.022387615865510524
[EDG2007] 265,0,0,,,,,,,,,,,False,False,False,False,False,0,0,,0,0,True,,,,,,,,,,,,,,,,,,False,False,10,,,,,,,,,194.9585970391,27.926986743809994,G,0.0324991497951559,18.7,19.808,1.1079998,,,,16.79,,,,,,,,,,-16.3,False,,Regular galaxies,S0,,False,,,,,,,,,,,,,,,,False,,,,,,,,,,,,,,,18.700000762939453,SIMBAD,,,,,-16.299999237060547,,,,False,3.0,,,,,1.1079998016357422,B-V,,1.0,0.0,3.714364178304284,4.987373806968976,3.714364178304284,NGC 4874,2.502206745942982,35382194.38556053,3.1039547875919764,0.6575491425886265,1.5233465223901925,3.1039547875919764,,,,,,,,,,,,,,,,,,,
SDSS J125926.45+275124.7,7,1,293.7341386009883,1174.936554403953,293.7341386009883,1174.936554403953,1.0,1.0,1.0,1.0,1.0,1.0,True,True,True,True,True,7,1,1.535569439,7,1,True,0.6453754765802187,0.7850895533806558,1.535569439,1.356876971,1.5233003150000002,1.356876971,-0.13971407680043713,0.16642334400000025,0.17869246800000016,0.25,0.25,4.517628336061531,0.7850895533806558,0.09395142682294472,,0.1394301033975799,,False,True,10,,,,,,,,,194.860237,27.856882,AG?,0.0166,17.72,19.12,1.4000015,18.222,17.548,17.219,17.109,0.6739998,1.0030003,5.7,,,NED,,,2007SDSS6.C...0000:,-17.28,False,0.7125,Other,,1989.313383896663,False,1.2376674440486587e+18,1.636773,1.6115768694940298,18.40277,17.78439,17.48174,0.01155121,0.009478468,0.01134825,0.03713348,0.02568877,0.01908951,18.36563652,17.75870123,17.462650489999998,True,0.6069352899999991,0.902986030000001,18.21467,17.54108,17.2171,0.01133046,0.009241914,0.01105062,18.17753652,17.515391230000002,17.198010489999998,17.997544698899997,0.0073282627513608,"SDSS(cModelMag g,r)",17.997544698899997,SDSS,Vmag_sdss,0.902986030000001,0.6069352899999991,SDSS(cModel extcorr),-17.002455301100003,0.7125,1.6115768694940298,SDSS,False,3.2,5.157045982380896,,,,0.902986030000001,g-i,,1.0,0.0,6.473196152724098,11.686638514517263,6.473196152724098,NGC 4874,8.726999228596645,5125597.822852792,7.689057200125938,6.40682711892343,5.182358592542751,7.689057200125938,1.49034107012397,0.04522836887602999,1.4482945519669326,-0.09141758096693264,0.042270543431881774,0.13642192456811839,1.4853671990918027,0.03793311590819748,1.478164688834919,-0.12128771783491898,0.017892342832780572,0.14853100116721968,0.5943203358183637,0.05105514076185491,0.5893227452649294,0.19576680811572633,-0.00321951817523608,-0.13649455862520105,0.003731760168405229
[EDG2007] 205,0,0,8.946175954949059,35.784703819796235,0.0,0.0,0.0,0.0,0.0,0.0,0.0,0.0,False,False,False,False,False,0,0,,0,0,True,,,,,,,,,,,0.25,,,,,,,False,False,10,,,,,,,,,194.95266666666663,28.06555555555555,G,0.0248738745789262,16.402,16.86,0.45800018,,,,15.43,,,2.25,,,NED,,,2007SDSS6.C...0000:,-18.598,False,0.28125,Regular galaxies,S0,1164.8829837900923,False,,,,,,,,,,,,,,,,False,,,,,,,,,,,,,,,16.402000427246094,SIMBAD,,,,,-18.597999572753903,0.28125,0.28125,SIMBAD_proxy(maj/8),True,3.0,0.84375,,,,0.4580001831054687,B-V,,1.0,0.0,6.987802776110886,6.83039169356473,6.83039169356473,NGC 4889,5.889335488482466,8666233.075343845,5.8560654656329945,8.072721870488818,9.230912364552152,5.8560654656329945,,,,,,,,,,,,,,,,,,,
SDSS J125928.50+280109.3,8,14,253.41298051652055,1013.6519220660823,253.41298051652055,1013.6519220660823,1.0,1.0,1.0,1.0,1.0,1.0,True,True,True,True,True,8,14,1.6217468935000001,8,14,True,0.4416006101223321,0.6827758133610409,1.6217468935000001,1.4003391265,1.6631616606250001,1.3861169930714288,-0.24117520323870878,0.2770446675535714,0.2214077670000001,0.24999999999999997,0.24999999999999997,3.5328048809786567,9.558861387054572,0.3368698138411721,0.13887369244821018,0.38095840621171545,0.23425854941615876,False,True,10,,,,,,,,,194.868763,28.01926,AG?,0.02,18.07,19.32,1.25,18.957,18.273,17.981,17.7,0.684,0.97599983,,,,,,,,-16.93,False,,Other,dE...,,False,1.2376673243345715e+18,1.546279,1.4968843288803138,19.44061,18.70204,18.3377,0.01648695,0.01424145,0.01676991,0.02756381,0.01906852,0.01416995,19.41304619,18.68297148,18.32353005,True,0.7300747100000002,1.089516139999997,19.37617,18.70203,18.37457,0.01651298,0.01424145,0.0165647,19.34860619,18.68296148,18.36040005,18.9723021111,0.0107839751387107,"SDSS(cModelMag g,r)",18.9723021111,SDSS,Vmag_sdss,1.089516139999997,0.7300747100000002,SDSS(cModel extcorr),-16.027697888900004,,1.4968843288803138,SDSS,False,3.2,4.790029852417004,,,,1.089516139999997,g-i,,1.0,0.0,3.9364758003449736,9.099940169738574,3.9364758003449736,NGC 4874,6.007658358463847,20254446.138373286,4.251613668608372,6.723889558154812,7.304298487099928,4.251613668608372,1.4729004848668876,0.1488464086331125,1.442913413464529,-0.04257428696452892,0.03244761943998822,0.18896014756001187,1.4621507765399122,0.20101088408508794,1.4762786346251744,-0.09016164155374562,0.002647612797120058,0.2743970547564513,0.6179230980594772,-0.1763224879371451,0.5904345743079751,0.0923412390530658,0.014781341432433814,-0.2559565446711426,0.013558876877092237
LEDA 1821898,14,35,187.7649764592416,751.0599058369664,187.7649764592416,751.0599058369664,1.0,1.0,1.0,1.0,1.0,1.0,True,True,True,True,True,10,34,1.6965626645,10,34,True,0.48171303538932736,0.612473432901826,1.6965626645,1.4360413075,1.6713089168,1.4795069170294117,-0.13076039751249863,0.1918019997705882,0.260521357,0.25,0.25,4.8171303538932735,20.824096718662084,0.18224753499630691,0.19956418838671044,0.11349122634833991,0.25462234804975603,True,True,10,0.484661883885631,0.05069129764999362,0.484661883885631,0.05069129764999362,,,,,194.89658333333333,27.934722222222224,GiC,0.013986,18.055,18.894,0.8389988,19.052,18.382,18.634,17.93,0.6700001,0.41799927,18.0,0.22,140.0,SIMBAD,E,2003A&A...412...45P,,-16.945,False,2.25,Members of systems,dE,5309.701121044464,False,1.2376674440486584e+18,1.644091,1.504632345685636,19.03822,18.33431,18.69287,0.02135029,0.01277457,0.03714409,0.03265684,0.02259186,0.01678817,19.00556316,18.31171814,18.67608183,True,0.6938450199999977,0.3294813300000001,19.04652,18.37262,18.63309,0.01436916,0.01167669,0.0226659,19.01386316,18.350028140000003,18.61630183,18.586194598199995,0.0115512837846124,"SDSS(cModelMag g,r)",18.586194598199995,SDSS,Vmag_sdss,0.3294813300000001,0.6938450199999977,SDSS(cModel extcorr),-16.413805401800005,2.25,1.504632345685636,SDSS,False,3.2,4.814823506194036,,,,0.3294813300000001,g-i,13.2,0.7333333333333333,140.0,1.4762016110232756,7.699363667759468,1.4762016110232756,NGC 4874,4.202187406603415,344110770.7383304,2.6925663184285145,2.686683262469344,2.4342679199519517,2.6925663184285145,1.479808809864319,0.2167538546356811,1.4450449161109609,-0.009003608610960834,0.03633854112413912,0.2241828158758609,1.4713469468462392,0.1999619699537607,1.4770257125042494,0.002481204525162317,0.008686145795413547,0.18311585397517466,0.6085738961837838,-0.1268608607944564,0.5899941718640362,0.022479261037789744,0.0076510882574484795,-0.1384114857699471,0.05406879529484777
GMP 2710,0,0,456.17953937858636,1824.718157514345,0.0,0.0,0.0,0.0,0.0,0.0,0.0,0.0,False,False,False,False,False,0,0,,0,0,True,,,,,,,,,,,0.25000000000000006,,,,,,,False,False,10,,,,,,,,,195.09645,27.87357,LSB,0.024180061260914,18.77,,,,,,,,,180.0,2.55,90.0,SIMBAD,D,2021ApJ...923..257K,,-16.23,False,22.5,LSB/BCD/Dwarf,,90667.41915678944,False,1.2376674440487247e+18,2.350547,2.178373030670072,20.02861,19.40042,19.08525,0.04244016,0.0454784,0.06293637,0.03027344,0.02094303,0.01556291,19.99833656,19.37947697,19.06968709,True,0.6188595900000031,0.9286494700000034,20.03835,19.40046,19.12771,0.04110111,0.03730221,0.05305912,20.008076560000003,19.37951697,19.11214709,19.6232094019,0.0319804028296442,"SDSS(cModelMag g,r)",19.6232094019,SDSS,Vmag_sdss,0.9286494700000034,0.6188595900000031,SDSS(cModel extcorr),-15.3767905981,22.5,2.178373030670072,SDSS,False,3.2,6.970793698144231,,,,0.9286494700000034,g-i,153.0,0.85,90.0,11.672533159808324,7.041562931608006,7.041562931608006,NGC 4889,8.93482197971644,5669796.369039666,10.700455674655702,8.638835140410078,8.874499731200157,10.700455674655702,,,,,,,,,,,,,,,,,,,
SDSS J130036.67+275427.4,4,4,566.7602358295749,2267.0409433183,566.7602358295749,2267.0409433183,1.0,1.0,1.0,1.0,1.0,1.0,True,True,True,True,True,4,3,1.5069088110000002,4,3,True,0.6560044405511894,0.7291814606717288,1.5069088110000002,1.306295319,1.4781604435,1.3924641156666668,-0.0731770201205394,0.08569632783333314,0.20061349200000023,0.24999999999999994,0.24999999999999994,2.624017762204758,2.1875443820151865,0.15219591529854568,0.08550356420905907,0.1988537014483837,0.15105546493900116,False,True,10,,,,,,,,,195.152805,27.907624,AG?,0.0207,17.87,19.705,1.8349991,19.18,18.48,18.16,18.02,0.70000076,1.0200005,,,,,,,,-17.13,False,,Other,,,False,1.2376674440487242e+18,2.476099,2.238584536415381,18.94413,18.24794,17.93828,0.02049401,0.01608855,0.0209796,0.03127096,0.02163311,0.01607572,18.91285904,18.22630689,17.92220428,True,0.6865521500000007,0.9906547600000016,19.16911,18.46992,18.15826,0.01984765,0.01553743,0.0203259,19.13783904,18.44828689,18.14218428,18.4977932715,0.0126769654492005,"SDSS(cModelMag g,r)",18.4977932715,SDSS,Vmag_sdss,0.9906547600000016,0.6865521500000007,SDSS(cModel extcorr),-16.502206728500003,,2.238584536415381,SDSS,False,3.2,7.16347051652922,,,,0.9906547600000016,g-i,,1.0,0.0,13.816932530736219,7.5611217572675535,7.5611217572675535,NGC 4889,10.533593624750129,4438521.947148785,12.546399111194983,10.996333713749687,11.55194400556421,12.546399111194983,1.481390506864879,0.02551830413512124,1.445532934746998,-0.1392376157469981,0.03722938791544153,0.1633841040845587,1.4734524579499535,0.0047079855500464785,1.4771967598769422,-0.08473264421027538,0.010068699386151625,0.07562762844718152,0.606433347704968,0.04957109284622141,0.5898933394299982,0.13928812124173062,0.006018579644390731,-0.07919559976493012,0.0033134853345534454
LEDA 44609,0,0,54.242554881431104,216.9702195257244,0.0,0.0,0.0,0.0,0.0,0.0,0.0,0.0,False,False,False,False,False,0,0,,0,0,True,,,,,,,,,,,0.25000000000000006,,,,,,,False,False,10,,,,,,,,,194.8685896631961,28.0853875547228,EmG,0.01241,15.56,17.074,1.513999,16.4245,17.182,16.978,15.2565,-0.7574997,-0.5535011,22.258378982543945,0.320484,102.0,SIMBAD,B,2023ApJS..269....3M,,-19.439999,False,2.782297372817993,Regular galaxies,,5837.20361486106,False,1.2376673243345715e+18,0.8051003,0.7450953391098465,17.9676,17.18176,17.03503,0.006155745,0.004922047,0.00561561,0.03216669,0.02225277,0.01653619,17.93543331,17.15950723,17.01849381,True,0.7759260800000014,0.9169395000000016,17.90654,17.18175,16.97764,0.006204564,0.004922047,0.005642612,17.87437331,17.15949723,16.96110381,17.467636922799997,0.0038474806339206,"SDSS(cModelMag g,r)",17.467636922799997,SDSS,Vmag_sdss,0.9169395000000016,0.7759260800000014,SDSS(cModel extcorr),-17.532363077200003,2.782297372817993,0.7450953391098465,SDSS,False,3.2,2.384305085151509,,,,0.9169395000000016,g-i,19.229039999999998,0.863901185934533,102.0,7.735536095618524,10.89833112363583,7.735536095618524,NGC 4874,8.732325466574386,3708627.5204755715,7.552308173449165,10.148560091293891,10.953648526823315,7.552308173449165,,,,,,,,,,,,,,,,,,,
LEDA 1822726,16,39,317.49987466667034,1269.999498666681,317.49987466667034,1269.999498666681,1.0,1.0,1.0,1.0,1.0,1.0,True,True,True,True,True,15,39,1.45117552,15,39,True,0.5733927661957658,0.49350762490728056,1.45117552,1.616237676,1.4562572534,1.6101686406410256,0.07988514128848528,-0.1539113872410256,-0.16506215599999985,0.2500000000000001,0.2500000000000001,8.600891492936487,19.24679737138394,0.283011495132168,0.27800204730961364,0.3091910689666153,0.31974449288877566,True,True,10,0.5780424962148294,0.06841319171125444,0.5780424962148294,0.06841319171125444,,,,,194.8320833333333,27.96833333333333,GiC,0.0257,17.7,18.995,1.2950001,,,,16.74,,,15.0,0.15,132.0,SIMBAD,E,2003A&A...412...45P,,-17.3,False,1.875,Members of systems,E,8015.789974468368,False,1.2376674440485934e+18,2.898254,2.163066977359321,18.12296,17.42215,17.06719,0.0110812,0.008891906,0.01078947,0.03495746,0.02418341,0.01797086,18.08800254,17.39796659,17.04921914,True,0.6900359499999986,1.0387833999999962,17.85776,17.16272,16.83729,0.01077501,0.008615483,0.01038941,17.822802539999998,17.13853659,16.81931914,17.670881329499995,0.0069400557722083,"SDSS(cModelMag g,r)",17.670881329499995,SDSS,Vmag_sdss,1.0387833999999962,0.6900359499999986,SDSS(cModel extcorr),-17.329118670500005,1.875,2.163066977359321,SDSS,False,3.2,6.9218143275498285,,,,1.0387833999999962,g-i,9.0,0.6,132.0,3.576827064912382,10.69842772302969,3.576827064912382,NGC 4874,7.110535658130785,25342835.633193992,5.036946055865869,6.492513096829805,6.401706381937094,5.036946055865869,1.4961858067456988,-0.045010286745698735,1.4500978938163018,0.16613978218369807,0.045562428580320835,-0.21062458458032068,1.4931475501014944,-0.03689029670149435,1.4787967484790059,0.13137189216201972,0.02300119844825399,-0.1769125856892796,0.5864105135955938,-0.013017747399827972,0.5889501460757851,-0.09544252116850455,-0.009252015469374486,0.08913715675785977,0.026693803419787644
SDSS J130027.87+275916.2,4,4,298.19495261476175,1192.7798104590472,298.19495261476175,1192.7798104590472,1.0,1.0,1.0,1.0,1.0,1.0,True,True,True,True,True,4,3,1.271546511,4,3,True,0.7892135676319212,0.5558676866061988,1.271546511,1.594520772,1.25924867375,1.6163596706666665,0.2333458810257224,-0.3571109969166666,-0.32297426100000015,0.24999999999999994,0.24999999999999994,3.1568542705276847,1.6676030598185962,0.016006629243231103,0.2175235206875025,0.08572590721257294,0.14082864681196636,False,True,10,,,,,,,,,195.116153,27.98785,G,0.032,18.9,,,20.14,19.566,19.185,19.19,0.5739994,0.9549999,,,,,,,,-16.1,False,,Regular galaxies,,,False,1.2376673243346378e+18,1.865894,1.6237679211857292,19.9411,19.4771,18.96818,0.03339727,0.03077869,0.03457493,0.03492086,0.02415809,0.01795205,19.90617914,19.45294191,18.95022795,True,0.4532372299999991,0.9559511900000004,20.13209,19.56009,19.18021,0.03140876,0.03020178,0.03390007,20.09716914,19.53593191,19.16225795,19.6287691743,0.0227433457183556,"SDSS(cModelMag g,r)",19.6287691743,SDSS,Vmag_sdss,0.9559511900000004,0.4532372299999991,SDSS(cModel extcorr),-15.371230825700003,,1.6237679211857292,SDSS,False,3.2,5.1960573477943335,,,,0.9559511900000004,g-i,,1.0,0.0,11.645222236367355,4.414862824956863,4.414862824956863,NGC 4889,8.029897136732751,20905302.481369592,10.070689135422155,9.584486399185085,10.612507882737976,10.070689135422155,1.4611548242123402,-0.18960831321234028,1.4392893936364854,0.15523137836351464,0.025832203148419552,-0.3488064641484197,1.4465152793999092,-0.18726660564990927,1.4750084391359064,0.14135123153076012,-0.007619211574289325,-0.34949178534237724,0.6338187822757799,0.15539478535614126,0.591183354607087,-0.035315668000888256,0.0269043284380438,0.2064415525876786,0.004082720536751797
SDSS J130044.10+280215.4,9,42,1275.2294012057014,5100.917604822804,1275.2294012057014,5100.917604822804,1.0,1.0,1.0,1.0,1.0,1.0,True,True,True,True,True,9,40,1.222088198,9,40,True,0.7166808036829889,0.660885477157158,1.222088198,1.329934701,1.3062246281111112,1.3252110992500001,0.05579532652583097,-0.01898647113888896,-0.10784650299999998,0.2500000000000001,0.2500000000000001,6.4501272331469,26.435419086286316,0.1917463328837645,0.21844243557709225,0.23658293731836064,0.2889011824963868,False,True,10,,,,,,,,,195.183767,28.037623,G,0.0296505124221637,18.74,,,19.762,19.025,18.76,18.55,0.7369995,1.0019989,5.04,,,NED,,,2007SDSS6.C...0000:,-16.26,False,0.63,Regular galaxies,dE,3092.5072515577917,False,1.237667324334703e+18,3.67666,3.3579016494928724,19.80252,19.01752,18.73545,0.0376345,0.03206315,0.04505836,0.03542991,0.02451025,0.01821374,19.76709009,18.99300975,18.71723626,True,0.7740803399999976,1.04985383,19.75126,19.01752,18.75314,0.03781127,0.03206316,0.04085517,19.71583009,18.99300975,18.73492626,19.3003826894,0.0244121290320374,"SDSS(cModelMag g,r)",19.3003826894,SDSS,Vmag_sdss,1.04985383,0.7740803399999976,SDSS(cModel extcorr),-15.6996173106,0.63,3.3579016494928724,SDSS,False,3.2,10.745285278377192,,,,1.04985383,g-i,,1.0,0.0,15.812851724050395,8.739746534349745,8.739746534349745,NGC 4889,12.253434963310701,2882220.380588912,14.179099233631847,14.07456911019516,15.169843993491948,14.179099233631847,1.4670303912154632,-0.24494219321546318,1.4411022479276634,-0.1111675469276634,0.029141452650670002,-0.13698795565066998,1.4543366709567698,-0.1481120428456586,1.4756438328292674,-0.15043273357926723,-0.002483407273646765,-0.016503063865242196,0.6258672365585782,0.09081356712441069,0.5908087899957429,0.07007668716141502,0.02084001034437616,0.03495531618145481,0.008462460660987596
SDSS J130042.51+280325.4,0,7,248.96617414333562,995.8646965733428,248.96617414333562,995.8646965733428,1.0,1.0,1.0,1.0,1.0,1.0,True,True,True,True,True,0,7,,0,7,True,,0.6268545484540441,,1.325057253,,1.3800268807142857,,,,0.24999999999999992,0.24999999999999992,,4.387981839178309,,0.2886549681399443,,0.5376359282668931,False,True,10,,,,,,,,,195.177164,28.057068,AG?,0.0194034234176765,18.89,19.9,1.0100002,19.963,19.353,19.001,18.796,0.6099987,0.9619999,4.38,,,NED,,,2007SDSS6.C...0000:,-16.11,False,0.5475,Other,E,1780.7025809747108,False,1.237667324334703e+18,1.652209,1.4836927893601883,19.82357,19.2173,18.97882,0.02552688,0.02375429,0.02733007,0.03578467,0.02475567,0.01839611,19.78778533,19.19254433,18.96042389,True,0.5952409999999979,0.8273614400000007,19.95295,19.34726,18.99389,0.02524754,0.02330548,0.02704838,19.91716533,19.32250433,18.97549389,19.42659314,0.0174916748231837,"SDSS(cModelMag g,r)",19.42659314,SDSS,Vmag_sdss,0.8273614400000007,0.5952409999999979,SDSS(cModel extcorr),-15.573406860000002,0.5475,1.4836927893601883,SDSS,False,3.2,4.747816925952603,,,,0.8273614400000007,g-i,,1.0,0.0,15.871383599883272,8.987792574235101,8.987792574235101,NGC 4889,12.380431045087843,2669358.374272354,14.225681179816473,14.341886663747886,15.487782306646693,14.225681179816473,,,1.4404055044029371,-0.11534825140293714,,,,,1.475399628734291,-0.09537274802000528,,,,,0.5909527483209187,0.03590180013312538,,,0.006011328218310056
LEDA 126776,3,14,395.7418125977223,1582.9672503908891,395.7418125977223,1582.9672503908891,1.0,1.0,1.0,1.0,1.0,1.0,True,True,True,True,True,3,14,1.470548197,3,14,True,0.7018664320990426,0.6155751970797692,1.470548197,1.3889396575,1.4482260660000001,1.4164399992857142,0.0862912350192735,0.031786066714285965,0.08160853950000013,0.25,0.25,2.105599296297128,8.618052759116768,0.07922783037925739,0.204900354240268,0.11151458310866637,0.2576794613381331,False,True,10,,,,,,,,,194.982068,27.917708,AG?,0.0221,18.6,19.4,0.79999924,19.098,18.351,17.99,17.771,0.74699974,1.1079998,,,,,,,,-16.4,False,,Other,,,False,1.237667444048659e+18,1.914637,1.8705950577746049,18.97418,18.17768,17.90312,0.01600784,0.01249071,0.01526711,0.03164002,0.02188842,0.01626544,18.94253998,18.15579158,17.88685456,True,0.7867484000000005,1.0556854199999997,19.04726,18.29776,17.94525,0.01570451,0.01218498,0.01496806,19.01561998,18.27587158,17.92898456,18.468358424,0.0098684138582562,"SDSS(cModelMag g,r)",18.468358424,SDSS,Vmag_sdss,1.0556854199999997,0.7867484000000005,SDSS(cModel extcorr),-16.531641576000002,,1.8705950577746049,SDSS,False,3.2,5.985904184878735,,,,1.0556854199999997,g-i,,1.0,0.0,5.069401188463505,4.490732752015702,4.490732752015702,NGC 4889,3.1395482006302893,27607790.125222906,4.308124983811095,2.0204434136499447,2.5149644337801433,4.308124983811095,1.4819171619699625,-0.011368964969962425,1.4456954295269424,-0.056755772026942486,0.03752601173803233,0.044082527761967805,1.4741535265940668,-0.025927460594066698,1.4772537132453862,-0.060813713959672056,0.010529046030518852,0.021257020683767114,0.6057206127224477,0.09614581937659494,0.5898597654166914,0.02571543166307777,0.005475005878457728,0.08081622914081577,0.011554510338871879
LEDA 126788,2,6,58.12972163641214,232.5188865456485,58.12972163641214,232.5188865456485,1.0,1.0,1.0,1.0,1.0,1.0,True,True,True,True,True,2,6,1.440586207,2,6,True,0.7130159481313797,0.45788008393324087,1.440586207,1.664849872,1.440586207,1.6388394953333334,0.25513586419813883,-0.19825328833333344,-0.22426366500000006,0.25000000000000006,0.25000000000000006,1.4260318962627594,2.747280503599445,0.03952059554797723,0.29609798962276007,0.012690862594955799,0.2808086937660198,False,True,10,,,,,,,,,194.90421277709,28.01860403441,G,0.024,17.66,18.99,1.3299999,18.332,17.657,17.298,17.027,0.67500114,1.0340004,5.15,,,NED,,,2007SDSS6.C...0000:,-17.34,False,0.64375,Regular galaxies,,2575.340032849998,False,1.2376673243345715e+18,0.7451016,0.7169236957302317,19.00812,18.2928,17.92681,0.009992042,0.008145009,0.008788479,0.02636337,0.01823806,0.01355283,18.981756630000003,18.27456194,17.91325717,True,0.707194690000005,1.0684994600000015,18.99973,18.2928,17.92404,0.009992715,0.00814501,0.008789997,18.97336663,18.27456194,17.910487170000003,18.5545117629,0.0063147935585577,"SDSS(cModelMag g,r)",18.5545117629,SDSS,Vmag_sdss,1.0684994600000015,0.707194690000005,SDSS(cModel extcorr),-16.4454882371,0.64375,0.7169236957302317,SDSS,False,3.2,2.2941558263367416,,,,1.0684994600000015,g-i,,1.0,0.0,3.5729184388639337,7.301377327556016,3.5729184388639337,NGC 4874,4.4694881118384275,28469423.58169261,3.125072957755687,5.720976300699203,6.571980767793369,3.125072957755687,1.4803756864874866,-0.03978947948748668,1.4452198208849738,0.2196300511150262,0.036657818596774194,-0.26092148359677425,1.472101557257774,-0.03151535025777408,1.477087015495277,0.1617524798380563,0.009181649871471409,-0.20743493820480485,0.6078067284563566,0.10520921967502306,0.5899580337480171,-0.13207794981477627,0.007066000867427036,0.2480698633307118,0.022644858850398766
LEDA 126769,6,5,237.33700882269412,949.3480352907765,238.17723711450714,1278.5198249069228,1.003540232920188,1.3467345771830919,1.0,1.0,1.003540232920188,1.3467345771830919,True,True,True,True,True,6,5,1.421759853,6,5,True,0.6100705100708808,0.5630990122413426,1.421759853,1.408691543,1.4241234023333336,1.2801836694,0.046971497829538134,0.14393973293333362,0.013068309999999972,0.18629139140008769,0.25,3.6604230604252845,2.815495061206713,0.2963234181505082,0.3173712515511646,0.23703868049964477,0.3244559263360413,False,True,10,,,,,,,,,195.02969312757,27.93096707335,G,0.0259,17.68,18.96,1.2799988,18.51,17.799,17.474,17.206,0.71100044,1.0359993,4.76,,,NED,,,2007SDSS6.C...0000:,-17.32,False,0.595,Regular galaxies,,2562.852048345726,False,1.2376674440487242e+18,1.484421,1.448626900297438,18.4128,17.85435,17.59505,0.009880901,0.007790447,0.009046526,0.0320367,0.02216284,0.01646936,18.3807633,17.83218716,17.578580640000002,True,0.5485761400000015,0.8021826599999997,18.50375,17.78884,17.47232,0.009852035,0.007736923,0.008990379,18.4717133,17.76667716,17.45585064,18.0471033774,0.0061268697657922,"SDSS(cModelMag g,r)",18.0471033774,SDSS,Vmag_sdss,0.8021826599999997,0.5485761400000015,SDSS(cModel extcorr),-16.952896622600004,0.595,1.448626900297438,SDSS,False,3.2,4.635606080951802,,,,0.8021826599999997,g-i,,1.0,0.0,7.142896880814425,2.7717761643708396,2.7717761643708396,NGC 4889,4.034346597131883,84678729.59154405,5.93478082304757,4.378328599160347,5.141007148399312,5.93478082304757,1.4894543547763468,-0.06769450177634684,1.4480209637801007,-0.03932942078010071,0.041771125703992495,-0.028702815703992524,1.4841868282561785,-0.06006342592284497,1.4780687979465355,-0.1978851285465355,0.017117269296328674,0.12682246363700495,0.5955203489610996,0.014550161109781135,0.5893792729480244,-0.02628026070668177,-0.002304317323357785,0.04927581515289592,0.008891265620713006
SDSS J130004.03+280030.7,0,1,25.249687015248224,100.9987480609929,25.249687015248224,100.9987480609929,1.0,1.0,1.0,1.0,1.0,1.0,True,True,True,True,True,0,1,,0,1,True,,0.055396855787216585,,1.969953825,,1.969953825,,,,0.25,0.25,,0.055396855787216585,,,,,False,True,10,,,,,,,,,195.01666666666668,28.008638888888893,G,0.0213,18.79,20.05,1.2599983,,,,17.89,,,3.78,,,NED,,,2007SDSS6.C...0000:,-16.21,False,0.4725,Regular galaxies,dE,1683.0993269278852,False,,,,,,,,,,,,,,,,False,,,,,,,,,,,,,,,18.790000915527344,SIMBAD,,,,,-16.209999084472656,0.4725,0.4725,SIMBAD_proxy(maj/8),True,3.2,1.512,,,,1.2599983215332031,B-V,,1.0,0.0,6.913095764827263,2.101416376086782,2.101416376086782,NGC 4889,3.610695798679805,190738040.2727615,5.265741069605533,5.935835133340452,7.2114813800308895,5.265741069605533,,,1.4439198053834335,0.5260340196165665,,,,,1.4766313684777699,0.49332245652223006,,,,,0.5902266376857112,-0.5348297818984946,,,0.024313731734814707
2MASS J13001763+2759145,1,2,20.395480135770633,81.58192054308252,20.395480135770633,81.58192054308252,1.0,1.0,1.0,1.0,1.0,1.0,True,True,True,True,True,1,2,1.45308106,1,2,True,0.7386587244776112,0.40870533327876457,1.45308106,1.6823668079999998,1.45308106,1.6823668079999998,0.3299533911988466,-0.2292857479999999,-0.2292857479999999,0.25000000000000006,0.25000000000000006,0.7386587244776112,0.8174106665575291,,0.5184390635844249,,0.6016808695938072,False,True,10,,,,,,,,,195.07346713314004,27.987527267230004,AG?,0.0199,17.86,19.1,1.2399998,18.441,17.759,17.42,17.162,0.6819992,1.0209999,,,,,,,,-17.14,False,,Other,dE,,False,1.237667324334637e+18,0.4946538,0.4246594374280313,20.32242,19.70241,18.56413,0.03321347,0.01990917,0.01458043,0.03390989,0.02345871,0.01743233,20.28851011,19.67895129,18.54669767,True,0.6095588200000002,1.7418124400000004,20.40423,19.75189,18.82401,0.02318501,0.0198409,0.01467887,20.37032011,19.72843129,18.806577670000003,19.9188704062,0.0179837448664331,"SDSS(cModelMag g,r)",19.9188704062,SDSS,Vmag_sdss,1.7418124400000004,0.6095588200000002,SDSS(cModel extcorr),-15.081129593800004,,0.4246594374280313,SDSS,False,3.2,1.3589101997697002,,,,1.7418124400000004,g-i,,1.0,0.0,9.410406514646391,2.1973860055077354,2.1973860055077354,NGC 4889,5.798409958374031,165238125.1709585,7.8217948982630965,7.504207123975578,8.609584360188519,7.8217948982630965,1.4559642658182086,-0.0028832058182086673,1.4376878926999104,0.24467891530008945,0.022908765670291736,-0.25219451367029166,1.439605752272115,0.013475307727884855,1.474447123425116,0.20791968457488386,-0.012156253209445023,-0.21712949479055488,0.6408432894164191,0.09781543506119206,0.591514250244312,-0.18280891696554746,0.03226163219596845,0.29769175900287814,0.020277455396718637
SDSS J130037.31+275441.0,0,4,293.81126960054155,1175.245078402166,293.81126960054155,1175.245078402166,1.0,1.0,1.0,1.0,1.0,1.0,True,True,True,True,True,0,4,,0,4,True,,0.5075286251365186,,1.4930068825,,1.58238484225,,,,0.25000000000000006,0.25000000000000006,,2.0301145005460746,,0.362778834157176,,0.39189125613389014,False,True,10,,,,,,,,,195.155462,27.911388,G,0.0203,18.97,,,20.28,19.632,19.355,19.39,0.6480007,0.92500114,,,,,,,,-16.03,False,,Regular galaxies,,,False,1.2376674440487247e+18,1.772235,1.6117884458133198,20.04689,19.62288,19.24647,0.03853008,0.03399298,0.04356273,0.03153339,0.02181465,0.01621062,20.01535661,19.60106535,19.23025938,True,0.4142912600000024,0.7850972300000016,20.27356,19.62292,19.3539,0.03907331,0.03399298,0.04277908,20.24202661,19.60110535,19.33768938,19.760924766599995,0.0255302403383215,"SDSS(cModelMag g,r)",19.760924766599995,SDSS,Vmag_sdss,0.7850972300000016,0.4142912600000024,SDSS(cModel extcorr),-15.239075233400005,,1.6117884458133198,SDSS,False,3.2,5.157723026602624,,,,0.7850972300000016,g-i,,1.0,0.0,13.90561130259767,7.558888727070661,7.558888727070661,NGC 4889,10.5909997825847,4434199.458158128,12.61511511368559,11.109554650255717,11.689102575963513,12.61511511368559,,,1.4385598300167244,0.05444705248327564,,,,,1.4747527318100844,0.10763211043991561,,,,,0.5913340940873731,-0.0838054689508545,,,0.004360985176755269
LEDA 44652,27,98,508.1011373092506,2032.4045492370017,508.1011373092506,2032.4045492370017,1.0,1.0,1.0,1.0,1.0,1.0,True,True,True,True,True,26,98,1.5600759655,26,98,True,0.5354608654570501,0.606796867795473,1.5600759655,1.4425418235,1.5786454824999998,1.4744419692653061,-0.07133600233842297,0.10420351323469368,0.11753414200000001,0.2500000000000001,0.2500000000000001,13.921982501883301,59.466093043956356,0.25044518005633376,0.22328236435312265,0.22682339704078444,0.29964708950227414,True,True,10,0.538492295095848,0.04616949085861644,0.538492295095848,0.04616949085861644,,,,,194.93419145873,27.958426533770005,G,0.02303,15.65,16.982,1.3320007,16.086,15.334,14.98,14.705,0.7520008,1.1060009,29.214000701904297,0.245933,17.0,SIMBAD,B,2023ApJS..269....3M,,-19.35,False,3.651750087738037,Regular galaxies,,14034.977986785983,False,1.2376674440486584e+18,4.470431,2.9823621949387413,16.39336,15.69551,15.2701,0.00375288,0.003144176,0.003308895,0.02879819,0.01992246,0.01480452,16.36456181,15.67558754,15.25529548,True,0.688974270000001,1.1092663300000023,16.56185,15.82116,15.46881,0.003718602,0.00312167,0.003297646,16.53305181,15.80123754,15.45400548,15.9480669907,0.0024101453181839,"SDSS(cModelMag g,r)",15.9480669907,SDSS,Vmag_sdss,1.1092663300000023,0.688974270000001,SDSS(cModel extcorr),-19.0519330093,3.651750087738037,2.9823621949387413,SDSS,False,3.2,9.543559023803972,,,,1.1092663300000023,g-i,14.755980000000001,0.5050995976404609,17.0,1.8768710136025093,5.391951496346297,1.8768710136025093,NGC 4874,1.796724117447937,176670435.0904041,0.821417422941886,1.7766252611808269,2.755925318296296,0.821417422941886,1.5270107996946116,0.03306516580538843,1.4596086730676088,-0.017066849567608733,0.06292374749964233,0.05461039450035768,1.534180924320997,0.044464558179002855,1.4821302150375915,-0.007688245772285329,0.04994517360335865,0.05425833963133503,0.5446943114766463,-0.009233446019596192,0.5869850673867909,0.019811800408682134,-0.041067253450305485,-0.03026874888811748,0.08171796131252815
2MASX J12594422+2752037,0,0,699.0016307361486,2796.0065229445936,0.0,0.0,0.0,0.0,0.0,0.0,0.0,0.0,False,False,False,False,False,0,0,,0,0,True,,,,,,,,,,,0.25000000000000006,,,,,,,False,False,10,,,,,,,,,194.93420593099,27.86768975075,GiC,0.02081,16.24,17.6,1.3600006,17.176,16.454,16.107,15.839,0.7220001,1.0690002,10.379999160766602,0.149,125.0,SIMBAD,C,2006AJ....131.1163S,,-18.76,False,1.2974998950958252,Members of systems,Sa,4518.207037945425,False,1.2376674440486587e+18,3.182949,2.6788155270063365,16.93554,16.21725,15.87043,0.005330642,0.004340208,0.005006252,0.03389742,0.02345008,0.01742592,16.90164258,16.19379992,15.85300408,True,0.7078426600000007,1.048638500000001,17.16968,16.44698,16.10516,0.005197311,0.004230452,0.004858051,17.13578258,16.42352992,16.08773408,16.4740154106,0.0033665987936403,"SDSS(cModelMag g,r)",16.4740154106,SDSS,Vmag_sdss,1.048638500000001,0.7078426600000007,SDSS(cModel extcorr),-18.5259845894,1.2974998950958252,2.6788155270063365,SDSS,False,3.0,8.03644658101901,,,,1.048638500000001,g-i,8.94,0.8612717459352615,125.0,5.805578152393829,8.418923553850055,5.805578152393829,NGC 4874,6.261876044369649,8509225.385867087,6.186097053081873,3.8655624781831834,2.688944706987111,6.186097053081873,,,,,,,,,,,,,,,,,,,
LEDA 44651,117,434,877.3720803855807,3509.4883215423224,877.3720803855807,3509.4883215423224,1.0,1.0,1.0,1.0,1.0,1.0,True,True,True,True,True,113,423,1.55103982,113,423,True,0.5216155773584594,0.562880481315584,1.55103982,1.521232663,1.567694436221239,1.5235934479432625,-0.041264903957124566,0.044100988277976594,0.02980715700000003,0.25000000000000006,0.25000000000000006,58.942560241505916,238.09844359649205,0.2664917542033951,0.24105060182985596,0.34048826855547704,0.2857199456698305,True,True,10,0.5204590711762425,0.025633928601312302,0.5204590711762425,0.025633928601312302,,,,,194.91780643067,27.96824372093,EmG,0.02527,16.02,17.375,1.3549995,16.524,15.713,15.343,15.066,0.8109999,1.1809998,15.59999942779541,0.17,,SIMBAD,E,2003A&A...412...45P,,-18.98,False,1.9499999284744265,Regular galaxies,,8201.208355040244,False,1.2376674440486584e+18,4.562069,3.4445137577959444,16.52127,15.65185,15.38442,0.004146011,0.003265507,0.003529765,0.02833875,0.01960462,0.01456833,16.49293125,15.63224538,15.36985167,True,0.8606858700000029,1.1230795800000006,16.48264,15.65183,15.30425,0.004147299,0.003265507,0.003532375,16.45430125,15.63222538,15.28968167,15.975126586699998,0.0025693415931882,"SDSS(cModelMag g,r)",15.975126586699998,SDSS,Vmag_sdss,1.1230795800000006,0.8606858700000029,SDSS(cModel extcorr),-19.0248734133,1.9499999284744265,3.4445137577959444,SDSS,False,3.2,11.022444024947022,,,,1.1230795800000006,g-i,10.200000000000001,0.6538461778290888,0.0,1.143241826114986,6.165774818373137,1.143241826114986,NGC 4874,2.567857154960452,740049702.939747,0.5123744718224101,2.716126832407561,3.4665675174659327,0.5123744718224101,1.5265266431391922,0.024513176860807784,1.4594592908397104,0.06177337216028955,0.06265105980172636,-0.03284390280172633,1.5335364285654822,0.03415800765575683,1.482077857533754,0.04151559040950836,0.04952197473281811,-0.005420986454841514,0.5453495321528217,-0.023733954794362244,0.5870159321377015,-0.024135450822117543,-0.04056754348909891,-0.000697360468025654,0.14404908265625638
LEDA 44692,39,116,989.7362501528918,3958.945000611566,1046.6230461532484,5507.255187403875,1.0574767227042243,1.3910916131830908,1.0,1.0,1.0574767227042243,1.3910916131830908,True,True,True,True,True,39,112,1.428861805,39,112,True,0.5879097644505932,0.5394869736095308,1.428861805,1.4644570565000001,1.4748614695128204,1.4801329232232143,0.04842279084106238,-0.005271453710393947,-0.0355952515000002,0.19004440697556044,0.2500000000000001,22.928480813573135,60.42254104426745,0.21069275554166345,0.2614513759210698,0.1970279030691117,0.31119871979387453,True,True,10,0.5877879238418835,0.03316412643266155,0.5877879238418835,0.03316412643266155,,,,,194.997788,27.940571,AG?,0.02037,17.0,18.426,1.4260006,17.949,17.251,16.93,16.753,0.69799995,1.0189991,15.0,0.19,152.0,SIMBAD,E,2003A&A...412...45P,,-18.0,False,1.875,Other,,6394.566526569033,False,1.237667444048659e+18,3.603683,3.39333514899597,17.77126,17.03383,16.77582,0.01014868,0.008201313,0.01231581,0.03052491,0.02111699,0.01569219,17.74073509,17.01271301,16.76012781,True,0.7280220800000023,0.980607280000001,17.94316,17.24211,16.92641,0.009819054,0.007915523,0.01199781,17.91263509,17.22099301,16.91071781,17.301202062799998,0.0063817958634173,"SDSS(cModelMag g,r)",17.301202062799998,SDSS,Vmag_sdss,0.980607280000001,0.7280220800000023,SDSS(cModel extcorr),-17.698797937200002,1.875,3.39333514899597,SDSS,False,3.2,10.858672476787106,,,,0.980607280000001,g-i,11.4,0.76,152.0,5.365422707671368,2.9006686586244066,2.9006686586244066,NGC 4889,2.350966696447629,78351167.74373455,4.157109190852259,2.7463224734333567,3.730435362824387,4.157109190852259,1.5028001937592894,-0.07393838875928949,1.452138704494612,0.012318352005388222,0.04928779788013177,-0.08488304938013197,1.501952438330053,-0.02709096881723272,1.479512039410358,0.0006208838128562988,0.028782801696494886,-0.034054255406888834,0.5774591050418532,0.010450659408740015,0.5885284820389852,-0.04904150842945443,-0.016078887977800882,0.06450167881886326,0.06503284896043446
NGC 4871,261,1015,2398.5019901610317,9594.007960644125,2398.5019901610317,9594.007960644125,1.0,1.0,1.0,1.0,1.0,1.0,True,True,True,True,True,255,980,1.524307578,255,980,True,0.538265565144055,0.512537565220683,1.524307578,1.5628306825,1.554848648847059,1.5768671219081631,0.025727999923372047,-0.02201847306110416,-0.03852310450000007,0.25000000000000006,0.25000000000000006,137.25771911173402,502.28681391626924,0.2622596460029792,0.26827130122849335,0.29116993882849224,0.3173701743341884,True,True,10,0.5393618056540854,0.016797196474399433,0.5393618056540854,0.016797196474399433,,,,,194.87484625967,27.95643601638,LIN,0.02267,14.07,15.1,1.0300007,14.941,14.106,13.714,13.427,0.83500004,1.2270002,52.43561935424805,0.50443,173.0,SIMBAD,B,2023ApJS..269....3M,,-20.93,True,6.554452419281006,Active (AGN/Seyfert/QSO),,24808.144936631103,False,1.2376674440486584e+18,7.112396,6.061512107483321,14.75373,13.95491,13.51942,0.00225232,0.001986918,0.002022592,0.03223551,0.02230038,0.01657157,14.72149449,13.93260962,13.50284843,True,0.7888848700000004,1.2186460599999993,14.78072,13.95487,13.55432,0.002252901,0.001986918,0.002023563,14.74848449,13.93256962,13.53774843,14.246052416699998,0.0014923157559214,"SDSS(cModelMag g,r)",14.246052416699998,SDSS,Vmag_sdss,1.2186460599999993,0.7888848700000004,SDSS(cModel extcorr),-20.753947583300004,6.554452419281006,6.061512107483321,SDSS,False,3.2,19.39683874394663,,,,1.2186460599999993,g-i,30.265800000000002,0.5771992468617239,173.0,1.2800806234345117,8.510292224237439,1.2800806234345117,NGC 4874,4.895281890110502,524721496.4463904,2.8966461809391744,4.120441608021069,4.137281695045918,2.8966461809391744,1.557463638436969,-0.03315606043696895,1.4690046274262756,0.09382605507372443,0.08007546092520465,-0.11859856542520472,1.5747188972000914,-0.019870248353032416,1.4854234362146375,0.09144368569352568,0.0765638505917477,-0.09858232365285186,0.503481754569421,0.03478381057463398,0.5850437133520581,-0.07250614813137513,-0.07249838186576807,0.09822638178914012,0.14734675930215752
LEDA 44636,567,2330,7398.340303127973,29593.3612125119,7398.340303127973,29593.3612125119,1.0,1.0,1.0,1.0,1.0,1.0,True,True,True,True,True,555,2274,1.510994966,555,2274,True,0.5613920685332288,0.5297980556671573,1.510994966,1.538030396,1.5188030237783785,1.5566758848029905,0.03159401286607144,-0.03787286102461196,-0.02703542999999997,0.24999999999999994,0.24999999999999994,311.57259803594195,1204.7607785871157,0.24740357154722528,0.26439865667107815,0.31013120637801317,0.31295574368095175,True,True,10,0.5614706318767639,0.010331855743697032,0.5614706318767639,0.010331855743697032,,,,,194.90967227334,27.9872092223,G,0.02274,15.89,17.13,1.2399988,16.067,15.302,14.949,14.69,0.7649994,1.1179991,16.380001068115234,0.191,40.0,SIMBAD,C,2006AJ....131.1163S,,-19.11,False,2.0475001335144043,Regular galaxies,,7772.914363365936,False,1.2376674440486584e+18,11.87046,9.669535656718242,15.95328,15.08686,14.78829,0.004022595,0.003141123,0.003505534,0.02670622,0.01847524,0.01372908,15.92657378,15.06838476,14.77456092,True,0.8581890200000011,1.1520128599999993,15.88893,15.08683,14.75734,0.004017561,0.003141123,0.003505975,15.86222378,15.06835476,14.74361092,15.410242258199998,0.0024808574586486,"SDSS(cModelMag g,r)",15.410242258199998,SDSS,Vmag_sdss,1.1520128599999993,0.8581890200000011,SDSS(cModel extcorr),-19.5897577418,2.0475001335144043,9.669535656718242,SDSS,False,3.2,30.94251410149837,,,,1.1520128599999993,g-i,11.46,0.6996336540116384,40.0,1.7740098519987533,6.602014748429761,1.7740098519987533,NGC 4874,3.209572672402764,202123181.63643128,1.3586289450693563,3.907450396804947,4.67924577881494,1.3586289450693563,1.5366336843048076,-0.025638718304807684,1.4625777291008106,0.07545266689918928,0.0683435692954924,-0.09537899929549237,1.5469906409666967,-0.028187617188318193,1.4831708499567424,0.07350503484624804,0.05835648984558034,-0.0962293508701923,0.5316714309838091,0.02972063754941967,0.5863716130542794,-0.05657355738712211,-0.05099927077286648,0.08259328363893792,0.13245847591500742
LEDA 44635,1,14,77.61702782978477,310.4681113191391,77.61702782978477,310.4681113191391,1.0,1.0,1.0,1.0,1.0,1.0,True,True,True,True,True,1,13,1.563053559,1,13,True,0.6794303446372074,0.5465890706361173,1.563053559,1.507945671,1.563053559,1.4507396965384616,0.13284127400109014,0.11231386246153852,0.055107887999999994,0.25,0.25,0.6794303446372074,7.105657918269525,,0.2237252532341541,,0.3813706553047638,False,True,10,,,,,,,,,194.90829870729,28.00101128048,AG?,0.01659,16.6,18.097,1.4969997,17.174,16.488,16.137,15.894,0.6859989,1.0370007,15.59999942779541,0.22,160.0,SIMBAD,E,2003A&A...412...45P,,-18.4,False,1.9499999284744265,Other,,5441.222914766356,False,1.2376673243345715e+18,0.9128454,0.9005910840236022,18.52368,17.80939,17.44767,0.007781437,0.006436219,0.006889253,0.0264065,0.01826789,0.013575,18.4972735,17.79112211,17.434095,True,0.7061513899999987,1.0631784999999994,18.51647,17.80939,17.44732,0.00778239,0.006436219,0.006888817,18.4900635,17.79112211,17.433745000000002,18.0706441799,0.0049596971654637,"SDSS(cModelMag g,r)",18.0706441799,SDSS,Vmag_sdss,1.0631784999999994,0.7061513899999987,SDSS(cModel extcorr),-16.929355820100003,1.9499999284744265,0.9005910840236022,SDSS,False,3.2,2.8818914688755277,,,,1.0631784999999994,g-i,13.2,0.8461538771905853,160.0,2.5559392034720934,6.800069018774756,2.5559392034720934,NGC 4874,3.6500771399644485,71092609.43666686,2.078891357354849,4.671546174956523,5.495984536306576,2.078891357354849,1.4890331572887638,0.07402040171123625,1.447891007016372,0.06005466398362813,0.041533897947864135,0.01357399005213586,1.48362614186261,0.0794274171373901,1.4780232489421368,-0.027283552403675193,0.016749102638200508,0.09556475982333801,0.5960903656210588,0.08333997901614865,0.5894061240882039,-0.04281705345208664,-0.0018695889739749338,0.13471086297506507,0.04956390680819127
LEDA 44708,3076,1596,17708.400284345254,70833.601137381,34272.5983304642,76905.95180284635,1.9353864708356623,1.0857269793990578,0.9966,0.926,1.935386470835662,1.0857269793990578,True,True,True,True,True,2915,1545,1.615578574,2915,1545,True,0.42409083071966824,0.5508000626497616,1.615578574,1.459335745,1.6259019868607205,1.4773872136025892,-0.1267092319300933,0.14851477325813134,0.15624282899999997,0.4456429902632808,0.25000000000000006,1236.224771547833,850.9860967938816,0.2942262302480668,0.26616743164583323,0.3620349406508629,0.3359393467225245,True,True,10,0.42479309206423554,0.00558171517751451,0.42479309206423554,0.00558171517751451,,,,,195.02544773316,27.97831516639,GiC,0.02546,15.994,16.9,0.9059992,15.673,15.063,14.668,14.47,0.6100006,1.0050001,33.0,0.19,141.0,SIMBAD,E,2003A&A...412...45P,,-19.006,False,4.125,Members of systems,,17475.131767561055,True,1.237667444048724e+18,29.67596,21.289625536295947,14.9193,14.1867,14.21833,0.003678388,0.002947346,0.003564937,0.03112322,0.0215309,0.01599977,14.88817678,14.1651691,14.20233023,True,0.7230076800000003,0.6858465500000008,14.86612,14.16533,13.99254,0.003643368,0.0029113,0.003584315,14.83499678,14.1437991,13.97654023,14.4516022488,0.0023018200250846,"SDSS(cModelMag g,r)",14.4516022488,SDSS,Vmag_sdss,0.6858465500000008,0.7230076800000003,SDSS(cModel extcorr),-20.5483977512,4.125,21.289625536295947,SDSS,False,4.8,102.19020257422056,,,,0.6858465500000008,g-i,11.4,0.34545454545454546,141.0,6.808717792229988,0.44602556005186256,0.44602556005186256,NGC 4889,3.195093429759157,19604608378.980076,5.231906951641359,5.026675708751676,6.211031601618863,5.231906951641359,1.553785893260117,0.06179268073988298,1.4678698916429596,-0.008534146642959595,0.07800407336559864,0.07823875563440133,1.5698231849974693,0.056078801863251204,1.4850257186684126,-0.00763850506582342,0.07334915157020594,0.0751656216879254,0.5084589353069415,-0.08436810458727328,0.5852781678637772,-0.03447810521401562,-0.0687024900636618,-0.05800674186643151,0.01642371384572381
NGC 4867,34,42,483.00963480679303,1932.0385392271717,483.00963480679303,1601.27354131148,1.0,0.8288,1.0,0.8288,1.0,0.8288,True,True,True,True,True,27,42,1.494234265,27,42,True,0.5452216174567086,0.6057813549517672,1.494234265,1.469337133,1.5627979137777777,1.480719081690476,-0.06055973749505861,0.0820788320873016,0.02489713199999999,0.30164092664092673,0.25000000000000006,14.720983671331132,25.442816907974223,0.2711161986026647,0.21848343818770552,0.36090178725787625,0.3062785996813701,True,True,10,0.5396371938322242,0.05158542094357688,0.5396371938322242,0.05158542094357688,,,,,194.81354404998,27.970726764919995,GiG,0.01608,14.14,15.5,1.3599997,15.032,14.241,13.841,13.55,0.7909994,1.191,40.27842330932617,0.416479,29.0,SIMBAD,B,2023ApJS..269....3M,,-20.86,True,5.034802913665772,Members of systems,,13625.543880861853,False,1.2376674440485932e+18,3.110425,2.6237095855033408,15.11597,14.36658,13.93513,0.002393813,0.002170279,0.002220664,0.03611428,0.02498369,0.01856556,15.07985572,14.341596310000002,13.916564439999998,True,0.7382594099999995,1.1632912800000028,15.12918,14.34617,13.94233,0.002383182,0.002156744,0.002211281,15.09306572,14.321186310000002,13.92376444,14.6342826681,0.0016133381188074,"SDSS(cModelMag g,r)",14.6342826681,SDSS,Vmag_sdss,1.1632912800000028,0.7382594099999995,SDSS(cModel extcorr),-20.3657173319,5.034802913665772,2.6237095855033408,SDSS,False,3.2,8.395870673610691,,,,1.1632912800000028,g-i,24.98874,0.6204001534045659,29.0,4.569675982565631,11.674099701382229,4.569675982565631,NGC 4874,8.094370235768503,12565299.208565678,6.017478753601243,7.467228679649561,7.324685765794328,6.017478753601243,1.5505173329109216,-0.056283067910921636,1.4668614062232779,0.0024757267767221425,0.07616314776592448,-0.05126601576592449,1.5654721682692632,-0.002674254491485506,1.4846722510573471,-0.003953169366871068,0.0704921189996669,0.011586713087634704,0.5128823564052365,0.03233926105147211,0.5854865370366928,0.02029481791507437,-0.06532892804737744,0.004769190552318836,0.031593205586734126
LEDA 93586,91,242,4661.697332369612,18646.789329478455,4661.697332369612,18217.913174900452,1.0,0.9770000000000001,1.0,0.977,1.0,0.977,True,True,True,True,True,90,228,1.4624406605,90,228,True,0.5426029119186675,0.5507825772741122,1.4624406605,1.4895619235000002,1.4502652060444445,1.4904881709035087,-0.008179665355444676,-0.04022296485906418,-0.027121263000000173,0.25588536335721584,0.2499999999999999,48.834262072680076,125.57842761849759,0.2683516661760298,0.26241972879476605,0.3374865075494258,0.34998428303950496,True,True,10,0.5441579892138366,0.026183328223578054,0.5441579892138366,0.026183328223578054,,,,,195.07823815868,27.93707411511,AG?,0.01762,15.44,17.014,1.5740004,16.015,15.328,14.969,14.712,0.6869993,1.0459995,24.275821685791016,0.351716,21.0,SIMBAD,B,2023ApJS..269....3M,,-19.560001,False,3.034477710723877,Other,,8981.746748780071,False,1.237667444048724e+18,8.799917,6.885906656543145,16.25826,15.61518,15.28695,0.004178265,0.003474837,0.003990825,0.03321066,0.02297498,0.01707287,16.225049339999998,15.59220502,15.26987713,True,0.6328443199999985,0.9551722099999987,16.10304,15.43026,15.09065,0.004094635,0.003405106,0.003888506,16.06982934,15.40728502,15.07357713,15.841671191199998,0.0026716667923643,"SDSS(cModelMag g,r)",15.841671191199998,SDSS,Vmag_sdss,0.9551722099999987,0.6328443199999985,SDSS(cModel extcorr),-19.1583288088,3.034477710723877,6.885906656543145,SDSS,False,3.2,22.034901300938063,,,,0.9551722099999987,g-i,21.10296,0.8692995142715133,21.0,9.603819551299853,3.3627549725350083,3.3627549725350083,NGC 4889,6.220453361781339,46973884.432992496,8.258962992383225,6.9607671490647505,7.735418800697746,8.258962992383225,1.5289144579678913,-0.06647379746789128,1.46019603000998,0.029365893490020056,0.06399593001240358,-0.09111719301240376,1.5367150213260796,-0.08644981528163509,1.4823360798435776,0.008152091059931088,0.05160915196351806,-0.09183211682258224,0.5421180450870593,0.00048486683160819943,0.5868637100742313,-0.03608113280011915,-0.04303206625980516,0.03485240090436048,0.01499733616468615
2MASX J12595140+2804232,0,0,1503.1971760729252,6012.788704291703,0.0,346.3366293672021,0.0,0.0576,0.0,0.0576,0.0,0.0576,False,False,False,False,True,0,0,,0,0,True,,,,,,,,,,,0.24999999999999992,,,,,,,False,False,10,,,,,,,,,194.9642041666666,28.073136111111115,GiC,0.02499,16.23,17.71,1.4799995,17.094,16.332,15.956,15.696,0.76199913,1.1379995,12.420000076293944,0.157,30.0,SIMBAD,C,2006AJ....131.1163S,,-18.77,False,1.5525000095367432,Members of systems,dE,6459.265286761224,False,1.2376673243345718e+18,4.428126,4.186172657629508,16.98375,16.17769,15.80135,0.005579471,0.004649387,0.005074465,0.03171808,0.02194242,0.01630557,16.95203192,16.15574758,15.78504443,True,0.7962843399999997,1.1669874900000003,17.08994,16.32525,15.95608,0.005424786,0.004500934,0.004899067,17.058221919999998,16.303307580000002,15.93977443,16.472224159399996,0.0035718124786545,"SDSS(cModelMag g,r)",16.472224159399996,SDSS,Vmag_sdss,1.1669874900000003,0.7962843399999997,SDSS(cModel extcorr),-18.527775840600004,1.5525000095367432,4.186172657629508,SDSS,False,3.2,13.395752504414428,,,,1.1669874900000003,g-i,9.42,0.7584541016211389,30.0,7.661562179920471,6.842327918477881,6.842327918477881,NGC 4889,6.300911554447308,7863550.58902267,6.458437236064703,8.570201520041481,9.761569045536195,6.458437236064703,,,,,,,,,,,,,,,,,,,0.00013988599722688784
2MASX J12595178+2805542,0,0,1851.7486161442089,7406.9944645768355,0.0,0.0,0.0,0.0,0.0,0.0,0.0,0.0,False,False,False,False,False,0,0,,0,0,True,,,,,,,,,,,0.25,,,,,,,False,False,10,,,,,,,,,194.96569290311,28.09852632739,GiC,0.02551,16.63,,,17.5469,16.7776,16.029,16.2132,0.76930046,1.5179005,16.158000946044922,0.200117,33.0,SIMBAD,B,2023ApJS..269....3M,,-18.37,False,2.0197501182556152,Members of systems,,8572.745285400755,False,1.2376673243345718e+18,5.830349,4.693977734701383,17.34017,16.58586,16.18467,0.00583099,0.004898649,0.005221633,0.03414907,0.02362417,0.01755529,17.30602093,16.56223583,16.16711471,True,0.7437851000000002,1.138906219999999,17.13472,16.4033,16.01762,0.005725819,0.00479839,0.005104617,17.10057093,16.37967583,16.00006471,16.857187720999995,0.0037508329156691,"SDSS(cModelMag g,r)",16.857187720999995,SDSS,Vmag_sdss,1.138906219999999,0.7437851000000002,SDSS(cModel extcorr),-18.142812279000005,2.0197501182556152,4.693977734701383,SDSS,False,3.2,15.020728751044423,,,,1.138906219999999,g-i,12.007019999999999,0.7431005877579813,33.0,9.076884162328206,8.132074719274469,8.132074719274469,NGC 4889,7.823438860335195,4697969.392061481,7.943043660473657,10.09374135696854,11.279384077077344,7.943043660473657,,,,,,,,,,,,,,,,,,,
LEDA 1822111,14,74,3237.3782925675446,12949.513170270176,3237.3782925675446,12949.513170270176,1.0,1.0,1.0,1.0,1.0,1.0,True,True,True,True,True,11,69,1.34730919,11,69,True,0.6817355125720973,0.5347315081688938,1.34730919,1.52105037,1.3480742732727273,1.5798421678985506,0.1470040044032035,-0.23176789462582326,-0.17374117999999994,0.25000000000000006,0.25000000000000006,7.49909063829307,36.89647406365367,0.14199710649701838,0.26480693976643305,0.2710382514051455,0.28938508517795924,True,True,10,0.6864295221636703,0.04244573436773616,0.6864295221636703,0.04244573436773616,,,,,195.147592,27.942744,G,0.02325,16.79,18.66,1.8699989,17.396,16.709,16.413,16.809,0.6870003,0.9829998,15.59999942779541,0.16,106.0,SIMBAD,E,2003A&A...412...45P,,-18.21,False,1.9499999284744265,Regular galaxies,Ep,7564.120773938286,False,1.2376674440487245e+18,9.370414,6.820201613629062,17.77633,16.9329,16.86924,0.009347812,0.007510891,0.009751973,0.03400051,0.02352139,0.01747892,17.742329490000003,16.90937861,16.851761080000003,True,0.8329508800000021,0.8905684100000002,17.38996,16.70088,16.4093,0.009112361,0.007235961,0.009469623,17.35595949,16.677358610000002,16.391821080000003,17.240888470799998,0.0058588718016683,"SDSS(cModelMag g,r)",17.240888470799998,SDSS,Vmag_sdss,0.8905684100000002,0.8329508800000021,SDSS(cModel extcorr),-17.759111529200002,1.9499999284744265,6.820201613629062,SDSS,False,3.2,21.824645163613,,,,0.8905684100000002,g-i,9.6,0.6153846379567893,106.0,13.223913206359375,6.374840056939515,6.374840056939515,NGC 4889,9.730213424055975,7186990.201818213,11.804583787926733,10.650584360732019,11.4151669972896,11.804583787926733,1.5038793385088152,-0.15657014850881512,1.4524716650733849,0.06857870492661511,0.04989559611021335,-0.2236367761102133,1.5033889658393274,-0.15531469256660002,1.4796287399377637,0.10021342796078692,0.029726076829377168,-0.2614939714552004,0.5759986725752042,0.1057368399968931,0.5884596870727334,-0.05372817890383963,-0.017192699977009895,0.1641967043802134,0.023723983706247898
IC 4042,71,71,2239.2470946628705,8956.988378651478,2239.2470946628705,8956.988378651478,1.0,1.0,1.0,1.0,1.0,1.0,True,True,True,True,True,67,70,1.578724986,67,70,True,0.5106014515031264,0.6706593805136951,1.578724986,1.3921502590000001,1.6020356185223878,1.3979490238857142,-0.1600579290105687,0.20408659463667367,0.186574727,0.2500000000000001,0.2500000000000001,34.21029725070947,46.94615663595866,0.2735981371349723,0.18243507685494914,0.26926866105530217,0.2241307423861814,True,True,10,0.5089429710464954,0.034415773174877075,0.5089429710464954,0.034415773174877075,,,,,195.17816482645,27.97127198246,AGN,0.02126,14.01,15.272,1.2620001,14.831,14.014,13.615,13.303,0.8170004,1.2160006,45.97157669067383,0.541699,176.0,SIMBAD,B,2023ApJS..269....3M,,-20.99,True,5.7464470863342285,Active (AGN/Seyfert/QSO),SB0...,20432.05701533376,False,1.2376673243347026e+18,5.549952,5.291939620488159,14.70794,13.9173,13.5144,0.002069553,0.001892664,0.001908793,0.03447001,0.02384619,0.01772028,14.67346999,13.89345381,13.49667972,True,0.7800161800000023,1.1767902700000017,14.72069,13.91728,13.50959,0.002069884,0.001892664,0.001908852,14.68621999,13.89343381,13.49186972,14.2032604438,0.0014024751194482,"SDSS(cModelMag g,r)",14.2032604438,SDSS,Vmag_sdss,1.1767902700000017,0.7800161800000023,SDSS(cModel extcorr),-20.7967395562,5.7464470863342285,5.291939620488159,SDSS,False,3.0,15.875818861464476,,,,1.1767902700000017,g-i,32.501940000000005,0.7070007674240508,176.0,14.822780767650086,7.660920391671334,7.660920391671334,NGC 4889,11.230606207253237,4204435.732815439,13.304269486704335,12.481566228943471,13.362724946682183,13.304269486704335,1.5582292823216322,0.02049570367836795,1.4692408600828155,-0.0770906010828154,0.08050668852296267,0.10606803847703733,1.5757381010678857,0.02629751745450215,1.4855062342314784,-0.08755721034576425,0.07723309615622242,0.12685349848045124,0.502445590340716,0.008155861162410405,0.5849949039173372,0.0856644765963579,-0.07328862186483565,-0.08676930714573305,0.007213740726297726
LEDA 126748,0,0,2766.9076060957204,11067.630424382885,0.0,0.0,0.0,0.0,0.0,0.0,0.0,0.0,False,False,False,False,False,0,0,,0,0,True,,,,,,,,,,,0.24999999999999992,,,,,,,False,False,10,,,,,,,,,195.270102,27.891744,GiC,0.01936,16.82,,,17.232,16.521,16.149,15.88,0.71100044,1.0830002,17.399999618530273,0.2,169.0,SIMBAD,E,2003A&A...412...45P,,-18.18,False,2.174999952316284,Members of systems,,7058.565227306851,False,1.2376674440487898e+18,7.376378,5.956006159773696,17.39137,16.69682,16.33549,0.00752236,0.006143379,0.00718639,0.02832137,0.01959259,0.0145594,17.363048629999998,16.67722741,16.3209306,True,0.6858212199999976,1.0421180299999977,17.22411,16.5117,16.14762,0.007333662,0.005960906,0.006964068,17.19578863,16.492107410000003,16.1330606,16.948414110199995,0.0047591773052222,"SDSS(cModelMag g,r)",16.948414110199995,SDSS,Vmag_sdss,1.0421180299999977,0.6858212199999976,SDSS(cModel extcorr),-18.051585889800005,2.174999952316284,5.956006159773696,SDSS,False,3.2,19.059219711275823,,,,1.0421180299999977,g-i,12.0,0.6896551875334813,169.0,20.09693317071727,13.534017713242957,13.534017713242957,NGC 4889,16.746347856621753,836458.1768533494,18.788247481802316,17.287700861850595,17.81233201275046,18.788247481802316,,,,,,,,,,,,,,,,,,,
CAIRNS J125935.95+275421.4,43,87,1278.0240266859419,5112.096106743767,1278.0240266859419,5112.096106743767,1.0,1.0,1.0,1.0,1.0,1.0,True,True,True,True,True,42,85,1.505184062,42,85,True,0.5725603412722309,0.5958473451596504,1.505184062,1.474892045,1.5006929769761908,1.5078661060117649,-0.023287003887419555,-0.0071731290355740995,0.03029201700000006,0.25,0.25,24.047534333433696,50.64702433857029,0.252342578114845,0.2199534548699221,0.29410061025606626,0.24347173304377367,True,True,10,0.5741980218175662,0.03632982850378804,0.5741980218175662,0.03632982850378804,,,,,194.89954166666664,27.906166666666664,GiC,0.0302008931792406,18.345,19.184,0.8390007,,,,16.71,,,,,,,,,,-16.655,False,,Members of systems,,,False,1.2376674440486587e+18,3.673451,3.361579004288147,18.60003,17.70458,17.3414,0.01309603,0.009878217,0.01165858,0.03478783,0.02406606,0.01788366,18.56524217,17.68051394,17.32351634,True,0.8847282300000003,1.24172583,18.37535,17.63023,17.30597,0.01289362,0.009743822,0.01164009,18.34056217,17.606163940000002,17.28808634,18.0332525143,0.0079244853685018,"SDSS(cModelMag g,r)",18.0332525143,SDSS,Vmag_sdss,1.24172583,0.8847282300000003,SDSS(cModel extcorr),-16.9667474857,,3.361579004288147,SDSS,False,3.2,10.757052813722073,,,,1.24172583,g-i,,1.0,0.0,3.185148063971962,8.28684203781493,3.185148063971962,NGC 4874,5.131635212573402,36933752.36205925,4.132778316254597,2.9317959650935865,1.9180680144259379,4.132778316254597,1.489702177625146,0.015481884374854094,1.4480974273307095,0.026794617669290588,0.041910705022652206,-0.011618688022652146,1.4845167231473722,0.0161762538288186,1.4780955979260293,0.02977050808573556,0.01733389003301411,-0.02450701906858821,0.5951849643572057,-0.022624623084974815,0.589363474358885,0.006483870800765401,-0.0025601014179310044,-0.02072690246948855,0.023518821798240278
CAIRNS J125947.21+280315.7,0,0,,,,,,,,,,,False,False,False,False,False,0,0,,0,0,True,,,,,,,,,,,,,,,,,,False,False,10,,,,,,,,,194.94695,28.054459,GiC,0.0317986651952398,18.03,,,,,,,,,,,,,,,,-16.97,False,,Members of systems,,,False,,,,,,,,,,,,,,,,False,,,,,,,,,,,,,,,18.030000686645508,SIMBAD,,,,,-16.969999313354492,,,,False,3.2,,,,,,,,1.0,0.0,6.256449660615467,6.535947827432121,6.256449660615467,NGC 4874,5.2794130940595,10699362.558612954,5.140231508165897,7.40154426638988,8.541041628389193,5.140231508165897,,,,,,,,,,,,,,,,,,,
SDSS J130036.58+275552.1,4,9,255.53490953798317,1022.139638151933,255.53490953798317,1022.139638151933,1.0,1.0,1.0,1.0,1.0,1.0,True,True,True,True,True,4,8,1.4380178104999999,4,8,True,0.6959873751274134,0.5406594850749858,1.4380178104999999,1.443263098,1.40961797225,1.56750560075,0.15532789005242753,-0.15788762849999993,-0.005245287500000195,0.24999999999999992,0.24999999999999992,2.7839495005096535,4.325275880599887,0.13754504713090102,0.3294186977948208,0.2363726575038044,0.4357818502570315,False,True,10,,,,,,,,,195.152442,27.931156,AG?,0.0197,18.28,19.872,1.591999,19.608,18.992,18.668,18.531,0.6159992,0.94000053,,,,,,,,-16.72,False,,Other,dE...,,False,1.2376674440487247e+18,1.65558,1.503138272369407,19.21104,18.89862,18.36751,0.02216524,0.01941225,0.02387727,0.03313286,0.02292116,0.01703288,19.17790714,18.87569884,18.35047712,True,0.3022083000000002,0.8274300200000013,19.60176,18.98243,18.66691,0.0216376,0.01820901,0.02320841,19.56862714,18.95950884,18.649877120000003,18.989604243,0.014620656317295,"SDSS(cModelMag g,r)",18.989604243,SDSS,Vmag_sdss,0.8274300200000013,0.3022083000000002,SDSS(cModel extcorr),-16.010395757,,1.503138272369407,SDSS,False,3.2,4.8100424715821015,,,,0.8274300200000013,g-i,,1.0,0.0,13.549805019257818,6.866900684013097,6.866900684013097,NGC 4889,10.11415187299367,5811368.519951561,12.175569785497828,10.885317634820336,11.581955986277356,12.175569785497828,1.4725909111178148,-0.034573100617814934,1.4428178972191787,0.00044520078082133097,0.03227326064627786,-0.03751854814627806,1.4617386805658663,-0.05212070831586635,1.4762451567995132,0.09126044395048671,0.0023770159013636327,-0.16026464440136357,0.6183420516374536,0.07764532348995978,0.590454309487736,-0.04979482441275018,0.015100860159193097,0.14022702989323443,0.007471572203380587
[EDG2007] 34,0,26,257.27903123311626,1029.1161249324646,77.28662098242812,461.2498471947306,0.3004,0.4482,0.3004,0.4482,0.3004,0.4482,False,False,False,True,True,0,26,,0,26,True,,0.5962069263859925,,1.4540508994999999,,1.4547805458846155,,,,0.16755912539045076,0.2500000000000001,,15.501380086035805,,0.24710653622761997,,0.36223362214421967,False,True,10,,,,,,,,,194.80574999999996,27.975861111111108,G,0.0228191197525055,14.252,15.27,1.0180006,,,,12.63,,,,,,,,,,-20.748001,False,,Regular galaxies,,,False,1.2376674440485932e+18,1.874306,1.5082592905333798,15.20173,16.55465,13.40318,0.003546592,0.01594048,0.003034608,0.03614368,0.02500403,0.01858068,15.16558632,16.529645969999997,13.38459932,True,-1.364059649999998,1.780986999999998,15.91572,16.55469,14.28355,0.00379974,0.01588495,0.003907721,15.87957632,16.52968597,14.26496932,15.960381513499998,0.0095166297987235,"SDSS(cModelMag g,r)",15.960381513499998,SDSS,Vmag_sdss,1.780986999999998,-1.364059649999998,SDSS(cModel extcorr),-19.039618486500004,,1.5082592905333798,SDSS,False,3.2,4.826429729706816,,,,1.780986999999998,g-i,,1.0,0.0,5.030148675168308,12.080900309922097,5.030148675168308,NGC 4874,8.518314691045559,9587593.424793925,6.43808090825853,7.958360248145907,7.8349312725565685,6.43808090825853,,,1.4595406908681936,-0.005489791368193719,,,,,1.4821063877167862,-0.027325841832170683,,,,,0.5869991135934972,0.009207812792495274,,,0.06166659378957546
GMP 3397,0,0,,,,,,,,,,,False,False,False,False,False,0,0,,0,0,True,,,,,,,,,,,,,,,,,,False,False,10,,,,,,,,,194.87816666666663,28.04208333333333,G,0.0218451125945269,18.44,18.999,0.559,19.59,,,16.56,,,,,,,,,,-16.56,False,,Regular galaxies,E,,False,,,,,,,,,,,,,,,,False,,,,,,,,,,,,,,,18.440000534057617,SIMBAD,,,,,-16.559999465942383,,,,False,3.2,,,,,0.5590000152587891,B-V,,1.0,0.0,5.088759655690014,9.118667492967457,5.088759655690014,NGC 4874,6.439315345305412,10601249.55098387,5.0114792738270415,7.59485054817386,8.337845219251948,5.0114792738270415,,,,,,,,,,,,,,,,,,,
ECO 11254,1,10,22.28663910782999,89.14655643131994,22.28663910782999,89.14655643131994,1.0,1.0,1.0,1.0,1.0,1.0,True,True,True,True,True,1,10,1.793493005,1,10,True,0.261164217738626,0.5977775875910849,1.793493005,1.456963525,1.793493005,1.5160641962999999,-0.3366133698524589,0.2774288087000001,0.33652948000000005,0.25000000000000006,0.25000000000000006,0.261164217738626,5.977775875910849,,0.2665753113685138,,0.3653969943502969,False,True,10,,,,,,,,,194.87958333333333,27.955111111111105,G,0.0236,17.445,18.295,0.8500004,,,,15.98,,,,,,,,,,-17.555,False,,Regular galaxies,dGs...,,False,1.2376674440486584e+18,0.5111978,0.4439112010123628,20.70378,20.05525,19.53803,0.04878202,0.03635725,0.05091146,0.0319505,0.02210321,0.01642505,20.6718295,20.03314679,19.52160495,True,0.6386827099999977,1.1502245499999972,20.67104,20.05523,19.59675,0.03549877,0.0281784,0.02956194,20.6390895,20.03312679,19.58032495,20.2850067011,0.0293285012189361,"SDSS(cModelMag g,r)",20.2850067011,SDSS,Vmag_sdss,1.1502245499999972,0.6386827099999977,SDSS(cModel extcorr),-14.7149932989,,0.4439112010123628,SDSS,False,3.2,1.420515843239561,,,,1.1502245499999972,g-i,,1.0,0.0,1.0476950734204786,8.27430763384251,1.0476950734204786,NGC 4874,4.659673315018867,954976212.3827528,2.684165348152892,3.8578059481156526,3.894361354592446,2.684165348152892,1.4494132704761946,0.34407973452380536,1.4356666409618322,0.021296884038167763,0.019219099964278785,0.31731038003572126,1.4308852492755828,0.36260775572441717,1.4737386877756986,0.04232550852430128,-0.017882446108465844,0.29531125480846593,0.6497089085009282,-0.3885446907623022,0.5919318730920976,0.005845714498987298,0.03902307659154608,-0.37563644644400496,0.16107674158925966
CAIRNS J125930.08+274933.2,0,0,607.7179937789595,2430.871975115838,0.0,0.0,0.0,0.0,0.0,0.0,0.0,0.0,False,False,False,False,False,0,0,,0,0,True,,,,,,,,,,,0.25,,,,,,,False,False,10,,,,,,,,,194.8750833333333,27.825972222222216,GiC,0.029600477807884,18.04,19.535,1.4949989,,,,17.27,,,,,,,,,,-16.96,False,,Members of systems,,,False,1.237667444048659e+18,3.081825,2.3180610038446057,18.86981,18.20312,17.98181,0.01722863,0.01497491,0.02224523,0.03373774,0.02333961,0.01734383,18.83607226,18.17978039,17.964466169999998,True,0.656291870000004,0.8716060900000038,18.93217,18.2976,17.9555,0.01688243,0.01457615,0.02232136,18.89843226,18.27426039,17.93815617,18.4388600567,0.011311812544091,"SDSS(cModelMag g,r)",18.4388600567,SDSS,Vmag_sdss,0.8716060900000038,0.656291870000004,SDSS(cModel extcorr),-16.561139943300002,,2.3180610038446057,SDSS,False,3.2,7.417795212302739,,,,0.8716060900000038,g-i,,1.0,0.0,8.094773656240456,12.365836493345244,8.094773656240456,NGC 4874,9.804903910716964,2983685.0013163555,9.105491689501811,7.373960654628299,6.087145360107121,9.105491689501811,,,,,,,,,,,,,,,,,,,
CAIRNS J130005.15+275835.8,0,0,,,,,,,,,,,False,False,False,False,False,0,0,,0,0,True,,,,,,,,,,,,,,,,,,False,False,10,,,,,,,,,195.02141666666665,27.976666666666667,GiC,0.025991,17.075,17.925,0.8499985,,,,15.28,,,,,,,,,,-17.925,False,,Members of systems,E...,,False,,,,,,,,,,,,,,,,False,,,,,,,,,,,,,,,17.075000762939453,SIMBAD,,,,,-17.924999237060547,,,,False,3.2,,,,,0.8499984741210938,B-V,,1.0,0.0,6.581858039223303,0.6532131295581806,0.6532131295581806,NGC 4889,2.9670751973535388,6244014566.559483,5.011060203901075,4.794630509341119,5.98355115978951,5.011060203901075,,,,,,,,,,,,,,,,,,,
SDSS J130048.04+280557.3,4,20,309.4945520033037,1237.978208013215,309.4945520033037,1237.978208013215,1.0,1.0,1.0,1.0,1.0,1.0,True,True,True,True,True,4,20,1.4613735509999999,4,20,True,0.7261002939949646,0.6086303246948768,1.4613735509999999,1.5388637649999999,1.39374123975,1.4942993798000002,0.1174699693000878,-0.10055814005000019,-0.077490214,0.24999999999999994,0.24999999999999994,2.9044011759798583,12.172606493897534,0.08419166564559313,0.1970811024225848,0.25055800145187895,0.23505041960424128,False,True,10,,,,,,,,,195.200181,28.099257,AG?,0.0208,18.54,,,19.581,18.913,18.525,18.348,0.66799927,1.0559998,,,,,,,,-16.46,False,,Other,,,False,1.2376673243347026e+18,1.705709,1.6542468546699474,19.43671,18.77347,18.25432,0.02015175,0.01774632,0.02004323,0.03673762,0.02541492,0.01888601,19.39997238,18.74805508,18.23543399,True,0.6519173000000009,1.1645383900000006,19.57783,18.90742,18.51773,0.01975505,0.01729138,0.01946131,19.54109238,18.88200508,18.49884399,19.005341173,0.0133376168485009,"SDSS(cModelMag g,r)",19.005341173,SDSS,Vmag_sdss,1.1645383900000006,0.6519173000000009,SDSS(cModel extcorr),-15.994658827000002,,1.6542468546699474,SDSS,False,3.2,5.293589934943832,,,,1.1645383900000006,g-i,,1.0,0.0,18.03797495888864,11.466571418524541,11.466571418524541,NGC 4889,14.675290569606593,1340144.4521215544,16.393497427501117,16.778103941679902,17.96937965482964,16.393497427501117,1.4723093423234517,-0.010935791323451793,1.4427310216551945,0.09613274334480537,0.03211467486347591,-0.10960488886347591,1.4613638640094835,-0.06762262425948351,1.4762147074767347,0.018084672323265494,0.002130897999168213,-0.1026890380491684,0.6187231054386826,0.10737718855628198,0.5904722593649089,0.018158065329967887,0.015391474279219497,0.1020784950208683,0.02931586302918382
LEDA 44707,44,95,2119.834218488988,8479.336873955952,2119.834218488988,8479.336873955952,1.0,1.0,1.0,1.0,1.0,1.0,True,True,True,True,True,41,94,1.440526625,41,94,True,0.5854054142150145,0.583189557954545,1.440526625,1.4722061435,1.4286893294146341,1.4809856187340429,0.0022158562604694954,-0.05229628931940877,-0.03167951850000006,0.25,0.25,24.001621982815593,54.81981844772722,0.23095602657380948,0.2376611254342515,0.3136795210448002,0.29083283593721787,True,True,10,0.590284422428877,0.037615416387860416,0.590284422428877,0.037615416387860416,,,,,195.02249754606,28.02444605387,AG?,0.01969,15.42,17.106,1.6860008,16.097,15.42,15.058,14.808,0.67700005,1.0390005,30.138599395751957,0.259443,158.0,SIMBAD,B,2023ApJS..269....3M,,-19.58,False,3.767324924468994,Other,,12429.57926006816,False,1.237667324334637e+18,8.0829,6.024065583983504,16.20411,15.57045,15.21019,0.003592683,0.003169328,0.003341872,0.03196341,0.02211214,0.01643169,16.17214659,15.548337859999998,15.193758310000002,True,0.6238087300000021,0.978388279999999,16.08733,15.42348,15.05789,0.003533961,0.00310904,0.003277407,16.055366590000002,15.40136786,15.04145831,15.794099439299998,0.0023803924597612,"SDSS(cModelMag g,r)",15.794099439299998,SDSS,Vmag_sdss,0.978388279999999,0.6238087300000021,SDSS(cModel extcorr),-19.2059005607,3.767324924468994,6.024065583983504,SDSS,False,3.2,19.27700986874721,,,,0.978388279999999,g-i,15.566579999999998,0.5164997814130046,158.0,7.632822317137605,2.9069034241405785,2.9069034241405785,NGC 4889,4.504489693213677,73267944.5386993,5.998376595945934,6.879662300447626,8.16173295125818,5.998376595945934,1.5297656227648515,-0.08923899776485156,1.4604586493884757,0.011747494111524315,0.06447532488257982,-0.09615484338257987,1.5378480682563425,-0.10915873884170835,1.4824281262356471,-0.00144250750160424,0.052353150937993254,-0.10464944025740203,0.5409661433570127,0.04443927085800181,0.5868094487218897,-0.0036198907673447023,-0.043910574508652545,0.04612643076912204,0.04410328953459141
LEDA 44542,0,0,50.95900867067071,203.8360346826829,0.0,0.0,0.0,0.0,0.0,0.0,0.0,0.0,False,False,False,False,False,0,0,,0,0,True,,,,,,,,,,,0.24999999999999992,,,,,,,False,False,10,,,,,,,,,194.77366666666663,28.07111111111111,GiC,0.0213681159383936,17.67,18.7,1.0300007,,,,16.77,,,5.37,,,NED,,,2007SDSS6.C...0000:,-17.33,False,0.67125,Members of systems,,2398.517812510782,False,,,,,,,,,,,,,,,,False,,,,,,,,,,,,,,,17.670000076293945,SIMBAD,,,,,-17.329999923706055,0.67125,0.67125,SIMBAD_proxy(maj/8),True,3.2,2.148,,,,1.0300006866455078,B-V,,1.0,0.0,9.432584430337522,14.886534733300534,9.432584430337522,NGC 4874,11.92644126207614,1831599.62889463,10.120002882325117,12.449411644348194,12.791716667136951,10.120002882325117,,,,,,,,,,,,,,,,,,,
LEDA 126789,9,33,1137.244386347468,4548.977545389871,1137.244386347468,4548.977545389871,1.0,1.0,1.0,1.0,1.0,1.0,True,True,True,True,True,9,32,1.431314086,9,32,True,0.6241731325014575,0.5420928167956092,1.431314086,1.5458442605,1.5229616843333333,1.55805904140625,0.08208031570584828,-0.035097357072916724,-0.11453017450000003,0.25000000000000006,0.25000000000000006,5.617558192513117,17.346970137459493,0.22998317217892664,0.2642510510301812,0.21182752685621364,0.31521396441328003,False,True,10,,,,,,,,,194.88287520245,27.861306842710004,GiC,0.01555,17.13,18.479,1.3490009,17.686,16.979,16.646,16.472,0.70700073,1.0400009,,,,,,,,-17.87,False,,Members of systems,,,False,1.2376674440486587e+18,3.297948,3.171032653312278,17.89645,17.14692,16.83727,0.007679672,0.006103572,0.007099581,0.03661212,0.02532809,0.01882149,17.85983788,17.121591910000003,16.81844851,True,0.7382459699999977,1.041389370000001,17.67802,16.97291,16.64441,0.007588045,0.006003326,0.006955452,17.64140788,16.94758191,16.62558851,17.4142727577,0.0047835206322695,"SDSS(cModelMag g,r)",17.4142727577,SDSS,Vmag_sdss,1.041389370000001,0.7382459699999977,SDSS(cModel extcorr),-17.5857272423,,3.171032653312278,SDSS,False,3.2,10.14730449059929,,,,1.041389370000001,g-i,,1.0,0.0,5.93675418757412,10.591393033331608,5.93675418757412,NGC 4874,7.786640119064498,6695692.997993048,6.964170238328738,5.397656169603307,4.132314006874767,6.964170238328738,1.5007771067124003,-0.06946302071240029,1.4515144988592357,0.09432976164076434,0.04814835043627336,-0.16267852493627338,1.4992593610595661,0.0237023232737672,1.4792932593760173,0.07876578203023277,0.027014431231063174,-0.0621117883039799,0.5801969972545822,0.04397613524687527,0.5886574528792515,-0.04656463608364236,-0.013990809775817403,0.09607112548166569,0.006110162497522055
SDSS J130026.15+280032.0,6,24,516.5722151457799,2066.288860583121,516.5722151457799,2066.288860583121,1.0,1.0,1.0,1.0,1.0,1.0,True,True,True,True,True,6,24,1.371188912,6,24,True,0.737933804814681,0.6172618530742993,1.371188912,1.4339919220000001,1.3678865575,1.4558026588333333,0.1206719517403817,-0.08791610133333316,-0.0628030100000001,0.24999999999999983,0.24999999999999983,4.4276028288880855,14.814284473783182,0.0777874247279262,0.22410448258000312,0.14658440026084119,0.2853303506294765,False,True,10,,,,,,,,,195.108997,28.008893,AG?,0.0185,17.57,19.263,1.6930008,18.77,18.096,17.755,17.479,0.6739998,1.0150013,,,,,,,,-17.43,False,,Other,,,False,1.2376673243346373e+18,2.34063,2.137171306818391,18.59731,17.98395,17.6853,0.01273419,0.01097699,0.01271677,0.03480448,0.02407758,0.01789222,18.56250552,17.95987242,17.66740778,True,0.602633100000002,0.8950977400000006,18.75998,18.08744,17.75028,0.01241237,0.01072785,0.01238956,18.72517552,18.06336242,17.73238778,18.196951991,0.0083188398851751,"SDSS(cModelMag g,r)",18.196951991,SDSS,Vmag_sdss,0.8950977400000006,0.602633100000002,SDSS(cModel extcorr),-16.803048009,,2.137171306818391,SDSS,False,3.2,6.838948181818852,,,,0.8950977400000006,g-i,,1.0,0.0,11.529228576925936,4.4220343555978525,4.4220343555978525,NGC 4889,7.9479310311367035,20828257.246349692,9.907340553384081,9.766709586074013,10.884842388263735,9.907340553384081,1.4867732286946809,-0.11558431669468083,1.4471937260139833,-0.013201804013983187,0.040261056097687764,-0.10306406609768787,1.4806177877045394,-0.11273123020453935,1.4777788564647192,-0.02197619763138592,0.014773710137958973,-0.10268981147129214,0.5991487811788951,0.13878502363578582,0.5895501934648374,0.02771165960946187,0.00046293924946444465,0.12020901249091726,0.012138711316771252
LEDA 126768,994,2553,8324.504302008521,33298.0172080341,16992.35258854231,51219.50452650641,2.041244976525801,1.5382148494459975,1.0,0.937,2.041244976525801,1.5382148494459975,True,True,True,True,True,987,2492,1.509731229,987,2492,True,0.4869716738919531,0.4544957738831594,1.509731229,1.564496565,1.5319316031469097,1.583696258436196,0.03247590000879369,-0.05176465528928631,-0.054765336,0.33175550497074147,0.2499999999999999,480.6410421313577,1132.6034685168333,0.2828424941684655,0.2882107294754898,0.33591199095951446,0.3551353810950318,True,True,10,0.4872594120382789,0.00968482277444961,0.4872594120382789,0.00968482277444961,,,,,195.031143,27.958069,GiC,0.02072,17.58,18.963,1.3829994,17.473,17.07,16.516,16.448,0.40299988,0.9569988,13.800000190734863,0.21,,SIMBAD,E,2003A&A...412...45P,,-17.42,False,1.725000023841858,Members of systems,,5981.540402364631,False,1.237667444048724e+18,9.742112,8.97857217169769,16.64061,17.30416,16.22615,0.01173625,0.01412255,0.01469685,0.03165467,0.02189856,0.01627298,16.608955329999997,17.28226144,16.20987702,True,-0.6733061100000022,0.3990783099999966,17.468,17.05945,16.51539,0.01225075,0.01342484,0.01481177,17.436345329999998,17.037551439999998,16.49911702,16.996205934899997,0.0096219186755878,"SDSS(cModelMag g,r)",16.996205934899997,SDSS,Vmag_sdss,0.3990783099999966,-0.6733061100000022,SDSS(cModel extcorr),-18.003794065100003,1.725000023841858,8.97857217169769,SDSS,False,3.2,28.73143094943261,,,,0.3990783099999966,g-i,12.6,0.9130434656413609,0.0,7.014739872319045,1.1456400923274943,1.1456400923274943,NGC 4889,3.490958415183414,1159863549.2002096,5.564720607584505,4.739412184215819,5.783503014713256,5.564720607584505,1.508257255080541,0.0014739739194589152,1.4538224325549325,0.11067413244506752,0.05236133571086421,-0.10712667171086421,1.5092167267503231,0.022714876396586536,1.4801021751957153,0.1035940832404807,0.033552792233179585,-0.0853174475224659,0.5700739330993936,-0.08310225920744047,0.5881805969664826,-0.1336848230833232,-0.021711256001368584,0.054187156010162274,0.16203848104781593
LEDA 1821555,15,27,253.9501124880651,1015.8004499522604,253.9501124880651,1015.8004499522604,1.0,1.0,1.0,1.0,1.0,1.0,True,True,True,True,True,15,26,1.506068256,15,26,True,0.5876404066704255,0.6642084930766339,1.506068256,1.4254233245,1.4593931623333334,1.4111480618846153,-0.07656808640620838,0.0482451004487181,0.08064493149999996,0.25,0.25,8.814606100056382,17.26942081999248,0.2318108587727769,0.1713526425850327,0.27101421635398776,0.1996734779105408,True,True,10,0.590773535811861,0.05652810136375711,0.590773535811861,0.05652810136375711,,,,,194.8837708333333,27.92104166666667,GiC,0.022732393087754,17.59,19.13,1.539999,18.177,17.48,17.162,16.891,0.6970005,1.0149994,15.59999942779541,0.16,144.0,SIMBAD,E,2003A&A...412...45P,,-17.41,False,1.9499999284744265,Members of systems,dE,7400.366751639261,False,1.2376674440486584e+18,1.967855,1.9101817555378544,18.68619,17.98285,17.64005,0.01504857,0.01222034,0.01481054,0.03477307,0.02405585,0.01787608,18.65141693,17.95879415,17.622173919999998,True,0.6926227800000007,1.0292430100000018,18.89739,18.22351,17.88339,0.01461084,0.01181884,0.01428423,18.86261693,18.19945415,17.865513919999998,18.232769489799995,0.0094895702598931,"SDSS(cModelMag g,r)",18.232769489799995,SDSS,Vmag_sdss,1.0292430100000018,0.6926227800000007,SDSS(cModel extcorr),-16.767230510200005,1.9499999284744265,1.9101817555378544,SDSS,False,3.2,6.112581617721134,,,,1.0292430100000018,g-i,9.6,0.6153846379567893,144.0,2.426685310337878,8.629124278288334,2.426685310337878,NGC 4874,5.206031873740555,79312192.1938589,3.757133910481079,3.411089956610184,2.763983118116543,3.757133910481079,1.4861323737150742,0.01993588228492582,1.4469959958716523,-0.021572671371652197,0.03990011237580518,0.04074481912419478,1.479764699360214,-0.02037153702688066,1.4777095533298583,-0.06656149144524304,0.01421354194336566,0.034031558505352444,0.6000160655900386,-0.01237565891961312,0.5895910476660127,0.07461744541062121,0.0011243815317462102,-0.07769246793795459,0.022016915714101134
GMP 2399,6,9,551.2930962211947,2205.1723848847787,551.2930962211947,2205.1723848847787,1.0,1.0,1.0,1.0,1.0,1.0,True,True,True,True,True,5,9,1.445417693,5,9,True,0.6828659720028171,0.6172181715048125,1.445417693,1.283057924,1.4095170503999999,1.4893145222222222,0.06564780049800456,-0.0797974718222223,0.16235976900000004,0.25,0.25,3.4143298600140852,5.5549635435433125,0.156468185327484,0.3113343413734779,0.2037487233791509,0.4325741974817918,False,True,10,,,,,,,,,195.22406,27.968243,GiC,0.0197,17.63,18.73,1.1000004,,,,,,,,,,,,,,-17.37,False,,Members of systems,,,False,1.2376673243347028e+18,2.670293,2.207827254666137,18.35245,17.66619,17.35618,0.01003664,0.008795105,0.01022614,0.0319718,0.02211794,0.016436,18.3204782,17.64407206,17.339744,True,0.676406140000001,0.9807342000000006,18.43203,17.75506,17.43065,0.009826553,0.008598464,0.009989215,18.4000582,17.73294206,17.414214,17.911398577399996,0.0066227103350618,"SDSS(cModelMag g,r)",17.911398577399996,SDSS,Vmag_sdss,0.9807342000000006,0.676406140000001,SDSS(cModel extcorr),-17.088601422600004,,2.207827254666137,SDSS,False,3.2,7.065047214931639,,,,0.9807342000000006,g-i,,1.0,0.0,17.246066332897517,10.099001505374988,10.099001505374988,NGC 4889,13.661287865208626,1902022.32665694,15.737100641511054,14.847518729279857,15.682741770377577,15.737100641511054,1.4918824164710545,-0.04646472347105446,1.448770120765317,-0.165712196765317,0.04313866384122658,0.11922110515877346,1.48741899652665,-0.07790194612665013,1.4783313726201097,0.01098314960211244,0.019239626115215624,-0.09903709793743792,0.5922343948464768,0.09063157715634029,0.5892244851659236,0.02799368633888888,-0.004810379880372473,0.07045818037837703,0.004731931138213623
SDSS J125948.57+275857.7,0,4,33.62373491974394,134.49493967897573,33.62373491974394,134.49493967897573,1.0,1.0,1.0,1.0,1.0,1.0,True,True,True,True,True,0,4,,0,4,True,,0.5495780466701818,,1.4537591755000001,,1.52561599475,,,,0.25000000000000006,0.25000000000000006,,2.1983121866807274,,0.37212493393208335,,0.3371281845543019,False,True,10,,,,,,,,,194.952406,27.982695,AG?,0.018,17.69,18.83,1.1399994,20.81,20.26,20.02,16.99,0.54999924,0.789999,,,,,,,,-17.31,False,,Other,dE,,False,1.2376674440486587e+18,0.7712224,0.5452514006140664,20.80794,20.24769,19.96783,0.03960525,0.03740309,0.04404699,0.02726468,0.01886158,0.01401617,20.78067532,20.22882842,19.95381383,True,0.551846900000001,0.8268614900000024,20.80585,20.24771,20.01403,0.03964962,0.03383691,0.04418748,20.77858532,20.22884842,20.00001383,20.445085649,0.0273982921545513,"SDSS(cModelMag g,r)",20.445085649,SDSS,Vmag_sdss,0.8268614900000024,0.551846900000001,SDSS(cModel extcorr),-14.554914351000004,,0.5452514006140664,SDSS,False,3.2,1.7448044819650126,,,,0.8268614900000024,g-i,,1.0,0.0,3.170430437528054,4.322899258764681,3.170430437528054,NGC 4874,1.1411288210228172,55881131.24374011,1.5247013591054364,3.108445940951461,4.3115588277443635,1.5247013591054364,,,1.4347829267379775,0.01897624876202264,,,,,1.4734289516610515,0.052187043088948615,,,,,0.5921144625458712,-0.04253641587568935,,,0.03107238319119159
SDSS J125953.93+275813.6,12,47,551.6635317148472,2206.6541268593883,729.6178814890967,2846.7842991912917,1.3225776937276932,1.2900908504600883,1.0,1.0,1.3225776937276932,1.2900908504600883,True,True,True,True,True,12,47,1.5436339365,12,47,True,0.6221189423937014,0.6275501869448074,1.5436339365,1.437489539,1.51471976475,1.4676419262553189,-0.005431244551105996,0.04707783849468106,0.10614439750000004,0.25629545648975405,0.25000000000000006,7.465427308724416,29.494858786405945,0.1933984921523669,0.20951389621356029,0.22236069731746747,0.23166492591358132,True,True,10,0.6217515440857129,0.054186300966137434,0.6217515440857129,0.054186300966137434,,,,,194.974723,27.970469,G,0.0225,17.78,18.93,1.1499996,18.658,17.963,17.541,17.474,0.6950016,1.1170006,,,,,,,,-17.22,False,,Regular galaxies,S,,False,1.237667444048659e+18,2.250723,2.2085688930460337,18.55435,17.84544,17.52467,0.01273515,0.01070446,0.01284431,0.02852804,0.01973557,0.01466564,18.52582196,17.82570443,17.51000436,True,0.70011753,1.0158175999999983,18.59274,17.8912,17.54356,0.01265617,0.01054027,0.01279576,18.56421196,17.87146443,17.52889436,18.102752617299995,0.0081945309831007,"SDSS(cModelMag g,r)",18.102752617299995,SDSS,Vmag_sdss,1.0158175999999983,0.70011753,SDSS(cModel extcorr),-16.897247382700005,,2.2085688930460337,SDSS,False,3.0,6.625706679138101,,,,1.0158175999999983,g-i,,1.0,0.0,4.079981463054035,3.151806872879507,3.151806872879507,NGC 4889,0.4696311623195278,71668547.49220352,2.523618555490392,2.779053850233632,4.0658038844913404,2.523618555490392,1.488458665694304,0.055175270805696064,1.4477137527102413,-0.010224213710241292,0.04121033155469683,0.06493406594530321,1.482861394612854,0.031858370137145986,1.4779611224553117,-0.010319196199992886,0.016246942353083937,0.03083089614159712,0.596867838871737,0.025251103521964358,0.5894427476550334,0.038107439289774,-0.0012766419836519605,-0.0041546025674540354,0.026423504066572345
SDSS J125930.25+280115.0,10,8,162.94773293943328,651.7909317577331,162.94773293943328,651.7909317577331,1.0,1.0,1.0,1.0,1.0,1.0,True,True,True,True,True,10,7,1.4851309475,10,7,True,0.5579249794845927,0.7143806524136608,1.4851309475,1.423845297,1.4889171227,1.327498678,-0.15645567292906803,0.1614184447,0.06128565050000012,0.25,0.25,5.579249794845928,5.000664566895625,0.28292748472426976,0.08893070627492827,0.2881975792359482,0.2694046467641681,True,True,10,0.5651059343324475,0.09036604438227248,0.5651059343324475,0.09036604438227248,,,,,194.87607,28.020844,G,0.024,17.82,19.182,1.3619995,18.391,18.414,18.057,17.044,-0.02299881,0.33400154,7.04,,,NED,,,2007SDSS6.C...0000:,-17.18,False,0.88,Regular galaxies,dGs...,3520.464821604657,False,1.2376673243345715e+18,1.462938,1.2003225761558354,19.04043,18.3196,18.02032,0.01254655,0.01038284,0.01157475,0.02727084,0.01886584,0.01401934,19.01315916,18.30073416,18.00630066,True,0.7124249999999996,1.0068585,19.12647,18.40746,18.0529,0.01245072,0.01025749,0.01148795,19.09919916,18.38859416,18.03888066,18.58282841,0.0079992479332738,"SDSS(cModelMag g,r)",18.58282841,SDSS,Vmag_sdss,1.0068585,0.7124249999999996,SDSS(cModel extcorr),-16.417171590000002,0.88,1.2003225761558354,SDSS,False,3.2,3.8410322436986735,,,,1.0068585,g-i,,1.0,0.0,3.8868227575351106,8.756815184632249,3.8868227575351106,NGC 4874,5.730108495663906,21233135.033039395,4.049327538680103,6.569658904254445,7.2118488566116365,4.049327538680103,1.4798690384828024,0.005261909017197697,1.445063499119105,-0.021218202119104967,0.03637246321636137,0.024913187283638755,1.4714271215098655,0.01749000119013444,1.4770322257283048,-0.14953354772830485,0.008738791335438034,0.15267965336456196,0.6084923873501509,-0.050567407865558134,0.5899903323181572,0.12439032009550355,0.007588924809966313,-0.16404459773903435,0.018275973356860483
[EDG2007] 474,0,0,53.456162496238825,213.8246499849553,0.0,0.0,0.0,0.0,0.0,0.0,0.0,0.0,False,False,False,False,False,0,0,,0,0,True,,,,,,,,,,,0.25,,,,,,,False,False,10,,,,,,,,,194.85670833333333,28.081583333333334,GiC,0.0256644214845458,17.9,19.322,1.4220009,,,,16.92,,,5.5,,,NED,,,2007SDSS6.C...0000:,-17.1,False,0.6875,Members of systems,,2935.1805352980878,False,,,,,,,,,,,,,,,,False,,,,,,,,,,,,,,,17.899999618530273,SIMBAD,,,,,-17.100000381469727,0.6875,0.6875,SIMBAD_proxy(maj/8),True,3.2,2.2,,,,1.4220008850097656,B-V,,1.0,0.0,7.671050001945094,11.281142903182737,7.671050001945094,NGC 4874,8.944381191801774,3636578.1682696827,7.631640740652824,10.220148773772479,10.960151269285895,7.631640740652824,,,,,,,,,,,,,,,,,,,
SDSS J130008.39+275716.7,292,1338,3094.576685268965,12378.30674107586,6316.789113279139,21268.709556302943,2.041244976525801,1.7182244713427077,1.0,0.935,2.041244976525801,1.7182244713427077,True,True,True,True,True,290,1282,1.5500833515,290,1282,True,0.47052199315522286,0.4474555296211369,1.5500833515,1.5824382,1.5525286220827588,1.5866525405538223,0.02306646353408598,-0.03412391847106355,-0.03235484849999981,0.296999171320536,0.25,136.45137801501463,573.6379889742975,0.29032924813075706,0.29338978744896066,0.33337679453216784,0.3742099680798488,True,True,10,0.4694508431494179,0.016668031669647938,0.4694508431494179,0.016668031669647938,,,,,195.03466666666665,27.954916666666676,GiC,0.0207009877479973,18.03,19.21,1.1799984,18.238,,17.431,17.267,,0.8070011,4.84,,,NED,,,2007SDSS6.C...0000:,-16.97,False,0.605,Members of systems,dE,2095.996991048066,False,1.237667444048724e+18,5.592635,5.230876154768637,18.41567,24.81021,17.79011,0.01423217,25.80334,0.01490458,0.03191571,0.02207914,0.01640717,18.38375429,24.788130860000003,17.773702829999998,True,-6.404376570000004,0.6100514600000011,18.23765,24.81021,17.43091,0.01861826,6.193195,0.02166967,18.20573429,24.788130860000003,17.41450283,22.1523364663,15.22397171828374,"SDSS(cModelMag g,r)",22.1523364663,SDSS,Vmag_sdss,0.6100514600000011,-6.404376570000004,SDSS(cModel extcorr),-12.847663533700004,0.605,5.230876154768637,SDSS,False,3.2,16.73880369525964,,,,0.6100514600000011,g-i,,1.0,0.0,7.20592089397856,1.3274135806833522,1.3274135806833522,NGC 4889,3.7108537413778473,746533184.4416767,5.777656592054801,4.856456594727542,5.864296781402549,5.777656592054801,1.4160025740655309,0.13408077743446922,1.4253580657507723,0.15708013424922762,0.0004014555721615909,-0.0327563040721614,1.3864098584449969,0.1661187636377619,1.470125598897833,0.11652694165598931,-0.04708657197787394,0.01296265350681039,0.6949244051179744,-0.2244024119627515,0.5940617891511171,-0.1466062595299802,0.07350708309807119,-0.05044061956398521,0.23475270350755928
SDSS J130025.97+280344.6,21,25,677.6392655927909,2710.557062371164,677.6392655927909,2710.557062371164,1.0,1.0,1.0,1.0,1.0,1.0,True,True,True,True,True,21,25,1.423210782,21,25,True,0.48857076999870214,0.6585890281248665,1.423210782,1.412319092,1.5715753616666668,1.41558011464,-0.1700182581261644,0.15599524702666678,0.01089169000000001,0.24999999999999994,0.24999999999999994,10.259986169972745,16.464725703121662,0.3244617784146343,0.1960871199077292,0.3920992769397066,0.2028057006985008,True,True,10,0.485901068111374,0.06927985954892979,0.485901068111374,0.06927985954892979,,,,,195.108242,28.062409,G,0.025,18.05,19.63,1.5799999,19.342,18.652,18.296,18.034,0.6899986,1.0459995,5.22,,,NED,,,2007SDSS6.C...0000:,-16.95,False,0.6525,Regular galaxies,,2715.8171061192106,False,1.2376673243346378e+18,2.475626,2.4477840177081527,19.13984,18.47298,18.20935,0.02169704,0.01877794,0.02210723,0.03545551,0.02452796,0.0182269,19.10438449,18.44845204,18.1911231,True,0.6559324500000017,0.9132613899999988,19.33166,18.64641,18.28921,0.02094592,0.01813107,0.0215745,19.29620449,18.62188204,18.2709831,18.7073843445,0.0142084100251035,"SDSS(cModelMag g,r)",18.7073843445,SDSS,Vmag_sdss,0.9132613899999988,0.6559324500000017,SDSS(cModel extcorr),-16.292615655500004,0.6525,2.4477840177081527,SDSS,False,3.2,7.832908856666089,,,,0.9132613899999988,g-i,,1.0,0.0,12.704784165362682,6.466741929014019,6.466741929014019,NGC 4889,9.41022727466008,6965241.482342461,11.063695705733315,11.616910369142364,12.851208943240861,11.063695705733315,1.4776404548703732,-0.05442967287037326,1.4443758893338887,-0.032056797333888776,0.03511727555426261,-0.024225585554262602,1.4684604929205318,0.10311486874613496,1.4767912229498985,-0.06121110830989851,0.006790797329928211,0.14920444969673857,0.6115083829926852,-0.12293761299398304,0.5901324034670683,0.06845662465779823,0.009889101102215525,-0.17990735922837992,0.009908527964355653
LEDA 44637,2,3,443.8147068521442,1775.258827408576,443.8147068521442,1355.232588843707,1.0,0.7634,1.0,0.7634,1.0,0.7634,True,False,False,True,True,1,3,1.736867629,1,3,True,0.4275127111023867,0.5827897807203811,1.736867629,1.594658143,1.736867629,1.6025099763333335,-0.15527706961799442,0.13435765266666655,0.14220948600000005,0.32748231595493854,0.2500000000000001,0.4275127111023867,1.7483693421611435,,0.14440557667256967,,0.09227680823005556,False,True,10,,,,,,,,,194.905032,27.870463,AG?,0.0211,18.14,19.283,1.1430016,18.971,18.092,17.764,17.521,0.8790016,1.2070007,10.4,,,NED,,,20032MASX.C.......:,-16.86,False,1.3,Other,,4588.382250133997,False,1.237667444048659e+18,2.401519,1.980955218692897,18.61829,17.98405,17.71473,0.01376807,0.01096297,0.01380794,0.03536076,0.02446241,0.01817819,18.58292924,17.959587589999998,17.69655181,True,0.6233416500000004,0.8863774299999996,18.75309,18.05203,17.71051,0.01342186,0.01073602,0.01360451,18.71772924,18.02756759,17.69233181,18.2051576665,0.0085849862205673,"SDSS(cModelMag g,r)",18.2051576665,SDSS,Vmag_sdss,0.8863774299999996,0.6233416500000004,SDSS(cModel extcorr),-16.794842333500004,1.3,1.980955218692897,SDSS,False,3.2,6.33905669981727,,,,0.8863774299999996,g-i,,1.0,0.0,5.337391114872821,9.350728221171545,5.337391114872821,NGC 4874,6.6994594269974,9326963.292387102,6.121070166776896,4.2676191079995975,2.9811357603545683,6.121070166776896,1.4866264108491754,0.2502412181508247,1.4471484266648134,0.1475097163351866,0.04017836503452704,0.10203112096547301,1.4804223478675633,0.2564452811324367,1.4777629793360851,0.12474699699724834,0.014645377379272517,0.11971227528739403,0.5993474732898041,-0.1718347621874174,0.5895595530328945,-0.006769772312513411,0.0006144735807891433,-0.15589154319878357,0.0032055272368689686
SDSS J125915.58+275356.9,8,22,899.1173205803764,3596.469282321506,898.398026723912,2365.0382000546224,0.9992,0.6576000000000001,0.9992,0.6576,0.9992,0.6576,True,False,False,True,True,8,22,1.430487053,8,22,True,0.5445743173573044,0.6040530247397398,1.430487053,1.4767187805000002,1.4463402681250002,1.5209982379545457,-0.059478707382435325,-0.07465796982954553,-0.04623172750000015,0.37986618004866174,0.24999999999999997,4.3565945388584355,13.289166544274275,0.2724409207458713,0.23082070100371238,0.39637438802637076,0.2318419188977303,False,True,10,,,,,,,,,194.8147083333333,27.89930555555555,GiC,0.0175629147433489,18.18,19.362,1.1819992,18.135,17.429,17.163,17.058,0.7059994,0.9720001,6.21,,,NED,,,2007SDSS6.C...0000:,-16.82,False,0.77625,Members of systems,SBa,2290.336679764223,False,1.2376674440485934e+18,3.466226,2.819564249134048,18.76148,17.78226,17.80239,0.01765995,0.01494199,0.02021308,0.04119965,0.02850172,0.02117984,18.72028035,17.75375828,17.78121016,True,0.96652207,0.9390701899999988,18.13526,17.42892,17.16264,0.01751236,0.01418745,0.02014331,18.09406035,17.40041828,17.14146016,18.1400323287,0.0114080613812361,"SDSS(cModelMag g,r)",18.1400323287,SDSS,Vmag_sdss,0.9390701899999988,0.96652207,SDSS(cModel extcorr),-16.8599676713,0.77625,2.819564249134048,SDSS,False,3.0,8.458692747402145,,,,0.9390701899999988,g-i,,1.0,0.0,5.727336133549141,12.511599665563155,5.727336133549141,NGC 4874,9.033178703840244,6714980.752737872,7.334383120512385,7.273818436554839,6.427173278794688,7.334383120512385,1.4877916484683833,-0.05730459546838329,1.4475079504379402,0.029210830062059934,0.040834652676097205,-0.08706638017609736,1.481973479813087,-0.03563321168808686,1.4778889900911523,0.04310924786339343,0.015663905867300543,-0.09032187569684608,0.5977705292781692,-0.05319621192086477,0.5894852696870099,0.014567755052729892,-0.0005881969995698566,-0.05889051038286547,0.011419309127454026
SDSS J130000.97+275929.5,10,30,179.2810197087999,717.1240788351995,357.0333938236484,1193.818536448807,1.9914734666478675,1.6647307930140711,1.0,1.0,1.9914734666478675,1.6647307930140713,True,True,True,True,True,7,30,1.783320248,7,30,True,0.3381522211560753,0.6164273347473876,1.783320248,1.3594432694999998,1.7144915954285713,1.4307259473999996,-0.27827511359131235,0.28376564802857174,0.4238769785000003,0.29906839517310396,0.25000000000000006,2.367065548092527,18.49282004242163,0.33809629271061953,0.25798901851330125,0.3332618438300458,0.26378963378213993,False,True,10,,,,,,,,,195.004049,27.991542,G,0.0251,18.23,19.666,1.4360008,20.99,19.25,18.73,18.39,1.7399998,2.2600002,5.39,,,NED,,,2007SDSS6.C...0000:,-16.77,False,0.67375,Regular galaxies,dE...,2815.1393916964907,False,1.237667324334637e+18,1.270285,1.2590441808771493,21.19089,19.08823,18.61287,0.1205734,0.02314668,0.0315757,0.02965461,0.02051492,0.01524479,21.16123539,19.06771508,18.59762521,True,2.093520309999999,2.5636101799999977,20.98026,19.23927,18.72824,0.05403992,0.01973615,0.02014627,20.95060539,19.21875508,18.71299521,19.9160584071,0.0512867393810147,"SDSS(cModelMag g,r)",19.9160584071,SDSS,Vmag_sdss,2.5636101799999977,2.093520309999999,SDSS(cModel extcorr),-15.083941592900004,0.67375,1.2590441808771493,SDSS,False,3.2,4.028941378806878,,,,2.5636101799999977,g-i,,1.0,0.0,5.904586438136475,1.7980844571372088,1.7980844571372088,NGC 4889,2.445545509755977,304497760.25243115,4.266457759903924,4.718086361929905,5.990355299049678,4.266457759903924,1.4560145787570307,0.32730566924296944,1.4377034163126947,-0.07826014681269489,0.02293710303205873,0.4009398754679415,1.4396727274584578,0.27481886797011357,1.4744525643509032,-0.04372661695090363,-0.012112274916381033,0.29587792294495274,0.640775199709843,-0.3026229785537677,0.5915110428183112,0.024916291929076406,0.03220970296682646,-0.3104848165581388,0.08805931402461986
SDSS J130022.65+275754.8,1,2,58.71030481480469,234.84121925921875,58.71030481480469,234.84121925921875,1.0,1.0,1.0,1.0,1.0,1.0,True,True,True,True,True,1,2,1.23808622,1,2,True,0.8039471226630276,0.7898494300767605,1.23808622,1.1989383820000001,1.23808622,1.1989383820000001,0.014097692586267141,0.03914783799999988,0.03914783799999988,0.25,0.25,0.8039471226630276,1.579698860153521,,0.0235272401596618,,0.09033852552341382,False,True,10,,,,,,,,,195.094378,27.965247,G,0.0214,18.3,20.122,1.8220005,21.37,20.09,19.76,17.5,1.2800007,1.6100006,,,,,,,,-16.7,False,,Regular galaxies,,,False,1.237667444048724e+18,0.7301825,0.720495015855537,21.60657,20.07719,19.73829,0.06104267,0.02998838,0.03839239,0.03425521,0.0236976,0.01760986,21.57231479,20.053492400000003,19.72068014,True,1.5188223899999969,1.8516346500000007,21.36275,20.07721,19.76054,0.06320942,0.02998838,0.03841232,21.32849479,20.0535124,19.74293014,20.6662095799,0.0306500055895675,"SDSS(cModelMag g,r)",20.6662095799,SDSS,Vmag_sdss,1.8516346500000007,1.5188223899999969,SDSS(cModel extcorr),-14.333790420099998,,0.720495015855537,SDSS,False,3.2,2.3055840507377185,,,,1.8516346500000007,g-i,,1.0,0.0,10.371560398225919,3.2901908643050426,3.2901908643050426,NGC 4889,6.791424717909634,49812695.692581646,8.870314907391709,8.0704680755758,9.021472577522427,8.870314907391709,1.442592700327411,-0.20450648032741103,1.4335622142986812,-0.2346238322986811,0.015377603754988978,0.0237702342450109,1.42180589578573,-0.18371967578573,1.4730010998534844,-0.27406271785348424,-0.023844273023951035,0.06299211102395091,0.6589393496356486,0.145007773027379,0.5923666812060322,0.19748274887072825,0.04606275581576569,-0.03196506322949855,0.009353493035340759
SDSS J130042.87+280313.7,7,21,685.8804191582751,2743.5216766331005,685.8804191582751,2743.5216766331005,1.0,1.0,1.0,1.0,1.0,1.0,True,True,True,True,True,7,21,1.517101718,7,21,True,0.6825891498545198,0.6091468138477371,1.517101718,1.368082207,1.4194045391428571,1.4395249462380952,0.07344233600678274,-0.020120407095238102,0.14901951099999988,0.25,0.25,4.778124048981638,12.792083090802478,0.0904320149089679,0.2803920012795243,0.18510437961141518,0.3778382890118299,False,True,10,,,,,,,,,195.178632,28.053822,G,0.0226,18.34,19.505,1.164999,19.257,18.571,18.194,18.057,0.6860008,1.0629997,,,,,,,,-16.66,False,,Regular galaxies,,,False,1.237667324334703e+18,3.361696,2.4626234777725764,19.22061,18.56256,18.24216,0.01990558,0.01770487,0.02046511,0.03574946,0.02473131,0.01837802,19.18486054,18.53782869,18.22378198,True,0.6470318499999976,0.9610785600000008,19.24647,18.56495,18.1867,0.01957542,0.01768835,0.0205074,19.21072054,18.54021869,18.16832198,18.7931117485,0.0132560509788579,"SDSS(cModelMag g,r)",18.7931117485,SDSS,Vmag_sdss,0.9610785600000008,0.6470318499999976,SDSS(cModel extcorr),-16.2068882515,,2.4626234777725764,SDSS,False,3.2,7.880395128872244,,,,0.9610785600000008,g-i,,1.0,0.0,15.873207804504695,8.951923374208246,8.951923374208246,NGC 4889,12.368583374097746,2698175.4252773672,14.228790495067253,14.306996374228259,15.444664935300308,14.228790495067253,1.4761066003137242,0.04099511768627573,1.4439026320612567,-0.07582042506125664,0.03425337468726247,0.11476613631273741,1.4664186683489713,-0.04701412920611414,1.4766253493395203,-0.03710040310142504,0.005450062584768989,-0.02557046968000709,0.6135841851449286,0.06900496470959117,0.590230185967985,0.018916627879752013,0.011472230345060841,0.0619701056617219,0.007228358461161803
SDSS J130032.48+275833.2,10,34,1546.661832403406,6186.647329613625,1546.661832403406,6186.647329613625,1.0,1.0,1.0,1.0,1.0,1.0,True,True,True,True,True,9,31,1.522867118,9,31,True,0.5958993789189058,0.6038611000875767,1.522867118,1.398625601,1.507421267888889,1.4994109178387094,-0.007961721168670888,0.008010350050179582,0.12424151699999997,0.24999999999999997,0.24999999999999997,5.363094410270151,18.719694102714875,0.21516220275978654,0.2554900321078994,0.25753524387298377,0.3565382449554068,False,True,10,,,,,,,,,195.135345,27.975893,G,0.0281361314299641,18.52,,,19.6,19.0,18.65,18.5,0.6000004,0.95000076,5.6881,,,NED,,,2007SDSS6.C...0000:,-16.48,False,0.7110125,Regular galaxies,dE,3317.9816163301944,False,1.2376673243346378e+18,4.940214,3.698039089380649,19.29109,18.99175,18.63312,0.03968271,0.06515902,0.04513678,0.03495927,0.02418466,0.0179718,19.25613073,18.96756534,18.6151482,True,0.2885653899999987,0.6409825299999987,19.58894,18.99175,18.64226,0.03764711,0.0527066,0.04052578,19.55398073,18.96756534,18.6242882,19.0758771499,0.041744909172162,"SDSS(cModelMag g,r)",19.0758771499,SDSS,Vmag_sdss,0.6409825299999987,0.2885653899999987,SDSS(cModel extcorr),-15.924122850100002,0.7110125,3.698039089380649,SDSS,False,3.2,11.833725086018076,,,,0.6409825299999987,g-i,,1.0,0.0,12.575474735129946,5.384449583914499,5.384449583914499,NGC 4889,8.971820232963056,11691849.542053541,11.039470714821793,10.332577720279088,11.279773838570701,11.039470714821793,1.4710472962970054,0.051819821702994595,1.442341628503267,-0.043716027503267085,0.03140386258227573,0.09283765441772424,1.4596838634018197,0.04773740448706931,1.4760782276977602,0.023332690140949186,0.001027749757171098,0.006982600293008484,0.6204310625892293,-0.024531683670323545,0.5905527142008665,0.013308385886710128,0.016694063212194188,-0.024655784380865076,0.006350928662161228
SDSS J130022.65+275754.9,5,1,35.62583740629503,142.5033496251801,35.62583740629503,142.5033496251801,1.0,1.0,1.0,1.0,1.0,1.0,True,True,True,True,True,5,1,1.61477134,5,1,True,0.5247384273793302,0.7959622781532376,1.61477134,1.186282719,1.6382596162000003,1.186282719,-0.2712238507739074,0.4519768972000002,0.42848862100000007,0.25,0.25,2.623692136896651,0.7959622781532376,0.24135343396227738,,0.19662225728691135,,False,True,10,,,,,,,,,194.8884583333333,28.031333333333333,G,0.0237,18.59,19.771,1.1809998,,,,17.75,,,4.49,,,NED,,,2007SDSS6.C...0000:,-16.41,False,0.56125,Regular galaxies,,2218.036527386589,False,,,,,,,,,,,,,,,,False,,,,,,,,,,,,,,,18.59000015258789,SIMBAD,,,,,-16.40999984741211,0.56125,0.56125,SIMBAD_proxy(maj/8),True,3.2,1.7960000000000005,,,,1.180999755859375,B-V,,1.0,0.0,4.3595937711144,8.357529524023352,4.3595937711144,NGC 4874,5.600676502770355,16191194.737635065,4.17963344763517,6.769256699218017,7.544494719721517,4.17963344763517,1.4797407200042965,0.13503061999570365,1.4450239075861901,-0.2587411885861901,0.03630019140652582,0.3921884295934742,1.4712563075162812,0.16700330868371904,1.477018349152318,-0.29073563015231807,0.008626628782715418,0.4433502684172848,0.6086660438240981,-0.08392761644476787,0.5899985125603371,0.20596376559290053,0.00772136548684782,-0.27894521626075525,0.010429189627934031
SDSS J130020.39+280413.9,5,13,371.7770641698613,1487.108256679445,371.7770641698613,1487.108256679445,1.0,1.0,1.0,1.0,1.0,1.0,True,True,True,True,True,5,12,1.288421673,5,12,True,0.46397717768462865,0.6780114416761448,1.288421673,1.1667713009999998,1.2933019668,1.2823423959166667,-0.21403426399151615,0.010959570883333436,0.12165037200000017,0.25000000000000006,0.25000000000000006,2.3198858884231432,8.136137300113738,0.31649009079445295,0.24457850637355646,0.5174824946128237,0.42537631216988625,False,True,10,,,,,,,,,195.084967,28.070544,G,0.0235,18.59,,,19.91,19.29,18.91,18.86,0.61999893,1.0,4.11,,,NED,,,2007SDSS6.C...0000:,-16.41,False,0.51375,Regular galaxies,,2013.6731285631995,False,1.2376673243346378e+18,1.8881,1.8130722466886329,19.91841,19.17591,18.71256,0.02778827,0.02579221,0.02969451,0.0352913,0.02441436,0.01814248,19.8831187,19.15149564,18.69441752,True,0.731623060000004,1.1887011800000025,19.90314,19.28362,18.90176,0.02759279,0.02524135,0.02888741,19.8678487,19.25920564,18.88361752,19.4414610946,0.0190098441809053,"SDSS(cModelMag g,r)",19.4414610946,SDSS,Vmag_sdss,1.1887011800000025,0.731623060000004,SDSS(cModel extcorr),-15.558538905400004,0.51375,1.8130722466886329,SDSS,False,3.2,5.801831189403625,,,,1.1887011800000025,g-i,,1.0,0.0,11.909929601496849,6.23276119744283,6.23276119744283,NGC 4889,8.791233640761428,7831259.952389191,10.289687897614844,11.106066314244835,12.371331430591102,10.289687897614844,1.4645061837326288,-0.17608451073262876,1.4403234260089195,-0.2735521250089197,0.02771976307556906,0.09393060892443111,1.4509765160843102,-0.15767454928431013,1.4753708607885307,-0.1930284648718641,-0.0046898046543872585,0.015649375537720694,0.6292833070737801,-0.16530612938915146,0.5909697070262623,0.08704173464988252,0.023445307348425093,-0.23747957133994124,0.008686531459775956
LEDA 126785,6,16,269.8531015785881,1079.4124063143527,269.8531015785881,1079.4124063143527,1.0,1.0,1.0,1.0,1.0,1.0,True,True,True,True,True,6,16,1.3377161690000001,6,16,True,0.7296201409594879,0.5137759212443495,1.3377161690000001,1.5134870325,1.3509455525,1.569450181,0.21584421971513845,-0.21850462850000008,-0.17577086349999993,0.24999999999999994,0.24999999999999994,4.377720845756928,8.220414739909591,0.09736524297763574,0.32850937384859746,0.16806528177250823,0.45164269880255803,False,True,10,,,,,,,,,194.93366666666665,28.013,GiC,0.044067,18.62,19.718,1.0979996,,,,17.31,,,4.51,,,NED,,,2007SDSS6.C...0000:,-16.38,False,0.56375,Members of systems,,4042.1782468143897,False,1.237667324334572e+18,1.802485,1.544676431865832,19.29103,18.51719,18.1263,0.01700943,0.01532389,0.0173158,0.02599423,0.01798269,0.01336307,19.26503577,18.49920731,18.11293693,True,0.7658284600000016,1.1520988400000007,19.38072,18.73537,18.38664,0.0167432,0.01488413,0.01694963,19.35472577,18.71738731,18.37327693,18.8031969786,0.0114182403100267,"SDSS(cModelMag g,r)",18.8031969786,SDSS,Vmag_sdss,1.1520988400000007,0.7658284600000016,SDSS(cModel extcorr),-16.196803021400004,0.56375,1.544676431865832,SDSS,False,3.2,4.942964581970664,,,,1.1520988400000007,g-i,,1.0,0.0,3.7170116708140366,5.724243727208095,3.7170116708140366,NGC 4874,3.1981840096625103,30589355.53688435,2.5676790767970163,4.965290766963612,6.0304139876899505,2.5676790767970163,1.475926153042234,-0.13820998404223395,1.443846956649798,0.06964007585020204,0.034151742786367845,-0.20992260628636777,1.4661784619544325,-0.11523290945443243,1.4766058354682243,0.09284434553177578,0.005292334509765184,-0.22379696300976526,0.613828388764432,0.11579175219505589,0.5902416893960079,-0.0764657681516584,0.011658474439097899,0.20418574527604055,0.017152217951473182
SDSS J125915.81+275309.7,1,98,5172.159510404085,20688.638041616345,454.1156050134787,8275.455216646538,0.0878,0.4,0.0878,0.4,0.0878,0.4,False,False,False,True,True,1,95,1.43334951,1,95,True,0.6838365893018332,0.6117527910535813,1.43334951,1.454660384,1.43334951,1.4947448015052636,0.07208379824825195,-0.06139529150526357,-0.02131087400000009,0.05487499999999999,0.24999999999999994,0.6838365893018332,58.11651515009022,,0.227782852266392,,0.2704910200284115,False,True,10,,,,,,,,,194.815375,27.88605555555556,AG?,0.0219764618341702,18.78,20.136,1.355999,18.782,18.089,17.784,17.732,0.6929989,0.9979992,4.54,,,NED,,,2007SDSS6.C...0000:,-16.22,False,0.5675,Other,dE...,2083.9888841031925,False,1.237667444048594e+18,7.512209,6.762538775984814,19.53027,18.37165,18.37387,0.02616941,0.02266169,0.02920226,0.04164869,0.02881237,0.02141068,19.488621310000003,18.34283763,18.35245932,True,1.1457836800000043,1.1361619900000015,18.78214,18.08875,17.78445,0.02606315,0.02153244,0.02844043,18.74049131,18.05993763,17.76303932,18.8026089388,0.0171431849354588,"SDSS(cModelMag g,r)",18.8026089388,SDSS,Vmag_sdss,1.1361619900000015,1.1457836800000043,SDSS(cModel extcorr),-16.1973910612,0.5675,6.762538775984814,SDSS,False,3.2,21.64012408315141,,,,1.1361619900000015,g-i,,1.0,0.0,6.232298025271222,12.797800217231767,6.232298025271222,NGC 4874,9.393513238796247,5352025.6309858225,7.798150616346147,7.488970246346225,6.538698855631585,7.798150616346147,1.4759366743864557,-0.04258716438645571,1.443850202917607,0.010810181082393067,0.034157668640521166,-0.05546854264052126,1.4661924676755516,-0.032842957675551565,1.4766069732640763,0.01813782824118726,0.005301531165147311,-0.06669682267041088,0.6138141499770027,0.07002243932483054,0.590241018665301,0.02151177238828028,0.011647615099378117,0.060436183148873834,0.014599985710853938
SDSS J130005.34+275628.8,10,31,234.21500151891408,936.860006075656,478.0901952774662,1912.360781109864,2.041244976525801,2.041244976525801,1.0,1.0,2.041244976525801,2.041244976525801,True,True,True,True,True,10,30,1.4947647405,10,30,True,0.5742160093412486,0.5452599746608672,1.4947647405,1.4361868025,1.4599347875000002,1.4650616047333331,0.028956034680381437,-0.00512681723333297,0.058577937999999996,0.2500000000000001,0.2500000000000001,5.742160093412486,16.357799239826015,0.23955615543114342,0.2701594841498611,0.21215599715684738,0.3093674750603451,True,True,10,0.5809167895861334,0.06745021384271106,0.5809167895861334,0.06745021384271106,,,,,195.022289,27.941354,G,0.0237,18.91,19.995,1.085001,19.759,19.106,18.827,18.586,0.6529999,0.9320011,,,,,,,,-16.09,False,,Regular galaxies,,,False,1.2376674440487245e+18,1.657888,1.4390675074507826,19.70556,19.05372,18.94292,0.0256307,0.01995626,0.02691429,0.03154751,0.02182442,0.01621789,19.67401249,19.03189558,18.92670211,True,0.6421169100000022,0.7473103799999983,19.75329,19.09629,18.82524,0.02376873,0.01972249,0.02715298,19.72174249,19.07446558,18.80902211,19.285163513099995,0.0157816992417538,"SDSS(cModelMag g,r)",19.285163513099995,SDSS,Vmag_sdss,0.7473103799999983,0.6421169100000022,SDSS(cModel extcorr),-15.714836486900005,,1.4390675074507826,SDSS,False,3.2,4.605016023842505,,,,0.7473103799999983,g-i,,1.0,0.0,6.633122354117643,2.224598907121029,2.224598907121029,NGC 4889,3.3762597307846978,161733041.95716122,5.341340639113377,4.0328376795424985,4.940676851447108,5.341340639113377,1.4673026962407758,0.02746204425922416,1.4411862652375478,-0.004999462737547811,0.029294820873515065,0.02928311712648493,1.4546991558411628,0.005235631658837336,1.4756732803524872,-0.010611675619154104,-0.002245386786544179,-0.002881430446788791,0.6254987196381437,-0.05128271029689513,0.5907914306794558,-0.045531456018588656,0.02055895758961701,0.008397077090764427,0.04669053211873535
ECO 11482,0,0,378.770364797065,1515.08145918826,0.0,0.0,0.0,0.0,0.0,0.0,0.0,0.0,False,False,False,False,False,0,0,,0,0,True,,,,,,,,,,,0.25,,,,,,,False,False,10,,,,,,,,,195.22821669836,27.842038408099995,GiC,0.02363,16.59,17.47,0.87999916,16.974,16.253,15.896,15.647,0.7210007,1.078001,4.199999809265137,0.07,0.0,SIMBAD,E,2022ApJS..262...36S,,-18.41,False,0.5249999761581421,Members of systems,Sa,2068.825434747248,False,1.2376674440487898e+18,2.63184,1.8300451702709009,16.97714,16.29624,15.9477,0.004498697,0.003730387,0.004007728,0.02746416,0.01899958,0.01411872,16.949675839999998,16.277240420000002,15.93358128,True,0.6724354199999958,1.016094559999999,16.9657,16.24574,15.89333,0.004474238,0.003703904,0.003977473,16.938235839999997,16.226740420000002,15.87921128,16.5429389422,0.0028716092161884,"SDSS(cModelMag g,r)",16.5429389422,SDSS,Vmag_sdss,1.016094559999999,0.6724354199999958,SDSS(cModel extcorr),-18.4570610578,0.5249999761581421,1.8300451702709009,SDSS,False,3.0,5.490135510812702,,,,1.016094559999999,g-i,4.2,1.0,0.0,18.83060520313208,13.112001211343857,13.112001211343857,NGC 4889,15.816622342789286,935484.8357294695,17.73177754088469,15.8370797140024,16.115765114648877,17.73177754088469,,,,,,,,,,,,,,,,,,,
2MASX J13001036+2757332,73,167,466.6535871019796,1866.6143484079191,952.5542904496612,3810.217161798646,2.041244976525801,2.041244976525801,1.0,1.0,2.041244976525801,2.041244976525801,True,True,True,True,True,71,163,1.552127987,71,163,True,0.4876482076468314,0.47101173943901165,1.552127987,1.535804034,1.5768712494507042,1.5522834716319018,0.016636468207819777,0.024587777818802392,0.01632395299999989,0.24999999999999992,0.24999999999999992,34.62302274292503,76.7749135285589,0.2731904260267817,0.2914038084965021,0.3053337217250142,0.3436212099301464,True,True,10,0.49071230356399004,0.033446743959136625,0.49071230356399004,0.033446743959136625,,,,,195.04316666666665,27.959241666666667,GiC,0.02111,17.406,18.211,0.8050003,17.846,17.167,16.815,16.683,0.67900085,1.0310001,10.019999504089355,0.127,35.0,SIMBAD,C,2006AJ....131.1163S,,-17.594,False,1.2524999380111694,Members of systems,dG,4422.771035867883,False,1.237667444048724e+18,3.635255,2.3293110229189824,17.34061,17.45125,17.22457,0.009019969,0.008283022,0.01234929,0.03225569,0.02231434,0.01658195,17.308354310000002,17.42893566,17.20798805,True,-0.1205813499999983,0.1003662600000012,18.02295,17.50024,17.23492,0.008862869,0.008156103,0.0121892,17.990694310000002,17.47792566,17.21833805,17.369497306499998,0.0061285554479605,"SDSS(cModelMag g,r)",17.369497306499998,SDSS,Vmag_sdss,0.1003662600000012,-0.1205813499999983,SDSS(cModel extcorr),-17.630502693500002,1.2524999380111694,2.3293110229189824,SDSS,False,3.2,7.453795273340744,,,,0.1003662600000012,g-i,7.62,0.7604790795538593,35.0,7.651561601119317,1.1782038651879938,1.1782038651879938,NGC 4889,4.110267789121622,1065854498.4658697,6.188486481802898,5.3645546285502235,6.3828637377170185,6.188486481802898,1.501578239449945,0.050549747550054924,1.4517616812878065,0.08404235271219362,0.048599566142186995,-0.032275613142187104,1.500325806702349,0.07654544274835517,1.4793798952170707,0.07290357641483114,0.027714697427786317,-0.0031269196089839246,0.5791128051102752,-0.09146459746344376,0.5886063810469817,-0.11759464160797006,-0.014817678698108794,0.03145414690592857,0.12352442490510915
2MASX J13002014+2750365,0,0,738.0503027268439,2952.2012109073758,0.0,0.0,0.0,0.0,0.0,0.0,0.0,0.0,False,False,False,False,False,0,0,,0,0,True,,,,,,,,,,,0.25,,,,,,,False,False,10,,,,,,,,,195.084042,27.843505,GiC,0.02625,16.41,18.139,1.7290001,17.593,16.893,16.544,16.329,0.70000076,1.0489998,10.019999504089355,0.167,90.0,SIMBAD,C,2006AJ....131.1163S,,-18.59,False,1.2524999380111694,Members of systems,0.68,5465.499831533646,False,1.2376674440487242e+18,3.253954,2.5545640411868384,17.46451,16.71094,16.39165,0.007043297,0.005895666,0.007878879,0.02920661,0.020205,0.01501448,17.43530339,16.690735,16.376635519999997,True,0.7445683900000013,1.0586678700000045,17.57266,16.88955,16.54452,0.006854549,0.005707774,0.007635425,17.54345339,16.869345,16.529505519999997,16.986008039899996,0.004520915346694,"SDSS(cModelMag g,r)",16.986008039899996,SDSS,Vmag_sdss,1.0586678700000045,0.7445683900000013,SDSS(cModel extcorr),-18.013991960100004,1.2524999380111694,2.5545640411868384,SDSS,False,3.2,8.174604931797884,,,,1.0586678700000045,g-i,10.020000000000001,1.0,90.0,12.02997810711324,8.443531432205637,8.443531432205637,NGC 4889,9.74263079542453,3518078.5677873758,11.287065182535155,8.964585482371623,8.923079147707838,11.287065182535155,,,,,,,,,,,,,,,,,,,
GMP 2913,0,0,1731.3933846367024,6925.573538546814,0.0,0.0,0.0,0.0,0.0,0.0,0.0,0.0,False,False,False,False,False,0,0,,0,0,True,,,,,,,,,,,0.24999999999999983,,,,,,,False,False,10,,,,,,,,,195.03670265369,27.861825508330003,GiC,0.0174,18.437,19.175,0.73799896,,,,16.85,,,,,,,,,,-16.563,False,,Members of systems,S...,,False,1.2376674440487242e+18,5.912287,3.912656213434796,19.13227,18.36162,17.84997,0.02770943,0.02298616,0.02534881,0.03119805,0.02158266,0.01603823,19.10107195,18.34003734,17.83393177,True,0.7610346099999994,1.2671401799999984,19.03784,18.40429,17.99546,0.02777988,0.02254004,0.02706396,19.00664195,18.38270734,17.979421770000002,18.6420615301,0.0176915978752485,"SDSS(cModelMag g,r)",18.6420615301,SDSS,Vmag_sdss,1.2671401799999984,0.7610346099999994,SDSS(cModel extcorr),-16.357938469900002,,3.912656213434796,SDSS,False,3.0,11.737968640304388,,,,1.2671401799999984,g-i,,1.0,0.0,9.361506607494006,6.9137569214670105,6.9137569214670105,NGC 4889,7.391523231470502,6597178.068909254,8.738506028075252,6.312861874385418,6.191485143892582,8.738506028075252,,,,,,,,,,,,,,,,,,,
2MASX J12592022+2804278,0,0,1542.2182331781487,6168.872932712595,0.0,375.06747430892574,0.0,0.06079999999999999,0.0,0.0608,0.0,0.0608,False,False,False,False,True,0,0,,0,0,True,,,,,,,,,,,0.25,,,,,,,False,False,10,,,,,,,,,194.83417052457,28.0742983473,GiC,0.02389,15.94,17.487,1.5469999,16.8259,16.0755,15.72,15.526,0.75039864,1.1058989,19.042800903320312,0.306557,180.0,SIMBAD,B,2023ApJS..269....3M,,-19.060001,False,2.380350112915039,Members of systems,SB0p,9480.275913636968,False,1.2376673243345715e+18,3.843837,3.757343491019975,16.9151,16.04711,15.85105,0.004489343,0.003661211,0.004021861,0.03252118,0.022498,0.01671843,16.88257882,16.024612,15.834331570000002,True,0.8579668199999979,1.0482472499999975,16.79081,16.01027,15.71214,0.004453185,0.003636962,0.004005511,16.75828882,15.987771999999998,15.69542157,16.3663783962,0.0028379597823087,"SDSS(cModelMag g,r)",16.3663783962,SDSS,Vmag_sdss,1.0482472499999975,0.8579668199999979,SDSS(cModel extcorr),-18.6336216038,2.380350112915039,3.757343491019975,SDSS,False,3.0,11.272030473059925,,,,1.0482472499999975,g-i,18.393420000000003,0.9658988766086882,180.0,7.704977906023236,12.074209724900623,7.704977906023236,NGC 4874,9.461702361895743,3381305.615294291,7.933407918309556,10.46952783436178,11.08060436242012,7.933407918309556,,,,,,,,,,,,,,,,,,,
LEDA 44656,97,211,1264.4852265533918,5057.940906213568,1264.4852265533918,5057.940906213568,1.0,1.0,1.0,1.0,1.0,1.0,True,True,True,True,True,90,205,1.492406353,90,205,True,0.5360068925954024,0.5793878234039493,1.492406353,1.488689054,1.5171181025333333,1.498911526570732,-0.04338093080854699,0.018206575962601335,0.0037172990000000627,0.24999999999999994,0.24999999999999994,48.240620333586214,118.77450379780961,0.2701765078907215,0.22665719241224444,0.31697967414309774,0.2788789596484747,True,True,10,0.5318060929406301,0.0296962644253329,0.5318060929406301,0.0296962644253329,,,,,194.93220379569,27.994682930960007,G,0.02225,15.15,16.384,1.2340012,15.8571,15.0374,14.58,14.277,0.8196993,1.2770996,23.4192008972168,0.37541,38.0,SIMBAD,B,2023ApJS..269....3M,,-19.85,False,2.9274001121521,Regular galaxies,,10880.271193358436,False,1.2376673243345715e+18,3.425483,3.409480300504473,15.72131,14.94977,14.54996,0.002742767,0.002407566,0.00243534,0.02641274,0.01827221,0.01357821,15.69489726,14.93149779,14.53638179,True,0.7633994700000013,1.158515470000001,15.72696,14.93492,14.52778,0.002730727,0.002398475,0.002432398,15.70054726,14.91664779,14.51420179,15.2344915727,0.0018117106775251,"SDSS(cModelMag g,r)",15.2344915727,SDSS,Vmag_sdss,1.158515470000001,0.7633994700000013,SDSS(cModel extcorr),-19.7655084273,2.9274001121521,3.409480300504473,SDSS,False,3.2,10.910336961614314,,,,1.158515470000001,g-i,22.5246,0.9618005370403941,38.0,2.7667993742539423,5.482977187375842,2.7667993742539423,NGC 4874,2.407029787069425,62236733.52219954,1.4700631849743762,3.89579690792044,4.9332023582323234,1.4700631849743762,1.5397782562527502,-0.0473719032527502,1.4635479589946603,0.025141095005339675,0.07011466188076784,-0.06639736288076778,1.551176607779858,-0.03405850524652476,1.4835109092536547,0.015400617317077314,0.061105144762687025,-0.04289856880008569,0.5274158063620821,0.008591086233320278,0.5861711480831713,-0.006783324679221936,-0.05424486129214956,0.010863930483602569,0.055864672772486364
2MASX J12592016+2753098,1,51,1837.1616651921347,7348.646660768541,251.69114813132248,3700.7784583630373,0.137,0.5036,0.137,0.5036,0.137,0.5036,False,False,False,True,True,1,45,1.781948998,1,45,True,0.30484452749801316,0.6024870785990356,1.781948998,1.472467671,1.781948998,1.5109553217111107,-0.29764255110102245,0.2709936762888894,0.3094813270000001,0.06801032565528195,0.24999999999999994,0.30484452749801316,27.1119185369566,,0.2128948310739703,,0.23284672015126293,False,True,10,,,,,,,,,194.834049763,27.885987371239995,GiC,0.02162,15.38,16.657,1.2769995,15.779,15.06,14.679,14.403,0.71899986,1.1000004,29.204219818115234,0.327136,44.0,SIMBAD,B,2023ApJS..269....3M,,-19.619999,False,3.650527477264404,Members of systems,-1.86,13193.831865445569,False,1.2376674440485932e+18,6.905388,4.916210954931332,16.04926,15.30652,14.94658,0.003408959,0.002863199,0.003092049,0.03977113,0.02751349,0.02044547,16.009488870000002,15.27900651,14.92613453,True,0.7304823600000017,1.0833543400000014,15.89968,15.17129,14.8176,0.003362945,0.002820483,0.003038891,15.85990887,15.14377651,14.79715453,15.5685042776,0.002192528745451,"SDSS(cModelMag g,r)",15.5685042776,SDSS,Vmag_sdss,1.0833543400000014,0.7304823600000017,SDSS(cModel extcorr),-19.4314957224,3.650527477264404,4.916210954931332,SDSS,False,3.2,15.731875055780264,,,,1.0833543400000014,g-i,19.628159999999998,0.6721001321810606,44.0,5.576863312936564,11.911757005768564,5.576863312936564,NGC 4874,8.568579975084994,7340507.859035641,7.07854727161373,6.576931179443289,5.584381217004642,7.07854727161373,1.533802023619023,0.248146974380977,1.4617040452124888,0.010763625787511222,0.06674871526523571,0.24273261173476438,1.5432212129322762,0.23872778506772385,1.4828646294097672,0.028090692301343534,0.05588134912804926,0.2151123271608401,0.5355035852910699,-0.23065905779305673,0.5865521300807495,0.01593494851828614,-0.04807664371018433,-0.24956590739083812,0.01527421986343877
LEDA 1820946,0,0,777.3509107775153,3109.403643110062,0.0,0.0,0.0,0.0,0.0,0.0,0.0,0.0,False,False,False,False,False,0,0,,0,0,True,,,,,,,,,,,0.24999999999999992,,,,,,,False,False,10,,,,,,,,,195.233046,27.898499,GiC,0.02008,16.88,18.511,1.6310005,17.8705,17.1642,16.025,16.6473,0.70630074,1.845501,21.069780349731445,0.17962,142.0,SIMBAD,B,2023ApJS..269....3M,,-18.12,False,2.6337225437164307,Members of systems,,8857.385489570715,False,1.2376674440487898e+18,5.026748,3.665720953583065,17.33229,16.72034,16.38687,0.009437196,0.008089937,0.009884069,0.0289356,0.02001752,0.01487516,17.3033544,16.70032248,16.37199484,True,0.6030319199999994,0.9313595600000006,17.06194,16.37935,16.02368,0.00900143,0.007676336,0.009369091,17.0330044,16.35933248,16.00880484,16.9375655672,0.0061443654780203,"SDSS(cModelMag g,r)",16.9375655672,SDSS,Vmag_sdss,0.9313595600000006,0.6030319199999994,SDSS(cModel extcorr),-18.0624344328,2.6337225437164307,3.665720953583065,SDSS,False,3.2,11.730307051465807,,,,0.9313595600000006,g-i,10.7772,0.5115003488936403,142.0,18.09055354269622,11.567816137487481,11.567816137487481,NGC 4889,14.746361663955401,1308496.7678347593,16.784951093473385,15.286144960227762,15.82567322904998,16.784951093473385,,,,,,,,,,,,,,,,,,,
LEDA 126800,28,12,454.29562188563915,1817.1824875425566,454.29562188563915,1817.1824875425566,1.0,1.0,1.0,1.0,1.0,1.0,True,True,True,True,True,23,12,1.676477412,23,12,True,0.4894791009849254,0.5938743528703652,1.676477412,1.3602068969999999,1.6102215854782609,1.405953796583333,-0.10439525188543974,0.2042677888949278,0.31627051500000003,0.25,0.25,11.258019322653285,7.126492234444382,0.2162897395810639,0.2744532794332986,0.22390575992888218,0.3654756674768965,True,True,10,0.49116072066453587,0.04356415820663581,0.49116072066453587,0.04356415820663581,,,,,194.79814608712,28.009279335850003,G,0.02299,16.76,18.12,1.3600006,17.305,16.574,16.204,15.94,0.7310009,1.1009998,13.199999809265137,0.21,,SIMBAD,E,2003A&A...412...45P,,-18.24,False,1.649999976158142,Regular galaxies,,6330.831049976618,False,1.2376673243345062e+18,2.320151,2.051373679435748,17.4938,16.75879,16.37698,0.006093453,0.005099151,0.005449634,0.03288055,0.02274661,0.01690317,17.46091945,16.736043390000003,16.36007683,True,0.7248760599999962,1.100842619999998,17.2971,16.56852,16.19925,0.005992664,0.005003454,0.005335718,17.26421945,16.54577339,16.18234683,17.023242574599998,0.0039105815758396,"SDSS(cModelMag g,r)",17.023242574599998,SDSS,Vmag_sdss,1.100842619999998,0.7248760599999962,SDSS(cModel extcorr),-17.976757425400002,1.649999976158142,2.051373679435748,SDSS,False,3.2,6.564395774194392,,,,1.100842619999998,g-i,12.6,0.954545468338265,0.0,6.11939665651458,12.630821191487428,6.11939665651458,NGC 4874,9.242994182591323,5640321.120413978,7.2156095070404875,9.181898598248504,9.290876047089526,7.2156095070404875,1.5077735092645554,0.16870390273544444,1.4536731770570575,-0.0934662800570576,0.052088879350496636,0.26418163564950337,1.5085727777597309,0.10164880771853002,1.480049862109931,-0.07409606552659787,0.03312995238796346,0.17113783650696435,0.5707285979120442,-0.0812494969271188,0.5882114355329491,0.005662917337416085,-0.021211969974495037,-0.0831832819109447,0.009632131027120731
LEDA 44616,34,35,1422.2631619824142,5689.052647929658,1421.1253514528282,3785.495631932394,0.9992,0.6654,0.9992,0.6654,0.9992,0.6654,True,False,False,True,True,34,34,1.6288887289999998,34,34,True,0.47424699284886757,0.6612761646419314,1.6288887289999998,1.3895132074999998,1.6050743054705885,1.4234622495882354,-0.18702917179306383,0.18161205588235307,0.23937552149999997,0.37541328524195966,0.24999999999999997,16.124397756861498,22.483389597825667,0.3082340505903915,0.2004405539604108,0.38721590154340935,0.2777129654892913,True,True,10,0.47731291914273244,0.052948547108457096,0.47731291914273244,0.052948547108457096,,,,,194.88102275683,28.046604796320004,EmG,0.02308,15.014,15.931,0.9169998,15.404,14.632,14.279,13.957,0.7720003,1.125,23.21999931335449,0.209,115.0,SIMBAD,C,2006AJ....131.1163S,,-19.986,False,2.9024999141693115,Regular galaxies,,11178.88372644241,False,1.2376673243345715e+18,6.934854,4.825542301445216,15.24406,14.39429,14.36976,0.002597582,0.002240397,0.002432704,0.02720708,0.01882173,0.01398656,15.21685292,14.37546827,14.35577344,True,0.8413846500000002,0.861079479999999,15.22128,14.39429,14.13101,0.002598232,0.002240398,0.002434631,15.19407292,14.37546827,14.11702344,14.7104359765,0.0016974949461703,"SDSS(cModelMag g,r)",14.7104359765,SDSS,Vmag_sdss,0.861079479999999,0.8413846500000002,SDSS(cModel extcorr),-20.2895640235,2.9024999141693115,4.825542301445216,SDSS,False,3.2,15.44173536462469,,,,0.861079479999999,g-i,12.54,0.5400516955565923,115.0,5.325221117073914,9.103196544208913,5.325221117073914,NGC 4874,6.523459754669351,9554733.184665523,5.172415927468721,7.764365270610436,8.53948698197187,5.172415927468721,1.5491547802889707,0.07973394871102912,1.4664410026492318,-0.07692779514923198,0.07539572794353389,0.16397979355646608,1.563658376073984,0.041415929396604545,1.4845249023261695,-0.0610626527379341,0.06930111843547504,0.11231093744687803,0.5147263315415554,-0.04047933869268788,0.5855733991204722,0.07570276552145916,-0.06392260377016667,-0.12310656802289716,0.010043631413744819
2MASX J12590459+2754389,0,0,495.84205144457655,1983.3682057783067,0.0,0.0,0.0,0.0,0.0,0.0,0.0,0.0,False,False,False,False,False,0,0,,0,0,True,,,,,,,,,,,0.24999999999999994,,,,,,,False,False,10,,,,,,,,,194.76933243666,27.91098112536,GiC,0.02136,15.46,16.836,1.3760004,16.031,15.266,14.878,14.586,0.76500034,1.1529999,30.323999404907227,0.265638,39.0,SIMBAD,B,2023ApJS..269....3M,,-19.54,False,3.7904999256134033,Members of systems,S0,13539.24470315163,False,1.2376674440485934e+18,4.291782,2.8881384260928527,15.97731,15.25162,14.87028,0.003181499,0.002726208,0.002848987,0.04436432,0.03069103,0.02280673,15.93294568,15.22092897,14.84747327,True,0.7120167099999986,1.0854724099999995,16.01041,15.24325,14.86925,0.003173799,0.002720876,0.002848636,15.96604568,15.21255897,14.84644327,15.5028558211,0.0020709055372553,"SDSS(cModelMag g,r)",15.5028558211,SDSS,Vmag_sdss,1.0854724099999995,0.7120167099999986,SDSS(cModel extcorr),-19.4971441789,3.7904999256134033,2.8881384260928527,SDSS,False,3.0,8.664415278278558,,,,1.0854724099999995,g-i,15.938279999999999,0.5255995354432292,39.0,7.448393380007165,14.56406351047053,7.448393380007165,NGC 4874,10.987498569653363,3212192.871613098,9.09556076563282,9.501450723408729,8.784196704619301,9.09556076563282,,,,,,,,,,,,,,,,,,,
LEDA 126761,12,16,626.4517829250287,2505.807131700116,626.4517829250287,2505.807131700116,1.0,1.0,1.0,1.0,1.0,1.0,True,True,True,True,True,12,16,1.5614366325,12,16,True,0.5746659610973684,0.6053918114790502,1.5614366325,1.3385296604999999,1.4646344825833333,1.3962957196875,-0.03072585038168174,0.06833876289583318,0.2229069720000001,0.24999999999999992,0.24999999999999992,6.895991533168421,9.686268983664803,0.20754864624925526,0.2958956960272336,0.3039198847249628,0.37350518132851046,True,True,10,0.5740711260815865,0.05545971535417822,0.5740711260815865,0.05545971535417822,,,,,195.077274,28.097154,G,0.02608,17.04,,,18.0271,17.2866,16.345,16.7547,0.7404995,1.6821003,15.10818099975586,0.185831,172.0,SIMBAD,B,2023ApJS..269....3M,,-17.96,False,1.8885226249694824,Regular galaxies,,8189.209491651887,False,1.2376673243346373e+18,2.984147,2.7396117517756293,17.64105,16.9884,16.65755,0.008058333,0.006885627,0.00771767,0.0354602,0.0245312,0.01822931,17.6055898,16.9638688,16.63932069,True,0.6417210000000004,0.9662691099999988,17.38926,16.69533,16.33616,0.007796423,0.006673062,0.007489364,17.3537998,16.6707988,16.31793069,17.21697441,0.005236404550725,"SDSS(cModelMag g,r)",17.21697441,SDSS,Vmag_sdss,0.9662691099999988,0.6417210000000004,SDSS(cModel extcorr),-17.78302559,1.8885226249694824,2.7396117517756293,SDSS,False,3.2,8.766757605682015,,,,0.9662691099999988,g-i,11.14986,0.7380014841085222,172.0,12.56286733068016,7.567526255014786,7.567526255014786,NGC 4889,9.720538364282957,4565419.131852934,10.995968567563509,12.116571910577022,13.39978339508907,10.995968567563509,1.5043072144203038,0.05712941807969618,1.4526036824058095,-0.11407402190580962,0.0501365853026379,0.1727703866973622,1.5039585423652564,-0.039324059781923104,1.479675011158151,-0.08337929147065082,0.030100081065086992,0.03823868183074619,0.5754196178440296,-0.0007536567466611688,0.5884324101861955,0.01695940129285467,-0.017634321292962274,-0.013091529088719467,0.006364706851683374
Z 160-A14,1,210,19947.406865435136,79789.62746174056,367.0322863240065,28931.718917627124,0.0184,0.3626,0.0184,0.3626,0.0184,0.3626,False,False,False,True,True,1,207,1.413074853,1,207,True,0.7619529403469286,0.6046978196384329,1.413074853,1.384132164,1.413074853,1.4056084212270528,0.15725512070849568,0.007466431772947146,0.028942688999999966,0.0126861555432984,0.24999999999999994,0.7619529403469286,125.17244866515561,,0.24617581282303713,,0.34823079239474936,False,True,10,,,,,,,,,194.80802541595,28.076247957130004,GiC,0.02605,14.89,15.731,0.8409996,15.2864,14.5088,13.987,13.729,0.7776003,1.2993994,42.6622200012207,0.687217,72.0,SIMBAD,B,2023ApJS..269....3M,,-20.11,False,5.332777500152588,Members of systems,E1,23098.786248398344,False,1.2376673243345062e+18,14.07311,13.50878188094863,14.74425,14.0919,13.69844,0.002372164,0.002136026,0.00219536,0.03440632,0.02380214,0.01768754,14.70984368,14.06809786,13.68075246,True,0.6417458199999988,1.0290912199999998,14.81942,14.09186,13.70161,0.002373725,0.002136026,0.002195365,14.78501368,14.06805786,13.68392246,14.3212136462,0.0015919074914734,"SDSS(cModelMag g,r)",14.3212136462,SDSS,Vmag_sdss,1.0290912199999998,0.6417458199999988,SDSS(cModel extcorr),-20.6787863538,5.332777500152588,13.50878188094863,SDSS,False,3.2,43.22810201903562,,,,1.0290912199999998,g-i,41.233019999999996,0.966499633606038,72.0,8.508403185891346,13.354927439395158,8.508403185891346,NGC 4874,10.598195894782828,2507474.1811365327,8.941889504576512,11.407203484410354,11.907206387730954,8.941889504576512,1.5561188363203442,-0.1430439833203443,1.4685897006138315,-0.0844575366138316,0.07931803858065486,-0.0503753495806549,1.57292873398435,-0.15985388098435016,1.4852780070529468,-0.07966958582589401,0.07538836565720403,-0.06792193388425688,0.5053017075212375,0.25665123282569113,0.5851294438495369,0.01956837578889603,-0.07111037832433736,0.22836549903283304,0.009488063610778169
LEDA 44654,0,0,736.8976511531308,2947.5906046125247,0.0,0.0,0.0,0.0,0.0,0.0,0.0,0.0,False,False,False,False,False,0,0,,0,0,True,,,,,,,,,,,0.2499999999999999,,,,,,,False,False,10,,,,,,,,,194.91709818857,27.854942862280005,GiC,0.01267,16.34,17.112,0.77199936,16.475,15.712,15.338,15.056,0.7630005,1.1370001,19.979999542236328,0.207,90.0,SIMBAD,C,2006AJ....131.1163S,,-18.66,False,2.497499942779541,Members of systems,,5347.782336170842,False,1.2376674440486587e+18,4.427285,3.2375340032278377,16.47558,15.7564,15.36265,0.003993998,0.003255572,0.003452432,0.03462779,0.02395535,0.01780139,16.440952210000003,15.73244465,15.34484861,True,0.7085075600000028,1.0961036000000028,16.47495,15.7117,15.33763,0.003966227,0.003229247,0.003432823,16.44032221,15.68774465,15.31982861,16.012932749599997,0.0025240758921553,"SDSS(cModelMag g,r)",16.012932749599997,SDSS,Vmag_sdss,1.0961036000000028,0.7085075600000028,SDSS(cModel extcorr),-18.987067250400003,2.497499942779541,3.2375340032278377,SDSS,False,3.2,10.36010881032908,,,,1.0961036000000028,g-i,12.42,0.6216216358636538,90.0,6.333173914566013,9.58625784932954,6.333173914566013,NGC 4874,7.274704755144369,6283899.296861078,6.959660546582788,4.838479206817263,3.5815545330176044,6.959660546582788,,,,,,,,,,,,,,,,,,,0.0009394035272053687
NGC 4894,38,155,1277.8110292580895,5111.244117032358,1649.0350638460964,6163.160197442008,1.2905155974460036,1.2058043122816844,0.9998,0.9078,1.2905155974460036,1.2058043122816844,True,True,True,True,True,37,151,1.546877379,37,151,True,0.5167716212436105,0.5259742200740053,1.546877379,1.488455252,1.5704105455405406,1.5168871990927153,-0.00920259883039476,0.053523346447825304,0.058422127000000046,0.2675632323382606,0.25,19.12054998601359,79.4221072311748,0.2623967384645037,0.26992768473419976,0.3057387377235376,0.31247388061551234,True,True,10,0.5120434836190861,0.04111060493948334,0.5120434836190861,0.04111060493948334,,,,,195.06883071401,27.967522811130003,AG?,0.01547,15.04,16.106,1.0660009,15.602,14.896,14.534,14.267,0.7060003,1.0679998,36.62639999389648,0.272928,35.0,SIMBAD,B,2023ApJS..269....3M,,-19.96,True,4.5782999992370605,Other,,11928.963265800565,False,1.237667444048724e+18,7.417125,5.026950107692628,15.47466,14.59419,14.4706,0.002852344,0.002355901,0.002581416,0.03352223,0.02319052,0.01723304,15.44113777,14.57099948,14.45336696,True,0.8701382899999999,0.9877708100000008,15.34952,14.59441,14.31139,0.002860983,0.002355902,0.002606179,15.31599777,14.57121948,14.29415696,14.9177561789,0.0018165043200105,"SDSS(cModelMag g,r)",14.9177561789,SDSS,Vmag_sdss,0.9877708100000008,0.8701382899999999,SDSS(cModel extcorr),-20.0822438211,4.5782999992370605,5.026950107692628,SDSS,False,3.2,16.08624034461641,,,,0.9877708100000008,g-i,16.37568,0.44710045220739375,35.0,9.024995908507309,1.945041173130947,1.945041173130947,NGC 4889,5.4354458715513445,237850552.81894642,7.512870849978578,6.812002554574852,7.824452941874135,7.512870849978578,1.545445359236904,0.0014320197630961484,1.4652964935544583,0.023158758445541716,0.07330649982926607,-0.014884372829266024,1.5587204978263096,0.011690047714230989,1.4841237592975476,0.032763439795167715,0.06605873168676263,-0.012535385238937324,0.519746380000569,-0.0029747587569585177,0.5858098729542215,-0.059835652880216195,-0.06009401851343782,0.05089141968304306,0.09787683350567747
NGC 4886,653,1490,3271.834066869821,13087.336267479288,6678.614853024003,21721.32454685152,2.041244976525801,1.6597208249952913,1.0,0.9498,2.041244976525801,1.6597208249952913,True,True,True,True,True,623,1387,1.585568848,623,1387,True,0.4336024806044308,0.4287597323022137,1.585568848,1.611840268,1.609722085693419,1.6140089170136989,0.0048427483022170925,-0.00428683132027996,-0.026271419999999823,0.3074681214130683,0.24999999999999992,270.1343454165604,594.6897487031704,0.29504374942542544,0.29585152263041403,0.3578370434531689,0.37240004466814064,True,True,10,0.4342947324406058,0.011309476477177843,0.4342947324406058,0.011309476477177843,,,,,195.01853930586,27.98758513112,EmG,0.02125,14.294,15.1,0.8060007,14.837,14.07,13.673,13.374,0.7670002,1.1639996,52.4088020324707,0.575012,58.0,SIMBAD,B,2023ApJS..269....3M,,-20.706001,True,6.551100254058838,Regular galaxies,,23282.406744504948,False,1.237667324334637e+18,6.733684,6.629144494245015,14.71528,13.93851,13.60319,0.002147604,0.001930202,0.001987001,0.0307274,0.02125707,0.01579629,14.6845526,13.91725293,13.58739371,True,0.7672996699999999,1.097158890000001,14.70607,13.93849,13.5616,0.002147679,0.001930202,0.001988238,14.6753426,13.91723293,13.54580371,14.2218457947,0.0014395209060958,"SDSS(cModelMag g,r)",14.2218457947,SDSS,Vmag_sdss,1.097158890000001,0.7672996699999999,SDSS(cModel extcorr),-20.7781542053,6.551100254058838,6.629144494245015,SDSS,False,3.2,21.213262381584048,,,,1.097158890000001,g-i,34.50072,0.6583001072725252,58.0,6.569382104886389,1.024666966590929,1.024666966590929,NGC 4889,3.005746076700202,1620503836.8985834,4.951124720564601,5.081365527295721,6.316685581679086,4.951124720564601,1.5578967489211704,0.027672099078829726,1.469138259839866,0.142702008160134,0.08031939834494667,-0.10659081834494649,1.5752954418437863,0.034426643849632566,1.4854702735105176,0.12853864350318123,0.07694243034179277,-0.08122926166207273,0.5028956157654729,-0.06929313516104213,0.5850161027639909,-0.15625637046177715,-0.07294540591374576,0.07778815421596286,0.23226464688262669
NGC 4872,106,383,856.6734104780056,3426.6936419120225,856.6734104780056,3426.6936419120225,1.0,1.0,1.0,1.0,1.0,1.0,True,True,True,True,True,100,380,1.6010463945,100,380,True,0.4996712962470971,0.5428165871291591,1.6010463945,1.5240981125,1.6001908979299995,1.5575606480105266,-0.04314529088206204,0.04263024991947284,0.07694828200000003,0.25,0.25,49.96712962470971,206.27030310908046,0.2519051320247971,0.2598255091022867,0.2936126809005342,0.3088567336388517,True,True,10,0.5004561466313144,0.02553786032633856,0.5004561466313144,0.02553786032633856,,,,,194.89217171503,27.94685519906,AGN,0.02395,14.1,14.7,0.5999994,15.141,14.305,13.908,13.583,0.8359995,1.2329998,34.20000076293945,0.4,171.0,SIMBAD,D,2008ApJS..175...86P,,-20.9,True,4.275000095367432,Active (AGN/Seyfert/QSO),,17067.662871420504,False,1.2376674440486584e+18,3.66361,3.2854048505957945,15.09876,14.28353,13.83417,0.002393065,0.002126852,0.002146294,0.03174773,0.02196293,0.01632081,15.06701227,14.26156707,13.81784919,True,0.8054452000000012,1.2491630800000006,15.09115,14.2712,13.86226,0.002384469,0.002119282,0.002147931,15.05940227,14.24923707,13.84593919,14.581799602,0.0015928899909877,"SDSS(cModelMag g,r)",14.581799602,SDSS,Vmag_sdss,1.2491630800000006,0.8054452000000012,SDSS(cModel extcorr),-20.418200398,4.275000095367432,3.2854048505957945,SDSS,False,3.2,10.513295521906542,,,,1.2491630800000006,g-i,24.0,0.7017543703100557,171.0,0.8221462634038075,7.7176510899557575,0.8221462634038075,NGC 4874,4.129079699002495,1973715313.1549392,2.335873126069854,3.0611889553508695,3.0665392548997885,2.335873126069854,1.5514563720784251,0.04959002242157484,1.4671511384624791,0.0569469740375208,0.07669203542834119,0.0002562465716588469,1.566722191120227,0.03346870680977254,1.4847738003315762,0.07278684767895038,0.07131292853045307,-0.028682678610980228,0.5116115321823694,-0.011940235935272325,0.5854266737348828,-0.04261008660572363,-0.0662981336084964,0.023152842726434364,0.19210357739839534
NGC 4865,0,0,1074.5291550907007,4298.116620362803,0.0,0.0,0.0,0.0,0.0,0.0,0.0,0.0,False,False,False,False,False,0,0,,0,0,True,,,,,,,,,,,0.25,,,,,,,False,False,10,,,,,,,,,194.83280739129,28.08430245029,EmG,0.01528,13.692,14.6,0.908,14.261,13.468,13.037,12.729,0.79299927,1.224,73.39920043945312,0.624383,115.0,SIMBAD,B,2023ApJS..269....3M,,-21.307999,True,9.17490005493164,Regular galaxies,,23617.47217651173,False,1.2376673243345715e+18,6.145326,4.314469660766079,14.35781,13.49159,13.13639,0.002000163,0.001844716,0.001876281,0.03386509,0.02342771,0.0174093,14.32394491,13.46816229,13.1189807,True,0.8557826199999994,1.20496421,14.30048,13.45579,13.07131,0.001977089,0.001821732,0.001855465,14.26661491,13.43236229,13.0539007,13.8090331642,0.0013627494051976,"SDSS(cModelMag g,r)",13.8090331642,SDSS,Vmag_sdss,1.20496421,0.8557826199999994,SDSS(cModel extcorr),-21.1909668358,9.17490005493164,4.314469660766079,SDSS,False,3.2,13.806302914451454,,,,1.20496421,g-i,37.46298,0.5104003827794167,115.0,8.277217331995425,12.436812404650695,8.277217331995425,NGC 4874,9.926819475472701,2834538.6060434026,8.454716833636692,11.006890990480466,11.643385210055836,8.454716833636692,,,,,,,,,,,,,,,,,,,
NGC 4873,380,1112,3334.5851927118024,13338.340770847204,3334.5851927118024,13338.340770847204,1.0,1.0,1.0,1.0,1.0,1.0,True,True,True,True,True,369,1088,1.581940416,369,1088,True,0.5080977369217734,0.5434362458791654,1.581940416,1.5281248255,1.5825181170514904,1.5411162176075366,-0.03533850895739199,0.04140189944395378,0.053815590499999955,0.2500000000000001,0.2500000000000001,187.4880649241344,591.258635516532,0.2725876231681985,0.2584019040744571,0.32869282628438684,0.3094581966961145,True,True,10,0.5076244379707266,0.013419100406284254,0.5076244379707266,0.013419100406284254,,,,,194.88664867224,27.98361769396,EmG,0.01943,14.36,15.4,1.04,14.94,14.138,13.737,13.444,0.80200005,1.2029991,24.18000030517578,0.339,85.0,SIMBAD,C,2006AJ....131.1163S,,-20.64,True,3.0225000381469727,Regular galaxies,,9843.600725478636,False,1.2376674440486584e+18,6.776,5.920350224852851,14.79966,14.0643,13.58516,0.002274498,0.002038532,0.002055469,0.02887073,0.01997264,0.01484181,14.77078927,14.04432736,13.57031819,True,0.7264619100000012,1.2004710799999998,14.83407,14.04072,13.6358,0.002263589,0.002025374,0.002055678,14.80519927,14.02074736,13.62095819,14.332176743099998,0.001521909141096,"SDSS(cModelMag g,r)",14.332176743099998,SDSS,Vmag_sdss,1.2004710799999998,0.7264619100000012,SDSS(cModel extcorr),-20.6678232569,3.0225000381469727,5.920350224852851,SDSS,False,3.2,18.945120719529125,,,,1.2004710799999998,g-i,20.34,0.8411910563808462,85.0,1.5974341779075851,7.803757355433282,1.5974341779075851,NGC 4874,4.319723223776247,272212924.176568,2.281312971202051,4.493711521141899,4.977491715173646,2.281312971202051,1.5559226820528589,0.02601773394714102,1.4685291789475217,0.05959564655247829,0.07920756015164615,-0.025391969651646196,1.5726676188731212,0.009850498178369138,1.4852567946006983,0.05585942300683833,0.07521690817403592,-0.03381500873008214,0.5055671677950639,0.0025305691267094588,0.5851419485911091,-0.04170570271194374,-0.07090792265106705,0.035569413693675056,0.1406352860916989
NGC 4898A,76,101,1875.664119839065,7502.656479356263,1875.664119839065,7930.066063615952,1.0,1.0569677667417823,1.0,0.9568,1.0,1.0569677667417823,True,True,True,True,True,67,98,1.610607648,67,98,True,0.4627354643693067,0.5757524899162119,1.610607648,1.4731998515,1.6044812709402987,1.479200995489796,-0.11301702554690518,0.1252802754505027,0.1374077965,0.23652566129869032,0.24999999999999992,31.00327611274355,56.42374401178876,0.2896058372539351,0.2503557789000206,0.39364135818461016,0.2922460398472165,True,True,10,0.4644382365736679,0.03387007694662723,0.4644382365736679,0.03387007694662723,,,,,195.07366377992,27.95526275171,GiC,0.02291,13.862,15.0,1.1379995,14.544,13.772,13.361,13.057,0.77199936,1.1829996,31.6200008392334,0.432,85.0,SIMBAD,C,2006AJ....131.1163S,,-21.138,True,3.952500104904175,Members of systems,,15113.913266434003,False,1.237667444048724e+18,5.481787,4.4979517106256175,14.56954,13.79776,13.41057,0.002162378,0.001929308,0.001974395,0.03344134,0.02313457,0.01719146,14.53609866,13.77462543,13.39337854,True,0.76147323,1.14272012,14.53884,13.76106,13.36086,0.002137342,0.00190748,0.001956161,14.50539866,13.73792543,13.34366854,14.0768294543,0.0014428178107379,"SDSS(cModelMag g,r)",14.0768294543,SDSS,Vmag_sdss,1.14272012,0.76147323,SDSS(cModel extcorr),-20.9231705457,3.952500104904175,4.4979517106256175,SDSS,False,3.2,14.393445474001975,,,,1.14272012,g-i,25.919999999999998,0.819734323594294,85.0,9.271068405022081,2.4863009828800005,2.4863009828800005,NGC 4889,5.743936092994074,114536085.6124651,7.821480735838882,6.863349057626816,7.785409517046283,7.821480735838882,1.5604914148521614,0.05011623314783864,1.469938821090324,0.003261030409676069,0.0817807716789711,0.05562702482102891,1.5787493890449227,0.025731881895376008,1.4857508650462885,-0.006549869556492505,0.07921041510650245,0.046069860344000235,0.499384192142838,-0.03664872777353134,0.5848506940407999,-0.00909820412458806,-0.07562342482561718,-0.037393600721288,0.02951863626692797
NGC 4898B,61,74,1213.0981883084003,4852.392753233602,1213.0981883084003,5515.52553832079,1.0,1.1366609874366167,1.0,0.9786,1.0,1.1366609874366167,True,True,True,True,True,52,72,1.5619828935000002,52,72,True,0.47783020863869835,0.5661663553045991,1.5619828935000002,1.4916734715,1.5761228812692307,1.4889097141527778,-0.08833614666590078,0.08721316711645288,0.07030942200000023,0.2199424478918703,0.24999999999999994,24.847170849212315,40.76397758193114,0.2964512539336682,0.2556599731595936,0.4098376782326786,0.3197969733247779,True,True,10,0.47849650551528145,0.039622094092823884,0.47849650551528145,0.039622094092823884,,,,,195.07540991934,27.956592492190005,GiC,0.02124,14.333,15.284,0.9510002,15.528,14.72,14.257,14.034,0.8079996,1.2709999,23.71422004699707,0.229277,143.0,SIMBAD,B,2023ApJS..269....3M,,-20.667,True,2.964277505874634,Members of systems,,10530.1203642135,False,1.237667444048724e+18,4.745432,4.300018683606119,15.44832,14.66071,14.28996,0.002791024,0.002316615,0.002410867,0.03351657,0.02318661,0.01723013,15.41480343,14.63752339,14.27272987,True,0.7772800400000008,1.14207356,15.41488,14.63501,14.2501,0.002757302,0.002302538,0.002399149,15.38136343,14.61182339,14.23286987,14.9462082064,0.0017825874247805,"SDSS(cModelMag g,r)",14.9462082064,SDSS,Vmag_sdss,1.14207356,0.7772800400000008,SDSS(cModel extcorr),-20.0537917936,2.964277505874634,4.300018683606119,SDSS,False,3.2,13.760059787539582,,,,1.14207356,g-i,13.75662,0.5801000400914302,143.0,9.361824069433174,2.525822445468637,2.525822445468637,NGC 4889,5.825587395626785,109267261.53099062,7.904453350781524,6.970871504804305,7.899177969894845,7.904453350781524,1.5449362889747649,0.01704660452523532,1.4651394244224514,0.026534047077548584,0.07301978017979247,-0.0027103581797922327,1.5580428376365734,0.01808004363265736,1.4840687075835821,0.004841006569195727,0.06561375586736795,0.021599411249084932,0.520435316993461,-0.042605108354762666,0.585842325942126,-0.019675970637526907,-0.05956859449904106,-0.028767552166859722,0.021352089749008187
NGC 4908,109,129,2543.515368258702,10174.061473034808,2543.515368258702,10110.982291901992,1.0,0.9937999999999999,1.0,0.9938,1.0,0.9938,True,True,True,True,True,105,127,1.598038868,105,127,True,0.46023530035666216,0.6527210487786436,1.598038868,1.391557993,1.6266541034,1.4258901271496063,-0.1924857484219814,0.20076397625039366,0.206480875,0.25155966995371304,0.25,48.32470653744953,82.89557319488773,0.29631765554305123,0.21443423285728677,0.34777309828683783,0.2500337120579245,True,True,10,0.46008940542845445,0.02907902781104303,0.46008940542845445,0.02907902781104303,,,,,195.21476199117,28.04287393961,LIN,0.0291601732022224,13.58,14.9,1.3199997,14.4498,13.6108,13.173,12.884,0.83899975,1.2767992,57.34199905395508,0.666983,57.0,SIMBAD,B,2023ApJS..269....3M,,-21.42,True,7.167749881744385,Active (AGN/Seyfert/QSO),,34623.26656031884,False,1.2376673243347026e+18,6.996706,5.6766798692894485,14.39785,13.60594,13.14518,0.001954095,0.001809066,0.001801665,0.03499835,0.0242117,0.01799189,14.36285165,13.5817283,13.12718811,True,0.7811233499999997,1.2356635399999991,14.41202,13.59609,13.16484,0.001948188,0.001803014,0.001802313,14.37702165,13.5718783,13.14684811,13.8919888735,0.0013345866287514,"SDSS(cModelMag g,r)",13.8919888735,SDSS,Vmag_sdss,1.2356635399999991,0.7811233499999997,SDSS(cModel extcorr),-21.108011126500003,7.167749881744385,5.6766798692894485,SDSS,False,3.2,18.165375581726234,,,,1.2356635399999991,g-i,40.01898,0.6978999801235523,57.0,17.474909905471062,10.371261002423463,10.371261002423463,NGC 4889,13.90681024752937,1764223.2490023565,15.843472882463004,15.687381709728466,16.761282024874784,15.843472882463004,1.5637986253109515,0.03424024268904846,1.4709592316598672,-0.07940123865986726,0.08364346587661559,0.12283740912338442,1.5831518557252267,0.04350224767477329,1.4861085123451818,-0.06021838519557554,0.08210123154827842,0.11866274470211524,0.49490846492442664,-0.03467316456776448,0.5846398609417184,0.06808118783692518,-0.07903687857640368,-0.11344886984557773,0.018706541678566703
NGC 4906,95,48,3203.538746606606,12814.154986426423,3203.538746606606,11271.330726060683,1.0,0.8796000000000002,1.0,0.8796,1.0,0.8796,True,True,True,True,True,86,43,1.622993674,86,43,True,0.4966271120199598,0.5812569615665462,1.622993674,1.494941884,1.6430551016744188,1.492416736511628,-0.08462984954658637,0.15063836516279072,0.12805179,0.28422010004547515,0.25,42.70993163371654,24.994049347361486,0.2658367065549003,0.25888944508515416,0.27761754738926675,0.316657434151451,True,True,10,0.4978742450664362,0.02736109524466184,0.4978742450664362,0.02736109524466184,,,,,195.16566822405,27.923956527790004,G,0.02502,14.08,15.2,1.1199999,14.8718,14.015,13.613,13.304,0.8568001,1.2588005,40.18302154541016,0.581649,10.0,SIMBAD,B,2023ApJS..269....3M,,-20.92,True,5.0228776931762695,Regular galaxies,,20922.29806972467,False,1.2376674440487242e+18,6.121517,5.710892442779653,14.70623,14.02911,13.55231,0.00223731,0.001985066,0.002017172,0.03238968,0.02240703,0.01665082,14.67384032,14.00670297,13.53565918,True,0.6671373500000009,1.1381811400000004,14.76267,14.00413,13.58521,0.00222274,0.001970411,0.002009759,14.73028032,13.98172297,13.56855918,14.2702292835,0.0014876550348944,"SDSS(cModelMag g,r)",14.2702292835,SDSS,Vmag_sdss,1.1381811400000004,0.6671373500000009,SDSS(cModel extcorr),-20.7297707165,5.0228776931762695,5.710892442779653,SDSS,False,3.2,18.27485581689489,,,,1.1381811400000004,g-i,34.898939999999996,0.8684996463135876,10.0,14.303675424398637,7.683317025303405,7.683317025303405,NGC 4889,10.896480183182728,4208647.047333927,12.950768903990348,11.59475844941888,12.248639443753294,12.950768903990348,1.5570310603396933,0.06596261366030665,1.468871159275968,0.026070724724031935,0.07983182335757377,0.048219966642426226,1.5741430612550815,0.0689120404193373,1.4853766564919741,0.007040080019653949,0.0761857361985036,0.07445262896428712,0.5040671728813759,-0.007440060861416131,0.585071290000711,-0.0038143284341648487,-0.0720519073075106,-0.012577942239075768,0.003969537111573662
IC 3968,17,68,415.0519263599141,1660.207705439656,415.0519263599141,1660.207705439656,1.0,1.0,1.0,1.0,1.0,1.0,True,True,True,True,True,16,66,1.8099028435000002,16,66,True,0.37382625260360003,0.5543269459688281,1.8099028435000002,1.549137416,1.7498510291875,1.5453338377272727,-0.18050069336522812,0.2045171914602273,0.2607654275000002,0.25000000000000006,0.25000000000000006,5.9812200416576005,36.58557843394266,0.2834529753686891,0.23340803621036926,0.2471917823210591,0.28654627991812565,True,True,10,0.37499663482257545,0.0693296336525309,0.37499663482257545,0.0693296336525309,,,,,194.85620569633,27.97320929685,EmG,0.02033,15.32,16.795,1.4750004,16.049,15.263,14.883,14.595,0.78600025,1.1659994,25.70639991760254,0.234956,46.0,SIMBAD,B,2023ApJS..269....3M,,-19.68,True,3.2132999897003174,Regular galaxies,Sa:,10937.764362427635,False,1.2376674440486584e+18,3.370826,2.5868828692015797,16.11325,15.32203,14.93424,0.003265347,0.002761985,0.002858132,0.03228942,0.02233767,0.01659928,16.08096058,15.29969233,14.91764072,True,0.7812682500000001,1.163319859999998,16.08525,15.28769,14.91323,0.003244352,0.002744535,0.002842484,16.052960579999997,15.26535233,14.89663072,15.6100123125,0.0021089966512832,"SDSS(cModelMag g,r)",15.6100123125,SDSS,Vmag_sdss,1.163319859999998,0.7812682500000001,SDSS(cModel extcorr),-19.389987687500003,3.2132999897003174,2.5868828692015797,SDSS,False,3.0,7.760648607604738,,,,1.163319859999998,g-i,14.09736,0.5483988440694407,46.0,2.4070929719197043,9.410032222679204,2.4070929719197043,NGC 4874,5.840027155534421,80578508.25872569,3.75999678076209,5.439773011723768,5.541774035298311,3.75999678076209,1.5330593522502634,0.27684349124973684,1.4614749005227805,0.08766251547721948,0.06633042629736285,0.19443500120263735,1.5422325894394195,0.20761843974808047,1.4827843156794158,0.06254952204785691,0.05523218372705674,0.14928500773317055,0.5365086602631384,-0.16268240765953834,0.5865994750284708,-0.03227252905964262,-0.047310114213231114,-0.133190579151997,0.042853205399600025
IC 3955,1,35,2745.907112711464,10983.628450845858,507.99281585162083,4547.222178650185,0.185,0.414,0.185,0.414,0.185,0.414,False,False,False,True,True,1,32,1.754868074,1,32,True,0.32911404106037817,0.5723048883833679,1.754868074,1.585321091,1.754868074,1.5143301738125001,-0.24319084732298973,0.24053790018749988,0.16954698300000004,0.11171497584541061,0.24999999999999997,0.32911404106037817,18.313756428267773,,0.2019829357174711,,0.25577295848318876,False,True,10,,,,,,,,,194.77512315877,27.99670897925,GiC,0.02557,14.31,15.591,1.2809992,15.059,14.2273,13.806,13.5935,0.8317003,1.2530003,43.19741821289063,0.520313,37.0,SIMBAD,B,2023ApJS..269....3M,,-20.689999,True,5.399677276611328,Members of systems,SB0,22970.942107715884,False,1.237667444048593e+18,6.792245,5.796123975447121,14.9788,14.17417,13.7218,0.00237146,0.002062952,0.002107351,0.03477185,0.024055,0.01787545,14.94402815,14.150115,13.70392455,True,0.7939131499999998,1.2401035999999994,14.98426,14.16541,13.76454,0.002362423,0.002057863,0.002108699,14.94948815,14.141355,13.74666455,14.465619391499995,0.0015578184864595,"SDSS(cModelMag g,r)",14.465619391499995,SDSS,Vmag_sdss,1.2401035999999994,0.7939131499999998,SDSS(cModel extcorr),-20.5343806085,5.399677276611328,5.796123975447121,SDSS,False,3.0,17.388371926341364,,,,1.2401035999999994,g-i,31.218780000000002,0.7227001355993988,37.0,6.927529747294869,13.753045835834664,6.927529747294869,NGC 4874,10.271723935975638,3961395.0487366505,8.20343859811122,9.927659769217453,9.865372098178721,8.20343859811122,1.5535350952982239,0.20133297870177613,1.4677925101474893,0.11752858085251061,0.07786281839733444,0.0916841646026656,1.5694893297183812,0.18537874428161882,1.4849985969551873,0.029331576857312802,0.07312993030175668,0.1674079698857432,0.5087983462027266,-0.1796843051423484,0.5852941561149659,-0.012989267731598031,-0.06844363528124586,-0.17474721204174387,0.011158313448168573
IC 3998,74,298,1735.0124544597732,6940.0498178390935,1735.0124544597732,6940.0498178390935,1.0,1.0,1.0,1.0,1.0,1.0,True,True,True,True,True,71,293,1.459974529,71,293,True,0.584619533610438,0.581021819395535,1.459974529,1.49318869,1.4984344560422538,1.5182296891911262,0.0035977142149029584,-0.019795233148872438,-0.033214161000000075,0.24999999999999997,0.24999999999999997,41.507986886341094,170.23939308289175,0.24058914760059413,0.23323940148630676,0.302757215836846,0.2757157925141825,True,True,10,0.584450439224359,0.02864513714123626,0.584450439224359,0.02864513714123626,,,,,194.94492123014,27.97385772552,G,0.03142,14.61,15.909,1.2990007,15.3933,14.5528,14.139,13.854,0.8404999,1.2543001,35.339820861816406,0.43574,7.0,SIMBAD,B,2023ApJS..269....3M,,-20.39,True,4.417477607727051,Regular galaxies,SB0,22929.32790588228,False,1.2376674440486584e+18,5.116478,4.553736992641008,15.48041,14.66306,14.27212,0.002716808,0.002324977,0.002409557,0.02731829,0.01889867,0.01404374,15.45309171,14.64416133,14.25807626,True,0.8089303799999996,1.1950154499999996,15.44581,14.62817,14.25422,0.002696275,0.002306417,0.002395132,15.41849171,14.60927133,14.24017626,14.9658227858,0.0017670355449308,"SDSS(cModelMag g,r)",14.9658227858,SDSS,Vmag_sdss,1.1950154499999996,0.8089303799999996,SDSS(cModel extcorr),-20.0341772142,4.417477607727051,4.553736992641008,SDSS,False,3.0,13.661210977923025,,,,1.1950154499999996,g-i,26.1444,0.7398000148961769,7.0,2.5970946098972965,4.710113721038631,2.5970946098972965,NGC 4874,1.1818856405573146,79138128.74996634,0.9643724024103008,2.5680610700511366,3.7188325498652235,0.9643724024103008,1.544585340379734,-0.08461081137973414,1.4650311423339062,0.028157547666093796,0.07282211815622877,-0.10603627915622885,1.557575664617083,-0.059141208574829296,1.484030755412522,0.03419893377860417,0.065306993421683,-0.08510222657055544,0.5209102641426113,0.06370926946782662,0.5858646987487045,-0.004842879353169516,-0.059206371769956134,0.06280408598485909,0.057020033769037595
IC 4011,39,32,100.49529740559315,401.9811896223726,189.50227158958015,650.739812160616,1.885682977032846,1.6188314999812083,1.0,0.997,1.8856829770328463,1.6188314999812083,True,True,True,True,True,21,32,1.744394903,21,32,True,0.37723941604458755,0.5213695260977034,1.744394903,1.4695653835,1.7235424350000002,1.514290794125,-0.14413011005311582,0.20925164087500026,0.2748295195000001,0.2912105084832386,0.25,7.9220277369363385,16.683824835126508,0.27129003774989136,0.30694403718567104,0.28046499397572805,0.38582277969438594,True,True,10,0.38268226442665854,0.057305947338628906,0.38268226442665854,0.057305947338628906,,,,,195.02664187002,28.004124776700003,G,0.02425,15.05,16.207,1.1570005,15.678,14.916,14.517,14.233,0.7620001,1.1610003,17.219999313354492,0.258,15.0,SIMBAD,C,2006AJ....131.1163S,,-19.95,True,2.1524999141693115,Regular galaxies,E1,8698.200669748132,False,1.237667324334637e+18,1.014002,0.9942091823348834,16.62321,15.84426,15.45266,0.00354938,0.003090188,0.003090666,0.03155479,0.02182946,0.01622163,16.59165521,15.82243054,15.43643837,True,0.7692246699999981,1.1552168399999996,16.62722,15.84291,15.44673,0.003547512,0.003078342,0.003082022,16.59566521,15.82108054,15.43050837,16.127812654699998,0.0023327748278016,"SDSS(cModelMag g,r)",16.127812654699998,SDSS,Vmag_sdss,1.1552168399999996,0.7692246699999981,SDSS(cModel extcorr),-18.8721873453,2.1524999141693115,0.9942091823348834,SDSS,False,3.2,3.181469383471627,,,,1.1552168399999996,g-i,15.48,0.8989547396784688,15.0,7.2898824379249545,1.6688801879551816,1.6688801879551816,NGC 4889,3.859615205478872,377011525.4284291,5.6445996976052095,6.079873254215437,7.335571695374009,5.6445996976052095,1.5237947486665844,0.22060015433341573,1.4586163889350805,0.01094899456491949,0.06111239631293067,0.21371712318706945,1.5298998065422915,0.19364262845770863,1.4817824258727927,0.032508368252207154,0.04713403917292014,0.16211760170208012,0.5490466704514685,-0.17180725440688094,0.5871900891153723,-0.06582056301766892,-0.0377478876037316,-0.10638222244938422,0.09387368053603302
IC 4021,20,21,777.4896163539572,3109.958465415829,777.4896163539572,3109.958465415829,1.0,1.0,1.0,1.0,1.0,1.0,True,True,True,True,True,13,21,1.480831959,13,21,True,0.6299649939737482,0.6104896877421909,1.480831959,1.427812139,1.5111646932307692,1.4736927379047617,0.019475306231557243,0.037471955326007444,0.05301982000000005,0.25,0.25,8.189544921658726,12.820283442586009,0.1824198821850031,0.253762552040012,0.16466095253819027,0.2802099608307363,True,True,10,0.6279095533921607,0.048068788323105065,0.6279095533921607,0.048068788323105065,,,,,195.06145537668,28.04129991474,LIN,0.01912,14.75,15.974,1.224,15.4985,14.6876,14.269,13.968,0.81089973,1.2294998,25.321800231933597,0.362693,49.0,SIMBAD,B,2023ApJS..269....3M,,-20.25,True,3.165225028991699,Active (AGN/Seyfert/QSO),E3,10147.779409867928,False,1.237667324334637e+18,3.041007,2.828285123050337,15.40342,14.66715,14.24484,0.002457547,0.002221335,0.002240282,0.03434348,0.02375866,0.01765523,15.36907652,14.64339134,14.22718477,True,0.725685180000001,1.141891750000001,15.42407,14.66149,14.24243,0.002453489,0.002217651,0.002239004,15.38972652,14.63773134,14.22477477,14.930922263799998,0.0016531443376999,"SDSS(cModelMag g,r)",14.930922263799998,SDSS,Vmag_sdss,1.141891750000001,0.725685180000001,SDSS(cModel extcorr),-20.0690777362,3.165225028991699,2.828285123050337,SDSS,False,3.2,9.05051239376108,,,,1.141891750000001,g-i,21.76158,0.859400982579281,49.0,9.924647517951785,4.126548397941443,4.126548397941443,NGC 4889,6.68578316531927,25871383.722603098,8.285585263395243,8.96824937381079,10.228415969778471,8.285585263395243,1.5452097885981724,-0.06437782959817229,1.4652238103150241,-0.0374116713150241,0.07317382122674934,-0.02015400122674929,1.5584069127367612,-0.047242219505992056,1.484098284292648,-0.010405546387886266,0.06585282054680619,-0.028380865220798746,0.5200651833947794,0.1098998105789688,0.5858248904707767,0.02466479727141424,-0.059850880228053904,0.07932618645961115,0.005789313900767573
IC 4030,11,4,574.1572098072011,2296.6288392288043,574.1572098072011,2296.6288392288043,1.0,1.0,1.0,1.0,1.0,1.0,True,True,True,True,True,10,4,1.631204342,10,4,True,0.4495705135335629,0.752130334298488,1.631204342,1.4208775765000001,1.6721790586,1.4090431835,-0.30255982076492505,0.26313587510000014,0.21032676549999985,0.25,0.25,4.495705135335629,3.008521337193952,0.31055908037244023,0.04534926502526584,0.30021728870569897,0.0950003170755643,True,True,10,0.4498849584702785,0.0912872067453806,0.4498849584702785,0.0912872067453806,,,,,195.1165418506,27.95599470558,G,0.02336,15.27,16.5,1.2299995,15.909,15.116,14.736,14.44,0.7930002,1.1730003,26.8411808013916,0.290645,12.0,SIMBAD,B,2023ApJS..269....3M,,-19.73,True,3.35514760017395,Regular galaxies,SB0,13074.57116618589,False,1.2376674440487242e+18,3.214207,2.7953293218139783,15.75536,15.07075,14.72363,0.00295596,0.002528128,0.00266926,0.03450034,0.02386717,0.01773587,15.72085966,15.04688283,14.70589413,True,0.6739768300000009,1.0149655299999996,15.83601,15.07099,14.70557,0.002963471,0.002528128,0.002669879,15.80150966,15.04712283,14.68783413,15.3132133303,0.0019218908618506,"SDSS(cModelMag g,r)",15.3132133303,SDSS,Vmag_sdss,1.0149655299999996,0.6739768300000009,SDSS(cModel extcorr),-19.6867866697,3.35514760017395,2.7953293218139783,SDSS,False,3.0,8.385987965441934,,,,1.0149655299999996,g-i,17.4387,0.6496994349479542,12.0,11.542040785274944,4.565895315467575,4.565895315467575,NGC 4889,7.99733748320981,18983923.767215718,10.077621936173255,9.104555489358457,9.970949398224786,10.077621936173255,1.5383697483431655,0.09283459365683444,1.4631133763226063,-0.04223579982260617,0.06932135902229783,0.14100540647770202,1.5493016411824314,0.12287741741756864,1.483358590840415,-0.07431540734041509,0.0598739749069625,0.20326190019303764,0.529321973891131,-0.07975146035756808,0.5862609397947539,0.16586939450373406,-0.05279110542541715,-0.2497687153395079,0.0031226753689488694
IC 4040,8,60,1386.757495376423,5547.029981505692,1386.757495376423,5547.029981505692,1.0,1.0,1.0,1.0,1.0,1.0,True,True,True,True,True,8,58,1.395443506,8,58,True,0.5559246945347758,0.5599575014589063,1.395443506,1.4835193245,1.376572785875,1.4822933403793104,-0.00403280692413055,-0.10572055450431028,-0.08807581850000012,0.25,0.25,4.447397556278206,32.47753508461657,0.2906695663873016,0.2641307442569643,0.3935324193561555,0.39280530999482804,False,True,10,,,,,,,,,195.15820968252208,28.05746747143528,EmG,0.02553,15.04,15.1,0.06000042,15.2684,14.7118,14.641,14.302,0.5566006,0.6274004,44.41517639160156,0.294473,152.0,SIMBAD,B,2023ApJS..269....3M,,-19.96,True,5.551897048950195,Regular galaxies,Scd,23582.69984675301,False,,,,,,,,,,,,,,,,False,,,,,,,,,,,,,,,15.039999961853027,SIMBAD,,,,,-19.960000038146973,5.551897048950195,5.551897048950195,SIMBAD_proxy(maj/8),True,3.0,16.655691146850586,,,,0.0600004196166992,B-V,17.66838,0.39780051404548517,152.0,14.952516011317968,8.170947078353194,8.170947078353194,NGC 4889,11.49374385752144,3515663.4381460515,13.30521384728729,13.512247316411145,14.680742678674878,13.30521384728729,1.5432581451751728,-0.1478146391751729,1.4646216479786311,0.018897676521368867,0.07207461241461285,-0.16015043091461298,1.555808939233517,-0.17923615335851695,1.4838872302919015,-0.0015938899125911288,0.0641468986026204,-0.1698674531069307,0.5227063892381316,0.03321830529664416,0.5859493068138852,-0.025991805354978914,-0.05783654075814537,0.05380373383401482,0.010948157979278367
2MASX J12592529+2758048,35,87,616.9130243103846,2467.652097241538,616.9130243103846,2467.652097241538,1.0,1.0,1.0,1.0,1.0,1.0,True,True,True,True,True,34,84,1.6268967795,34,84,True,0.48317660510590354,0.560606224298532,1.6268967795,1.5557260880000001,1.6394293816470589,1.5474392828452381,-0.07742961919262847,0.09199009880182074,0.07117069149999988,0.25000000000000006,0.25000000000000006,16.42800457360072,47.09092284107669,0.2659507013445695,0.23949537674498939,0.271168452374375,0.2846208566214056,True,True,10,0.4834601868222189,0.04479347281629961,0.4834601868222189,0.04479347281629961,,,,,194.85554288412,27.96793530272,GiC,0.02571,15.59,17.055,1.4650002,16.205,15.399,15.024,14.746,0.80599976,1.1809998,27.22559928894043,0.252018,69.0,SIMBAD,B,2023ApJS..269....3M,,-19.41,False,3.4031999111175537,Members of systems,S...,14554.46396629703,False,1.2376674440486584e+18,3.895401,3.1338853299605423,16.22602,15.44426,15.08308,0.003544416,0.002906817,0.003070116,0.03289751,0.02275835,0.01691189,16.193122489999997,15.42150165,15.06616811,True,0.7716208399999971,1.1269543799999957,16.25363,15.44428,15.07672,0.003545425,0.002906817,0.003070455,16.22073249,15.42152165,15.05980811,15.727866194399995,0.0022479149216731,"SDSS(cModelMag g,r)",15.727866194399995,SDSS,Vmag_sdss,1.1269543799999957,0.7716208399999971,SDSS(cModel extcorr),-19.272133805600003,3.4031999111175537,3.1338853299605423,SDSS,False,3.0,9.401655989881627,,,,1.1269543799999957,g-i,15.121080000000001,0.5553993445478528,69.0,2.350342798744093,9.458336239252912,2.350342798744093,NGC 4874,5.867369879702429,86370699.46573423,3.795320634065584,5.332270504159892,5.366717249647854,3.795320634065584,1.5309506833143522,0.09594609618564776,1.460824289351619,0.09490179864838111,0.065142777237644,0.006027914262355882,1.5394255879359422,0.10000379371111667,1.4825562806757213,0.06488300216951681,0.05338900655216855,0.03860109224965219,0.5393623724984727,-0.0561857673925692,0.5867339016735951,-0.026127677375063052,-0.04513370482588136,-0.032295914366747114,0.04067112921652199
LEDA 44602,12,29,596.9988378524981,2387.9953514099925,596.9988378524981,2387.9953514099925,1.0,1.0,1.0,1.0,1.0,1.0,True,True,True,True,True,10,29,1.503883796,10,29,True,0.5837320542224901,0.5163097059567427,1.503883796,1.64548107,1.5448898624000003,1.5730573230344826,0.06742234826574733,-0.02816746063448239,-0.141597274,0.25,0.25,5.837320542224901,14.972981472745541,0.2619031656227213,0.2735976422938287,0.3917227667266944,0.3786694901092798,True,True,10,0.5987840553287278,0.0788479588193219,0.5987840553287278,0.0788479588193219,,,,,194.86970481719,28.04052671511,AG?,0.01876,16.033,16.995,0.9619999,16.142,15.367,14.989,14.695,0.7750006,1.1529999,16.979999542236328,0.159,10.0,SIMBAD,C,2006AJ....131.1163S,,-18.967,False,2.122499942779541,Other,,6679.580151249703,False,1.2376673243345715e+18,4.108369,3.0651745140028503,16.32349,15.46277,15.20181,0.003432369,0.002888707,0.002987799,0.0276596,0.01913479,0.0142192,16.2958304,15.44363521,15.1875908,True,0.8521951899999998,1.1082395999999992,16.24869,15.42865,15.09022,0.003410304,0.002870681,0.002968471,16.2210304,15.40951521,15.0760008,15.7830352379,0.0022102437730609,"SDSS(cModelMag g,r)",15.7830352379,SDSS,Vmag_sdss,1.1082395999999992,0.8521951899999998,SDSS(cModel extcorr),-19.2169647621,2.122499942779541,3.0651745140028503,SDSS,False,3.2,9.808558444809124,,,,1.1082395999999992,g-i,9.540000000000001,0.5618374709769602,10.0,5.114322390000249,9.48786280045,5.114322390000249,NGC 4874,6.710439138827572,10219808.521643868,5.181454843642449,7.7409828430027225,8.424834279947602,5.181454843642449,1.5299635860174547,-0.02607979001745475,1.460519729201162,0.18496134079883797,0.06458682217208275,-0.20618409617208275,1.5381115914383021,0.006778270961698141,1.4824495343145874,0.09060778871989528,0.052526189646180665,-0.08069365028066305,0.5406982349402482,0.043033819282241925,0.5867968286583737,-0.07048712270163093,-0.044114897280225884,0.11153724554597322,0.017000524164235288
GMP 3308,1,3,6.74454452485734,26.978178099429353,6.74454452485734,26.978178099429353,1.0,1.0,1.0,1.0,1.0,1.0,True,True,True,True,True,0,3,,0,3,True,,0.60980873778001,,1.322484562,,1.476208923333333,,,,0.25000000000000006,0.25000000000000006,,1.8294262133400299,,0.30395057382567314,,0.2759395908298314,False,True,10,,,,,,,,,194.904625,27.97233333333333,G,0.0254,18.842,19.827,0.9850006,,,,17.18,,,1.63,,,NED,,,2007SDSS6.C...0000:,-16.158,False,0.20375,Regular galaxies,,861.1939840015141,False,1.2376674440486584e+18,0.244203,0.2442025115935115,19.70403,18.79249,18.31042,0.02178344,0.01549438,0.01698046,0.02840151,0.01964803,0.01460059,19.67562849,18.77284197,18.29581941,True,0.9027865199999994,1.3798090800000011,19.65594,18.79245,18.32617,0.01530694,0.0103765,0.01030636,19.627538490000003,18.77280197,18.31156941,19.1329844432,0.0127803329073071,"SDSS(cModelMag g,r)",19.1329844432,SDSS,Vmag_sdss,1.3798090800000011,0.9027865199999994,SDSS(cModel extcorr),-15.867015556800002,0.20375,0.2442025115935115,SDSS,False,3.2,0.7814480370992372,,,,1.3798090800000011,g-i,,1.0,0.0,0.8438193844712493,6.847369302714706,0.8438193844712493,NGC 4874,3.275995326230869,1827424138.854424,1.1955021679819942,3.3449326223621503,3.934501192612019,1.1955021679819942,,,1.4420263682642593,-0.11954180626425925,,,,,1.4759677310248573,0.00024119230847574613,,,,,0.5906178519946047,0.019190885785405287,,,0.13051892843830185
GMP 3424,5,14,54.30071983682732,217.20287934730928,54.30071983682732,217.20287934730928,1.0,1.0,1.0,1.0,1.0,1.0,True,True,True,True,True,4,14,1.732835036,4,14,True,0.40331115265646067,0.4570413860354063,1.732835036,1.6266493375,1.7205285352500002,1.6552969659999999,-0.05373023337894561,0.06523156925000029,0.10618569850000004,0.25,0.25,1.6132446106258427,6.398579404495688,0.1589288282468447,0.2866737549757093,0.0988542163640089,0.23466654221188482,False,True,10,,,,,,,,,194.87218854122,27.942225323719995,GiC,0.018723,18.773,19.713,0.9399986,,,,16.6,,,4.07,,,NED,,,2007SDSS6.C...0000:,-16.227,False,0.50875,Members of systems,dE,1597.9678781737423,False,1.2376674440486587e+18,0.7651168,0.6929096452031184,19.4459,18.66516,18.09538,0.01389681,0.01033258,0.01118378,0.03378501,0.02337231,0.01736813,19.412114990000003,18.64178769,18.07801187,True,0.7703273000000017,1.3341031200000053,19.42248,18.66515,18.23525,0.01390406,0.01033258,0.01111262,19.38869499,18.64177769,18.21788187,18.947621883,0.0083443166513606,"SDSS(cModelMag g,r)",18.947621883,SDSS,Vmag_sdss,1.3341031200000053,0.7703273000000017,SDSS(cModel extcorr),-16.052378117,0.50875,0.6929096452031184,SDSS,False,3.2,2.217310864649979,,,,1.3341031200000053,g-i,,1.0,0.0,1.740950474354002,8.812489114538266,1.740950474354002,NGC 4874,5.222622061718022,210004062.8417536,3.371613128889898,4.02661869197651,3.7773626433075527,3.371613128889898,1.4733420692210613,0.25949296677893874,1.443049660415837,0.18359967708416303,0.032696329531026885,0.07348936896897315,1.462738601363889,0.25778993388611116,1.4763263882995992,0.1789705777004007,0.0030335995153475404,0.06219796973465275,0.6173254913640986,-0.21401433870763797,0.5904064235147141,-0.13336503747930778,0.014325571293573702,-0.06805580467251932,0.08295752094124903
GMP 3016,0,0,1597.46228364295,6389.8491345718,0.0,0.0,0.0,0.0,0.0,0.0,0.0,0.0,False,False,False,False,False,0,0,,0,0,True,,,,,,,,,,,0.25,,,,,,,False,False,10,,,,,,,,,195.00431,28.081882,GiC,0.0259012519921365,17.69,,,18.097,17.801,17.62,17.598,0.29599953,0.47699928,,,,,,,,-17.31,False,,Members of systems,Sm,,False,1.2376673243346376e+18,4.326953,3.758279887606998,18.15024,17.79452,17.61773,0.01102482,0.01418379,0.02078182,0.03413647,0.02361546,0.01754881,18.11610353,17.77090454,17.60018119,True,0.3451989900000001,0.5159223399999995,18.08871,17.79452,17.61286,0.01104497,0.01418379,0.0207957,18.05457353,17.77090454,17.59531119,17.9024361259,0.0095111889708295,"SDSS(cModelMag g,r)",17.9024361259,SDSS,Vmag_sdss,0.5159223399999995,0.3451989900000001,SDSS(cModel extcorr),-17.0975638741,,3.758279887606998,SDSS,False,3.0,11.274839662820996,,,,0.5159223399999995,g-i,,1.0,0.0,9.240048633938718,6.481592608988784,6.481592608988784,NGC 4889,7.1160066883778645,7774952.545345972,7.829687434596076,9.541039211416281,10.805921175217025,7.829687434596076,,,,,,,,,,,,,,,,,,,
LEDA 44644,69,242,431.2032761352652,1724.8131045410607,431.2032761352652,1724.8131045410607,1.0,1.0,1.0,1.0,1.0,1.0,True,True,True,True,True,66,236,1.6942651105,66,236,True,0.4391329816652002,0.5392892092506844,1.6942651105,1.5368124600000002,1.6633250371515154,1.5359951588728815,-0.10015622758548415,0.12732987827863385,0.1574526504999998,0.25,0.25,28.982776789903212,127.27225338316151,0.2654363966915827,0.2532131088906518,0.2903711080209915,0.32073427235071084,True,True,10,0.44249346653319677,0.03214159693923927,0.44249346653319677,0.03214159693923927,,,,,194.91524614901,27.95392092257,G,0.02679,15.59,16.99,1.3999996,16.304,15.505,15.137,14.871,0.79900074,1.1670008,17.399999618530273,0.18,,SIMBAD,E,2003A&A...412...45P,,-19.41,False,2.174999952316284,Regular galaxies,,9679.905540903545,False,1.2376674440486584e+18,3.810511,2.4784352700918784,16.24508,15.46987,15.10929,0.003544283,0.002971435,0.003119395,0.0298651,0.02066054,0.01535299,16.215214900000003,15.44920946,15.09393701,True,0.7660054400000025,1.1212778900000036,16.24361,15.46985,15.10885,0.003544733,0.002971435,0.00311957,16.213744900000002,15.44918946,15.09349701,15.753271690400002,0.002277100266552,"SDSS(cModelMag g,r)",15.753271690400002,SDSS,Vmag_sdss,1.1212778900000036,0.7660054400000025,SDSS(cModel extcorr),-19.2467283096,2.174999952316284,2.4784352700918784,SDSS,False,3.2,7.930992864294011,,,,1.1212778900000036,g-i,10.799999999999999,0.6206896687801332,0.0,0.9289221466799671,6.430505146456908,0.9289221466799671,NGC 4874,2.8350536957880212,1372257580.6332672,1.1815771307024896,2.1738467741859644,2.6968511977842033,1.1815771307024896,1.5304961222990259,0.16376898820097407,1.4606840385661546,0.07612842143384557,0.06488675840356187,0.09256589209643792,1.5388204889411625,0.12450454821035284,1.4825071236833438,0.05348803518953771,0.05299167699807161,0.07433820128056223,0.5399775408205604,-0.10084455915536017,0.5867628797228536,-0.047473670472169216,-0.044664541153940585,-0.05549168643154356,0.155325621407454
IC 3973,30,15,791.1873964160725,3164.74958566429,791.1873964160725,3164.74958566429,1.0,1.0,1.0,1.0,1.0,1.0,True,True,True,True,True,27,14,1.62538705,27,14,True,0.4753084748453116,0.7120267284879277,1.62538705,1.36924428,1.635630175888889,1.362186062357143,-0.23671825364261612,0.273444113531746,0.2561427700000001,0.25,0.25,12.833328820823413,9.968374198830988,0.27440873132886734,0.11160387890320692,0.32297949216876565,0.2126410686553656,True,True,10,0.4785743115286184,0.051156032769153266,0.4785743115286184,0.051156032769153266,,,,,194.87842956411,27.88420618177,AG?,0.01571,14.03,15.2,1.1700001,14.891,14.089,13.698,13.384,0.80200005,1.1929998,49.60697937011719,0.516492,137.0,SIMBAD,B,2023ApJS..269....3M,,-20.970001,True,6.200872421264648,Other,SBa,16402.50192279089,False,1.2376674440486587e+18,3.882846,3.3463969849021917,14.89322,14.08936,13.69941,0.002220474,0.002004732,0.002069547,0.03677772,0.02544266,0.01890662,14.85644228,14.06391734,13.68050338,True,0.7925249399999998,1.1759388999999985,14.89146,14.08934,13.69809,0.002220656,0.002004732,0.002069685,14.85468228,14.06389734,13.67918338,14.3788525654,0.0014925865086144,"SDSS(cModelMag g,r)",14.3788525654,SDSS,Vmag_sdss,1.1759388999999985,0.7925249399999998,SDSS(cModel extcorr),-20.6211474346,6.200872421264648,3.3463969849021917,SDSS,False,3.0,10.039190954706571,,,,1.1759388999999985,g-i,30.98952,0.6247008060859238,137.0,4.630095084965553,9.939705478723015,4.630095084965553,NGC 4874,6.858647504069512,12799943.130756486,5.790262446436393,4.601499854529899,3.4467985883570593,5.790262446436393,1.5550875474356927,0.07029950256430739,1.4682715055393831,-0.09902722553938315,0.07873719383385924,0.17740557616614083,1.5715559108728425,0.0640742650160464,1.4851664817392207,-0.12298041938207782,0.07448692110109845,0.19895719243064758,0.5066973754984031,-0.03138890065309152,0.5851951880270874,0.12683154046084033,-0.0700459595474488,-0.16667229409516732,0.006169848773115953
LEDA 126758,25,28,1698.5416306633247,6794.166522653299,1698.5416306633247,4656.721734626571,1.0,0.6854,1.0,0.6854,1.0,0.6854,True,False,False,True,True,24,26,1.429517234,24,26,True,0.5519552270903352,0.5594565511185358,1.429517234,1.4497186105,1.4978877085833335,1.4383354256538463,-0.007501324028200584,0.05955228292948722,-0.02020137649999998,0.36475051065071495,0.25,13.246925450168044,14.54587032908193,0.2637699308549593,0.19433664419495844,0.4069448728448262,0.31582683747465384,True,True,10,0.5607474600401258,0.04846089883109062,0.5607474600401258,0.04846089883109062,,,,,195.09029099217,27.89855164897,EmG,0.01626,16.81,18.205,1.3950005,17.331,16.638,16.31,16.046,0.6929989,1.0209999,8.819999694824219,0.147,90.0,SIMBAD,C,2006AJ....131.1163S,,-18.19,False,1.1024999618530271,Regular galaxies,,3016.4020063244934,False,1.2376674440487242e+18,4.537534,3.875358740150076,17.49151,16.7759,16.45208,0.00679767,0.005393971,0.006219325,0.03168688,0.02192084,0.01628953,17.459823120000003,16.75397916,16.435790469999997,True,0.7058439600000028,1.024032650000006,17.33054,16.6378,16.30969,0.006680677,0.005299928,0.006107788,17.29885312,16.61587916,16.293400469999998,17.0333751836,0.0042303145164289,"SDSS(cModelMag g,r)",17.0333751836,SDSS,Vmag_sdss,1.024032650000006,0.7058439600000028,SDSS(cModel extcorr),-17.9666248164,1.1024999618530271,3.875358740150076,SDSS,False,3.2,12.401147968480243,,,,1.024032650000006,g-i,8.82,1.0,90.0,10.785306699293509,5.581717257033833,5.581717257033833,NGC 4889,7.78829727836003,10873950.45529427,9.67058081100148,7.838952834924759,8.276451122264664,9.67058081100148,1.507592214278819,-0.07807498027881898,1.4536172400908574,-0.0038986295908574053,0.05198676999815843,-0.07218814649815841,1.508331442911539,-0.010443734328205556,1.4800302565653913,-0.04169483091154502,0.0329714833300947,0.026580799599392524,0.5709739487635648,-0.0190187216732296,0.5882229930023533,-0.028766441883817495,-0.021024850933607953,0.013523526905407368,0.006192013012917668
IC 4051,1376,541,15637.192825286134,62548.77130114454,15637.192825286134,60422.11307690562,1.0,0.966,1.0,0.966,1.0,0.966,True,True,True,True,True,1287,527,1.536132999,1287,527,True,0.5531118461988921,0.6001708557255089,1.536132999,1.434614617,1.543793027336441,1.467637075455408,-0.04705900952661679,0.07615595188103308,0.10151838200000007,0.2587991718426501,0.25,711.8549460579741,316.2900409673432,0.24882936142229167,0.24863361627029507,0.28587952706349995,0.3084942169440027,True,True,10,0.5531823031169018,0.007035478486388378,0.5531823031169018,0.007035478486388378,,,,,195.22692933466,28.007639484250003,EmG,0.01662,13.5,14.8,1.3000002,13.83,13.045,12.617,12.289,0.78499985,1.2130003,79.12799835205078,0.915775,103.0,SIMBAD,B,2023ApJS..269....3M,,-21.5,True,9.890999794006348,Regular galaxies,E3,27648.45590073015,True,1.2376673243347028e+18,16.32261,14.110691012813476,13.7839,13.09279,12.65764,0.001822794,0.001708321,0.001716669,0.03332343,0.02305299,0.01713084,13.75057657,13.06973701,12.64050916,True,0.680839559999999,1.1100674099999992,13.83039,13.04475,12.61681,0.001806036,0.001684989,0.00169446,13.79706657,13.02169701,12.59967916,13.3388812296,0.0012547536390096,"SDSS(cModelMag g,r)",13.3388812296,SDSS,Vmag_sdss,1.1100674099999992,0.680839559999999,SDSS(cModel extcorr),-21.6611187704,9.890999794006348,14.110691012813476,SDSS,False,4.8,67.73131686150468,,,,1.1100674099999992,g-i,54.9465,0.694400226776063,103.0,17.627269946582405,10.398940718506523,10.398940718506523,NGC 4889,14.012721219897164,1746533.0058117365,16.040313843896875,15.523522290152426,16.490726894251296,16.040313843896875,1.5736949553096227,-0.03756195630962256,1.4740126568519327,-0.03939803985193269,0.08921729817310728,0.012301083826892795,1.5963255752750793,-0.05253254793863826,1.487178718108342,-0.01954164265293401,0.09075156506345017,-0.014595613182417089,0.48151552423034194,0.07159632196855015,0.5840089745953086,0.01616188113020023,-0.08925112565076204,0.04219211612414525,0.011460853210337414
2MASX J12592265+2753488,21,27,420.10280760948933,1680.4112304379578,420.10280760948933,1680.4112304379578,1.0,1.0,1.0,1.0,1.0,1.0,True,True,True,True,True,17,27,1.649582738,17,27,True,0.5048808105757014,0.6134599507546711,1.649582738,1.450983257,1.6080070703529412,1.5023174975185185,-0.10857914017896964,0.10568957283442271,0.19859948100000002,0.24999999999999994,0.24999999999999994,8.582973779786924,16.56341867037612,0.2647387557506681,0.2141999350410741,0.301004160622276,0.21382560435496997,True,True,10,0.511166266879602,0.06472493027816051,0.511166266879602,0.06472493027816051,,,,,194.84424989072,27.89687078928,GiC,0.01719,15.33,16.504,1.1739998,15.976,15.198,14.824,14.587,0.7779999,1.1519995,21.11699867248535,0.26625,28.0,SIMBAD,B,2023ApJS..269....3M,,-19.67,False,2.639624834060669,Members of systems,SB0,7626.343064574979,False,1.2376674440486584e+18,2.459718,2.2158852578663,15.96707,15.21206,14.84526,0.003031227,0.002621046,0.002734322,0.03866027,0.02674499,0.0198744,15.92840973,15.18531501,14.8253856,True,0.7430947200000002,1.1030241300000014,15.97594,15.19837,14.82378,0.003020651,0.002612454,0.002727866,15.93727973,15.17162501,14.803905599999998,15.479983845199998,0.0019839267732674,"SDSS(cModelMag g,r)",15.479983845199998,SDSS,Vmag_sdss,1.1030241300000014,0.7430947200000002,SDSS(cModel extcorr),-19.520016154800004,2.639624834060669,2.2158852578663,SDSS,False,3.0,6.6476557735989,,,,1.1030241300000014,g-i,15.975,0.756499550327425,28.0,4.729345314929385,11.136306999186456,4.729345314929385,NGC 4874,7.753571523239694,11608289.60366112,6.233601782469531,5.826946651820893,4.902425177798315,6.233601782469531,1.5353858516863386,0.11419688631366154,1.4621927213703463,-0.0112094643703462,0.06764076232054589,0.13095871867945413,1.5453295608528486,0.06267750950009265,1.4830359072396013,0.019281590278917182,0.057265765473786256,0.04842380736063645,0.5333601527885129,-0.028479342212811454,0.5864511617922158,0.027008788962455288,-0.04971135184997305,-0.058867788328996584,0.019127845714754448
LEDA 126754,12,24,1666.8440811350647,6667.37632454026,1337.4756907027759,3880.413020882431,0.8024,0.582,0.8024,0.582,0.8024,0.582,True,False,False,True,True,12,23,1.5419837175,12,23,True,0.587851529955146,0.5891902188663091,1.5419837175,1.288103485,1.5172238654166668,1.3957334718695653,-0.0013386889111630662,0.12149039354710145,0.2538802325,0.3446735395189003,0.24999999999999997,7.0542183594617525,13.551375033925108,0.19199601128925584,0.27036250219951957,0.21027931012680798,0.3817136566929607,True,True,10,0.5859536375641188,0.0545463741505748,0.5859536375641188,0.0545463741505748,,,,,195.1289845,28.10839552777778,AG?,0.01728,17.15,,,17.9,17.218,16.847,16.635,0.6819992,1.0529995,8.66,,,NED,,,2007SDSS6.C...0000:,-17.85,False,1.0825,Other,,3143.5640787654274,False,1.2376673243346373e+18,5.398847,3.839028196447303,18.08316,17.40036,16.98393,0.008912189,0.007605135,0.008446744,0.03684132,0.02548665,0.01893931,18.04631868,17.374873349999998,16.96499069,True,0.671445330000001,1.0813279899999984,17.89953,17.21823,16.84739,0.008727153,0.007435316,0.008246869,17.862688679999998,17.192743349999997,16.82845069,17.640165935299994,0.0057866339729505,"SDSS(cModelMag g,r)",17.640165935299994,SDSS,Vmag_sdss,1.0813279899999984,0.671445330000001,SDSS(cModel extcorr),-17.359834064700006,1.0825,3.839028196447303,SDSS,False,3.2,12.28489022863137,,,,1.0813279899999984,g-i,,1.0,0.0,15.12305481286862,9.357902117020313,9.357902117020313,NGC 4889,12.044941203348692,2438908.6255949335,13.515132093288132,14.351768452649818,15.612169853305703,13.515132093288132,1.496735373688761,0.04524834381123899,1.4502674578414403,-0.16216397284144035,0.045871956857645446,0.20800827564235458,1.493879118347778,0.023344747068888783,1.478856179572127,-0.08312270770256158,0.02348157221782715,0.0980088213292743,0.5856667714733272,0.0021847584818187604,0.5889151114436677,0.000275107422641363,-0.009819237110234469,0.008480548199071403,0.006039541467800051
LEDA 126792,59,179,2508.4196759978363,10033.678703991345,2508.4196759978363,10033.678703991345,1.0,1.0,1.0,1.0,1.0,1.0,True,True,True,True,True,57,179,1.4523799,57,179,True,0.6552757992221775,0.6018547596876357,1.4523799,1.439987242,1.4461752090877193,1.4858128583519554,0.0534210395345418,-0.039637649264236074,0.012392658,0.25,0.25,37.35072055566412,107.73200198408679,0.16355596511528214,0.23264375690302547,0.21384484720657265,0.28603467796563603,True,True,10,0.6555813553321894,0.020035224439326486,0.6555813553321894,0.020035224439326486,,,,,194.854351875,27.996733611111114,GiC,0.01828,17.17,18.55,1.3799992,17.599,16.871,16.498,16.262,0.72800064,1.1010017,22.81999969482422,0.375,0.0,SIMBAD,D,2019MNRAS.490..718B,,-17.83,False,2.852499961853028,Members of systems,,8752.33694498333,False,1.2376673243345715e+18,5.284765,4.742861806254429,17.77216,17.03003,16.68697,0.007943758,0.006591271,0.007141294,0.03034168,0.02099024,0.01559799,17.74181832,17.00903976,16.67137201,True,0.7327785599999999,1.0704463100000012,17.59938,16.87102,16.49768,0.00776324,0.006439277,0.006969848,17.56903832,16.85002976,16.48208201,17.2994789696,0.0050725552447834,"SDSS(cModelMag g,r)",17.2994789696,SDSS,Vmag_sdss,1.0704463100000012,0.7327785599999999,SDSS(cModel extcorr),-17.7005210304,2.852499961853028,4.742861806254429,SDSS,False,3.2,15.177157780014172,,,,1.0704463100000012,g-i,22.5,0.9859772261567209,0.0,3.2561917831787897,9.577722529803415,3.2561917831787897,NGC 4874,6.172936022397606,33687657.17964756,4.16127842076191,6.298146761148597,6.619106090820979,4.16127842076191,1.5028310237416875,-0.05045112374168759,1.4521482168133137,-0.012160974813313796,0.04930516200921936,-0.03691250400921936,1.5019934783460887,-0.0558182692583693,1.479515373416484,0.006297484935471331,0.02880975003290298,-0.06844739929713906,0.5774173820873931,0.07785841713478436,0.5885265166422212,0.013328243045414467,-0.016110708365515702,0.0695317479000575,0.024455373862473928
2MASX J12595760+2803543,0,4,983.9325989080371,3935.7303956321484,0.0,1023.2899028643586,0.0,0.26,0.0,0.26,0.0,0.26,False,False,False,False,True,0,4,,0,4,True,,0.7214128820276728,,1.309565784,,1.36557909625,,,,,0.25,,2.8856515281106914,,0.12719521879859355,,0.22990252848024964,False,True,10,,,,,,,,,194.990029,28.065089,GiC,0.01948,16.59,17.914,1.3239994,17.274,16.6,16.246,16.007,0.6739998,1.0279999,10.199999809265137,0.133,60.0,SIMBAD,C,2006AJ....131.1163S,,-18.41,False,1.274999976158142,Members of systems,1.48,4162.819773722052,False,1.2376673243345718e+18,3.773793,3.3346873663249745,17.14562,16.48442,16.16053,0.005768645,0.005163962,0.005571181,0.03240118,0.02241499,0.01665674,17.11321882,16.46200501,16.143873260000003,True,0.6512138100000016,0.9693455599999972,17.27383,16.60032,16.2458,0.00557226,0.005000859,0.00540826,17.24142882,16.57790501,16.22914326,16.719002672099997,0.0038570089643077,"SDSS(cModelMag g,r)",16.719002672099997,SDSS,Vmag_sdss,0.9693455599999972,0.6512138100000016,SDSS(cModel extcorr),-18.280997327900003,1.274999976158142,3.3346873663249745,SDSS,False,3.2,10.67099957223992,,,,0.9693455599999972,g-i,7.98,0.7823529558060769,60.0,7.980385598524684,5.768759615553481,5.768759615553481,NGC 4889,5.951789856016251,11213657.705951585,6.576611751099073,8.354839874898461,9.608369736829276,6.576611751099073,,,1.455352730382654,-0.145786946382654,,,,,1.480638534677793,-0.11505943842779298,,,,,0.5878644130272269,0.13354846900044592,,,0.0010125644833217443
2MASX J12592136+2758248,4,17,216.8778527802254,867.5114111209017,216.8778527802254,867.5114111209017,1.0,1.0,1.0,1.0,1.0,1.0,True,True,True,True,True,3,17,1.63779377,3,17,True,0.5014482568969519,0.6442187465499343,1.63779377,1.494712283,1.6030216276666664,1.459061859647059,-0.14277048965298234,0.14395976801960741,0.14308148700000012,0.24999999999999997,0.24999999999999997,1.5043447706908557,10.951718691348884,0.31065159575193674,0.17601815436523627,0.26445791386807055,0.2402991410961494,False,True,10,,,,,,,,,194.83922998562,27.973574061,GiC,0.02021,16.12,17.608,1.487999,17.073,16.364,16.025,15.774,0.70899963,1.0480003,25.45439910888672,0.188872,84.0,SIMBAD,B,2023ApJS..269....3M,,-18.88,False,3.18179988861084,Members of systems,S...,10768.182295021958,False,1.2376674440485934e+18,3.18385,2.0754077089170355,16.91346,16.20368,15.84402,0.004764859,0.003991485,0.00444435,0.03376154,0.02335608,0.01735607,16.87969846,16.18032392,15.82666393,True,0.6993745400000009,1.0530345299999997,17.07322,16.36368,16.02497,0.004689825,0.003921284,0.004350529,17.03945846,16.34032392,16.007613929999998,16.457067481399996,0.0030598096528865,"SDSS(cModelMag g,r)",16.457067481399996,SDSS,Vmag_sdss,1.0530345299999997,0.6993745400000009,SDSS(cModel extcorr),-18.542932518600004,3.18179988861084,2.0754077089170355,SDSS,False,3.0,6.226223126751107,,,,1.0530345299999997,g-i,11.332320000000001,0.44520084530471693,84.0,3.271183755412217,10.308836052079487,3.271183755412217,NGC 4874,6.739544688015576,32861673.78261265,4.659700245061834,6.259412783660264,6.260726507532487,4.659700245061834,1.5179036450909709,0.11989012490902917,1.4567987409717182,0.03791354202828168,0.05779439626885968,0.08528709073114044,1.5220577331317762,0.08096389453489028,1.4811453520283633,-0.02208349238130425,0.041984654430463064,0.10197511358914435,0.5570192421847773,-0.055570985287825336,0.5875656441758481,0.05665310237408616,-0.031667533829147276,-0.11110295582383506,0.036653952875104166
2MASX J13001702+2803502,6,16,515.957465429566,2063.829861718264,515.957465429566,2063.829861718264,1.0,1.0,1.0,1.0,1.0,1.0,True,True,True,True,True,6,16,1.291909275,6,16,True,0.6492259468019682,0.667743557019203,1.291909275,1.4379553795,1.4246018319999998,1.3891626625,-0.018517610217234748,0.03543916949999981,-0.14604610449999988,0.25,0.25,3.895355680811809,10.683896912307247,0.3179420730145155,0.1678082675489845,0.40480856881138483,0.27024228919944565,False,True,10,,,,,,,,,195.07096562464,28.06391252495,GiC,0.02047,15.52,16.855,1.3349991,16.03,15.268,14.864,14.573,0.76200104,1.1660004,25.399019241333008,0.28413,76.0,SIMBAD,B,2023ApJS..269....3M,,-19.48,False,3.174877405166626,Members of systems,SB0,10879.548116232978,False,1.2376673243346373e+18,3.127286,2.6070842519428004,15.99801,15.2678,14.86028,0.002968892,0.00259522,0.002638458,0.03496073,0.02418567,0.01797255,15.96304927,15.24361433,14.84230745,True,0.7194349400000011,1.120741820000001,16.02991,15.26779,14.86429,0.002970163,0.002595221,0.002638689,15.99494927,15.24360433,14.84631745,15.5285826554,0.0019560671570235,"SDSS(cModelMag g,r)",15.5285826554,SDSS,Vmag_sdss,1.120741820000001,0.7194349400000011,SDSS(cModel extcorr),-19.4714173446,3.174877405166626,2.6070842519428004,SDSS,False,3.0,7.821252755828401,,,,1.120741820000001,g-i,17.0478,0.671199145054283,76.0,11.07330362433684,5.57370602554676,5.57370602554676,NGC 4889,7.986281714570146,10850811.214546127,9.455970600789993,10.322933033857465,11.59429443118251,9.455970600789993,1.5345163105245299,-0.24260703552452978,1.4619244321268228,-0.023969052626822807,0.06715101747458091,-0.2131971219745808,1.5441720518162403,-0.1195702198162405,1.482941873596544,-0.09377921109654408,0.05650570380892417,-0.021066534308924356,0.5345369236937608,0.11468902310820739,0.5865065946291059,0.08123696239009703,-0.04881387690024619,0.03029626668301144,0.0060955929367496175
LEDA 126759,0,4,79.27004677791436,317.0801871116575,79.27004677791436,317.0801871116575,1.0,1.0,1.0,1.0,1.0,1.0,True,True,True,True,True,0,4,,0,4,True,,0.48396042900707414,,1.5941728865,,1.6016631125000003,,,,0.24999999999999994,0.24999999999999994,,1.9358417160282966,,0.3116572481191407,,0.2665279449932742,False,True,10,,,,,,,,,195.07869072274,28.0093126217,AG?,0.02068,17.36,18.301,0.941,17.783,17.041,16.655,16.382,0.7420006,1.1280003,7.199999809265137,0.12,90.0,SIMBAD,C,2006AJ....131.1163S,,-17.64,False,0.8999999761581421,Other,,3114.9301629568845,False,1.2376673243346373e+18,0.9153376,0.8371983630548457,17.7664,17.04928,16.6611,0.005538598,0.004612247,0.004750346,0.03410693,0.02359502,0.01753363,17.73229307,17.02568498,16.643566370000002,True,0.7066080899999996,1.0887266999999987,17.78336,17.04129,16.65547,0.005534069,0.00460787,0.004746385,17.749253069999998,17.01769498,16.637936370000002,17.3053942969,0.0035442511863207,"SDSS(cModelMag g,r)",17.3053942969,SDSS,Vmag_sdss,1.0887266999999987,0.7066080899999996,SDSS(cModel extcorr),-17.6946057031,0.8999999761581421,0.8371983630548457,SDSS,False,3.2,2.6790347617755064,,,,1.0887266999999987,g-i,7.199999999999999,1.0,90.0,9.994119850176435,3.070038007499891,3.070038007499891,NGC 4889,6.44869233562492,61204581.576600306,8.360679129256683,8.40519604943308,9.577604222373392,8.360679129256683,,,1.4521155613083747,0.14205732519162528,,,,,1.4795039278734017,0.12215918462659858,,,,,0.5885332637903926,-0.10457283478331847,,,0.009237257319739303
2MASX J12593697+2749327,0,0,308.07606583196775,1232.3042633278712,0.0,0.0,0.0,0.0,0.0,0.0,0.0,0.0,False,False,False,False,False,0,0,,0,0,True,,,,,,,,,,,0.24999999999999994,,,,,,,False,False,10,,,,,,,,,194.90404155527,27.825811902120005,GiC,0.02087,16.43,17.56,1.1299992,16.947,16.215,15.867,15.585,0.73200035,1.0800009,9.420000076293944,0.157,90.0,SIMBAD,C,2006AJ....131.1163S,,-18.57,False,1.1775000095367432,Members of systems,E/S0,4111.861149033748,False,1.2376674440486587e+18,1.923623,1.6504516069275927,16.91373,16.22208,15.89493,0.004322707,0.003604603,0.003867843,0.03279377,0.02268658,0.01685856,16.88093623,16.19939342,15.87807144,True,0.6815428099999998,1.0028647899999985,16.94714,16.21544,15.8668,0.00431943,0.003600004,0.003863313,16.91434623,16.192753420000003,15.84994144,16.468825972099996,0.0027683934405474,"SDSS(cModelMag g,r)",16.468825972099996,SDSS,Vmag_sdss,1.0028647899999985,0.6815428099999998,SDSS(cModel extcorr),-18.531174027900004,1.1775000095367432,1.6504516069275927,SDSS,False,3.0,4.951354820782778,,,,1.0028647899999985,g-i,9.42,0.9999999919008553,90.0,8.011027799500402,11.384669681317918,8.011027799500402,NGC 4874,9.15473728299137,3307988.3005194208,8.772911067802326,6.717383516002637,5.454334226680289,8.772911067802326,,,,,,,,,,,,,,,,,,,
LEDA 2816216,7,2,366.42937480239544,1465.7174992095813,366.42937480239544,1465.7174992095813,1.0,1.0,1.0,1.0,1.0,1.0,True,True,True,True,True,6,2,1.5106500375,6,2,True,0.5994939460766262,0.3946130183619992,1.5106500375,1.89258608,1.5292440698333332,1.89258608,0.20488092771462701,-0.3633420101666669,-0.3819360425,0.25000000000000006,0.25000000000000006,3.5969636764597572,0.7892260367239984,0.21186138896663373,0.5552638856298073,0.19351824191598552,0.7673800357132302,False,True,10,,,,,,,,,194.89701825286,27.863645236110003,AG?,0.02099,16.37,17.721,1.3509998,17.252,16.514,16.18,15.8223,0.73800087,1.0720005,16.157819747924805,0.237143,60.0,SIMBAD,B,2023ApJS..269....3M,,-18.63,False,2.0197274684906006,Other,S0...,7092.461702966269,False,1.2376674440486587e+18,2.057261,1.9181366942285152,17.05988,16.33126,15.99901,0.005030076,0.00404873,0.005326854,0.03587027,0.02481489,0.01844012,17.02400973,16.306445110000002,15.98056988,True,0.7175646199999974,1.0434398499999986,17.2523,16.51428,16.17959,0.004940682,0.003976932,0.005225486,17.21642973,16.48946511,16.16114988,16.5906466042,0.0031558421570568,"SDSS(cModelMag g,r)",16.5906466042,SDSS,Vmag_sdss,1.0434398499999986,0.7175646199999974,SDSS(cModel extcorr),-18.4093533958,2.0197274684906006,1.9181366942285152,SDSS,False,3.0,5.7544100826855455,,,,1.0434398499999986,g-i,14.22858,0.8806002432244868,60.0,5.736952369196935,9.940611734089536,5.736952369196935,NGC 4874,7.265291606303399,7568318.763181637,6.612498449431425,4.840789471929196,3.556627299146496,6.612498449431425,1.5155136165047796,-0.004863579004779517,1.4560613187661318,0.4365247612338683,0.05644827922091972,-0.43838432172091973,1.5188761934787087,0.010367876354624439,1.4808868903190828,0.41169918968091723,0.03989554216519664,-0.40323755233186354,0.5602537251816382,0.03924022089498802,0.5877180073653092,-0.19310498900331002,-0.029200726184554326,0.23408165389918134,0.003200630445671902
SDSS J130051.15+280249.7,305,1861,22566.43619057704,90265.74476230812,22385.904701052423,74415.07998204682,0.992,0.8244,0.992,0.8244,0.992,0.8244,True,True,True,True,True,300,1754,1.4565394705,300,1754,True,0.568484416369547,0.5632349192157082,1.4565394705,1.5111467630000002,1.5069286087966667,1.5263002545769668,0.005249497153838822,-0.01937164578030015,-0.05460729250000007,0.3008248423095585,0.25000000000000006,170.5453249108641,987.9140483043521,0.26975960792482667,0.2477810717438555,0.3143541655112943,0.29055514969844054,True,True,10,0.5672017232553747,0.01532890105426373,0.5672017232553747,0.01532890105426373,,,,,195.2131504583333,28.047138916666665,GiC,0.02116,17.077,17.804,0.7270012,16.54,15.845,15.509,15.338,0.69500065,1.0310011,15.45,,,NED,,,2007SDSS6.C...0000:,-17.923,False,1.93125,Members of systems,,6835.279943101027,False,1.2376673243347026e+18,16.10263,14.125547910116966,16.62414,15.84471,15.56184,0.007099308,0.005981592,0.006733094,0.0350979,0.02428056,0.01804306,16.5890421,15.82042944,15.54379694,True,0.7686126600000005,1.0452451600000003,16.54006,15.84471,15.50868,0.007014956,0.005981592,0.006731189,16.5049621,15.82042944,15.49063694,16.125560630599995,0.004574614007793,"SDSS(cModelMag g,r)",16.125560630599995,SDSS,Vmag_sdss,1.0452451600000003,0.7686126600000005,SDSS(cModel extcorr),-18.874439369400005,1.93125,14.125547910116966,SDSS,False,3.2,45.20175331237429,,,,1.0452451600000003,g-i,,1.0,0.0,17.468374056075092,10.393129377674235,10.393129377674235,NGC 4889,13.910886998325815,1754632.8198185621,15.833411246856118,15.721622625323965,16.80703925006569,15.833411246856118,1.5238350424030829,-0.06729557190308277,1.4586288212115024,0.05251794178849778,0.061135090637985695,-0.11574238313798577,1.5299534444448595,-0.0230248356481928,1.481786783305197,0.044513471271769856,0.04716925973037239,-0.06654090551067254,0.5489921399716502,0.019492276397896857,0.5871875204087703,-0.023952601193062084,-0.03778947576623226,0.043038972920071084,0.08471342263235782
2MASS J12594779+2805520,0,0,372.75066830848647,1491.002673233946,0.0,0.0,0.0,0.0,0.0,0.0,0.0,0.0,False,False,False,False,False,0,0,,0,0,True,,,,,,,,,,,0.24999999999999997,,,,,,,False,False,10,,,,,,,,,194.949151,28.09779,AG?,0.02126,17.63,,,18.436,17.746,17.39,17.174,0.69000053,1.0460014,6.42,,,NED,,,2007SDSS6.C...0000:,-17.37,False,0.8025,Other,,2853.3675692931747,False,1.2376673243345718e+18,2.145145,1.8154447175111288,18.34495,17.66656,17.26984,0.009136708,0.007851311,0.00881276,0.03338294,0.02309416,0.01716144,18.31156706,17.64346584,17.25267856,True,0.6681012200000005,1.058888500000002,18.43615,17.74564,17.38951,0.009006577,0.00770586,0.008611602,18.40276706,17.722545840000002,17.372348560000002,17.9073873402,0.0059574197759134,"SDSS(cModelMag g,r)",17.9073873402,SDSS,Vmag_sdss,1.058888500000002,0.6681012200000005,SDSS(cModel extcorr),-17.0926126598,0.8025,1.8154447175111288,SDSS,False,3.2,5.809423096035614,,,,1.058888500000002,g-i,,1.0,0.0,8.729961281699477,8.518779360276742,8.518779360276742,NGC 4889,7.831813643749098,4458765.876157449,7.720237853218514,10.001990042147588,11.142645175769477,7.720237853218514,,,,,,,,,,,,,,,,,,,
LEDA 126799,1,5,303.3012361697466,1213.2049446789863,168.08954508527356,620.6756496977695,0.5542,0.5116,0.5542,0.5116,0.5542,0.5116,False,False,False,True,True,1,5,1.43334951,1,5,True,0.6838365893018332,0.5853561214873423,1.43334951,1.427624596,1.43334951,1.4888174269999999,0.09848046781449094,-0.05546791699999987,0.00572491399999997,0.2708170445660672,0.25,0.6838365893018332,2.9267806074367115,,0.302334007683198,,0.37719544664912397,False,True,10,,,,,,,,,194.81092502101,27.89558741444,GiC,0.02138,17.66,18.903,1.243,18.078,17.31,16.94,16.647,0.76799965,1.1379986,4.82,,,NED,,,2007SDSS6.C...0000:,-17.34,False,0.6025,Members of systems,,2154.02581969888,False,1.2376674440485934e+18,1.815053,1.637611590469105,18.21153,17.42055,17.07506,0.007988362,0.006070899,0.006700076,0.04185935,0.0289581,0.02151897,18.16967065,17.391591899999998,17.05354103,True,0.7780787500000024,1.1161296199999988,18.07813,17.30966,16.93989,0.007958545,0.006025441,0.0066502,18.03627065,17.2807019,16.91837103,17.700604187499998,0.0048535173111029,"SDSS(cModelMag g,r)",17.700604187499998,SDSS,Vmag_sdss,1.1161296199999988,0.7780787500000024,SDSS(cModel extcorr),-17.299395812500002,0.6025,1.637611590469105,SDSS,False,3.2,5.2403570895011375,,,,1.1161296199999988,g-i,,1.0,0.0,6.023762050355562,12.781711915299352,6.023762050355562,NGC 4874,9.314272804510257,5841276.25483598,7.627758655471216,7.527767730735031,6.656745261141685,7.627758655471216,1.4956539984900803,-0.0623044884900803,1.4499338090772853,-0.022309213077285284,0.04526290238918687,-0.0395379883891869,1.4924396217265559,-0.05909011172655587,1.4787392378402,0.010078189159799855,0.022536347460277772,-0.07800426446027764,0.5871302224603021,0.09670636684153111,0.5889840485999959,-0.003627927112653584,-0.008703123009260572,0.1071835908237515,0.00917579627300224
IC 3960,0,0,1649.2701552704368,6597.080621081752,0.0,0.0,0.0,0.0,0.0,0.0,0.0,0.0,False,False,False,False,False,0,0,,0,0,True,,,,,,,,,,,0.24999999999999983,,,,,,,False,False,10,,,,,,,,,194.78310775251,27.85497013762,AGN,0.02193,14.47,15.5,1.0299997,15.258,14.441,14.011,13.684,0.8170004,1.2470007,27.792598724365234,0.455752,127.0,SIMBAD,B,2023ApJS..269....3M,,-20.529999,True,3.4740748405456543,Active (AGN/Seyfert/QSO),SB0,12731.337939964027,False,1.2376674440485932e+18,4.008224,3.849855021639004,15.21182,14.44691,14.01859,0.002464609,0.002157941,0.002203102,0.04592069,0.03176772,0.02360682,15.16589931,14.41514228,13.99498318,True,0.7507570299999973,1.1709161299999984,15.25751,14.44068,14.01121,0.002458372,0.002153396,0.002203247,15.21158931,14.40891228,13.98760318,14.7129526623,0.0016254506887726,"SDSS(cModelMag g,r)",14.7129526623,SDSS,Vmag_sdss,1.1709161299999984,0.7507570299999973,SDSS(cModel extcorr),-20.2870473377,3.4740748405456543,3.849855021639004,SDSS,False,3.0,11.549565064917012,,,,1.1709161299999984,g-i,27.345119999999998,0.9838993564868427,127.0,8.761764177551566,15.172311211340759,8.761764177551566,NGC 4874,11.849328345355172,2125491.4308125116,10.315876377677634,9.823039415549454,8.763843194514774,10.315876377677634,,,,,,,,,,,,,,,,,,,
LEDA 44815,8,6,281.03416396425115,1124.1366558570041,281.03416396425115,1124.1366558570041,1.0,1.0,1.0,1.0,1.0,1.0,True,True,True,True,True,8,6,1.63246939,8,6,True,0.5164295678798289,0.6613665933901455,1.63246939,1.4809520250000001,1.580554502125,1.4934481401666666,-0.14493702551031662,0.08710636195833343,0.1515173649999999,0.2500000000000001,0.2500000000000001,4.131436543038631,3.9681995603408726,0.2132214216514808,0.14601386862843468,0.23608558866268706,0.1873127812843128,False,True,10,,,,,,,,,195.18600176463,28.100633416780003,AG?,0.02201,15.59,15.0,-0.59000015,16.075,15.316,14.929,14.644,0.7590008,1.1460009,28.14881896972656,0.177947,124.0,SIMBAD,B,2023ApJS..269....3M,,-19.41,False,3.5186023712158203,Other,,12940.29921511066,False,1.2376673243347028e+18,4.463411,2.5595434173924447,16.10457,15.36007,14.95219,0.003107573,0.002744932,0.002789071,0.03689124,0.02552119,0.01896498,16.06767876,15.33454881,14.93322502,True,0.7331299499999986,1.1344537399999997,16.07537,15.31628,14.92948,0.003089029,0.002728006,0.002772608,16.03847876,15.290758810000002,14.91051502,15.6251320895,0.0020606202037415,"SDSS(cModelMag g,r)",15.6251320895,SDSS,Vmag_sdss,1.1344537399999997,0.7331299499999986,SDSS(cModel extcorr),-19.3748679105,3.5186023712158203,2.5595434173924447,SDSS,False,3.2,8.190538935655823,,,,1.1344537399999997,g-i,10.67682,0.3792990395612223,124.0,17.416926733921628,10.955624493616314,10.955624493616314,NGC 4889,14.093504842993564,1529869.3085909113,15.775609612384617,16.235863507972066,17.441757851417496,15.775609612384617,1.5327888257002353,0.09968056429976468,1.4613914319457333,0.019560593054266828,0.06617805975119812,0.08533930524880179,1.541872472011915,0.03868203011308502,1.4827550604835031,0.010693079683163464,0.05499571779647794,0.032110644161855495,0.5368747703303235,-0.020445202450494637,0.5866167209678015,0.07474987242234399,-0.04703089706682129,-0.09790612844349533,0.005163475895808417
LEDA 44594,42,61,994.192922685451,3976.771690741804,994.192922685451,3976.771690741804,1.0,1.0,1.0,1.0,1.0,1.0,True,True,True,True,True,41,60,1.451405408,41,60,True,0.6498940330421537,0.5848467052051476,1.451405408,1.437020006,1.458970789195122,1.5071742279833333,0.06504732783700606,-0.04820343878821132,0.014385402000000047,0.25,0.25,26.6456553547283,35.09080231230885,0.182216264872756,0.25260775092669396,0.19968898460065618,0.28989392382194384,True,True,10,0.6499708900945744,0.027713177933054705,0.6499708900945744,0.027713177933054705,,,,,194.86082575781,27.99848141603,EmG,0.02224,15.87,17.181,1.3109999,16.321,15.564,15.186,14.902,0.756999,1.1349993,20.88377952575684,0.264876,152.0,SIMBAD,B,2023ApJS..269....3M,,-19.130001,False,2.6104724407196045,Regular galaxies,,9698.10282510237,False,1.2376673243345715e+18,4.021479,3.3987307971420755,16.35921,15.61571,15.25638,0.003492939,0.002992923,0.003078346,0.02968151,0.02053353,0.01525862,16.32952849,15.59517647,15.24112138,True,0.7343520200000011,1.088407110000002,16.32059,15.5644,15.18556,0.003459516,0.002966559,0.003051536,16.29090849,15.54386647,15.170301380000002,15.8862607982,0.0022735569300984,"SDSS(cModelMag g,r)",15.8862607982,SDSS,Vmag_sdss,1.088407110000002,0.7343520200000011,SDSS(cModel extcorr),-19.1137392018,2.6104724407196045,3.3987307971420755,SDSS,False,3.2,10.875938550854642,,,,1.088407110000002,g-i,15.89256,0.7610001810447692,152.0,3.096396588393586,9.251372029325381,3.096396588393586,NGC 4874,5.875810145954458,39071384.47490165,3.8896281829711246,6.10314487445162,6.485981040148003,3.8896281829711246,1.5281166503977923,-0.07671124239779226,1.4599498735324488,-0.022929867532448744,0.06354658711446054,-0.04916118511446049,1.5356530020538197,-0.0766822128586977,1.482249803591722,0.024924424391611355,0.05091179227935111,-0.09911523106756243,0.5431977372025266,0.10669629583962703,0.5869145699286527,-0.002067864723505064,-0.04220862932511532,0.10725595716212138,0.023650824058019316
NGC 4876,15,59,1606.4172350205188,6425.668940082073,1606.4172350205188,6425.668940082073,1.0,1.0,1.0,1.0,1.0,1.0,True,True,True,True,True,15,58,1.388835212,15,58,True,0.5539689172057097,0.6685066777251386,1.388835212,1.4281141785,1.5085400173999999,1.446835078913793,-0.11453776051942888,0.06170493848620695,-0.03927896649999996,0.25000000000000006,0.25000000000000006,8.309533758085646,38.77338730805804,0.2726626676385319,0.1669608378665538,0.2853266134356132,0.23825842643697862,True,True,10,0.5633444166862441,0.06633328987833051,0.5633444166862441,0.06633328987833051,,,,,194.93501805293,27.91246772362,LIN,0.02235,14.18,15.1,0.9200001,14.952,14.155,13.761,13.463,0.79699993,1.191,36.99737930297852,0.421215,22.0,SIMBAD,B,2023ApJS..269....3M,,-20.82,True,4.6246724128723145,Active (AGN/Seyfert/QSO),,17263.682282364145,False,1.2376674440486587e+18,5.504371,4.55995894226145,14.99974,14.20316,13.77287,0.002342492,0.002081028,0.002123126,0.03254221,0.02251255,0.01672924,14.967197789999998,14.18064745,13.75614076,True,0.786550339999998,1.2110570299999992,14.95233,14.15514,13.76129,0.002319187,0.00205877,0.002101916,14.91978779,14.13262745,13.74456076,14.4931330894,0.0015588196594867,"SDSS(cModelMag g,r)",14.4931330894,SDSS,Vmag_sdss,1.2110570299999992,0.786550339999998,SDSS(cModel extcorr),-20.506866910600003,4.6246724128723145,4.55995894226145,SDSS,False,3.2,14.591868615236642,,,,1.2110570299999992,g-i,25.2729,0.6830997350659745,22.0,3.400942041714428,6.510209143461234,3.400942041714428,NGC 4874,3.7281995728198245,34132730.2668044,3.5130969872231628,1.2884322842469462,0.0021602115897680256,3.5130969872231628,1.5530428138464938,-0.16420760184649374,1.4676406210546133,-0.03952644255461335,0.07758555457781896,-0.11686452107781892,1.5688340183266272,-0.06029400092662729,1.4849453608114038,-0.0381102818976109,0.07269962949919956,-0.010994691012992608,0.5094645624959084,0.0445043547098013,0.585325538824165,0.08318113890097356,-0.067935539413508,-0.04660222110592088,0.024525036022570872
NGC 4864,0,0,46.767266502526844,187.06906601010743,0.0,33.44794900260721,0.0,0.17880000000000001,0.0,0.1788,0.0,0.1788,False,False,False,False,True,0,0,,0,0,True,,,,,,,,,,,0.24999999999999992,,,,,,,False,False,10,,,,,,,,,194.80470416666665,27.97691944444444,GiG,0.0226,13.872,14.8,0.92800045,16.692,15.813,15.395,15.088,0.8789997,1.296999,49.880218505859375,0.770732,137.0,SIMBAD,B,2023ApJS..269....3M,,-21.128,True,6.235027313232422,Members of systems,,23528.271761111053,False,1.2376674440485932e+18,0.6945562,0.6678541970788108,16.72558,15.81313,15.37613,0.00428332,0.003468532,0.003437714,0.03611832,0.02498649,0.01856764,16.68946168,15.78814351,15.35756236,True,0.9013181700000016,1.3318993200000016,16.6917,15.81319,15.39479,0.004292545,0.003468532,0.003444804,16.65558168,15.78820351,15.37622236,16.147683959699997,0.0026966634542703,"SDSS(cModelMag g,r)",16.147683959699997,SDSS,Vmag_sdss,1.3318993200000016,0.9013181700000016,SDSS(cModel extcorr),-18.852316040300003,6.235027313232422,0.6678541970788108,SDSS,False,3.2,2.1371334306521947,,,,1.3318993200000016,g-i,46.243919999999996,0.9270993869958243,137.0,5.097288190766676,12.136057632486144,5.097288190766676,NGC 4874,8.577277557017746,9238788.165942028,6.496798309920575,8.032036784238091,7.914235696951442,6.496798309920575,,,,,,,,,,,,,,,,,,,
IC 3976,23,6,311.92078823445775,1247.6831529378312,311.92078823445775,1247.6831529378312,1.0,1.0,1.0,1.0,1.0,1.0,True,True,True,True,True,16,6,1.7319523129999999,16,6,True,0.3899975195350315,0.46672232906646577,1.7319523129999999,1.659799645,1.764107302,1.6764548025000001,-0.07672480953143429,0.08765249949999987,0.07215266799999975,0.24999999999999994,0.24999999999999994,6.239960312560504,2.8003339743987947,0.2842121216502292,0.25853340860118496,0.3305687436060643,0.2165986035873445,True,True,10,0.39296318401087965,0.06539045364063469,0.39296318401087965,0.06539045364063469,,,,,194.87250749055,27.85014087383,G,0.02264,14.42,15.5,1.0799999,15.275,14.429,14.001,13.72,0.8459997,1.2739992,36.413818359375,0.296348,154.0,SIMBAD,B,2023ApJS..269....3M,,-20.58,True,4.551727294921875,Regular galaxies,-2.39,17205.797800512744,False,1.2376674440486587e+18,3.589266,2.37658011132202,15.24133,14.42877,14.01754,0.002484288,0.002230985,0.002283173,0.03603545,0.02492916,0.01852504,15.20529455,14.40384084,13.99901496,True,0.8014537099999988,1.2062795899999994,15.27506,14.42877,14.00097,0.002486606,0.002230985,0.002283882,15.23902455,14.40384084,13.98244496,14.722436861099998,0.0016643487099098,"SDSS(cModelMag g,r)",14.722436861099998,SDSS,Vmag_sdss,1.2062795899999994,0.8014537099999988,SDSS(cModel extcorr),-20.2775631389,4.551727294921875,2.37658011132202,SDSS,False,3.2,7.605056356230465,,,,1.2062795899999994,g-i,17.78088,0.48830034314218473,154.0,6.693124713669252,11.446914216975696,6.693124713669252,NGC 4874,8.650683346052322,4810583.382440318,7.785615505308623,6.26443706480355,4.998372968350366,7.785615505308623,1.5489400576837287,0.1830122553162712,1.466374751886349,0.19342489311365108,0.07527479141534146,-0.00312212341534171,1.5633725433074075,0.2007347586925925,1.48450168186266,0.19195312063734016,0.06911343045934237,0.018539069040657497,0.5150169207921235,-0.125019401257092,0.5855870875847747,-0.11886475851830897,-0.0637009832560278,-0.013023826275406492,0.0031359783639335575
GMP 3196,0,5,1407.0573918148232,5628.229567259294,0.0,1796.5308778691665,0.0,0.3192,0.0,0.3192,0.0,0.3192,False,False,False,False,True,0,4,,0,4,True,,0.7481941221070006,,1.391830964,,1.389254776,,,,,0.24999999999999997,,2.9927764884280026,,0.05479246771505245,,0.08002081067618833,False,True,10,,,,,,,,,194.93624720683,27.88975882822,GiC,0.02271,17.19,18.5,1.3099995,17.757,17.048,16.718,16.44,0.70899963,1.0389996,7.81,,,NED,,,2007SDSS6.C...0000:,-17.81,False,0.97625,Members of systems,S0,3701.378234184791,False,1.2376674440486587e+18,4.185131,3.527197023143628,17.92125,17.1966,16.84549,0.008459692,0.006717516,0.007866166,0.03361544,0.02325501,0.01728096,17.887634560000002,17.17334499,16.82820904,True,0.7142895700000018,1.0594255200000011,17.75659,17.04805,16.71803,0.008311094,0.006580545,0.007696064,17.72297456,17.02479499,16.700749039999998,17.4562037137,0.0052667190763909,"SDSS(cModelMag g,r)",17.4562037137,SDSS,Vmag_sdss,1.0594255200000011,0.7142895700000018,SDSS(cModel extcorr),-17.5437962863,0.97625,3.527197023143628,SDSS,False,3.0,10.581591069430884,,,,1.0594255200000011,g-i,,1.0,0.0,4.618121510862816,7.356816715676457,4.618121510862816,NGC 4874,4.964577640631892,15482960.920664232,4.874648079493075,2.546339680318003,1.3660720602999314,4.874648079493075,,,1.4512830194378432,-0.059452055437843265,,,,,1.4792121273373249,-0.08995735133732485,,,,,0.5887052802197774,0.15948884188722323,,,0.0006141742672890028
LEDA 44693,138,354,1945.288024490766,7781.152097963064,3633.3575454136662,12525.733386431752,1.8677735634366022,1.6097530582535091,1.0,1.0,1.8677735634366022,1.6097530582535091,True,True,True,True,True,135,348,1.484186126,135,348,True,0.49417092298752024,0.5353527737381777,1.484186126,1.447991022,1.527138732125926,1.456542631862069,-0.041181850750657445,0.0705961002638571,0.03619510399999992,0.290071441992325,0.25,66.71307460331523,186.30276526088582,0.28435159398511406,0.27486043547892675,0.32847999746729767,0.3409006295901608,True,True,10,0.49272302284714503,0.024468048872805397,0.49272302284714503,0.024468048872805397,,,,,195.00404093837,27.945440098500004,G,0.02282,16.92,18.329,1.4090004,17.561,16.867,16.552,16.332,0.69400024,1.0090008,10.199999809265137,0.16,,SIMBAD,E,2003A&A...412...45P,,-18.08,False,1.274999976158142,Regular galaxies,,4856.832924966436,False,1.237667444048659e+18,4.386122,4.274942082038647,17.59844,16.97189,16.62116,0.007980323,0.006489073,0.007581428,0.03067976,0.02122412,0.01577179,17.56776024,16.95066588,16.60538821,True,0.6170943599999994,0.9623720299999974,17.56062,16.867,16.55209,0.007917869,0.006374494,0.007529764,17.52994024,16.84577588,16.53631821,17.193674567599995,0.0050362049636896,"SDSS(cModelMag g,r)",17.193674567599995,SDSS,Vmag_sdss,0.9623720299999974,0.6170943599999994,SDSS(cModel extcorr),-17.806325432400005,1.274999976158142,4.274942082038647,SDSS,False,3.2,13.679814662523672,,,,0.9623720299999974,g-i,9.6,0.9411764881877616,0.0,5.639564580810199,2.463374842306604,2.463374842306604,NGC 4889,2.4213753127686575,122454636.44596569,4.348139085518254,3.1385189537537834,4.159523110040409,4.348139085518254,1.5047241005939997,-0.020537974593999753,1.4527323089517268,-0.004741286951726709,0.05037138483127321,-0.014176280831273286,1.5045134896575576,0.02262524246836839,1.4797200939298178,-0.023177462067748955,0.03046447922489154,0.04013162103896556,0.574855435788536,-0.0806845128010158,0.5884058338902325,-0.0530530601520548,-0.018064599828599814,-0.02311725092205763,0.08077399428524136
Z 160-261,0,0,724.8445351939713,2899.378140775885,0.0,0.0,0.0,0.0,0.0,0.0,0.0,0.0,False,False,False,False,False,0,0,,0,0,True,,,,,,,,,,,0.25,,,,,,,False,False,10,,,,,,,,,195.24690929998,27.89984733525,EmG,0.02296,14.61,15.6,0.9900007,15.223,14.451,14.073,13.789,0.77199936,1.1499996,43.78242111206055,0.277726,172.0,SIMBAD,B,2023ApJS..269....3M,,-20.39,False,5.472802639007568,Regular galaxies,Sa,20971.779567161822,False,1.2376674440487898e+18,6.601604,4.103573720301582,15.20598,14.4749,14.0864,0.002555124,0.002263519,0.002344405,0.02868793,0.01984618,0.01474784,15.17729207,14.45505382,14.07165216,True,0.7222382500000002,1.1056399100000007,15.2234,14.45095,14.07295,0.002540023,0.002249465,0.002330177,15.19471207,14.43110382,14.05820216,14.7411715025,0.0016973403393087,"SDSS(cModelMag g,r)",14.7411715025,SDSS,Vmag_sdss,1.1056399100000007,0.7222382500000002,SDSS(cModel extcorr),-20.2588284975,5.472802639007568,4.103573720301582,SDSS,False,3.0,12.310721160904745,,,,1.1056399100000007,g-i,16.663559999999997,0.3805993267788875,172.0,18.795360770604773,12.211645678657089,12.211645678657089,NGC 4889,15.43076803099586,1119954.7160465424,17.476097919895025,16.005614126996957,16.555749631024337,17.476097919895025,,,,,,,,,,,,,,,,,,,
Z 160-233,12,19,201.63554224491196,806.5421689796475,201.63554224491196,806.5421689796475,1.0,1.0,1.0,1.0,1.0,1.0,True,True,True,True,True,11,19,1.529351788,11,19,True,0.5107749638211941,0.5313847161879651,1.529351788,1.452817609,1.630262344,1.5766545880526317,-0.020609752366770984,0.05360775594736822,0.07653417900000004,0.2500000000000001,0.2500000000000001,5.618524602033136,10.096309607571337,0.2823975727974332,0.31137407515178894,0.28393164111982677,0.37426502732660755,True,True,10,0.503754790316091,0.08253942967807164,0.503754790316091,0.08253942967807164,,,,,194.92626325622,27.92474257327,G,0.02304,15.42,16.553,1.1329994,16.061,15.26,14.906,14.614,0.8010006,1.1550007,12.179999351501465,0.159,135.0,SIMBAD,C,2006AJ....131.1163S,,-19.58,False,1.522499918937683,Regular galaxies,S0,5853.980025356828,False,1.2376674440486587e+18,1.628152,1.5087135896926172,16.03603,15.2603,14.90978,0.003075702,0.00274076,0.002914357,0.03189583,0.02206539,0.01639695,16.00413417,15.23823461,14.89338305,True,0.7658995599999994,1.1107511200000015,16.06121,15.26031,14.90636,0.003077073,0.00274076,0.002914458,16.02931417,15.23824461,14.88996305,15.5422534296,0.0020506247612405,"SDSS(cModelMag g,r)",15.5422534296,SDSS,Vmag_sdss,1.1107511200000015,0.7658995599999994,SDSS(cModel extcorr),-19.4577465704,1.522499918937683,1.5087135896926172,SDSS,False,3.0,4.526140769077852,,,,1.1107511200000015,g-i,9.540000000000001,0.7832512732296637,135.0,2.531219333405591,6.502889986809576,2.531219333405591,NGC 4874,3.357664111995029,73825753.3618029,2.751803007874973,1.1686093390818428,0.8684003151984409,2.751803007874973,1.5342717098680165,-0.004919921868016486,1.4618489627551774,-0.009031353755177385,0.06701325296600041,0.009520926033999622,1.5438464462178974,0.08641589778210257,1.482915422070341,0.0937391659822906,0.056291899574712645,-0.0026841436273444264,0.5348679476275684,-0.024092983806374257,0.5865221878050143,-0.05513747161704918,-0.04856141851006385,0.027951666143292864,0.020269396702255044
IC 3960A,0,0,168.34339464117303,673.3735785646921,0.0,0.0,0.0,0.0,0.0,0.0,0.0,0.0,False,False,False,False,False,0,0,,0,0,True,,,,,,,,,,,0.25,,,,,,,False,False,10,,,,,,,,,194.79017032975,27.86739742141,GiC,0.02306,16.53,17.637,1.1069984,17.035,16.281,15.91,15.624,0.7539997,1.125,9.779999732971191,0.163,90.0,SIMBAD,C,2006AJ....131.1163S,,-18.47,True,1.222499966621399,Members of systems,SB0,4704.452738832449,False,1.2376674440485934e+18,1.398571,1.2200337744417018,17.03168,16.29244,15.9277,0.00436742,0.003640158,0.003829222,0.04555633,0.03151566,0.02341951,16.98612367,16.26092434,15.90428049,True,0.7251993300000024,1.0818431800000017,17.03507,16.28125,15.91047,0.004359642,0.003632857,0.003821475,16.98951367,16.24973434,15.88705049,16.5482560653,0.0027962449205416,"SDSS(cModelMag g,r)",16.5482560653,SDSS,Vmag_sdss,1.0818431800000017,0.7251993300000024,SDSS(cModel extcorr),-18.4517439347,1.222499966621399,1.2200337744417018,SDSS,False,3.0,3.6601013233251054,,,,1.0818431800000017,g-i,9.780000000000001,1.0,90.0,7.970986907509402,14.491510548499049,7.970986907509402,NGC 4874,11.121794614601402,2733049.581889163,9.541687488113354,9.157213210025166,8.143245957531246,9.541687488113354,,,,,,,,,,,,,,,,,,,
SDSS J125923.41+275510.4,0,2,10.237151235198878,40.94860494079552,10.237151235198878,40.94860494079552,1.0,1.0,1.0,1.0,1.0,1.0,True,True,True,True,True,0,2,,0,2,True,,0.706215301351655,,1.4504828129999998,,1.4504828129999998,,,,0.24999999999999994,0.24999999999999994,,1.41243060270331,,0.035587874290141236,,0.018738100598846424,False,True,10,,,,,,,,,194.84755666233,27.91957249925,GiC,0.02311,17.692,18.699,1.007,18.515,17.648,17.315,17.029,0.8669987,1.1999989,4.46,,,NED,,,2007SDSS6.C...0000:,-17.308,False,0.5575,Members of systems,E...,2149.9058342825188,False,1.2376674440486584e+18,0.3008961,0.3008592530164602,18.56569,17.65307,17.33895,0.008009547,0.00590124,0.006418677,0.03758528,0.02600133,0.01932177,18.52810472,17.62706867,17.31962823,True,0.901036050000002,1.2084764900000025,18.51517,17.6477,17.31539,0.008038871,0.005900831,0.00642233,18.477584720000003,17.62169867,17.29606823,17.9864934505,0.0047860785479501,"SDSS(cModelMag g,r)",17.9864934505,SDSS,Vmag_sdss,1.2084764900000025,0.901036050000002,SDSS(cModel extcorr),-17.0135065495,0.5575,0.3008592530164602,SDSS,False,3.2,0.9627496096526728,,,,1.2084764900000025,g-i,,1.0,0.0,3.6113430664686326,10.452765451607544,3.6113430664686326,NGC 4874,6.93393727298965,24765960.068006214,5.210490324902926,5.32227495915478,4.655457884239831,5.210490324902926,,,1.4483555602727125,0.00212725272728731,,,,,1.4781860718511515,-0.027703258851151658,,,,,0.5893101399758809,0.11690516137577411,,,0.030079500453318257
IC 4045,84,47,1509.9725721515417,6039.890288606167,1509.9725721515417,6039.890288606167,1.0,1.0,1.0,1.0,1.0,1.0,True,True,True,True,True,76,47,1.713285436,76,47,True,0.40336199107605225,0.56935185484942,1.713285436,1.477144109,1.699887044,1.5046962215744684,-0.16598986377336772,0.19519082242553165,0.23614132700000012,0.25,0.25,30.655511321779972,26.759537177922738,0.2629924063322244,0.23544968399294103,0.2725782234802251,0.29264507674926915,True,True,10,0.4013598159369445,0.029953727559774487,0.4013598159369445,0.029953727559774487,,,,,195.20271749883,28.09074310012999,AGN,0.02324,13.77,15.1,1.3299999,14.662,13.846,13.414,13.087,0.816,1.2480001,44.33838272094727,0.489865,107.0,SIMBAD,B,2023ApJS..269....3M,,-21.23,True,5.542297840118408,Active (AGN/Seyfert/QSO),E4,21489.78902215048,False,1.2376673243347026e+18,5.502081,4.487809729906217,14.68412,13.88333,13.44538,0.002087751,0.001924474,0.001926547,0.03643563,0.025206,0.01873076,14.64768437,13.858124,13.42664924,True,0.7895603700000002,1.2210351300000006,14.66235,13.84622,13.41367,0.002066555,0.001902932,0.001907154,14.62591437,13.821014,13.39493924,14.1718437517,0.0014219428272293,"SDSS(cModelMag g,r)",14.1718437517,SDSS,Vmag_sdss,1.2210351300000006,0.7895603700000002,SDSS(cModel extcorr),-20.8281562483,5.542297840118408,4.487809729906217,SDSS,False,3.2,14.360991135699894,,,,1.2210351300000006,g-i,29.3919,0.6628996863729552,107.0,17.926914966794676,11.253570340414583,11.253570340414583,NGC 4889,14.523987937328394,1410385.420436005,16.280093408251062,16.5859127028359,17.762894982087342,16.280093408251062,1.5587913970490583,0.15449403895094171,1.4694142956159661,0.007729813384033779,0.08082328399042213,0.155318043009578,1.5764863725761065,0.12340067142389355,1.4855670222630952,0.019129199311373135,0.0777244378825675,0.11746638454296415,0.5016848670009827,-0.09832287592493044,0.5849590693699144,-0.015607214520494406,-0.07386879438443017,-0.09212106938893755,0.006920343604116786
IC 4041,43,116,2930.1764651575913,11720.705860630365,2930.1764651575913,11720.705860630365,1.0,1.0,1.0,1.0,1.0,1.0,True,True,True,True,True,38,112,1.5411345404999999,38,112,True,0.5581216818857184,0.6598581099327677,1.5411345404999999,1.4051298774999998,1.5616424597368423,1.4187310918482143,-0.1017364280470493,0.14291136788862802,0.13600466300000003,0.25,0.25,21.208623911657302,73.90410831246999,0.2678103904603889,0.18329529535729974,0.3457351095737057,0.23366896836120113,True,True,10,0.5614519703218632,0.04648901662599596,0.5614519703218632,0.04648901662599596,,,,,195.17022562979,27.99661329542,EmG,0.02364,14.77,15.88,1.1099997,15.211,14.424,14.029,13.716,0.78700066,1.1820002,37.85297775268555,0.427613,46.0,SIMBAD,B,2023ApJS..269....3M,,-20.23,True,4.731622219085693,Regular galaxies,SB0,18653.18992812199,False,1.2376673243347028e+18,8.122255,6.18257866402919,15.20113,14.45026,14.03753,0.002461462,0.002187198,0.002222568,0.03503172,0.02423478,0.01800904,15.16609828,14.42602522,14.01952096,True,0.7400730600000003,1.1465773200000005,15.21078,14.42402,14.02894,0.002449258,0.00217353,0.002211044,15.17574828,14.39978522,14.01093096,14.719455174599998,0.0016382113613866,"SDSS(cModelMag g,r)",14.719455174599998,SDSS,Vmag_sdss,1.1465773200000005,0.7400730600000003,SDSS(cModel extcorr),-20.2805448254,4.731622219085693,6.18257866402919,SDSS,False,3.0,18.54773599208757,,,,1.1465773200000005,g-i,25.65678,0.6778008369019194,46.0,14.556474023159593,7.326479510101546,7.326479510101546,NGC 4889,10.941280504545706,4777517.0532554295,12.976197584332814,12.460693364664875,13.449546864059979,12.976197584332814,1.548993406708791,-0.00785886620879106,1.4663912122567206,-0.0612613347567208,0.07530483876813979,0.06069982423186024,1.5634435600474035,-0.0018011003105611323,1.4845074511159175,-0.0657763592677032,0.06916006258049845,0.07375130530812957,0.5149447222772353,0.04317695960848311,0.5855836866097153,0.07427442332305245,-0.0637560461049057,-0.03798038194214359,0.013459742445930336
LEDA 93697,12,11,820.6593602369398,3282.6374409477585,820.6593602369398,3282.6374409477585,1.0,1.0,1.0,1.0,1.0,1.0,True,True,True,True,True,11,9,1.403461542,11,9,True,0.5235579132231881,0.5778238468036797,1.403461542,1.467032612,1.4771941568181817,1.4847296975555553,-0.05426593358049159,-0.007535540737373614,-0.06357106999999984,0.25000000000000006,0.25000000000000006,5.759137045455069,5.200414621233118,0.3366169753298399,0.2519236527385291,0.2769808668546192,0.2901442174708573,True,True,10,0.5176867180167546,0.10121700120833012,0.5176867180167546,0.10121700120833012,,,,,194.78946173427,28.040939888210005,G,0.02405,16.31,17.918,1.6079998,17.043,16.281,15.894,15.9247,0.76199913,1.1489992,19.48542022705078,0.178551,104.0,SIMBAD,B,2023ApJS..269....3M,,-18.69,False,2.435677528381348,Regular galaxies,,9763.705057692605,False,1.2376673243345062e+18,5.6618,3.6328996062065686,17.1439,16.39382,16.00554,0.005157129,0.004285455,0.004461778,0.03241689,0.02242585,0.01666481,17.111483109999998,16.37139415,15.98887519,True,0.7400889599999978,1.1226079199999983,17.04341,16.28146,15.89397,0.005082193,0.004223837,0.004397622,17.01099311,16.259034149999998,15.87730519,16.664830623599997,0.0032960103179535,"SDSS(cModelMag g,r)",16.664830623599997,SDSS,Vmag_sdss,1.1226079199999983,0.7400889599999978,SDSS(cModel extcorr),-18.335169376400003,2.435677528381348,3.6328996062065686,SDSS,False,3.2,11.62527873986102,,,,1.1226079199999983,g-i,10.713059999999999,0.5497987662143161,104.0,7.587472772618228,13.496180661054373,7.587472772618228,NGC 4874,10.334551676290827,3213664.769495788,8.424610261686864,10.63924476111486,10.90232478082048,8.424610261686864,1.5141862988574704,-0.1107247568574703,1.4556517866322283,0.01138082536777163,0.05570070451683548,-0.11927177451683532,1.517109305102758,-0.03991514828457632,1.4807433519572977,0.003986345598257612,0.038735340319528466,-0.04627088105690208,0.5620500159818655,-0.03849210275867743,0.5878026232361571,-0.009978776432477354,-0.027830768796553496,-0.026435164783938092,0.007514084005107581
LEDA 1822852,69,189,2302.974655858719,9211.89862343488,2302.974655858719,9211.89862343488,1.0,1.0,1.0,1.0,1.0,1.0,True,True,True,True,True,68,187,1.494600004,68,187,True,0.5820386280934172,0.5660742758192097,1.494600004,1.525572292,1.487787958352941,1.526545177117647,0.01596435227420756,-0.03875721876470606,-0.03097228800000007,0.2499999999999999,0.2499999999999999,39.578626710352374,105.8558895781922,0.23267294987001066,0.236413262794109,0.2875715430198867,0.27859521170468765,True,True,10,0.5810936358838452,0.027565766838203283,0.5810936358838452,0.027565766838203283,,,,,194.8321465,27.9734965,GiC,0.02413,17.13,18.677,1.5470009,17.467,16.764,16.417,16.253,0.7029991,1.0499992,18.0,0.15,65.0,SIMBAD,E,2003A&A...412...45P,,-17.87,False,2.25,Members of systems,E,9048.519406200978,False,1.2376674440485934e+18,8.52919,6.381656004999118,17.6732,16.96056,16.56978,0.009480073,0.007693281,0.009048044,0.03435463,0.02376637,0.01766096,17.638845370000002,16.93679363,16.55211904,True,0.7020517400000017,1.0867263300000012,17.46698,16.76352,16.41689,0.009182482,0.007446554,0.008720091,17.43262537,16.73975363,16.399229039999998,17.2146348434,0.0059758089667964,"SDSS(cModelMag g,r)",17.2146348434,SDSS,Vmag_sdss,1.0867263300000012,0.7020517400000017,SDSS(cModel extcorr),-17.7853651566,2.25,6.381656004999118,SDSS,False,3.2,20.42129921599718,,,,1.0867263300000012,g-i,9.0,0.5,65.0,3.63361296207342,10.684204687228403,3.63361296207342,NGC 4874,7.114280701002311,24244376.119351495,5.034642379475296,6.602291650877369,6.566236874225625,5.034642379475296,1.5043490744874766,-0.00974907048747653,1.4526165979597234,0.07295569404027669,0.05016016181982888,-0.08113244981982895,1.5040142653237012,-0.016226306970760218,1.4796795379761876,0.04686563914145947,0.030136670744499605,-0.06889388950920566,0.5753629676113503,0.006675660482066914,0.5884297416267555,-0.022355465807545882,-0.01767752610411044,0.033641878378318,0.029648828228309023
IC 4012,11,10,515.5167575610932,2062.0670302443727,470.56369630176584,1280.1312123757066,0.9128,0.6208,0.9128,0.6208,0.9128,0.6208,True,False,False,True,True,7,10,1.587861819,7,10,True,0.5645281349770721,0.6240516458438836,1.587861819,1.3064594975000001,1.4825057067142857,1.4323576508000002,-0.05952351086681151,0.050148055914285505,0.2814023214999999,0.367590206185567,0.25,3.951696944839505,6.240516458438837,0.28114095308710996,0.27665366093100396,0.39099691814298415,0.34993542505482295,False,True,10,,,,,,,,,195.03331660634,28.0785590405,G,0.02414,14.64,15.948,1.3079996,15.391,14.596,14.158,13.837,0.7950001,1.2329998,24.15780067443848,0.320614,132.0,SIMBAD,B,2023ApJS..269....3M,,-20.36,True,3.0197250843048096,Regular galaxies,E4,12148.90377340918,False,1.237667324334637e+18,2.751892,2.392528045022787,15.394,14.61975,14.17422,0.002454048,0.002219175,0.002220835,0.03471521,0.02401582,0.01784633,15.35928479,14.59573418,14.15637367,True,0.7635506100000011,1.2029111199999996,15.39131,14.59633,14.15753,0.002441914,0.002206201,0.002208593,15.35659479,14.57231418,14.13968367,14.8987899301,0.0016512596671278,"SDSS(cModelMag g,r)",14.8987899301,SDSS,Vmag_sdss,1.2029111199999996,0.7635506100000011,SDSS(cModel extcorr),-20.1012100699,3.0197250843048096,2.392528045022787,SDSS,False,3.2,7.6560897440729185,,,,1.2029111199999996,g-i,19.23684,0.796299309661687,132.0,10.100507741245288,6.092083214805208,6.092083214805208,NGC 4889,7.5172035178797465,8754826.317242624,8.579479127153098,9.956858505697204,11.242904995612884,8.579479127153098,1.5457847077507634,0.04207711124923663,1.4654011965404388,-0.15894169904043864,0.07349762843012814,0.20790469306987175,1.559172229140023,-0.07666652242573724,1.4841604570163283,-0.051802806216328046,0.06635535455838826,-0.016207298644102752,0.5192871315194296,0.04524100345764248,0.5857882396473191,0.03826340619656454,-0.060444268511703925,0.0009207576448924115,0.005216133976767647
LEDA 1821341,5,12,641.0116510858303,2564.046604343321,641.0116510858303,2564.046604343321,1.0,1.0,1.0,1.0,1.0,1.0,True,True,True,True,True,5,12,1.121739885,5,12,True,0.5327185900445891,0.7185616165722468,1.121739885,1.2915216405,1.1629596018,1.3080993365,-0.18584302652765772,-0.14513973470000008,-0.16978175550000008,0.25,0.25,2.6635929502229456,8.622739398866962,0.37196453942638563,0.13876381368365165,0.47495265499726474,0.274876962765324,False,True,10,,,,,,,,,194.95908929166663,27.912638694444446,G,0.02417,17.4,18.68,1.2800007,18.175,17.473,17.133,16.908,0.70199966,1.0419998,13.800000190734863,0.16,130.0,SIMBAD,E,2003A&A...412...45P,,-17.6,False,1.725000023841858,Regular galaxies,dE,6948.361240074922,False,1.237667444048659e+18,3.069375,2.854372868449746,18.11478,17.37046,17.04203,0.01087559,0.01067839,0.01393049,0.03210047,0.02220696,0.01650215,18.08267953,17.348253040000003,17.02552785,True,0.734426489999997,1.0571516800000005,18.17536,17.47263,17.1335,0.0106127,0.01036232,0.01358298,18.14325953,17.45042304,17.11699785,17.639367900899998,0.0077185335450988,"SDSS(cModelMag g,r)",17.639367900899998,SDSS,Vmag_sdss,1.0571516800000005,0.734426489999997,SDSS(cModel extcorr),-17.360632099100002,1.725000023841858,2.854372868449746,SDSS,False,3.2,9.133993179039187,,,,1.0571516800000005,g-i,9.6,0.6956521642981797,130.0,4.247104473861549,5.529848434385949,4.247104473861549,NGC 4874,3.3515199009764953,24575083.01502584,3.8690227693063863,1.277089500927224,1.2772359885552593,3.8690227693063863,1.4967496523049757,-0.3750097673049757,1.450271863382329,-0.15875022288232898,0.04587999889062305,-0.21566175439062313,1.493898125644988,-0.330938523844988,1.4788577236856888,-0.1707583871856888,0.02349405308623076,-0.16863378778623084,0.585647447879613,-0.05292885783502388,0.5889142011886523,0.12964741538359448,-0.009833974423351155,-0.17600905210430656,0.007412857378605465
LEDA 126764,19,11,602.8384941874737,2411.3539767498955,602.8384941874737,2411.3539767498955,1.0,1.0,1.0,1.0,1.0,1.0,True,True,True,True,True,19,11,1.433058111,19,11,True,0.6092945414729359,0.4717351690285543,1.433058111,1.532684658,1.4586781650526315,1.4347674319090908,0.13755937244438166,0.02391073314354064,-0.09962654699999995,0.24999999999999992,0.24999999999999992,11.576596287985783,5.189086859314097,0.24550165427320894,0.2692222988900278,0.31663807810542705,0.4715577457409402,True,True,10,0.611173054175955,0.05313986938897631,0.611173054175955,0.05313986938897631,,,,,195.04644368118,28.065228974859995,G,0.02454,16.72,18.181,1.4610004,17.686,16.979,16.617,16.369,0.70700073,1.0690002,6.138000011444092,0.1023,0.0,SIMBAD,E,2022ApJS..262...36S,,-18.28,False,0.7672500014305115,Regular galaxies,,3136.4142146897498,False,1.2376673243346373e+18,2.413485,2.308736143132295,17.48973,16.76482,16.42676,0.006291914,0.005274798,0.005756008,0.03473548,0.02402985,0.01785675,17.454994520000003,16.74079015,16.40890325,True,0.7142043700000045,1.0460912700000016,17.68551,16.97856,16.61703,0.006164982,0.005166061,0.005631373,17.650774520000002,16.95453015,16.59917325,17.0236139417,0.0040422928640293,"SDSS(cModelMag g,r)",17.0236139417,SDSS,Vmag_sdss,1.0460912700000016,0.7142043700000045,SDSS(cModel extcorr),-17.9763860583,0.7672500014305115,2.308736143132295,SDSS,False,3.2,7.387955658023344,,,,1.0460912700000016,g-i,6.138,0.9999999981355341,0.0,10.080125400252957,5.3348588652002595,5.3348588652002595,NGC 4889,7.209321264235895,12523796.877554407,8.49687072085895,9.61588772570229,10.90127165161599,8.49687072085895,1.5077668646784377,-0.07470875367843766,1.4536711269287124,0.07901353107128761,0.052085136972392365,-0.15171168397239232,1.508563932671294,-0.04988576761866259,1.4800491435532177,-0.045281711644126865,0.033124144387826404,-0.009213411244285763,0.5707375901897698,0.03855695128316616,0.5882118591221644,-0.11647669009361017,-0.021205111932743992,0.15876448437712565,0.004657070961820975
LEDA 126762,0,10,5452.241872698273,21808.967490793097,0.0,1845.038649721096,0.0,0.0846,0.0,0.0846,0.0,0.0846,False,False,False,False,True,0,10,,0,10,True,,0.7327783192583263,,1.2579198544999999,,1.2269974335,,,,,0.24999999999999994,,7.327783192583262,,0.12491618457220141,,0.2983731041020095,False,True,10,,,,,,,,,195.056824875,27.86717180555556,GiC,0.02468,16.35,17.985,1.6350002,16.852,16.131,15.772,15.538,0.72099876,1.079999,18.0,0.21,109.0,SIMBAD,E,2003A&A...412...45P,,-18.65,False,2.25,Members of systems,,9248.599687448155,False,1.2376674440487242e+18,9.405168,8.298743665543133,17.05794,16.29811,15.9368,0.007025983,0.005478811,0.006279691,0.03100745,0.02145081,0.01594025,17.026932549999998,16.27665919,15.92085975,True,0.7502733599999978,1.106072799999998,16.85216,16.13064,15.77173,0.006788294,0.005314642,0.006120022,16.82115255,16.10918919,15.75578975,16.574271267599997,0.0043298046569216,"SDSS(cModelMag g,r)",16.574271267599997,SDSS,Vmag_sdss,1.106072799999998,0.7502733599999978,SDSS(cModel extcorr),-18.425728732400003,2.25,8.298743665543133,SDSS,False,3.2,26.555979729738027,,,,1.106072799999998,g-i,12.6,0.7,109.0,10.036346692059166,6.703874464785301,6.703874464785301,NGC 4889,7.729863816758485,6855650.505560423,9.263461484388236,6.96887817762234,7.009606297712635,9.263461484388236,,,1.4561517186473383,-0.1982318641473384,,,,,1.480918574892233,-0.2539211413922331,,,,,0.5876993293079857,0.14507898995034052,,,0.003664832942700461
LEDA 126790,0,0,860.1158245841098,3440.463298336438,0.0,0.0,0.0,0.0,0.0,0.0,0.0,0.0,False,False,False,False,False,0,0,,0,0,True,,,,,,,,,,,0.25000000000000006,,,,,,,False,False,10,,,,,,,,,194.88166679166665,28.10054077777778,GiC,0.02478,17.15,18.71,1.5599995,18.346,17.604,17.34,17.948,0.7420006,1.0060005,,,,,,,,-17.85,False,,Members of systems,,,False,1.2376673243345715e+18,2.817489,2.7577334203021246,18.24314,17.44118,17.22931,0.01075226,0.008930437,0.01085025,0.03427516,0.0237114,0.01762011,18.20886484,17.4174686,17.211689890000002,True,0.791396240000001,0.997174949999998,18.34628,17.60409,17.34026,0.01048076,0.008677593,0.01055335,18.31200484,17.5803786,17.32263989,17.731941058399997,0.0068699448106885,"SDSS(cModelMag g,r)",17.731941058399997,SDSS,Vmag_sdss,0.997174949999998,0.791396240000001,SDSS(cModel extcorr),-17.268058941600003,,2.7577334203021246,SDSS,False,3.2,8.8247469449668,,,,0.997174949999998,g-i,,1.0,0.0,8.525911831846972,10.944320215131466,8.525911831846972,NGC 4874,9.120498226867308,3093126.5421684477,8.159286631814357,10.741011947741686,11.630806226720008,8.159286631814357,,,,,,,,,,,,,,,,,,,
LEDA 126747,0,0,406.6270882522758,1626.5083530091033,0.0,0.0,0.0,0.0,0.0,0.0,0.0,0.0,False,False,False,False,False,0,0,,0,0,True,,,,,,,,,,,0.25,,,,,,,False,False,10,,,,,,,,,195.2735663333333,28.06205241666667,GiC,0.02479,17.24,18.35,1.1100006,17.699,17.174,16.906,16.761,0.5249996,0.79299927,15.295379638671877,0.115863,146.0,SIMBAD,B,2023ApJS..269....3M,,-17.76,False,1.9119224548339844,Members of systems,,7892.911754406793,False,1.2376673243347028e+18,4.505288,2.8125748380841693,17.84722,17.31416,17.0314,0.006973567,0.006562028,0.007597563,0.03369695,0.02331139,0.01732286,17.81352305,17.29084861,17.01407714,True,0.5226744399999994,0.7994459099999993,17.69851,17.17393,16.90626,0.006896334,0.006468179,0.00748832,17.66481305,17.15061861,16.88893714,17.495145130399997,0.0048129065691671,"SDSS(cModelMag g,r)",17.495145130399997,SDSS,Vmag_sdss,0.7994459099999993,0.5226744399999994,SDSS(cModel extcorr),-17.504854869600003,1.9119224548339844,2.8125748380841693,SDSS,False,3.2,9.000239481869341,,,,0.7994459099999993,g-i,6.951779999999999,0.4545019583837956,146.0,20.78871895869716,13.689219773714356,13.689219773714356,NGC 4889,17.22541285176701,799843.8254829817,19.15466510837211,18.99673308887874,20.05739994845535,19.15466510837211,,,,,,,,,,,,,,,,,,,
LEDA 44723,23,13,559.9976993528937,2239.990797411575,559.9976993528937,2239.990797411575,1.0,1.0,1.0,1.0,1.0,1.0,True,True,True,True,True,19,13,1.511955805,19,13,True,0.5249271249857376,0.49590276168919173,1.511955805,1.580440822,1.5058083715789472,1.6265449728461538,0.02902436329654584,-0.12073660126720664,-0.06848501699999998,0.25,0.25,9.973615374729015,6.446735901959492,0.26500812024951104,0.29250001024869837,0.4413813278113627,0.2707773275913624,True,True,10,0.5301772766124928,0.05935896610696753,0.5301772766124928,0.05935896610696753,,,,,195.05362670104,28.07549425166,G,0.02503,15.17,16.272,1.1019993,15.71,14.941,14.538,14.255,0.76900005,1.1719999,32.3455810546875,0.329009,141.0,SIMBAD,B,2023ApJS..269....3M,,-19.83,False,4.0431976318359375,Regular galaxies,,16848.06529826377,False,1.237667324334637e+18,3.693606,2.8483601358201445,15.68578,14.9407,14.52751,0.002688938,0.002380718,0.002415233,0.03489778,0.02414212,0.01794018,15.65088222,14.91655788,14.50956982,True,0.7343243400000006,1.1413124000000003,15.70972,14.9407,14.53802,0.002689929,0.002380718,0.002415377,15.67482222,14.91655788,14.52007982,15.207630859399998,0.0017856079256142,"SDSS(cModelMag g,r)",15.207630859399998,SDSS,Vmag_sdss,1.1413124000000003,0.7343243400000006,SDSS(cModel extcorr),-19.7923691406,4.0431976318359375,2.8483601358201445,SDSS,False,3.2,9.114752434624462,,,,1.1413124000000003,g-i,19.74054,0.6103009856778941,141.0,10.766224514631908,6.001330664989362,6.001330664989362,NGC 4889,7.9312208886153295,8923974.057392621,9.193523506772758,10.339509730627753,11.624997193098944,9.193523506772758,1.5402588543528637,-0.028303049352863763,1.4636962432926113,0.11674457870738864,0.0703853453778222,-0.1388703623778222,1.5518163666185323,-0.04600799503958508,1.483562881940153,0.1429820909060009,0.06152523320489711,-0.18226183447210376,0.5267654014288015,-0.001838276443063891,0.5861405101820997,-0.09023774849290794,-0.0547408984835816,0.08376526178012744,0.012348830556349048
LEDA 44792,76,131,3772.809001969274,15091.236007877087,3772.809001969274,15091.236007877087,1.0,1.0,1.0,1.0,1.0,1.0,True,True,True,True,True,72,123,1.405400926,72,123,True,0.6067260363456994,0.6389532478796033,1.405400926,1.40788222,1.4483091776388888,1.4436531139512194,-0.03222721153390384,0.004656063687669354,-0.0024812940000000783,0.25000000000000017,0.25000000000000017,43.68427461689036,78.5912494891912,0.24889412610281036,0.20542578179102847,0.331753550514518,0.2733225876161168,True,True,10,0.6093503390224227,0.028053288028923738,0.6093503390224227,0.028053288028923738,,,,,195.16152855812,28.014533048270003,G,0.02535,14.844,15.75,0.90600014,15.348,14.657,14.19,14.01,0.691,1.158,37.79082107543945,0.478809,86.0,SIMBAD,B,2023ApJS..269....3M,,-20.156,False,4.723852634429932,Regular galaxies,,19928.299771655613,False,1.2376673243347026e+18,8.492435,6.624339914621609,15.29,14.676,14.0979,0.002666358,0.002396727,0.002344526,0.03537844,0.02447464,0.01818728,15.25462156,14.65152536,14.07971272,True,0.6030961999999978,1.1749088399999987,15.34815,14.65673,14.19015,0.002652036,0.00238594,0.002335772,15.31277156,14.63225536,14.17196272,14.888794801999998,0.0017873701358782,"SDSS(cModelMag g,r)",14.888794801999998,SDSS,Vmag_sdss,1.1749088399999987,0.6030961999999978,SDSS(cModel extcorr),-20.111205198,4.723852634429932,6.624339914621609,SDSS,False,3.2,21.197887726789148,,,,1.1749088399999987,g-i,28.72854,0.7601988838149616,86.0,14.310547135940766,7.1344746840721545,7.1344746840721545,NGC 4889,10.713362638896783,5162893.025077918,12.696784374505775,12.416473425471562,13.475701807894415,12.696784374505775,1.5459635428964127,-0.1405626168964127,1.4654563745447116,-0.05757415454471149,0.07359835234603454,-0.07607964634603462,1.5594102895174313,-0.11110111187854255,1.4841797965496253,-0.04052668259840586,0.06651167348210124,-0.06185560979443189,0.5190451096284842,0.08768092671721528,0.5857768389915544,0.053176408888048865,-0.0606288486907689,0.028401637156865056,0.008955542204666687
2MASX J12595670+2755483,16,262,3138.4619946477305,12553.847978590926,3138.4619946477305,14689.752507483987,1.0,1.170139429164316,1.0,1.0,1.0,1.170139429164316,True,True,True,True,True,14,255,1.477206129,14,255,True,0.5771519244096117,0.5459050847572732,1.477206129,1.447944449,1.5041179451428572,1.4651340758941178,0.031246839652338543,0.03898386924873942,0.029261680000000068,0.21364975298588446,0.24999999999999992,8.080126941734564,139.20579661310467,0.28592843013084907,0.2557495909003861,0.30263117937309725,0.3099242888214617,True,True,10,0.5786532627717018,0.07085311809725976,0.5786532627717018,0.07085311809725976,,,,,194.98605391892,27.93003702706,GiC,0.02571,15.32,16.765,1.4449997,15.814,15.043,14.676,14.39,0.7709999,1.1380005,31.542781829833984,0.331515,58.0,SIMBAD,B,2023ApJS..269....3M,,-19.68,False,3.942847728729248,Members of systems,SB0,16862.375614467303,False,1.237667444048659e+18,8.262528,6.633687811045823,15.93959,15.16513,14.76233,0.003439481,0.00282651,0.00302959,0.0309996,0.02144538,0.01593621,15.9085904,15.14368462,14.74639379,True,0.7649057800000012,1.1621966100000003,15.81388,15.04323,14.67614,0.003382762,0.002782559,0.002975706,15.7828804,15.02178462,14.66020379,15.4472959898,0.0021839537858206,"SDSS(cModelMag g,r)",15.4472959898,SDSS,Vmag_sdss,1.1621966100000003,0.7649057800000012,SDSS(cModel extcorr),-19.5527040102,3.942847728729248,6.633687811045823,SDSS,False,3.0,19.901063433137463,,,,1.1621966100000003,g-i,19.890900000000002,0.6306006904307556,58.0,4.946322630784332,3.786178024082734,3.786178024082734,NGC 4889,2.5151479538621517,41090897.67710551,3.960631449791072,2.065968970769727,2.9039839083801358,3.960631449791072,1.5359707103617786,-0.058764581361778534,1.4623731743477255,-0.014428725347725546,0.06797016768339145,-0.038708487683391385,1.5461081084727826,-0.041990163329925334,1.483099154839992,-0.01796507894587429,0.05777698757354227,-0.01879311832480285,0.5325686495185489,0.04458327489106284,0.5864138773288882,-0.04050879257161499,-0.050314998961107193,0.08156183861344574,0.04126809764974096
IC 4033,20,44,2723.968512815265,10895.87405126106,2723.968512815265,10895.87405126106,1.0,1.0,1.0,1.0,1.0,1.0,True,True,True,True,True,18,40,1.4097825574999998,18,40,True,0.586184280131086,0.6315723320271189,1.4097825574999998,1.4451271955,1.483844468888889,1.4967400045750001,-0.0453880518960329,-0.012895535686111126,-0.035344638000000206,0.25,0.25,10.551317042359548,25.262893281084757,0.2520755929045549,0.22551515412220036,0.3277984934459248,0.22945872463110562,True,True,10,0.5833035382876495,0.05910611673145378,0.5833035382876495,0.05910611673145378,,,,,195.11830877411,27.97241464842,EmG,0.02574,15.23,16.741,1.5109997,15.527,14.794,14.436,14.153,0.73300076,1.0910006,35.63478088378906,0.359436,97.0,SIMBAD,B,2023ApJS..269....3M,,-19.77,True,4.454347610473633,Regular galaxies,S...,19071.443057095606,False,1.2376674440487242e+18,8.827339,6.308491027635609,15.48044,14.81165,14.44996,0.003040772,0.002536087,0.002700216,0.03497763,0.02419736,0.01798123,15.44546237,14.78745264,14.43197877,True,0.6580097299999998,1.013483599999999,15.52668,14.79415,14.43624,0.003012475,0.002525534,0.002695346,15.49170237,14.76995264,14.41825877,15.0472366293,0.00194761131273,"SDSS(cModelMag g,r)",15.0472366293,SDSS,Vmag_sdss,1.013483599999999,0.6580097299999998,SDSS(cModel extcorr),-19.9527633707,4.454347610473633,6.308491027635609,SDSS,False,3.0,18.925473082906827,,,,1.013483599999999,g-i,21.56616,0.6051997364690085,97.0,11.659939657279867,4.489900101982722,4.489900101982722,NGC 4889,8.061199803991885,19906140.829717465,10.132900717572817,9.406657165658928,10.360003406512774,10.132900717572817,1.5431286650460592,-0.13334610754605936,1.464581698028684,-0.01945450252868408,0.07200168633742018,-0.10734632433742039,1.5556365788829174,-0.07179210999402841,1.483873228093065,0.012866776481935016,0.06403372065679908,-0.0769292563429102,0.5228816178017015,0.06330266232938453,0.5859575611107408,0.04561477091637811,-0.057702901112927085,0.012314849216894186,0.0061731952632944264
LEDA 126801,5,17,1893.9022849544358,7575.609139817743,426.12801411474805,1948.4466707611234,0.225,0.2572,0.225,0.2572,0.225,0.2572,False,False,False,True,True,5,17,1.556849926,5,17,True,0.544351832619066,0.5478943602602985,1.556849926,1.515546155,1.6673711152000004,1.537685522,-0.003542527641232529,0.12968559320000028,0.041303770999999934,0.21870139968895802,0.25,2.7217591630953297,9.314204124425075,0.3112389025648546,0.27672605373832637,0.39059904629863,0.28984141240492417,False,True,10,,,,,,,,,194.78782038806,27.8975533285,GiC,0.02615,17.18,18.36,1.1800003,17.569,16.822,16.457,16.193,0.74699974,1.1119995,13.199999809265137,0.2,,SIMBAD,E,2003A&A...412...45P,,-17.82,False,1.649999976158142,Members of systems,,7173.49906142318,False,1.2376674440485934e+18,4.594318,4.291893499706958,17.64809,16.89255,16.50446,0.008106869,0.006181642,0.007094086,0.04454578,0.03081656,0.02290001,17.60354422,16.86173344,16.48155999,True,0.7418107800000016,1.121984229999999,17.56895,16.82227,16.45729,0.007975766,0.006101303,0.006990657,17.52440422,16.791453439999998,16.43438999,17.155875859799995,0.0049345308631597,"SDSS(cModelMag g,r)",17.155875859799995,SDSS,Vmag_sdss,1.121984229999999,0.7418107800000016,SDSS(cModel extcorr),-17.844124140200005,1.649999976158142,4.291893499706958,SDSS,False,3.2,13.734059199062267,,,,1.121984229999999,g-i,12.0,0.9090909222269191,0.0,6.950425040230947,13.880221918296849,6.950425040230947,NGC 4874,10.363985001425442,3910751.8132170667,8.58598618713295,8.68139070211671,7.855333165697257,8.58598618713295,1.505400403823647,0.0514495221763529,1.4529409763384407,0.06260517866155935,0.05075229379289187,-0.009448522792891934,1.5054137657274975,0.16195734947250284,1.4797932304980315,0.05789229150196862,0.031055632560989088,0.0986299606390112,0.5739401784105889,-0.02958834579152292,0.5883627198799202,-0.0404683596196217,-0.018762629126908514,0.015220101485675985,0.009248964177933286
2MASX J12595104+2749592,0,0,318.8440206734317,1275.3760826937269,0.0,0.0,0.0,0.0,0.0,0.0,0.0,0.0,False,False,False,False,False,0,0,,0,0,True,,,,,,,,,,,0.25,,,,,,,False,False,10,,,,,,,,,194.9625044108,27.83295082283,GiC,0.02634,16.29,17.78,1.4899998,17.144,16.395,16.049,15.765,0.74899864,1.0949993,24.960420608520508,0.191321,17.0,SIMBAD,B,2023ApJS..269....3M,,-18.71,False,3.1200525760650635,Members of systems,SBa,13660.080393049311,False,1.237667444048659e+18,3.982427,2.4758934744040366,16.97805,16.21085,15.85805,0.005321739,0.00428197,0.00481274,0.03088952,0.02136923,0.01587963,16.94716048,16.18948077,15.84217037,True,0.7576797100000014,1.104990110000001,17.1438,16.39516,16.04923,0.005189636,0.004178458,0.004684424,17.11291048,16.37379077,16.03335037,16.4901294511,0.003338150800487,"SDSS(cModelMag g,r)",16.4901294511,SDSS,Vmag_sdss,1.104990110000001,0.7576797100000014,SDSS(cModel extcorr),-18.5098705489,3.1200525760650635,2.4758934744040366,SDSS,False,3.0,7.427680423212109,,,,1.104990110000001,g-i,11.47926,0.4598985001110691,17.0,8.296946049062022,9.433580826854312,8.296946049062022,NGC 4874,8.11359828441877,3988392.1940522557,8.46962794736223,5.945349234362124,4.990911453497621,8.46962794736223,,,,,,,,,,,,,,,,,,,
LEDA 126756,29,86,1917.4860914208175,7669.944365683273,1917.4860914208175,7669.944365683273,1.0,1.0,1.0,1.0,1.0,1.0,True,True,True,True,True,29,83,1.549043784,29,83,True,0.5580693748569382,0.5347688910703338,1.549043784,1.484398798,1.503198483482758,1.481414849120482,0.02330048378660443,0.02178363436227615,0.06464498600000002,0.24999999999999992,0.24999999999999992,16.184011870851208,44.3858179588377,0.21127921777109918,0.286202962867838,0.2257404543642249,0.35289934516914456,True,True,10,0.5566092554801586,0.037515504563663614,0.5566092554801586,0.037515504563663614,,,,,195.10342316666663,27.92662455555556,G,0.02653,16.57,18.52,1.9500008,17.209,16.542,16.214,15.947,0.6669998,0.99499893,23.97917938232422,0.156264,159.0,SIMBAD,B,2023ApJS..269....3M,,-18.43,False,2.997397422790528,Regular galaxies,,13214.700421836067,False,1.2376674440487242e+18,10.60795,6.584942530563399,17.43762,16.78736,16.51007,0.008155019,0.006782672,0.007871005,0.03299034,0.02282256,0.01695961,17.404629659999998,16.764537439999998,16.49311039,True,0.6400922199999997,0.9115192699999994,17.20902,16.54179,16.21383,0.007910382,0.006540264,0.007601303,17.176029659999998,16.518967439999997,16.19687039,17.016975250199994,0.0052147477111506,"SDSS(cModelMag g,r)",17.016975250199994,SDSS,Vmag_sdss,0.9115192699999994,0.6400922199999997,SDSS(cModel extcorr),-17.983024749800006,2.997397422790528,6.584942530563399,SDSS,False,3.2,21.07181609780288,,,,0.9115192699999994,g-i,9.375839999999998,0.39099920187057,159.0,11.021812546914266,4.77344387144913,4.77344387144913,NGC 4889,7.6846823767301755,16808310.510826156,9.710825311160958,8.291319481255403,8.96930753292957,9.710825311160958,1.507885645683488,0.04115813831651205,1.4537077757584511,0.03069102224154885,0.05215203706588639,0.012492948934113624,1.5087220506451886,-0.0055235671624305205,1.480061988730791,0.0013528603896908464,0.033227970281777985,-0.011444335919501836,0.5705768410073521,-0.01250746615041387,0.5882042868893964,-0.05343539581906265,-0.021327708747268803,0.044628192533873234,0.010889730975763831
LEDA 126770,10,41,681.1752622084069,2724.7010488336277,842.6051870195017,3475.3927554244124,1.2369873566572724,1.2755134207887269,1.0,1.0,1.2369873566572724,1.2755134207887269,True,True,True,True,True,10,41,1.3534374525000001,10,41,True,0.6255699707548669,0.5624759411273419,1.3534374525000001,1.525529461,1.3048485695,1.4644461481463416,0.06309402962752497,-0.1595975786463415,-0.17209200849999995,0.24244891047331524,0.25,6.255699707548668,23.061513586221018,0.27718825435902156,0.2713214346897438,0.4137080941236051,0.273485449903209,True,True,10,0.6283356186952245,0.08544334484451793,0.6283356186952245,0.08544334484451793,,,,,195.0236725,27.926465555555552,G,0.02653,18.057,18.784,0.7270012,18.307,17.735,17.433,17.266,0.5719986,0.87399864,12.0,0.17,155.0,SIMBAD,E,2003A&A...412...45P,,-16.943,False,1.5,Regular galaxies,,6613.087234291442,False,1.237667444048724e+18,3.483352,2.661912552547668,18.32106,17.7197,17.45893,0.01153686,0.0106469,0.01440574,0.0318165,0.02201051,0.01635617,18.2892435,17.69768949,17.442573829999997,True,0.5915540099999994,0.8466696700000007,18.30723,17.73506,17.43327,0.01153755,0.01057839,0.01439955,18.2754135,17.71304949,17.41691383,17.930226634099995,0.007863418834128,"SDSS(cModelMag g,r)",17.930226634099995,SDSS,Vmag_sdss,0.8466696700000007,0.5915540099999994,SDSS(cModel extcorr),-17.069773365900005,1.5,2.661912552547668,SDSS,False,3.2,8.518120168152539,,,,0.8466696700000007,g-i,10.200000000000001,0.8500000000000001,155.0,6.905496776299876,3.0801130288947514,3.0801130288947514,NGC 4889,3.9383040374325753,62844439.643469065,5.762967630263122,4.068760980576809,4.775189154304871,5.762967630263122,1.491545540522237,-0.13810808802223695,1.4486661806674366,0.07686328033256351,0.04294892784377288,-0.21504093634377283,1.4869705566228266,-0.18212198712282657,1.4782949422886695,-0.01384879414232798,0.018945164500566547,-0.17854274314690805,0.5926902971460544,0.0328796736088125,0.5892459608479765,-0.02677001972063464,-0.0044626818776694055,0.06755671150519438,0.01475502730562965
NGC 4875,45,56,792.1199545912987,3168.4798183651947,792.1199545912987,3095.604782542795,1.0,0.977,1.0,0.977,1.0,0.977,True,True,True,True,True,44,55,1.653601461,44,55,True,0.4448293823308106,0.6252146323009481,1.653601461,1.37472073,1.6787475254545456,1.4476097420909089,-0.1803852499701375,0.23113778336363677,0.2788807310000001,0.255885363357216,0.25,19.572492822555667,34.38680477655215,0.28724453751596396,0.22645824751985605,0.3141350458420231,0.2762422332026317,True,True,10,0.4449459592495044,0.04120798313103257,0.4449459592495044,0.04120798313103257,,,,,194.90795580391,27.90733340062,GiC,0.02671,14.57,15.92,1.3500004,15.367,14.541,14.153,13.833,0.82599926,1.2139997,29.86680030822754,0.383589,115.0,SIMBAD,B,2023ApJS..269....3M,,-20.43,True,3.7333500385284415,Members of systems,,16567.377877547176,False,1.2376674440486587e+18,3.47767,3.014775254107091,15.39778,14.56522,14.16586,0.002560771,0.002236889,0.002306748,0.03416076,0.02363226,0.0175613,15.363619239999998,14.54158774,14.1482987,True,0.8220314999999978,1.215320539999999,15.36718,14.54056,14.15294,0.002544876,0.002222457,0.002294919,15.33301924,14.51692774,14.1353787,14.868620655,0.0016864466193428,"SDSS(cModelMag g,r)",14.868620655,SDSS,Vmag_sdss,1.215320539999999,0.8220314999999978,SDSS(cModel extcorr),-20.131379345,3.7333500385284415,3.014775254107091,SDSS,False,3.2,9.647280813142691,,,,1.215320539999999,g-i,23.015340000000002,0.7705994536569043,115.0,3.1525686136990174,7.869878982823536,3.1525686136990174,NGC 4874,4.78141583304099,38506918.90996041,3.929293797283165,2.517992996236803,1.4670386222069927,3.929293797283165,1.5463245034044721,0.10727695759552791,1.4655677457205716,-0.09084701572057163,0.07380165330081775,0.20507907769918235,1.5598907901173895,0.11885673533715613,1.4842188314257916,-0.036609089334882716,0.06682718729186093,0.16431059607177584,0.5185566131173538,-0.0737272307865432,0.5857538279302662,0.03946080437068189,-0.06100140496303347,-0.11938384500710403,0.024183210591029233
LEDA 93696,26,21,2518.724855569794,10074.899422279177,2457.7717140650047,5184.543242704864,0.9758,0.5146,0.9758,0.5146,0.9758,0.5146,True,False,False,True,True,26,20,1.4895473875,26,20,True,0.5108007967964165,0.5860410537644557,1.4895473875,1.380618354,1.474361907423077,1.5080945018,-0.07524025696803915,-0.03373259437692311,0.10892903349999994,0.4740575204041974,0.24999999999999994,13.280820716706831,11.720821075289114,0.28112875318449765,0.30982424094966515,0.40999951207660046,0.3910901710744261,True,True,10,0.5055406613916672,0.0513718223982595,0.5055406613916672,0.0513718223982595,,,,,194.76993002245,28.050391403130003,G,0.02689,16.53,18.06,1.5299988,17.005,16.29,15.933,15.654,0.71499825,1.0719995,10.979999542236328,0.121,125.0,SIMBAD,C,2006AJ....131.1163S,,-18.47,False,1.372499942779541,Regular galaxies,,6130.413423194526,False,1.2376673243345062e+18,7.938399,5.803594064877603,17.20397,16.49918,16.14204,0.005875899,0.004978854,0.005413767,0.0328658,0.02273641,0.01689559,17.171104200000002,16.47644359,16.12514441,True,0.6946606100000032,1.0459597900000013,17.00517,16.29045,15.93348,0.005735601,0.004852596,0.005270808,16.9723042,16.26771359,15.91658441,16.751254440099995,0.0037990655178284,"SDSS(cModelMag g,r)",16.751254440099995,SDSS,Vmag_sdss,1.0459597900000013,0.6946606100000032,SDSS(cModel extcorr),-18.248745559900005,1.372499942779541,5.803594064877603,SDSS,False,3.2,18.57150100760833,,,,1.0459597900000013,g-i,7.26,0.66120221335832,125.0,8.746598536574846,14.650855454897235,8.746598536574846,NGC 4874,11.51180486839094,2189058.9906040514,9.603901547815774,11.804232723247269,12.039512553593994,9.603901547815774,1.512639983927165,-0.02309259642716488,1.4551746848213858,-0.07455633082138569,0.05482978569134758,0.054099247808652356,1.5150508936279659,-0.04068898620488892,1.4805761308611647,0.027518370938835357,0.037383714022868275,-0.07111630839979138,0.5641426810565688,-0.053341884260152295,0.5879012000799881,-0.0018601463155324405,-0.026234778893727995,-0.04900547807431116,0.005910868617740789
Z 160-235,0,0,464.2960199712284,1857.1840798849137,0.0,0.0,0.0,0.0,0.0,0.0,0.0,0.0,False,False,False,False,False,0,0,,0,0,True,,,,,,,,,,,0.25,,,,,,,False,False,10,,,,,,,,,194.94217517401,27.85723506096,GiC,0.02699,15.0,16.258,1.2579994,15.598,14.813,14.451,14.165,0.78499985,1.1469994,35.63898086547852,0.241217,153.0,SIMBAD,B,2023ApJS..269....3M,,-20.0,False,4.454872608184815,Members of systems,S0...,19969.73381437064,False,1.2376674440486587e+18,4.439259,3.1794672124307453,15.60991,14.83156,14.4557,0.002780801,0.002415345,0.002514627,0.03319907,0.02296696,0.01706691,15.57671093,14.80859304,14.43863309,True,0.7681178899999992,1.1380778399999991,15.59794,14.81347,14.45058,0.002767158,0.002404923,0.002506799,15.56474093,14.79050304,14.43351309,15.113521374899998,0.0018250124415073,"SDSS(cModelMag g,r)",15.113521374899998,SDSS,Vmag_sdss,1.1380778399999991,0.7681178899999992,SDSS(cModel extcorr),-19.886478625100004,4.454872608184815,3.1794672124307453,SDSS,False,3.0,9.538401637292235,,,,1.1380778399999991,g-i,14.47302,0.4061008381420693,153.0,6.538809249956871,8.673173585012453,6.538809249956871,NGC 4874,6.775550475184559,6581459.73053908,6.848695485084608,4.439584266507969,3.337658862729874,6.848695485084608,,,,,,,,,,,,,,,,,,,
LEDA 126763,1,4,205.57281147715568,822.2912459086227,205.57281147715568,822.2912459086227,1.0,1.0,1.0,1.0,1.0,1.0,True,True,True,True,True,1,4,1.318238307,1,4,True,0.7953644953379772,0.684719062063391,1.318238307,1.2694945524999999,1.318238307,1.3454724477500002,0.1106454332745862,-0.02723414075000008,0.048743754500000236,0.25,0.25,0.7953644953379772,2.738876248253564,,0.19745347924474935,,0.25530386729662347,False,True,10,,,,,,,,,195.0558333333333,28.053416666666667,GiC,0.02716,17.31,18.735,1.4250011,18.066,17.576,17.288,17.118,0.48999977,0.7779999,23.923620223999023,0.110128,81.0,SIMBAD,B,2023ApJS..269....3M,,-17.69,False,2.990452527999878,Members of systems,,13486.880114119487,False,1.2376673243346373e+18,5.57706,2.5653439373339,17.77352,17.37881,17.08642,0.009343303,0.009583651,0.01136317,0.03462406,0.02395277,0.01779947,17.738895940000003,17.35485723,17.06862053,True,0.3840387100000022,0.6702754100000021,18.06555,17.57608,17.28782,0.00910119,0.009323749,0.01100583,18.030925940000003,17.55212723,17.27002053,17.502313101099997,0.0068298168456967,"SDSS(cModelMag g,r)",17.502313101099997,SDSS,Vmag_sdss,0.6702754100000021,0.3840387100000022,SDSS(cModel extcorr),-17.497686898900003,2.990452527999878,2.5653439373339,SDSS,False,3.2,8.20910059946848,,,,0.6702754100000021,g-i,6.60768,0.27619900074201537,81.0,10.056494062975387,4.730572229394344,4.730572229394344,NGC 4889,6.978071934432116,17505784.60585937,8.437501738526649,9.32991404387002,10.605540081525023,8.437501738526649,1.4992018685086046,-0.1809635615086045,1.4510284730278802,-0.1815339205278803,0.04726114138239554,0.0014826131176046975,1.4971624477266636,-0.17892414072666352,1.479122910468465,-0.1336504627184647,0.025637523242899696,-0.052871663992899776,0.5823288048888592,0.21303569044911796,0.5887578735680574,0.09596118849533353,-0.012364967446721886,0.12301040072130809,0.005929775803036333
NGC 4883,38,118,3226.3738972320557,12905.495588928223,3226.3738972320557,12846.130309219152,1.0,0.9954,1.0,0.9954,1.0,0.9954,True,True,True,True,True,33,118,1.535131361,33,118,True,0.536897670921176,0.6236268075497592,1.535131361,1.423971472,1.5665341076666666,1.4420635615254236,-0.08672913662858317,0.12447054614124298,0.11115988899999985,0.2511553144464537,0.25,17.717623140398807,73.58796329087158,0.300946581640152,0.2343289997896055,0.3506991765547041,0.30677431394620663,True,True,10,0.5415946730984962,0.049721893790923934,0.5415946730984962,0.049721893790923934,,,,,194.98340521471,28.034715581050005,GiG,0.02719,14.27,15.2,0.92999935,14.821,14.007,13.584,13.254,0.8140001,1.2370005,38.738399505615234,0.533751,80.0,SIMBAD,B,2023ApJS..269....3M,,-20.73,True,4.842299938201904,Members of systems,,21862.00344133771,False,1.2376673243345718e+18,6.498521,5.874312168409293,14.84764,14.04769,13.60803,0.002187753,0.001979091,0.001982934,0.03000656,0.0207584,0.01542571,14.81763344,14.0269316,13.59260429,True,0.7907018400000005,1.225029150000001,14.82103,14.0069,13.58407,0.002165257,0.001957995,0.001964019,14.79102344,13.9861416,13.56864429,14.341119354399998,0.0014724161555133,"SDSS(cModelMag g,r)",14.341119354399998,SDSS,Vmag_sdss,1.225029150000001,0.7907018400000005,SDSS(cModel extcorr),-20.6588806456,4.842299938201904,5.874312168409293,SDSS,False,3.2,18.79779893890974,,,,1.225029150000001,g-i,32.025059999999996,0.8267006486769769,80.0,6.3717196268943574,4.36928950469581,4.36928950469581,NGC 4889,4.096655204134222,25083030.479686186,4.86785370959485,6.50773941549859,7.768595190392093,4.86785370959485,1.555762678781433,-0.020631317781433012,1.4684798113516704,-0.04450833935167031,0.07911744276449986,0.03204244623549998,1.5724546269634834,-0.005920519296816806,1.4852394915779386,-0.043175930052514966,0.0750770500992205,0.04939349604202248,0.505783704059048,0.031113966862127973,0.5851521487238186,0.03847465882594059,-0.07074277931537915,-0.015986357313204025,0.010562814484867046
IC 4026,52,107,2965.6815093066334,11862.726037226532,2965.6815093066334,11862.726037226532,1.0,1.0,1.0,1.0,1.0,1.0,True,True,True,True,True,47,105,1.567186827,47,105,True,0.5249894709030785,0.5967555841054217,1.567186827,1.414514977,1.5402069465319146,1.4740173623809523,-0.07176611320234327,0.06618958415096232,0.15267184999999994,0.25000000000000006,0.25000000000000006,24.67450513244469,62.65933633106928,0.2447532743435528,0.24905917723616855,0.3013563616056133,0.3269646395838745,True,True,10,0.5292317124467395,0.03431263580668406,0.5292317124467395,0.03431263580668406,,,,,195.09225412222,28.04701061643,EmG,0.02727,14.63,15.5,0.8699999,15.128,14.365,13.958,13.671,0.7630005,1.1700001,38.0908203125,0.505528,73.0,SIMBAD,B,2023ApJS..269....3M,,-20.369999,True,4.7613525390625,Regular galaxies,SB0,21557.70523275521,False,1.2376673243346373e+18,6.247734,5.73849487368473,15.10569,14.36515,13.95655,0.002351962,0.002099375,0.002134596,0.03497309,0.02419422,0.0179789,15.07071691,14.34095578,13.9385711,True,0.72976113,1.132145809999999,15.12822,14.36483,13.95826,0.002345893,0.002099178,0.002134811,15.09324691,14.34063578,13.9402811,14.6301578433,0.0015697421405785,"SDSS(cModelMag g,r)",14.6301578433,SDSS,Vmag_sdss,1.132145809999999,0.72976113,SDSS(cModel extcorr),-20.369842156700003,4.7613525390625,5.73849487368473,SDSS,False,3.0,17.21548462105419,,,,1.132145809999999,g-i,30.33168,0.7962989442379181,73.0,11.52247080190528,5.219269139559637,5.219269139559637,NGC 4889,8.181683973547786,12948621.650616657,9.877115397745982,10.368804358513701,11.600167881128444,9.877115397745982,1.5505911352310626,0.016595691768937382,1.4668841772771515,-0.05236920027715142,0.07620471486762914,0.0764671351323708,1.5655704118674247,-0.02536346533551015,1.4846802321643193,-0.010662869783367057,0.0705566292457378,-0.004367045094775479,0.5127824779556631,0.01220699294741534,0.5854818321737671,0.011273751931654585,-0.06540510124821874,-0.006361011954124529,0.010717270028836852
LEDA 126781,14,90,743.6159027879701,2974.4636111518817,743.6159027879701,2974.4636111518817,1.0,1.0,1.0,1.0,1.0,1.0,True,True,True,True,True,14,88,1.4800198595,14,88,True,0.63856758041201,0.5965467331573077,1.4800198595,1.439654242,1.506572374857143,1.4525647746818182,0.04202084725470234,0.05400760017532469,0.040365617500000006,0.2499999999999999,0.2499999999999999,8.93994612576814,52.49611251784307,0.13523771935889398,0.2488379888380999,0.13429990526315827,0.29274630686507386,True,True,10,0.6435261239948269,0.033546701290912445,0.6435261239948269,0.033546701290912445,,,,,194.945554,27.991910222222227,G,0.02806,17.43,18.62,1.1900005,18.251,17.563,17.235,17.037,0.6879997,1.0159988,7.31,,,NED,,,2007SDSS6.C...0000:,-17.57,False,0.91375,Regular galaxies,,4252.921520533966,False,1.2376673243345718e+18,2.776629,2.564177870091956,18.14186,17.46356,17.15899,0.009592406,0.008309748,0.009472908,0.02683427,0.01856383,0.01379491,18.115025730000003,17.44499617,17.145195089999998,True,0.6700295600000032,0.969830640000005,18.25128,17.56304,17.23544,0.009388872,0.008102566,0.009229952,18.224445730000003,17.54447617,17.22164509,17.709708289599998,0.0062852658188029,"SDSS(cModelMag g,r)",17.709708289599998,SDSS,Vmag_sdss,0.969830640000005,0.6700295600000032,SDSS(cModel extcorr),-17.290291710400002,0.91375,2.564177870091956,SDSS,False,3.2,8.205369184294259,,,,0.969830640000005,g-i,,1.0,0.0,3.1592827355387763,4.756950415681944,3.1592827355387763,NGC 4874,1.7996555516984636,50873973.303640276,1.6096442042332477,3.6495331234183084,4.797335710604216,1.6096442042332477,1.4954911057878788,-0.01547124628787877,1.4498835499730949,-0.010229307973094848,0.04517115761061585,-0.004805540110615847,1.492222783486945,0.014349591370197867,1.4787216223495385,-0.026156847667720307,0.02239396374819258,0.03161363642713211,0.5873506690602415,0.051216911351768535,0.5889944329325477,0.007552300224759945,-0.008534997420570622,0.050555844675272965,0.04128055913198657
LEDA 44809,53,31,1463.084704782896,5852.338819131585,1463.084704782896,5852.338819131585,1.0,1.0,1.0,1.0,1.0,1.0,True,True,True,True,True,48,31,1.52386072,48,31,True,0.5279625258816314,0.6263086418925377,1.52386072,1.449649441,1.5653344478958333,1.4658291846774194,-0.09834611601090626,0.09950526321841391,0.07421127900000002,0.24999999999999997,0.24999999999999997,25.342201242318307,19.415567898668666,0.25592601287472605,0.2490893982412007,0.2798806835038156,0.29698070000018056,True,True,10,0.5276963931055758,0.034635879336670686,0.5276963931055758,0.034635879336670686,,,,,195.17849319377,27.963118502520004,EmG,0.02809,14.96,16.013,1.0530005,15.47,14.708,14.333,14.034,0.7620001,1.1370001,38.44841766357422,0.368079,93.0,SIMBAD,B,2023ApJS..269....3M,,-20.04,False,4.806052207946777,Regular galaxies,,22392.20132427161,False,1.2376674440487242e+18,5.390098,4.745714837436945,15.38528,14.70841,14.32423,0.00274017,0.002341676,0.002453262,0.03404471,0.02355197,0.01750164,15.35123529,14.68485803,14.30672836,True,0.6663772599999991,1.0445069300000007,15.46956,14.70831,14.33325,0.00273654,0.002341676,0.00245403,15.43551529,14.68475803,14.31574836,14.9480727066,0.0017807222943599,"SDSS(cModelMag g,r)",14.9480727066,SDSS,Vmag_sdss,1.0445069300000007,0.6663772599999991,SDSS(cModel extcorr),-20.0519272934,4.806052207946777,4.745714837436945,SDSS,False,3.2,15.186287479798224,,,,1.0445069300000007,g-i,22.08474,0.5743991909691238,93.0,14.824994851296887,7.716076510397371,7.716076510397371,NGC 4889,11.250885684039531,4121922.4246655065,13.32967281160282,12.414042853786256,13.259452735934262,13.32967281160282,1.5449029289055898,-0.02104220890558972,1.4651291314678265,-0.01547969046782649,0.073000991049781,0.001210287950219019,1.5579984296393123,0.007336018256520971,1.4840650999696186,-0.018235915292199145,0.06558459599451683,0.03392066722389708,0.5204804639750261,0.007482061906605275,0.5858444526307228,0.04046418926181483,-0.05953416274615714,-0.03881195326474912,0.007115859514080039
2MASX J13004737+2755196,0,1,1399.7278937692504,5598.911575077001,0.0,594.6044092731775,0.0,0.1062,0.0,0.1062,0.0,0.1062,False,False,False,False,True,0,1,,0,1,True,,0.7482316012575377,,1.20566242,,1.20566242,,,,,0.25000000000000006,,0.7482316012575377,,,,,False,True,10,,,,,,,,,195.19752473185,27.92218747244999,GiC,0.02857,15.47,16.81,1.3399992,15.851,15.077,14.701,14.426,0.77400017,1.1499996,31.648378372192383,0.292167,45.0,SIMBAD,B,2023ApJS..269....3M,,-19.529999,False,3.956047296524048,Members of systems,Sa,18735.979374562656,False,1.2376674440487898e+18,6.373846,4.726940625399687,15.90804,15.14599,14.74369,0.003241365,0.002699972,0.002844043,0.03149147,0.02178566,0.01618908,15.87654853,15.12420434,14.72750092,True,0.7523441900000005,1.1490476099999984,15.85108,15.07733,14.70059,0.003198296,0.002668474,0.002810951,15.81958853,15.05554434,14.68440092,15.422665457899996,0.0020745433518924,"SDSS(cModelMag g,r)",15.422665457899996,SDSS,Vmag_sdss,1.1490476099999984,0.7523441900000005,SDSS(cModel extcorr),-19.577334542100004,3.956047296524048,4.726940625399687,SDSS,False,3.0,14.18082187619906,,,,1.1490476099999984,g-i,17.53002,0.5538994697877673,45.0,15.990139227927934,9.28360218270498,9.28360218270498,NGC 4889,12.563946363412294,2441529.4593276647,14.624740862878175,13.286498611846401,13.930517174191543,14.624740862878175,,,1.4625091469516607,-0.2568467269516608,,,,,1.4831468123574387,-0.2774843923574388,,,,,0.5863857832201701,0.16184581803736764,,,0.0012963193623721078
SDSS J130041.19+280242.4,4,10,315.56028749723885,1262.2411499889554,315.56028749723885,1262.2411499889554,1.0,1.0,1.0,1.0,1.0,1.0,True,True,True,True,True,4,9,1.47546737,4,9,True,0.3593564901273786,0.5540094359278551,1.47546737,1.368082207,1.3411051147500002,1.4143860315555556,-0.19465294580047654,-0.07328091680555548,0.107385163,0.25,0.25,1.4374259605095143,4.986084923350696,0.37586965382066057,0.27540642596869636,0.587573144492832,0.2993656374052153,False,True,10,,,,,,,,,195.17167543485,28.04512661346,G,0.02877,17.15,18.487,1.3369999,18.054,17.328,16.977,16.693,0.72600174,1.0770016,7.07,,,NED,,,2007SDSS6.C...0000:,-17.85,False,0.88375,Regular galaxies,E3,4213.752716134498,False,1.2376673243347028e+18,1.786883,1.6703788591993995,17.90871,17.17143,16.81345,0.006900973,0.005767426,0.00626357,0.03569281,0.02469212,0.01834889,17.87301719,17.14673788,16.79510111,True,0.7262793099999989,1.0779160799999978,18.05374,17.32846,16.9766,0.006820921,0.005682242,0.006168075,18.01804719,17.30376788,16.958251110000003,17.434512397099997,0.0044254286970797,"SDSS(cModelMag g,r)",17.434512397099997,SDSS,Vmag_sdss,1.0779160799999978,0.7262793099999989,SDSS(cModel extcorr),-17.565487602900003,0.88375,1.6703788591993995,SDSS,False,3.2,5.345212349438079,,,,1.0779160799999978,g-i,,1.0,0.0,15.347205718876296,8.371679110705964,8.371679110705964,NGC 4889,11.82133988688467,3267162.795549767,13.70584592135592,13.725316032854007,14.85242231244942,13.70584592135592,1.5004149743991597,-0.024947604399159662,1.4514027661332396,-0.08332055913323955,0.047944389494852274,0.05944077350514773,1.4987773005851066,-0.15767218583510645,1.4792540977788688,-0.0648680662233132,0.026697893152141938,-0.09997880995769742,0.5806870795977631,-0.22133058947038453,0.5886805386425645,-0.03467110271470941,-0.013617044054429484,-0.18103590174604706,0.008966530427576606
LEDA 1821892,8,24,1084.1450107680016,4336.580043072006,1084.1450107680016,4336.580043072006,1.0,1.0,1.0,1.0,1.0,1.0,True,True,True,True,True,6,21,1.616582555,6,21,True,0.5135163502658124,0.6544749188636922,1.616582555,1.438565471,1.6142154215000002,1.4569427809047621,-0.1409585685978798,0.15727264059523804,0.17801708399999994,0.25,0.25,3.0810981015948746,13.743973296137536,0.29249770137739173,0.22554993598223727,0.3774419827124107,0.3057066687844624,False,True,10,,,,,,,,,195.14344216666663,27.934681972222226,G,0.02923,16.81,18.512,1.7019997,17.386,16.689,16.424,16.16,0.6970005,0.9619999,12.59999942779541,0.19,,SIMBAD,E,2003A&A...412...45P,,-18.19,False,1.5749999284744265,Regular galaxies,dG,7625.491314689721,False,1.2376674440487242e+18,3.510405,3.2549950920190702,17.75474,16.97528,16.84774,0.01036726,0.008362913,0.01274201,0.03349451,0.02317134,0.01721879,17.72124549,16.95210866,16.83052121,True,0.7691368300000008,0.8907242800000006,17.3859,16.68892,16.42357,0.01006553,0.008036132,0.01242769,17.35240549,16.66574866,16.40635121,17.2574547603,0.0065125209007042,"SDSS(cModelMag g,r)",17.2574547603,SDSS,Vmag_sdss,0.8907242800000006,0.7691368300000008,SDSS(cModel extcorr),-17.7425452397,1.5749999284744265,3.2549950920190702,SDSS,False,3.2,10.415984294461026,,,,0.8907242800000006,g-i,11.4,0.9047619458499158,0.0,13.050826799854024,6.345023801094404,6.345023801094404,NGC 4889,9.60274429844382,7301166.306122093,11.666926795841402,10.410278932454403,11.130289001241545,11.666926795841402,1.5035829306222968,0.11299962437770317,1.4523802110386121,-0.013814740038612161,0.04972865262196746,0.12828843137803247,1.502994395895734,0.11122102560426628,1.4795966858906129,-0.022653904985850737,0.029466988149507434,0.1278056524457306,0.5763998084756777,-0.0628834582098653,0.5884785829349972,0.06599633592869503,-0.01688677006277972,-0.12407179853510009,0.004932507740651901
2MASX J13004540+2750076,0,0,359.39586941162923,1437.5834776465167,0.0,0.0,0.0,0.0,0.0,0.0,0.0,0.0,False,False,False,False,False,0,0,,0,0,True,,,,,,,,,,,0.25000000000000006,,,,,,,False,False,10,,,,,,,,,195.1891958333333,27.835455555555555,GiC,0.02927,16.71,18.048,1.3380013,17.603,16.898,16.562,16.325,0.7049999,1.0410004,10.019999504089355,0.103,115.0,SIMBAD,C,2006AJ....131.1163S,,-18.29,False,1.2524999380111694,Members of systems,I,6072.086296415636,False,1.2376674440487898e+18,3.110505,2.269864676479541,17.50216,16.77746,16.45893,0.006669195,0.005489769,0.006412807,0.02759026,0.01908681,0.01418355,17.47456974,16.75837319,16.44474645,True,0.7161965499999994,1.0298232899999995,17.60312,16.89836,16.56232,0.006535726,0.005343677,0.006230035,17.57552974,16.87927319,16.54813645,17.042013775499996,0.0042388282506088,"SDSS(cModelMag g,r)",17.042013775499996,SDSS,Vmag_sdss,1.0298232899999995,0.7161965499999994,SDSS(cModel extcorr),-17.957986224500004,1.2524999380111694,2.269864676479541,SDSS,False,3.0,6.809594029438623,,,,1.0298232899999995,g-i,6.18,0.6167664975909253,115.0,17.097135710689983,11.836187983514154,11.836187983514154,NGC 4889,14.251720516392304,1267928.1230958253,16.090072171012523,14.06345865866405,14.25268333442153,16.090072171012523,,,,,,,,,,,,,,,,,,,
2MASX J12595013+2755292,13,26,1013.2441676475604,4052.9766705902425,1013.2441676475604,4052.9766705902425,1.0,1.0,1.0,1.0,1.0,1.0,True,True,True,True,True,12,26,1.449458275,12,26,True,0.6378030465025913,0.7269684859037346,1.449458275,1.3690055415,1.3623393237499999,1.3445166559615382,-0.0891654394011433,0.017822667788461644,0.08045273350000004,0.24999999999999994,0.24999999999999994,7.653636558031096,18.901180633497102,0.22526447700568303,0.12261113439505275,0.36021032446629014,0.19978844315341698,True,True,10,0.6423176633357476,0.06577491674134665,0.6423176633357476,0.06577491674134665,,,,,194.95877298074,27.92484964126,GiC,0.0328,16.05,17.563,1.5130005,16.699,15.917,15.55,15.265,0.7819996,1.1489992,12.0,0.152,130.0,SIMBAD,C,2006AJ....131.1163S,,-18.95,False,1.5,Members of systems,S0...,8114.346440645568,False,1.237667444048659e+18,4.288744,3.4333973959291373,16.77092,15.98019,15.60941,0.004491246,0.003575742,0.003852796,0.03131631,0.02166448,0.01609903,16.73960369,15.95852552,15.59331097,True,0.7810781699999989,1.1462927199999982,16.69916,15.91709,15.54959,0.00444064,0.003537403,0.003809073,16.667843689999998,15.89542552,15.53349097,16.2687675697,0.0028002815009222,"SDSS(cModelMag g,r)",16.2687675697,SDSS,Vmag_sdss,1.1462927199999982,0.7810781699999989,SDSS(cModel extcorr),-18.7312324303,1.5,3.4333973959291373,SDSS,False,3.0,10.300192187787411,,,,1.1462927199999982,g-i,9.12,0.7599999999999999,130.0,3.790616106701856,5.058301216262191,3.790616106701856,NGC 4874,2.627388738047591,33537255.935967512,3.2176604041907355,0.7235798360625639,1.4620444673537998,3.2176604041907355,1.5212727506989938,-0.0718144756989938,1.4578382487427453,-0.08883270724274528,0.059691951185764286,0.020760782314235754,1.526542592915139,-0.16420326916513917,1.481509692772749,-0.13699303681121067,0.04492957311861784,-0.027106905330156195,0.5524597507767082,0.08534329572588317,0.5873508652903421,0.13961762061339256,-0.03514487109504005,-0.054020568306103245,0.00615738774339701
2MASX J13001027+2751502,0,0,1028.9615541776996,4115.846216710797,0.0,0.0,0.0,0.0,0.0,0.0,0.0,0.0,False,False,False,False,False,0,0,,0,0,True,,,,,,,,,,,0.25000000000000006,,,,,,,False,False,10,,,,,,,,,195.04265407771,27.863970120340003,GiC,0.03311,15.54,17.103,1.5630007,16.517,15.931,15.639,15.399,0.58600044,0.87800026,14.579999923706056,0.195,70.0,SIMBAD,C,2006AJ....131.1163S,,-19.46,False,1.8224999904632568,Members of systems,SB0,9948.394155911205,False,1.2376674440487242e+18,3.614824,3.3671248299694847,16.3652,15.76924,15.44841,0.004105712,0.003577852,0.004090663,0.03125388,0.02162129,0.01606693,16.33394612,15.74761871,15.432343070000002,True,0.5863274100000009,0.9016030499999984,16.51719,15.93079,15.63924,0.004031604,0.003498494,0.003979875,16.485936119999998,15.90916871,15.62317307,15.9780129481,0.002699940147322,"SDSS(cModelMag g,r)",15.9780129481,SDSS,Vmag_sdss,0.9016030499999984,0.5863274100000009,SDSS(cModel extcorr),-19.0219870519,1.8224999904632568,3.3671248299694847,SDSS,False,3.0,10.101374489908457,,,,0.9016030499999984,g-i,11.700000000000001,0.8024691400016143,70.0,9.53222029409924,6.799744501636793,6.799744501636793,NGC 4889,7.447525628401955,6795957.090384706,8.858008499642901,6.472803993154566,6.408752903972819,8.858008499642901,,,,,,,,,,,,,,,,,,,
SDSS J130018.34+280333.4,14,20,706.5534617035411,2826.2138468141648,706.5534617035411,2826.2138468141648,1.0,1.0,1.0,1.0,1.0,1.0,True,True,True,True,True,14,20,1.603449932,14,20,True,0.5584037671851887,0.6616564507547891,1.603449932,1.3175849364999999,1.4996233342142857,1.3451276612999998,-0.10325268356960038,0.1544956729142859,0.2858649955000001,0.24999999999999997,0.24999999999999997,7.817652740592641,13.233129015095782,0.21737032853903182,0.20716263675241883,0.30801964935279635,0.33755013966414593,True,True,10,0.5561065713036446,0.05531637225510277,0.5561065713036446,0.05531637225510277,,,,,195.07642091666665,28.05928861111111,G,0.03325,17.34,18.559,1.2189999,18.024,17.445,17.147,17.005,0.5790005,0.8770008,7.19,,,NED,,,2007SDSS6.C...0000:,-17.66,False,0.89875,Regular galaxies,,4925.877325383879,False,1.2376673243346373e+18,2.885166,2.499460786169786,17.89298,17.3703,17.04342,0.008126638,0.007430765,0.008764295,0.03495962,0.0241849,0.01797197,17.858020380000003,17.3461151,17.02544803,True,0.5119052800000041,0.8325723500000031,18.02426,17.44511,17.14746,0.007932713,0.00728797,0.008557238,17.989300380000003,17.420925099999998,17.129488029999997,17.5459962648,0.0055065855550401,"SDSS(cModelMag g,r)",17.5459962648,SDSS,Vmag_sdss,0.8325723500000031,0.5119052800000041,SDSS(cModel extcorr),-17.4540037352,0.89875,2.499460786169786,SDSS,False,3.2,7.998274515743316,,,,0.8325723500000031,g-i,,1.0,0.0,11.161045014245286,5.428971965492022,5.428971965492022,NGC 4889,7.997448471531705,11656904.061614731,9.532883260229973,10.300335501594487,11.56347924397909,9.532883260229973,1.4984202792318537,0.10502965276814624,1.450787320561481,-0.1332023840614811,0.04682093298656287,0.23904406251343724,1.4961220177959245,0.0035013164183612666,1.479038388090117,-0.13391072679011717,0.024954339889405486,0.1295413330248804,0.5833865483990355,-0.024982781213846783,0.5888076995139655,0.07284875124082357,-0.011558269813915112,-0.09169441375568527,0.009807693589900468
SDSS J125939.47+275116.5,0,11,2073.225973872997,8292.903895491985,22.39084051782837,2807.9772590135863,0.0108,0.3386,0.0108,0.3386,0.0108,0.3386,False,False,False,True,True,0,11,,0,11,True,,0.4875848682205651,,1.594658143,,1.64808656,,,,0.007974010632014179,0.2500000000000001,,5.363433550426216,,0.30004695968369827,,0.3739677092126018,False,True,10,,,,,,,,,194.914488,27.854598,G,0.03134,16.944,17.817,0.8729992,16.852,16.194,15.884,15.786,0.65799904,0.96799946,1.3,,,NED,,,2007SDSS6.C...0000:,-18.056,False,0.1625,Regular galaxies,,841.4049069157564,False,1.2376674440486587e+18,7.100106,4.281511687141951,17.10436,16.50766,16.2426,0.008723604,0.008380204,0.009606543,0.03476916,0.02405314,0.01787406,17.06959084,16.483606860000002,16.22472594,True,0.5859839799999982,0.844864900000001,16.84402,16.18769,15.88271,0.008331817,0.008050052,0.009112405,16.80925084,16.16363686,15.86483594,16.7138602918,0.0061023705855008,"SDSS(cModelMag g,r)",16.7138602918,SDSS,Vmag_sdss,0.844864900000001,0.5859839799999982,SDSS(cModel extcorr),-18.2861397082,0.1625,4.281511687141951,SDSS,False,3.2,13.700837398854246,,,,0.844864900000001,g-i,,1.0,0.0,6.33395251914865,9.691787640136402,6.33395251914865,NGC 4874,7.344624258083354,6218517.51404302,6.992167767907786,4.905100591038215,3.6404520281923394,6.992167767907786,,,1.4553811188414438,0.13927702415855614,,,,,1.4806484846488233,0.16743807535117683,,,,,0.5878585475188487,-0.10027367929828357,,,0.003200630445671902
Z 160-243,0,0,558.0409800433711,2232.163920173485,0.0,0.0,0.0,0.0,0.0,0.0,0.0,0.0,False,False,False,False,False,0,0,,0,0,True,,,,,,,,,,,0.2499999999999999,,,,,,,False,False,10,,,,,,,,,195.03808781594,27.86648430942,AGN,0.01773,15.51,16.39,0.87999916,15.916,15.468,15.248,15.012,0.44799995,0.6680002,22.35378074645996,0.261167,169.0,SIMBAD,B,2023ApJS..269....3M,,-19.49,False,2.794222593307495,Active (AGN/Seyfert/QSO),SBa,8321.13461168583,False,1.2376674440487242e+18,3.132543,2.65306309039477,15.86195,15.37971,15.09212,0.00307231,0.002811671,0.003154876,0.03147462,0.021774,0.01618041,15.83047538,15.357936,15.07593959,True,0.4725393800000024,0.754535790000002,15.91562,15.46847,15.24831,0.003029629,0.002769403,0.003096362,15.88414538,15.446696,15.23212959,15.5416771458,0.0020829337993751,"SDSS(cModelMag g,r)",15.5416771458,SDSS,Vmag_sdss,0.754535790000002,0.4725393800000024,SDSS(cModel extcorr),-19.4583228542,2.794222593307495,2.65306309039477,SDSS,False,3.0,7.959189271184309,,,,0.754535790000002,g-i,15.67002,0.7010008811364749,169.0,9.24798151811349,6.63645018247312,6.63645018247312,NGC 4889,7.190272560852883,7334604.91579182,8.581861852077317,6.189431047367285,6.124486777387311,8.581861852077317,,,,,,,,,,,,,,,,,,,
NGC 4874,6335,5827,95643.68639247998,382574.74556992005,95586.3001806445,287828.9881131902,0.9994,0.7523470679812191,0.9994,0.6628,0.9994,0.752347067981219,True,False,False,True,True,6162,5628,1.5264208535,6162,5628,True,0.5475618808454876,0.5135895043150039,1.5264208535,1.5057570175000001,1.5403723956893864,1.53066550257516,0.03397237653048368,0.009706893114226345,0.02066383599999977,0.3320940701881448,0.24999999999999992,3374.0763097698946,2890.481730284842,0.2532601732172063,0.2799997917572452,0.3024581369484471,0.3403613533733136,True,True,10,0.5470252150874615,0.002953168721448809,0.5470252150874615,0.002953168721448809,,,,,194.89878906845,27.959248303390005,LIN,0.02391,12.71,13.7,0.9899998,12.6472,11.7979,11.66,11.1535,0.84929943,0.9871998,140.40420532226562,2.26074,63.0,SIMBAD,B,2023ApJS..269....3M,,-22.29,True,17.550525665283203,Active (AGN/Seyfert/QSO),,69955.70961435766,True,1.2376674440486584e+18,29.67989,29.58632953200881,12.91115,12.10644,11.64227,0.001804969,0.001734343,0.001838514,0.03009333,0.02081842,0.01547032,12.88105667,12.08562158,11.62679968,True,0.7954350899999998,1.25425699,12.79304,11.98041,11.52575,0.001763336,0.001690713,0.001796031,12.76294667,11.95959158,11.51027968,12.4017499669,0.0012628226591444,"SDSS(cModelMag g,r)",12.4017499669,SDSS,Vmag_sdss,1.25425699,0.7954350899999998,SDSS(cModel extcorr),-22.5982500331,17.550525665283203,29.58632953200881,SDSS,False,4.8,142.0143817536423,,,,1.25425699,g-i,135.64440000000002,0.9660992680999791,63.0,0.0,7.230359733741266,7.230359733741266,NGC 4889,3.615325668910727,1.0947123389942933e+27,1.6476759061251465,3.067469305851432,3.3988032379001165,1.6476759061251465,1.5904623247901055,-0.06404147129010562,1.479186080573984,0.026570936926016087,0.09866105212533738,-0.07799721612533761,1.6186458316887498,-0.07827343599936332,1.488991969632236,0.041673532942924085,0.10540784049057961,-0.09570094737635326,0.4588238410429314,0.08873803980255623,0.5829400627389071,-0.06935055842390314,-0.10655714259681215,0.14052951912729583,0.10177517578622507
NGC 4869,270,367,5248.466032598007,20993.864130392027,5248.466032598007,19339.547636917134,1.0,0.9211999999999999,1.0,0.9212,1.0,0.9212,True,True,True,True,True,261,355,1.546117888,261,355,True,0.5110868595510605,0.5995989873348143,1.546117888,1.478192812,1.5738919597241379,1.48810986128169,-0.08851212778375384,0.08578209844244777,0.06792507599999986,0.2713851498046027,0.25,133.3936703428268,212.85764050385907,0.26331821986226345,0.218864182513343,0.3281624558971059,0.26101405139157263,True,True,10,0.5110387841819801,0.015490587673936684,0.5110387841819801,0.015490587673936684,,,,,194.84732847876,27.9115921901,EmG,0.0228791612896412,13.52,14.9,1.3799992,14.429,13.624,13.195,12.914,0.8050003,1.2340002,49.683780670166016,0.690853,47.0,SIMBAD,B,2023ApJS..269....3M,,-21.48,True,6.210472583770752,Regular galaxies,,23717.064620554364,False,1.2376674440486584e+18,7.956479,7.458111597766792,14.35112,13.44835,13.10265,0.002026937,0.00177299,0.001854436,0.03790001,0.02621905,0.01948356,14.31321999,13.42213095,13.08316644,True,0.8910890400000007,1.2300535499999992,14.31396,13.44071,13.0601,0.00200983,0.001768293,0.001849584,14.27605999,13.41449095,13.04061644,13.7774774564,0.0013359957012654,"SDSS(cModelMag g,r)",13.7774774564,SDSS,Vmag_sdss,1.2300535499999992,0.8910890400000007,SDSS(cModel extcorr),-21.2225225436,6.210472583770752,7.458111597766792,SDSS,False,3.2,23.86595711285373,,,,1.2300535499999992,g-i,41.45118,0.8343000359650669,47.0,3.9518547463563447,10.63187370503541,3.9518547463563447,NGC 4874,7.159220890833464,19184895.842508864,5.514877770275918,5.417389790280318,4.648666042057671,5.514877770275918,1.565847490092943,-0.019729602092943166,1.471591390787676,0.006601421212323988,0.08479743191195824,-0.016872355911958375,1.5858792476005128,-0.01198728787637493,1.4863300800271324,0.0017797812545576885,0.08389213420553587,0.0018899642369119007,0.49213568708465205,0.018951172466408428,0.5845092467830584,0.015089740551755937,-0.0811515626166513,-0.00736056516710254,0.02838241174221252
NGC 4889,4517,1546,37268.28823643047,149073.15294572184,62713.60916213199,146236.79492798282,1.6827606560375432,0.9809733814460089,0.886,0.9564,1.6827606560375432,0.9809733814460089,True,True,True,True,True,4327,1499,1.578819844,4327,1499,True,0.44492678916596917,0.5923440337857369,1.578819844,1.449385325,1.5928502795516524,1.472368251227485,-0.14741724461976768,0.12048202832416743,0.12943451900000014,0.4288497241273411,0.25000000000000006,1925.1982167211486,887.9237066448196,0.29286051779214106,0.2411873493404563,0.3613177180150967,0.29615296469056296,True,True,10,0.4451042630746589,0.004344688824319077,0.4451042630746589,0.004344688824319077,,,,,195.0337375,27.977025,EmG,0.0215,11.3,13.0,1.6999998,12.3528,11.5017,11.527,10.8346,0.85109997,0.82579994,175.40460205078125,1.8169,75.0,SIMBAD,B,2023ApJS..269....3M,,-23.7,True,21.925575256347656,Regular galaxies,,78815.62927836124,True,1.237667444048724e+18,29.67856,23.02623275480716,12.42321,11.59573,11.37449,0.001673849,0.001673236,0.001773992,0.0316632,0.02190446,0.01627736,12.3915468,11.57382554,11.35821264,True,0.817721259999999,1.033334159999999,12.34061,11.5143,11.21793,0.001639316,0.001640705,0.001737578,12.3089468,11.49239554,11.20165264,11.899091256599998,0.001202314310135,"SDSS(cModelMag g,r)",11.899091256599998,SDSS,Vmag_sdss,1.033334159999999,0.817721259999999,SDSS(cModel extcorr),-23.1009087434,21.925575256347656,23.02623275480716,SDSS,False,4.8,110.52591722307436,,,,1.033334159999999,g-i,109.014,0.6215002270489998,75.0,7.230359733741236,0.0,7.230359733741236,NGC 4874,3.6150343526425788,1.739255948418119e+27,5.663826045561618,5.355075206236344,6.509825718401151,5.663826045561618,1.5994560107908267,-0.020636166790826582,1.481961002934881,-0.03257567793488114,0.10372649532519587,0.025708023674804265,1.6306179766262008,-0.03776769707454841,1.489964561955988,-0.017596310728503095,0.1132691773141713,0.007212851009996135,0.44665247011602693,-0.001725680950057762,0.5823667195195003,0.009977314266236603,-0.11583974846513889,-0.03157749615462879,0.01593578566466752
SDSS J130042.56+280658.6,16,209,12065.748800818843,48262.99520327537,4278.514524770362,20965.44511630282,0.3546,0.4344,0.3546,0.4344,0.3546,0.4344,False,False,False,True,True,15,199,1.562589612,15,199,True,0.521482044508965,0.48936189154072085,1.562589612,1.585357004,1.5846262571999996,1.587770223080402,0.03212015296824411,-0.003143965880402444,-0.022767391999999997,0.20407458563535916,0.25,7.822230667634474,97.38301641660345,0.23473559755852938,0.25650705772880905,0.22610538104671918,0.3020939841122114,True,True,10,0.5274009036780414,0.06130838135655453,0.5274009036780414,0.06130838135655453,,,,,195.17736,28.11632,LSB,0.020701,18.24,,,17.648,17.011,16.672,16.539,0.63700104,0.97599983,19.49800109863281,0.32496667,0.0,SIMBAD,E,2022ApJS..262...36S,,-16.76,False,2.4372501373291016,LSB/BCD/Dwarf,,8443.75520948361,False,1.2376673243347028e+18,11.91151,10.328826039187028,17.68241,17.11709,16.79583,0.01207821,0.01098925,0.01302848,0.03757682,0.02599547,0.01931742,17.64483318,17.09109453,16.77651258,True,0.5537386499999997,0.8683206000000006,17.64823,17.01133,16.67162,0.01193298,0.01076021,0.01265084,17.61065318,16.98533453,16.65230258,17.308127376499996,0.0081584786103829,"SDSS(cModelMag g,r)",17.308127376499996,SDSS,Vmag_sdss,0.8683206000000006,0.5537386499999997,SDSS(cModel extcorr),-17.691872623500004,2.4372501373291016,10.328826039187028,SDSS,False,3.2,33.05224332539849,,,,0.8683206000000006,g-i,19.4980002,0.9999999539115417,0.0,17.505922735581176,11.300121635809452,11.300121635809452,NGC 4889,14.283435461421485,1409406.2808470242,15.876891870068409,16.49968578807866,17.730224698415352,15.876891870068409,1.5026762844434893,0.05991332755651069,1.4521004733698972,0.1332565306301028,0.04921800940841184,-0.07198540140841184,1.5017874936913653,0.08283876350863428,1.4794986396486387,0.10827158343176335,0.028674493171268634,-0.03181845905167108,0.5776267944901818,-0.05614474998121688,0.5885363811991327,-0.0991744896584118,-0.015950998106851966,0.048071151075096075,0.01820008193877381
Coma cluster,0,0,,,,,,,,,,,False,False,False,False,False,0,0,,0,0,True,,,,,,,,,,,,,,,,,,False,False,10,,,,,,,,,195.01707133,27.977025,CLUSTER,0.0215,,,,,,,,,,,,,MANUAL,,,,,False,,Other,,,False,,,,,,,,,,,,,,,,False,,,,,,,,,,,,,,,,,,,,,,,,,False,3.0,,,,,,,,1.0,0.0,6.358175050921624,0.8831094568555958,0.8831094568555958,NGC 4889,2.7446453246900377,2529590562.3847885,4.7831160726779265,4.6200981044769165,5.823396359669688,4.7831160726779265,,,,,,,,,,,,,,,,,,,
