name,N_inner,N_annulus,A_ap_geom,A_ann_geom,A_ap_eff,A_ann_eff,A_ap_eff_over_geom,A_ann_eff_over_geom,f_cov_ap_geom,f_cov_ann_geom,cov_ap_depthw,cov_ann_depthw,coverage_ok_ap,coverage_ok_ann,coverage_ok_both,good_ap_area,good_ann_area,N_inner_color,N_annulus_color,median_color,N_inner_Pblue,N_annulus_Pblue,matched_color_Pblue_samples,Pblue_mean_inner,Pblue_mean_annulus,median_color_inner,median_color_annulus,mean_color_inner,mean_color_annulus,Pblue_mean_IE_contrast,mean_color_IE_contrast,median_color_IE_contrast,alpha_eff,alpha_geom,sum_Pblue_inner,sum_Pblue_annulus,Pblue_std_inner,Pblue_std_annulus,color_std_inner,color_std_annulus,Pblue_inner_meets_min,Pblue_annulus_nonzero,min_gc_for_Pblue,Pblue_mean,Pblue_mean_err,fb,fb_err,mu_blue,mu_blue_err,mu_red,mu_red_err,ra,dec,otype,z,Vmag_simbad_raw,Bmag_simbad_raw,BV_simbad_raw,gmag_simbad_raw,rmag_simbad_raw,imag_simbad_raw,zmag_simbad_raw,gr_simbad_raw,gi_simbad_raw,major_axis_arcsec,galdim_minaxis,galdim_angle,dim_source,galdim_qual,galdim_bibcode,dim_ref,MV_simbad_raw,show_label,Re_arcsec,otype_family,morph_type,major_kpc,is_large_E,sdss_objid,Re_r_arcsec,Re_r_arcsec_circ,g_cmodel_sdss,r_cmodel_sdss,i_cmodel_sdss,gerr_cmodel_sdss,rerr_cmodel_sdss,ierr_cmodel_sdss,Ag_sdss,Ar_sdss,Ai_sdss,g0_cmodel_sdss,r0_cmodel_sdss,i0_cmodel_sdss,sdss_phot_ok,gr0_sdss,gi0_sdss,g_model_sdss,r_model_sdss,i_model_sdss,gerr_model_sdss,rerr_model_sdss,ierr_model_sdss,g0_model_sdss,r0_model_sdss,i0_model_sdss,Vmag_sdss,Vmag_sdss_err,V_source,mV_app,mV_src,mV_app_col,gi_primary,gr_primary,color_src,MV_abs,Re_simbad_proxy_arcsec,Re_best_arcsec,Re_best_src,Re_best_is_proxy,Re_GCS_scale,Re_GCS_arcsec,n_gcs_prior,n_gcs_red_prior,n_gcs_blue_prior,gal_color,gal_color_src,minor_axis_arcsec,q_axis,pa_deg,R_NGC 4874_arcmin,R_NGC 4889_arcmin,R_nearBCG_arcmin,nearer_BCG,R_bcg_mid_arcmin,tidal_proxy,R_xray_peak_arcmin,R_sz_peak_arcmin,R_geom_arcmin,R_cluster_arcmin,median_color_inner_exp,Delta_median_color_inner,median_color_annulus_exp,Delta_median_color_annulus,median_color_IE_contrast_exp,Delta_median_color_IE_contrast,mean_color_inner_exp,Delta_mean_color_inner,mean_color_annulus_exp,Delta_mean_color_annulus,mean_color_IE_contrast_exp,Delta_mean_color_IE_contrast,Pblue_mean_inner_exp,Delta_Pblue_mean_inner,Pblue_mean_annulus_exp,Delta_Pblue_mean_annulus,Pblue_mean_IE_contrast_exp,Delta_Pblue_mean_IE_contrast,gc_voronoi_density_arcsec2_inv
LEDA 126771,2913,1332,19737.495651811616,78949.98260724648,40289.0638484603,79189.97721516124,2.041244976525801,1.003039831042252,1.0,0.9162,2.041244976525801,1.003039831042252,True,True,True,True,True,2788,1284,1.564839082,2788,1284,True,0.4570741109820913,0.5579314581936634,1.564839082,1.473041946,1.5719524527051647,1.4982133909322428,-0.10085734721157213,0.07373906177292189,0.09179713600000006,0.5087646854474255,0.24999999999999994,1274.3226214180704,716.3839923206638,0.29100812352412686,0.26024682791439113,0.36193213141016534,0.3020557089592463,True,True,10,0.4567220409478514,0.005893646362886242,0.4567220409478514,0.005893646362886242,,,,,195.015438,27.964525,GiC,0.01778,17.26,18.49,1.2299995,17.207,16.401,16.026,15.919,0.80600166,1.1810017,7.15,,,NED,,,2007SDSS6.C...0000:,-17.74,False,0.89375,Members of systems,,2668.9116594673533,False,1.237667444048724e+18,9.422453,7.926310613697409,17.79433,16.6457,16.29974,0.0094071,0.006945321,0.008212235,0.03074882,0.02127189,0.0158073,17.76358118,16.62442811,16.2839327,True,1.139153069999999,1.479648479999998,17.20481,16.39346,16.02829,0.009123255,0.006616065,0.007813034,17.17406118,16.37218811,16.0124827,17.081480868699998,0.005627364442639,"SDSS(cModelMag g,r)",17.081480868699998,SDSS,Vmag_sdss,1.479648479999998,1.139153069999999,SDSS(cModel extcorr),-17.918519131300002,0.89375,7.926310613697409,SDSS,False,3.2,25.36419396383171,,,,1.479648479999998,g-i,,1.0,0.0,6.189979712058423,1.2259049075518114,1.2259049075518114,NGC 4889,2.6149297151740294,948659310.2687523,4.695446512465112,4.140232257504728,5.284277745147377,4.695446512465112,1.4821537282798178,0.08268535372018215,1.4571075320489215,0.01593441395107842,0.017819405856740606,0.07397773014325945,1.4932710550309554,0.07868139767420934,1.4815012284452798,0.016712162486963056,0.011511603170145657,0.06222745860277623,0.5809583945608744,-0.12388428357878312,0.5894673205698182,-0.0315358623761548,-0.0030622860787392625,-0.09779506113283287,0.025298703146317995
SDSS J130033.33+275849.3,16,56,2604.22730782602,10416.909231304076,2604.22730782602,10416.909231304076,1.0,1.0,1.0,1.0,1.0,1.0,True,True,True,True,True,15,53,1.368226139,15,53,True,0.6694139953003699,0.6486230519261168,1.368226139,1.442356628,1.4202656550666668,1.4732679863396225,0.020790943374253135,-0.05300233127295573,-0.07413048900000008,0.2500000000000001,0.2500000000000001,10.041209929505548,34.37702175208419,0.18784257750329564,0.1861264325416231,0.22543585258102478,0.21396147660178674,True,True,10,0.6708777527664548,0.04559622794555815,0.6708777527664548,0.04559622794555815,,,,,195.138894,27.980364,AG?,0.0172,17.93,19.883,1.9529991,19.081,18.425,18.046,17.767,0.65600014,1.0349998,5.6,,,NED,,,2007SDSS6.C...0000:,-17.07,False,0.7,Other,,2023.575699311731,False,1.2376673243346378e+18,2.985155,2.87915143393122,18.883,18.21784,17.98378,0.01951113,0.01799711,0.0203615,0.0350279,0.02423214,0.01800708,18.8479721,18.19360786,17.96577292,True,0.6543642399999996,0.8821991800000006,19.07247,18.41958,18.04261,0.01881794,0.01724832,0.01971573,19.0374421,18.39534786,18.02460292,18.4518971984,0.0132944048221074,"SDSS(cModelMag g,r)",18.4518971984,SDSS,Vmag_sdss,0.8821991800000006,0.6543642399999996,SDSS(cModel extcorr),-16.548102801600002,0.7,2.87915143393122,SDSS,False,3.2,9.213284588579905,,,,0.8821991800000006,g-i,,1.0,0.0,12.78648642089626,5.575562057885486,5.575562057885486,NGC 4889,9.176988092179405,10558192.339535872,11.238010979748395,10.585858629837155,11.548665794849926,11.238010979748395,1.4634120425162236,-0.09518590351622369,1.451016816835904,-0.008660188835904137,0.003542373173694019,-0.0776728621736941,1.4697435344710326,-0.049477879404365765,1.4755720001792576,-0.0023040138396350773,-0.004832343699745056,-0.04816998757321067,0.6006866402815492,0.06872735501882077,0.5941340988822482,0.05448895304386858,0.011359592550300474,0.009431350823952661,0.006781008525787646
2MASX J12592536+2756038,94,162,1510.9273794938322,6043.709517975329,1510.9273794938322,6043.709517975329,1.0,1.0,1.0,1.0,1.0,1.0,True,True,True,True,True,88,158,1.5379358965,88,158,True,0.5586809887266337,0.5977366000130339,1.5379358965,1.4995996974999999,1.5398985995795456,1.4902134418924053,-0.039055611286400116,0.04968515768714021,0.03833619900000018,0.25,0.25,49.16392700794377,94.44238280205934,0.24233265442470903,0.21000388832962957,0.2534357110006713,0.26569973991170637,True,True,10,0.5618603363665611,0.026156835964282473,0.5618603363665611,0.026156835964282473,,,,,194.85557934601,27.93449232493,GiC,0.02531,17.02,18.094,1.0739994,17.578,16.871,16.55,16.316,0.7069988,1.0279999,8.579999923706055,0.143,90.0,SIMBAD,C,2006AJ....131.1163S,,-17.98,False,1.0724999904632568,Members of systems,E/S0,4517.585880691035,False,1.2376674440486584e+18,2.307695,2.193041545887024,17.54884,16.90173,16.5925,0.006365186,0.005119016,0.005765975,0.03608074,0.02496049,0.01854832,17.51275926,16.87676951,16.57395168,True,0.6359897500000002,0.9388075799999988,17.57126,16.86209,16.54906,0.006325855,0.005087877,0.005734589,17.53517926,16.837129509999997,16.53051168,17.127525307499997,0.0039915406321228,"SDSS(cModelMag g,r)",17.127525307499997,SDSS,Vmag_sdss,0.9388075799999988,0.6359897500000002,SDSS(cModel extcorr),-17.872474692500003,1.0724999904632568,2.193041545887024,SDSS,False,3.0,6.579124637661071,,,,0.9388075799999988,g-i,8.58,1.0,90.0,2.7297440817429175,9.780915934680483,2.7297440817429175,NGC 4874,6.203938961804454,55677532.40481717,4.366033477022266,4.8557645708570965,4.412367571661328,4.366033477022266,1.481524028834147,0.056411867665853155,1.4569028909060833,0.042696806593916614,0.017339713705258414,0.020996485294741768,1.4924805569486872,0.04741804263085836,1.4813020130812262,0.008911428811179123,0.010962465039570518,0.038722692647569695,0.5816212413053494,-0.02294025257871568,0.589624119043204,0.00811248096982986,-0.0025777272672858342,-0.03647788401911428,0.03023369109824231
GMP 2550,0,0,0.11926194479368825,0.47704777917475316,0.11926194479368825,0.47704777917475316,1.0,1.0,1.0,1.0,1.0,1.0,True,True,True,True,True,0,0,,0,0,True,,,,,,,,,,0.24999999999999992,0.24999999999999992,,,,,,,False,False,10,,,,,,,,,195.16241666666667,28.00980555555556,G,0.0197870221271543,18.45,19.149,0.6989994,18.84,,,17.14,,,5.64,,,NED,,,2007SDSS6.C...0000:,-16.55,False,0.705,Regular galaxies,Sa,2337.200564489691,False,1.2376673243347026e+18,0.03022349,0.0194839051715349,25.11438,24.80202,24.3618,0.9671926,0.9461214,1.06993,0.03529272,0.02441534,0.01814322,25.07908728,24.77760466,24.34365678,True,0.3014826200000016,0.7354304999999997,25.11438,24.80202,24.3618,0.7037622,0.7457531,0.7792174,25.07908728,24.77760466,24.34365678,24.8912125342,0.6847271732867282,"SDSS(cModelMag g,r)",24.8912125342,SDSS,Vmag_sdss,0.7354304999999997,0.3014826200000016,SDSS(cModel extcorr),-10.108787465800004,0.705,0.0194839051715349,SDSS,False,3.0,0.0584517155146048,,,,0.7354304999999997,g-i,,1.0,0.0,14.293750168346756,7.095479904962103,7.095479904962103,NGC 4889,10.68914735252012,5243609.097782694,12.687443740561982,12.348553607574654,13.39181096772086,12.687443740561982,,,,,,,,,,,,,,,,,,,
SDSS J125942.36+280158.5,9,13,241.2159018072934,964.8636072291738,241.2159018072934,964.8636072291738,1.0,1.0,1.0,1.0,1.0,1.0,True,True,True,True,True,9,13,1.481318466,9,13,True,0.6433207848283347,0.6038911953023681,1.481318466,1.376888999,1.4508530847777776,1.4692729697692308,0.039429589525966535,-0.018419884991453195,0.10442946700000011,0.24999999999999994,0.24999999999999994,5.789887063455012,7.850585538930786,0.11179509675133817,0.24974860125256543,0.17159076161346648,0.27949950049979294,False,True,10,,,,,,,,,194.92654,28.03292,G,0.0263,18.76,,,,,,,,,7.01,,,NED,,,2007SDSS6.C...0000:,-16.24,False,0.87625,Regular galaxies,,3830.719656152631,False,,,,,,,,,,,,,,,,False,,,,,,,,,,,,,,,18.76000022888184,SIMBAD,,,,,-16.239999771118164,0.87625,0.87625,SIMBAD_proxy(maj/8),True,3.2,2.8040000000000003,,,,,,,1.0,0.0,4.658388816802186,6.5950896621409445,4.658388816802186,NGC 4874,4.420100998732925,16892294.263873734,3.739317684323733,6.205568933008458,7.239094258789691,3.739317684323733,1.4591984542401952,0.022120011759804825,1.449647475436314,-0.07275847643631406,0.00033254785229125394,0.10409691914770886,1.4644539737535074,-0.013600888975729752,1.4742389649857992,-0.004965995216568375,-0.00850686176517837,-0.009913023226274825,0.605122031309005,0.038198753519329665,0.5951833045210642,0.008707890781303962,0.014601982774752276,0.02482760675121426,0.0168501881342687
[EDG2007] 265,0,0,,,,,,,,,,,False,False,False,False,False,0,0,,0,0,True,,,,,,,,,,,,,,,,,,False,False,10,,,,,,,,,194.9585970391,27.926986743809994,G,0.0324991497951559,18.7,19.808,1.1079998,,,,16.79,,,,,,,,,,-16.3,False,,Regular galaxies,S0,,False,,,,,,,,,,,,,,,,False,,,,,,,,,,,,,,,18.700000762939453,SIMBAD,,,,,-16.299999237060547,,,,False,3.0,,,,,1.1079998016357422,B-V,,1.0,0.0,3.714364178304284,4.987373806968976,3.714364178304284,NGC 4874,2.502206745942982,35382194.38556053,3.1039547875919764,0.6575491425886265,1.5233465223901925,3.1039547875919764,,,,,,,,,,,,,,,,,,,
SDSS J125926.45+275124.7,8,23,815.9281627805228,3263.7126511220913,815.9281627805228,3263.7126511220913,1.0,1.0,1.0,1.0,1.0,1.0,True,True,True,True,True,8,22,1.4971619525,8,22,True,0.6619281462804771,0.5128777919176234,1.4971619525,1.5681627845,1.50507443025,1.6365964057272726,0.14905035436285374,-0.1315219754772725,-0.07100083199999996,0.25,0.25,5.295425170243817,11.283311422187715,0.09878165862716085,0.2459472198025623,0.138999878415309,0.2766186257496037,False,True,10,,,,,,,,,194.860237,27.856882,AG?,0.0166,17.72,19.12,1.4000015,18.222,17.548,17.219,17.109,0.6739998,1.0030003,5.7,,,NED,,,2007SDSS6.C...0000:,-17.28,False,0.7125,Other,,1989.313383896663,False,1.2376674440486587e+18,1.636773,1.6115768694940298,18.40277,17.78439,17.48174,0.01155121,0.009478468,0.01134825,0.03713348,0.02568877,0.01908951,18.36563652,17.75870123,17.462650489999998,True,0.6069352899999991,0.902986030000001,18.21467,17.54108,17.2171,0.01133046,0.009241914,0.01105062,18.17753652,17.515391230000002,17.198010489999998,17.997544698899997,0.0073282627513608,"SDSS(cModelMag g,r)",17.997544698899997,SDSS,Vmag_sdss,0.902986030000001,0.6069352899999991,SDSS(cModel extcorr),-17.002455301100003,0.7125,1.6115768694940298,SDSS,False,3.2,5.157045982380896,,,,0.902986030000001,g-i,,1.0,0.0,6.473196152724098,11.686638514517263,6.473196152724098,NGC 4874,8.726999228596645,5125597.822852792,7.689057200125938,6.40682711892343,5.182358592542751,7.689057200125938,1.4696257248746327,0.027536227625367227,1.4530361533111071,0.11512663118889277,0.008275829236936816,-0.07927666123693677,1.4775439288050511,0.02753050144494895,1.4775377967218037,0.15905860900546887,0.0005863841357994226,-0.13210835961307194,0.5941458704733691,0.06778227580710805,0.592586859298983,-0.07970906738135963,0.006578113768575589,0.14247224059427815,0.00811522623015529
[EDG2007] 205,0,0,24.850488763747386,99.40195505498954,0.0,0.0,0.0,0.0,0.0,0.0,0.0,0.0,False,False,False,False,False,0,0,,0,0,True,,,,,,,,,,,0.25,,,,,,,False,False,10,,,,,,,,,194.95266666666663,28.06555555555555,G,0.0248738745789262,16.402,16.86,0.45800018,,,,15.43,,,2.25,,,NED,,,2007SDSS6.C...0000:,-18.598,False,0.28125,Regular galaxies,S0,1164.8829837900923,False,,,,,,,,,,,,,,,,False,,,,,,,,,,,,,,,16.402000427246094,SIMBAD,,,,,-18.597999572753903,0.28125,0.28125,SIMBAD_proxy(maj/8),True,3.0,0.84375,,,,0.4580001831054687,B-V,,1.0,0.0,6.987802776110886,6.83039169356473,6.83039169356473,NGC 4889,5.889335488482466,8666233.075343845,5.8560654656329945,8.072721870488818,9.230912364552152,5.8560654656329945,,,,,,,,,,,,,,,,,,,
SDSS J125928.50+280109.3,13,38,703.9249458792237,2815.6997835168945,703.9249458792237,2815.6997835168945,1.0,1.0,1.0,1.0,1.0,1.0,True,True,True,True,True,13,35,1.53265759,13,35,True,0.501271944433338,0.6151956240376791,1.53265759,1.45886535,1.5860752425384612,1.4744244967999998,-0.11392367960434113,0.11165074573846145,0.07379223999999995,0.25000000000000006,0.25000000000000006,6.516535277633394,21.53184684131877,0.2951459833204076,0.20842040656923996,0.31540183125999127,0.2222940896736442,True,True,10,0.5029348915595988,0.0803713860122806,0.5029348915595988,0.0803713860122806,,,,,194.868763,28.01926,AG?,0.02,18.07,19.32,1.25,18.957,18.273,17.981,17.7,0.684,0.97599983,,,,,,,,-16.93,False,,Other,dE...,,False,1.2376673243345715e+18,1.546279,1.4968843288803138,19.44061,18.70204,18.3377,0.01648695,0.01424145,0.01676991,0.02756381,0.01906852,0.01416995,19.41304619,18.68297148,18.32353005,True,0.7300747100000002,1.089516139999997,19.37617,18.70203,18.37457,0.01651298,0.01424145,0.0165647,19.34860619,18.68296148,18.36040005,18.9723021111,0.0107839751387107,"SDSS(cModelMag g,r)",18.9723021111,SDSS,Vmag_sdss,1.089516139999997,0.7300747100000002,SDSS(cModel extcorr),-16.027697888900004,,1.4968843288803138,SDSS,False,3.2,4.790029852417004,,,,1.089516139999997,g-i,,1.0,0.0,3.9364758003449736,9.099940169738574,3.9364758003449736,NGC 4874,6.007658358463847,20254446.138373286,4.251613668608372,6.723889558154812,7.304298487099928,4.251613668608372,1.4562950335224754,0.07636255647752455,1.4487039152380334,0.010161434761966515,-0.001879218634586871,0.07567145863458682,1.4608091420402924,0.12526610049816878,1.473320421989998,0.0011040748100017428,-0.011038830049671156,0.12268957578813261,0.6081782877243663,-0.10690634329102833,0.5959062715480556,0.01928935248962349,0.016836188476852504,-0.13075986808119364,0.014386714474160008
LEDA 1821898,31,81,521.5693790534488,2086.2775162137955,521.5693790534488,2086.2775162137955,1.0,1.0,1.0,1.0,1.0,1.0,True,True,True,True,True,27,79,1.608183789,27,79,True,0.5646827021931224,0.6532507842660102,1.608183789,1.462801311,1.5666353781481481,1.4630012479113925,-0.0885680820728878,0.1036341302367556,0.14538247799999993,0.24999999999999994,0.24999999999999994,15.246432959214307,51.60681195701481,0.17918532332616077,0.1711542101571623,0.17332734877325037,0.20824413406708192,True,True,10,0.5679553156866557,0.03307496336406774,0.5679553156866557,0.03307496336406774,,,,,194.89658333333333,27.934722222222224,GiC,0.013986,18.055,18.894,0.8389988,19.052,18.382,18.634,17.93,0.6700001,0.41799927,18.0,0.22,140.0,SIMBAD,E,2003A&A...412...45P,,-16.945,False,2.25,Members of systems,dE,5309.701121044464,False,1.2376674440486584e+18,1.644091,1.504632345685636,19.03822,18.33431,18.69287,0.02135029,0.01277457,0.03714409,0.03265684,0.02259186,0.01678817,19.00556316,18.31171814,18.67608183,True,0.6938450199999977,0.3294813300000001,19.04652,18.37262,18.63309,0.01436916,0.01167669,0.0226659,19.01386316,18.350028140000003,18.61630183,18.586194598199995,0.0115512837846124,"SDSS(cModelMag g,r)",18.586194598199995,SDSS,Vmag_sdss,0.3294813300000001,0.6938450199999977,SDSS(cModel extcorr),-16.413805401800005,2.25,1.504632345685636,SDSS,False,3.2,4.814823506194036,,,,0.3294813300000001,g-i,13.2,0.7333333333333333,140.0,1.4762016110232756,7.699363667759468,1.4762016110232756,NGC 4874,4.202187406603415,344110770.7383304,2.6925663184285145,2.686683262469344,2.4342679199519517,2.6925663184285145,1.4615754038164568,0.14660838518354313,1.4504199418583492,0.012381369141650778,0.0021432593973626513,0.14323921860263727,1.4674378958366545,0.09919748231149361,1.4749909505217993,-0.011989702610406772,-0.006434009937607316,0.11006814017436292,0.6026199594090891,-0.037937257215966635,0.5945914315768606,0.05865935268914968,0.012772900869922721,-0.10134098294281052,0.04682182123349167
GMP 2710,0,0,1267.1653871627395,5068.661548650959,0.0,0.0,0.0,0.0,0.0,0.0,0.0,0.0,False,False,False,False,False,0,0,,0,0,True,,,,,,,,,,,0.24999999999999994,,,,,,,False,False,10,,,,,,,,,195.09645,27.87357,LSB,0.024180061260914,18.77,,,,,,,,,180.0,2.55,90.0,SIMBAD,D,2021ApJ...923..257K,,-16.23,False,22.5,LSB/BCD/Dwarf,,90667.41915678944,False,1.2376674440487247e+18,2.350547,2.178373030670072,20.02861,19.40042,19.08525,0.04244016,0.0454784,0.06293637,0.03027344,0.02094303,0.01556291,19.99833656,19.37947697,19.06968709,True,0.6188595900000031,0.9286494700000034,20.03835,19.40046,19.12771,0.04110111,0.03730221,0.05305912,20.008076560000003,19.37951697,19.11214709,19.6232094019,0.0319804028296442,"SDSS(cModelMag g,r)",19.6232094019,SDSS,Vmag_sdss,0.9286494700000034,0.6188595900000031,SDSS(cModel extcorr),-15.3767905981,22.5,2.178373030670072,SDSS,False,3.2,6.970793698144231,,,,0.9286494700000034,g-i,153.0,0.85,90.0,11.672533159808324,7.041562931608006,7.041562931608006,NGC 4889,8.93482197971644,5669796.369039666,10.700455674655702,8.638835140410078,8.874499731200157,10.700455674655702,,,,,,,,,,,,,,,,,,,
SDSS J130036.67+275427.4,9,26,1574.333988415486,6297.335953661944,1574.333988415486,6287.260216136085,1.0,0.9984000000000001,1.0,0.9984,1.0,0.9984,True,True,True,True,True,9,24,1.623702213,9,24,True,0.5316678679506093,0.5090633351250301,1.623702213,1.4283289495,1.5814732185555558,1.5837065014166665,0.02260453282557917,-0.002233282861110686,0.19537326350000006,0.250400641025641,0.25,4.785010811555483,12.217520043000722,0.29703974254080306,0.3259911610792069,0.29660269869080985,0.4095370771164526,False,True,10,,,,,,,,,195.152805,27.907624,AG?,0.0207,17.87,19.705,1.8349991,19.18,18.48,18.16,18.02,0.70000076,1.0200005,,,,,,,,-17.13,False,,Other,,,False,1.2376674440487242e+18,2.476099,2.238584536415381,18.94413,18.24794,17.93828,0.02049401,0.01608855,0.0209796,0.03127096,0.02163311,0.01607572,18.91285904,18.22630689,17.92220428,True,0.6865521500000007,0.9906547600000016,19.16911,18.46992,18.15826,0.01984765,0.01553743,0.0203259,19.13783904,18.44828689,18.14218428,18.4977932715,0.0126769654492005,"SDSS(cModelMag g,r)",18.4977932715,SDSS,Vmag_sdss,0.9906547600000016,0.6865521500000007,SDSS(cModel extcorr),-16.502206728500003,,2.238584536415381,SDSS,False,3.2,7.16347051652922,,,,0.9906547600000016,g-i,,1.0,0.0,13.816932530736219,7.5611217572675535,7.5611217572675535,NGC 4889,10.533593624750129,4438521.947148785,12.546399111194983,10.996333713749687,11.55194400556421,12.546399111194983,1.462784372106012,0.16091784089398797,1.4508128350935754,-0.022483885593575392,0.003064226699902639,0.19230903680009742,1.468955583554163,0.11251763500139278,1.4753734267326148,0.10833307468405162,-0.005379712381820834,0.003146429520710148,0.6013473511823957,-0.06967948323178641,0.5942903921151343,-0.08522705699010424,0.011842590002572984,0.010761942823006188,0.0050853029811682784
LEDA 44609,0,0,150.67376355953084,602.6950542381232,0.0,0.0,0.0,0.0,0.0,0.0,0.0,0.0,False,False,False,False,False,0,0,,0,0,True,,,,,,,,,,,0.25000000000000006,,,,,,,False,False,10,,,,,,,,,194.8685896631961,28.0853875547228,EmG,0.01241,15.56,17.074,1.513999,16.4245,17.182,16.978,15.2565,-0.7574997,-0.5535011,22.258378982543945,0.320484,102.0,SIMBAD,B,2023ApJS..269....3M,,-19.439999,False,2.782297372817993,Regular galaxies,,5837.20361486106,False,1.2376673243345715e+18,0.8051003,0.7450953391098465,17.9676,17.18176,17.03503,0.006155745,0.004922047,0.00561561,0.03216669,0.02225277,0.01653619,17.93543331,17.15950723,17.01849381,True,0.7759260800000014,0.9169395000000016,17.90654,17.18175,16.97764,0.006204564,0.004922047,0.005642612,17.87437331,17.15949723,16.96110381,17.467636922799997,0.0038474806339206,"SDSS(cModelMag g,r)",17.467636922799997,SDSS,Vmag_sdss,0.9169395000000016,0.7759260800000014,SDSS(cModel extcorr),-17.532363077200003,2.782297372817993,0.7450953391098465,SDSS,False,3.2,2.384305085151509,,,,0.9169395000000016,g-i,19.229039999999998,0.863901185934533,102.0,7.735536095618524,10.89833112363583,7.735536095618524,NGC 4874,8.732325466574386,3708627.5204755715,7.552308173449165,10.148560091293891,10.953648526823315,7.552308173449165,,,,,,,,,,,,,,,,,,,
LEDA 1822726,28,73,881.9440962963064,3527.7763851852255,881.9440962963064,3527.7763851852255,1.0,1.0,1.0,1.0,1.0,1.0,True,True,True,True,True,27,72,1.384328403,27,72,True,0.6191863079554958,0.597545446270173,1.384328403,1.492820398,1.4053866928148149,1.4764054609305557,0.021640861685322754,-0.07101876811574082,-0.10849199500000006,0.25,0.25,16.718030314798387,43.02327213145246,0.23085482375130706,0.2279045505287873,0.2887210822525467,0.3185393096123627,True,True,10,0.6249708170131887,0.04215523178313974,0.6249708170131887,0.04215523178313974,,,,,194.8320833333333,27.96833333333333,GiC,0.0257,17.7,18.995,1.2950001,,,,16.74,,,15.0,0.15,132.0,SIMBAD,E,2003A&A...412...45P,,-17.3,False,1.875,Members of systems,E,8015.789974468368,False,1.2376674440485934e+18,2.898254,2.163066977359321,18.12296,17.42215,17.06719,0.0110812,0.008891906,0.01078947,0.03495746,0.02418341,0.01797086,18.08800254,17.39796659,17.04921914,True,0.6900359499999986,1.0387833999999962,17.85776,17.16272,16.83729,0.01077501,0.008615483,0.01038941,17.822802539999998,17.13853659,16.81931914,17.670881329499995,0.0069400557722083,"SDSS(cModelMag g,r)",17.670881329499995,SDSS,Vmag_sdss,1.0387833999999962,0.6900359499999986,SDSS(cModel extcorr),-17.329118670500005,1.875,2.163066977359321,SDSS,False,3.2,6.9218143275498285,,,,1.0387833999999962,g-i,9.0,0.6,132.0,3.576827064912382,10.69842772302969,3.576827064912382,NGC 4874,7.110535658130785,25342835.633193992,5.036946055865869,6.492513096829805,6.401706381937094,5.036946055865869,1.474093142612651,-0.08976473961265086,1.4544879847804357,0.038332413219564376,0.011679016648093066,-0.12017101164809313,1.483152136306063,-0.07776544349124803,1.4789511348741189,-0.002545673943563198,0.004482257702178971,-0.07550102581791979,0.5894432884332984,0.029743019522197378,0.5914744487893133,0.006070997480859708,0.0031403997221650937,0.01850046196315766,0.02666632107230654
SDSS J130027.87+275916.2,5,8,828.3193128187826,3313.277251275131,828.3193128187826,3313.277251275131,1.0,1.0,1.0,1.0,1.0,1.0,True,True,True,True,True,5,8,1.283527021,5,8,True,0.7783606831040165,0.602339269646321,1.283527021,1.4441640279999999,1.2991182183999999,1.55921576825,0.1760214134576955,-0.2600975498500002,-0.16063700699999983,0.24999999999999994,0.24999999999999994,3.8918034155200827,4.818714157170568,0.027947891649959172,0.27663849348287006,0.11601552192941991,0.3385114324734102,False,True,10,,,,,,,,,195.116153,27.98785,G,0.032,18.9,,,20.14,19.566,19.185,19.19,0.5739994,0.9549999,,,,,,,,-16.1,False,,Regular galaxies,,,False,1.2376673243346378e+18,1.865894,1.6237679211857292,19.9411,19.4771,18.96818,0.03339727,0.03077869,0.03457493,0.03492086,0.02415809,0.01795205,19.90617914,19.45294191,18.95022795,True,0.4532372299999991,0.9559511900000004,20.13209,19.56009,19.18021,0.03140876,0.03020178,0.03390007,20.09716914,19.53593191,19.16225795,19.6287691743,0.0227433457183556,"SDSS(cModelMag g,r)",19.6287691743,SDSS,Vmag_sdss,0.9559511900000004,0.4532372299999991,SDSS(cModel extcorr),-15.371230825700003,,1.6237679211857292,SDSS,False,3.2,5.1960573477943335,,,,0.9559511900000004,g-i,,1.0,0.0,11.645222236367355,4.414862824956863,4.414862824956863,NGC 4889,8.029897136732751,20905302.481369592,10.070689135422155,9.584486399185085,10.612507882737976,10.070689135422155,1.4473172512631693,-0.1637902302631693,1.4457862953571083,-0.0016222673571084645,-0.008718309437526855,-0.15191869756247298,1.4495388134608516,-0.1504205950608517,1.4704801587922511,0.08873560945774894,-0.018868029520114404,-0.24122952032988582,0.6176286593009912,0.16073202380302531,0.5981417865422742,0.004197483104046773,0.023744664466411908,0.1522767489912836,0.003948631115107135
SDSS J130044.10+280215.4,31,134,3542.3038922380592,14169.21556895224,3542.3038922380592,14169.21556895224,1.0,1.0,1.0,1.0,1.0,1.0,True,True,True,True,True,30,131,1.3017964260000001,30,131,True,0.6046776932835795,0.6266713870904946,1.3017964260000001,1.424407344,1.4366766833333335,1.438014261427481,-0.021993693806915182,-0.0013375780941473625,-0.1226109179999999,0.24999999999999994,0.24999999999999994,18.140330798507385,82.0939517088548,0.2808346689128527,0.2104281626886169,0.3429480422858692,0.24522407422388495,True,True,10,0.605665852116406,0.05154212402134174,0.605665852116406,0.05154212402134174,,,,,195.183767,28.037623,G,0.0296505124221637,18.74,,,19.762,19.025,18.76,18.55,0.7369995,1.0019989,5.04,,,NED,,,2007SDSS6.C...0000:,-16.26,False,0.63,Regular galaxies,dE,3092.5072515577917,False,1.237667324334703e+18,3.67666,3.3579016494928724,19.80252,19.01752,18.73545,0.0376345,0.03206315,0.04505836,0.03542991,0.02451025,0.01821374,19.76709009,18.99300975,18.71723626,True,0.7740803399999976,1.04985383,19.75126,19.01752,18.75314,0.03781127,0.03206316,0.04085517,19.71583009,18.99300975,18.73492626,19.3003826894,0.0244121290320374,"SDSS(cModelMag g,r)",19.3003826894,SDSS,Vmag_sdss,1.04985383,0.7740803399999976,SDSS(cModel extcorr),-15.6996173106,0.63,3.3579016494928724,SDSS,False,3.2,10.745285278377192,,,,1.04985383,g-i,,1.0,0.0,15.812851724050395,8.739746534349745,8.739746534349745,NGC 4889,12.253434963310701,2882220.380588912,14.179099233631847,14.07456911019516,15.169843993491948,14.179099233631847,1.4518082341678713,-0.15001180816787119,1.4472457850873335,-0.02283844108733346,-0.005297170564630915,-0.11731374743536899,1.4551766036766007,-0.018499920343267195,1.4719009521571953,-0.0338866907297144,-0.014951605623464925,0.013614027529317563,0.6129012716268571,-0.008223578343277693,0.5970235081821776,0.029647878908316994,0.02028881683383041,-0.04228251064074559,0.012141645191822547
SDSS J130042.51+280325.4,3,15,691.5727059537102,2766.290823814841,691.5727059537102,2766.290823814841,1.0,1.0,1.0,1.0,1.0,1.0,True,True,True,True,True,3,15,1.517101718,3,15,True,0.6828481418053663,0.6851848071293463,1.517101718,1.368082207,1.44193177,1.3591161792666668,-0.002336665323979914,0.08281559073333322,0.14901951099999988,0.24999999999999997,0.24999999999999997,2.048544425416099,10.277772106940194,0.0924088396153872,0.1779731784972423,0.15514118696910104,0.2912278542122487,False,True,10,,,,,,,,,195.177164,28.057068,AG?,0.0194034234176765,18.89,19.9,1.0100002,19.963,19.353,19.001,18.796,0.6099987,0.9619999,4.38,,,NED,,,2007SDSS6.C...0000:,-16.11,False,0.5475,Other,E,1780.7025809747108,False,1.237667324334703e+18,1.652209,1.4836927893601883,19.82357,19.2173,18.97882,0.02552688,0.02375429,0.02733007,0.03578467,0.02475567,0.01839611,19.78778533,19.19254433,18.96042389,True,0.5952409999999979,0.8273614400000007,19.95295,19.34726,18.99389,0.02524754,0.02330548,0.02704838,19.91716533,19.32250433,18.97549389,19.42659314,0.0174916748231837,"SDSS(cModelMag g,r)",19.42659314,SDSS,Vmag_sdss,0.8273614400000007,0.5952409999999979,SDSS(cModel extcorr),-15.573406860000002,0.5475,1.4836927893601883,SDSS,False,3.2,4.747816925952603,,,,0.8273614400000007,g-i,,1.0,0.0,15.871383599883272,8.987792574235101,8.987792574235101,NGC 4889,12.380431045087843,2669358.374272354,14.225681179816473,14.341886663747886,15.487782306646693,14.225681179816473,1.4500821918302522,0.06701952616974771,1.446684851964419,-0.07860264496441904,-0.006612034295532809,0.1556315452955327,1.4530098030430891,-0.011078033043089075,1.4713548914054755,-0.11223871213880865,-0.01645682477061483,0.09927241550394805,0.6147181726137995,0.06812996919156689,0.5974533018010197,0.08773150532832652,0.021617020359154776,-0.02395368568313469,0.005611712895125454
LEDA 126776,5,35,1099.2828127714506,4397.131251085802,1099.2828127714506,4397.131251085802,1.0,1.0,1.0,1.0,1.0,1.0,True,True,True,True,True,5,35,1.413052353,5,35,True,0.7362959227142324,0.5854659427839524,1.413052353,1.384426131,1.3678854056000003,1.4226062367428571,0.15082997993028002,-0.05472083114285686,0.0286262220000002,0.25,0.25,3.681479613571162,20.491307997438334,0.0754884226125616,0.256327607758976,0.17901049244595554,0.3477243400050845,False,True,10,,,,,,,,,194.982068,27.917708,AG?,0.0221,18.6,19.4,0.79999924,19.098,18.351,17.99,17.771,0.74699974,1.1079998,,,,,,,,-16.4,False,,Other,,,False,1.237667444048659e+18,1.914637,1.8705950577746049,18.97418,18.17768,17.90312,0.01600784,0.01249071,0.01526711,0.03164002,0.02188842,0.01626544,18.94253998,18.15579158,17.88685456,True,0.7867484000000005,1.0556854199999997,19.04726,18.29776,17.94525,0.01570451,0.01218498,0.01496806,19.01561998,18.27587158,17.92898456,18.468358424,0.0098684138582562,"SDSS(cModelMag g,r)",18.468358424,SDSS,Vmag_sdss,1.0556854199999997,0.7867484000000005,SDSS(cModel extcorr),-16.531641576000002,,1.8705950577746049,SDSS,False,3.2,5.985904184878735,,,,1.0556854199999997,g-i,,1.0,0.0,5.069401188463505,4.490732752015702,4.490732752015702,NGC 4889,3.1395482006302893,27607790.125222906,4.308124983811095,2.0204434136499447,2.5149644337801433,4.308124983811095,1.4631869203319698,-0.05013456733196975,1.4509436561218831,-0.06651752512188325,0.003370879700651669,0.025255342299348532,1.4694609255912694,-0.10157551999126913,1.4755007792210673,-0.05289454247821013,-0.0050286646211971375,-0.049692166521659725,0.6009236128689754,0.13537230984525694,0.5941901554899821,-0.008724212706029744,0.011532825890084447,0.13929715404019558,0.013491403091171516
LEDA 126788,3,10,161.47144899003368,645.8857959601348,161.47144899003368,645.8857959601348,1.0,1.0,1.0,1.0,1.0,1.0,True,True,True,True,True,3,9,1.432964792,3,9,True,0.6191351984751633,0.6000967579734501,1.432964792,1.31552982,1.4380457353333334,1.3549149285555555,0.019038440501713216,0.08313080677777784,0.11743497199999986,0.24999999999999994,0.24999999999999994,1.85740559542549,5.400870821761051,0.1649900730476622,0.25751108512319376,0.009994547792143102,0.35627686556238414,False,True,10,,,,,,,,,194.90421277709,28.01860403441,G,0.024,17.66,18.99,1.3299999,18.332,17.657,17.298,17.027,0.67500114,1.0340004,5.15,,,NED,,,2007SDSS6.C...0000:,-17.34,False,0.64375,Regular galaxies,,2575.340032849998,False,1.2376673243345715e+18,0.7451016,0.7169236957302317,19.00812,18.2928,17.92681,0.009992042,0.008145009,0.008788479,0.02636337,0.01823806,0.01355283,18.981756630000003,18.27456194,17.91325717,True,0.707194690000005,1.0684994600000015,18.99973,18.2928,17.92404,0.009992715,0.00814501,0.008789997,18.97336663,18.27456194,17.910487170000003,18.5545117629,0.0063147935585577,"SDSS(cModelMag g,r)",18.5545117629,SDSS,Vmag_sdss,1.0684994600000015,0.707194690000005,SDSS(cModel extcorr),-16.4454882371,0.64375,0.7169236957302317,SDSS,False,3.2,2.2941558263367416,,,,1.0684994600000015,g-i,,1.0,0.0,3.5729184388639337,7.301377327556016,3.5729184388639337,NGC 4874,4.4694881118384275,28469423.58169261,3.125072957755687,5.720976300699203,6.571980767793369,3.125072957755687,1.4620086953136635,-0.029043903313663577,1.4505607539041276,-0.13503093390412757,0.0024733319930158593,0.114961640006984,1.4679818316777289,-0.029936096344395535,1.4751280291296187,-0.1202131005740632,-0.006056152081123672,0.08918695885890152,0.602163859502528,0.016971338972635253,0.5944835397154971,0.005613218257953023,0.012439479561800665,0.0065989609399125515,0.014913322880151311
LEDA 126769,8,37,659.2694689519279,2637.0778758077117,762.5132067694713,3739.259693891805,1.1566032444694805,1.4179557335774566,1.0,1.0,1.1566032444694805,1.4179557335774566,True,True,True,True,True,8,37,1.421759853,8,37,True,0.6129320900512096,0.6156794647930116,1.421759853,1.390720799,1.4086806100000002,1.3783379992432432,-0.002747374741801978,0.030342610756757038,0.031039054000000066,0.2039209012455219,0.25,4.903456720409677,22.780140197341428,0.2715232105149854,0.23615068823146007,0.266518306196341,0.30313502255592184,False,True,10,,,,,,,,,195.02969312757,27.93096707335,G,0.0259,17.68,18.96,1.2799988,18.51,17.799,17.474,17.206,0.71100044,1.0359993,4.76,,,NED,,,2007SDSS6.C...0000:,-17.32,False,0.595,Regular galaxies,,2562.852048345726,False,1.2376674440487242e+18,1.484421,1.448626900297438,18.4128,17.85435,17.59505,0.009880901,0.007790447,0.009046526,0.0320367,0.02216284,0.01646936,18.3807633,17.83218716,17.578580640000002,True,0.5485761400000015,0.8021826599999997,18.50375,17.78884,17.47232,0.009852035,0.007736923,0.008990379,18.4717133,17.76667716,17.45585064,18.0471033774,0.0061268697657922,"SDSS(cModelMag g,r)",18.0471033774,SDSS,Vmag_sdss,0.8021826599999997,0.5485761400000015,SDSS(cModel extcorr),-16.952896622600004,0.595,1.448626900297438,SDSS,False,3.2,4.635606080951802,,,,0.8021826599999997,g-i,,1.0,0.0,7.142896880814425,2.7717761643708396,2.7717761643708396,NGC 4889,4.034346597131883,84678729.59154405,5.93478082304757,4.378328599160347,5.141007148399312,5.93478082304757,1.4689479650149633,-0.04718811201496331,1.4528158933867796,-0.06209509438677974,0.007759525645583715,0.02327952835441635,1.4766930977093748,-0.06801248770937462,1.4773233766867966,-0.0989853774435534,-4.665745022780499e-06,0.03034727650177982,0.5948593075259281,0.01807278252528155,0.5927556250681906,0.022923839724821038,0.007099655456931725,-0.009847030198733703,0.014578815057275282
SDSS J130004.03+280030.7,2,2,70.13801948680062,280.5520779472025,70.13801948680062,286.16084803007743,1.0,1.0199919035492955,1.0,1.0,1.0,1.0199919035492955,True,True,True,True,True,2,2,1.4891898575,2,2,True,0.5631157305156967,0.6846845098858106,1.4891898575,1.473422053,1.4891898575,1.473422053,-0.1215687793701139,0.015767804500000038,0.015767804500000038,0.24509998474504324,0.24999999999999994,1.1262314610313935,1.3693690197716213,0.31465789786331533,0.09408944314542379,0.37377340810747156,0.05739269807581371,False,True,10,,,,,,,,,195.01666666666668,28.008638888888893,G,0.0213,18.79,20.05,1.2599983,,,,17.89,,,3.78,,,NED,,,2007SDSS6.C...0000:,-16.21,False,0.4725,Regular galaxies,dE,1683.0993269278852,False,,,,,,,,,,,,,,,,False,,,,,,,,,,,,,,,18.790000915527344,SIMBAD,,,,,-16.209999084472656,0.4725,0.4725,SIMBAD_proxy(maj/8),True,3.2,1.512,,,,1.2599983215332031,B-V,,1.0,0.0,6.913095764827263,2.101416376086782,2.101416376086782,NGC 4889,3.610695798679805,190738040.2727615,5.265741069605533,5.935835133340452,7.2114813800308895,5.265741069605533,1.458788167650918,0.03040168984908198,1.4495141395772815,0.023907913422718474,1.999992472420664e-05,0.01574780457527583,1.4639389173019992,0.025250940198000782,1.4741091643439042,-0.0006871113439042009,-0.008864657872804854,0.024632462372804892,0.6055539153322063,-0.04243818481650952,0.5952854680393768,0.08939904184643388,0.014917701620341395,-0.1364864809904553,0.013955246362673316
2MASS J13001763+2759145,4,5,56.65411148825176,226.61644595300706,56.65411148825176,226.61644595300706,1.0,1.0,1.0,1.0,1.0,1.0,True,True,True,True,True,4,5,1.458056327,4,5,True,0.7438566974846776,0.5968031317934368,1.458056327,1.536284736,1.43874413975,1.5255683318,0.14705356569124084,-0.08682419204999992,-0.07822840900000005,0.24999999999999997,0.24999999999999997,2.9754267899387106,2.9840156589671842,0.038006513547285396,0.15885650820235997,0.09318676523335932,0.1576824426911135,False,True,10,,,,,,,,,195.07346713314004,27.987527267230004,AG?,0.0199,17.86,19.1,1.2399998,18.441,17.759,17.42,17.162,0.6819992,1.0209999,,,,,,,,-17.14,False,,Other,dE,,False,1.237667324334637e+18,0.4946538,0.4246594374280313,20.32242,19.70241,18.56413,0.03321347,0.01990917,0.01458043,0.03390989,0.02345871,0.01743233,20.28851011,19.67895129,18.54669767,True,0.6095588200000002,1.7418124400000004,20.40423,19.75189,18.82401,0.02318501,0.0198409,0.01467887,20.37032011,19.72843129,18.806577670000003,19.9188704062,0.0179837448664331,"SDSS(cModelMag g,r)",19.9188704062,SDSS,Vmag_sdss,1.7418124400000004,0.6095588200000002,SDSS(cModel extcorr),-15.081129593800004,,0.4246594374280313,SDSS,False,3.2,1.3589101997697002,,,,1.7418124400000004,g-i,,1.0,0.0,9.410406514646391,2.1973860055077354,2.1973860055077354,NGC 4889,5.798409958374031,165238125.1709585,7.8217948982630965,7.504207123975578,8.609584360188519,7.8217948982630965,1.4433498539036447,0.01470647309635531,1.4444969616355559,0.09178777436444419,-0.011740591556811786,-0.06648781744318827,1.444558310419502,-0.00581417066950185,1.4692250099831548,0.056343321816845204,-0.022327853384079444,-0.06449633866592047,0.6218048999533823,0.12205179753129536,0.5991296893482314,-0.002326557554794606,0.026797608791376715,0.12025595689986412,0.05723829213930997
SDSS J130037.31+275441.0,5,12,816.1424155570597,3264.5696622282394,816.1424155570597,3264.5696622282394,1.0,1.0,1.0,1.0,1.0,1.0,True,True,True,True,True,5,12,1.390115409,5,12,True,0.6726425719892914,0.3993869848585924,1.390115409,1.530912842,1.4598903004000001,1.6305222514999997,0.27325558713069903,-0.17063195109999962,-0.14079743299999992,0.24999999999999997,0.24999999999999997,3.363212859946457,4.792643818303109,0.1703716278425397,0.3491534991095734,0.21953923968971636,0.4403841959398601,False,True,10,,,,,,,,,195.155462,27.911388,G,0.0203,18.97,,,20.28,19.632,19.355,19.39,0.6480007,0.92500114,,,,,,,,-16.03,False,,Regular galaxies,,,False,1.2376674440487247e+18,1.772235,1.6117884458133198,20.04689,19.62288,19.24647,0.03853008,0.03399298,0.04356273,0.03153339,0.02181465,0.01621062,20.01535661,19.60106535,19.23025938,True,0.4142912600000024,0.7850972300000016,20.27356,19.62292,19.3539,0.03907331,0.03399298,0.04277908,20.24202661,19.60110535,19.33768938,19.760924766599995,0.0255302403383215,"SDSS(cModelMag g,r)",19.760924766599995,SDSS,Vmag_sdss,0.7850972300000016,0.4142912600000024,SDSS(cModel extcorr),-15.239075233400005,,1.6117884458133198,SDSS,False,3.2,5.157723026602624,,,,0.7850972300000016,g-i,,1.0,0.0,13.90561130259767,7.558888727070661,7.558888727070661,NGC 4889,10.5909997825847,4434199.458158128,12.61511511368559,11.109554650255717,11.689102575963513,12.61511511368559,1.4455099037227832,-0.05539449472278313,1.4451989394864415,0.08571390251355848,-0.010095109808059166,-0.13070232319194075,1.4472699457105471,0.012620354689452995,1.4699083758556384,0.16061387564436136,-0.020444151996400817,-0.1501877991035988,0.6195311453862427,0.053111426603048795,0.5985918255841667,-0.19920484072557426,0.025135433002216406,0.24812015412848262,0.003935830487298346
LEDA 44652,76,389,1411.3920480812515,5645.568192325008,1411.3920480812515,5645.568192325008,1.0,1.0,1.0,1.0,1.0,1.0,True,True,True,True,True,75,381,1.497427751,75,381,True,0.5871898651068401,0.5443829735751834,1.497427751,1.534338567,1.5122018832000002,1.5454821906614173,0.04280689153165673,-0.03328030746141719,-0.03691081600000001,0.24999999999999992,0.24999999999999992,44.03923988301301,207.40991293214486,0.22399162132017333,0.24828116655548824,0.2569683545851114,0.2924262482940681,True,True,10,0.5859024999559361,0.025638303686188923,0.5859024999559361,0.025638303686188923,,,,,194.93419145873,27.958426533770005,G,0.02303,15.65,16.982,1.3320007,16.086,15.334,14.98,14.705,0.7520008,1.1060009,29.214000701904297,0.245933,17.0,SIMBAD,B,2023ApJS..269....3M,,-19.35,False,3.651750087738037,Regular galaxies,,14034.977986785983,False,1.2376674440486584e+18,4.470431,2.9823621949387413,16.39336,15.69551,15.2701,0.00375288,0.003144176,0.003308895,0.02879819,0.01992246,0.01480452,16.36456181,15.67558754,15.25529548,True,0.688974270000001,1.1092663300000023,16.56185,15.82116,15.46881,0.003718602,0.00312167,0.003297646,16.53305181,15.80123754,15.45400548,15.9480669907,0.0024101453181839,"SDSS(cModelMag g,r)",15.9480669907,SDSS,Vmag_sdss,1.1092663300000023,0.688974270000001,SDSS(cModel extcorr),-19.0519330093,3.651750087738037,2.9823621949387413,SDSS,False,3.2,9.543559023803972,,,,1.1092663300000023,g-i,14.755980000000001,0.5050995976404609,17.0,1.8768710136025093,5.391951496346297,1.8768710136025093,NGC 4874,1.796724117447937,176670435.0904041,0.821417422941886,1.7766252611808269,2.755925318296296,0.821417422941886,1.497654190643852,-0.00022643964385204995,1.4621449071879722,0.07219365981202785,0.029627340882709685,-0.0665381568827097,1.5127296806614488,-0.0005277974614485981,1.4864050445024122,0.05907714615900517,0.02502899624417887,-0.05830930370559606,0.5646419898276487,0.022547875279191443,0.585607623928568,-0.04122465035338463,-0.014990017112536558,0.05779690864419329,0.10852060444364282
2MASX J12594422+2752037,0,0,1941.671196489301,7766.684785957206,0.0,0.0,0.0,0.0,0.0,0.0,0.0,0.0,False,False,False,False,False,0,0,,0,0,True,,,,,,,,,,,0.24999999999999994,,,,,,,False,False,10,,,,,,,,,194.93420593099,27.86768975075,GiC,0.02081,16.24,17.6,1.3600006,17.176,16.454,16.107,15.839,0.7220001,1.0690002,10.379999160766602,0.149,125.0,SIMBAD,C,2006AJ....131.1163S,,-18.76,False,1.2974998950958252,Members of systems,Sa,4518.207037945425,False,1.2376674440486587e+18,3.182949,2.6788155270063365,16.93554,16.21725,15.87043,0.005330642,0.004340208,0.005006252,0.03389742,0.02345008,0.01742592,16.90164258,16.19379992,15.85300408,True,0.7078426600000007,1.048638500000001,17.16968,16.44698,16.10516,0.005197311,0.004230452,0.004858051,17.13578258,16.42352992,16.08773408,16.4740154106,0.0033665987936403,"SDSS(cModelMag g,r)",16.4740154106,SDSS,Vmag_sdss,1.048638500000001,0.7078426600000007,SDSS(cModel extcorr),-18.5259845894,1.2974998950958252,2.6788155270063365,SDSS,False,3.0,8.03644658101901,,,,1.048638500000001,g-i,8.94,0.8612717459352615,125.0,5.805578152393829,8.418923553850055,5.805578152393829,NGC 4874,6.261876044369649,8509225.385867087,6.186097053081873,3.8655624781831834,2.688944706987111,6.186097053081873,,,,,,,,,,,,,,,,,,,
LEDA 44651,325,1145,2437.144667737724,9748.5786709509,2437.144667737724,9748.5786709509,1.0,1.0,1.0,1.0,1.0,1.0,True,True,True,True,True,316,1106,1.5718114685,316,1106,True,0.5108301745331055,0.5199847985517649,1.5718114685,1.5691401995,1.574176404414557,1.5731509149394214,-0.009154624018659407,0.001025489475135588,0.0026712689999999206,0.24999999999999992,0.24999999999999992,161.42233515246136,575.103187198252,0.26564775910031685,0.26432377778259303,0.32028814455035753,0.3121751727216459,True,True,10,0.5125008613260484,0.014786023716895932,0.5125008613260484,0.014786023716895932,,,,,194.91780643067,27.96824372093,EmG,0.02527,16.02,17.375,1.3549995,16.524,15.713,15.343,15.066,0.8109999,1.1809998,15.59999942779541,0.17,,SIMBAD,E,2003A&A...412...45P,,-18.98,False,1.9499999284744265,Regular galaxies,,8201.208355040244,False,1.2376674440486584e+18,4.562069,3.4445137577959444,16.52127,15.65185,15.38442,0.004146011,0.003265507,0.003529765,0.02833875,0.01960462,0.01456833,16.49293125,15.63224538,15.36985167,True,0.8606858700000029,1.1230795800000006,16.48264,15.65183,15.30425,0.004147299,0.003265507,0.003532375,16.45430125,15.63222538,15.28968167,15.975126586699998,0.0025693415931882,"SDSS(cModelMag g,r)",15.975126586699998,SDSS,Vmag_sdss,1.1230795800000006,0.8606858700000029,SDSS(cModel extcorr),-19.0248734133,1.9499999284744265,3.4445137577959444,SDSS,False,3.2,11.022444024947022,,,,1.1230795800000006,g-i,10.200000000000001,0.6538461778290888,0.0,1.143241826114986,6.165774818373137,1.143241826114986,NGC 4874,2.567857154960452,740049702.939747,0.5123744718224101,2.716126832407561,3.4665675174659327,0.5123744718224101,1.4972841261356213,0.07452734236437863,1.4620246427913481,0.10711555670865192,0.029345433313375163,-0.026674164313375243,1.5122651173112933,0.06191128710326366,1.4862879687510562,0.08686294618836521,0.024706276359892643,-0.023680786884757055,0.5650315344845684,-0.05420135995146291,0.5856997719371835,-0.06571497338541854,-0.014705249483309396,0.005550625464649989,0.15726643342205177
LEDA 44692,80,360,2749.267361535811,10997.069446143247,3363.594375509065,15911.68555792928,1.223451171962437,1.446902343924874,1.0,1.0,1.223451171962437,1.446902343924874,True,True,True,True,True,78,355,1.4781173719999998,78,355,True,0.5445831734350451,0.5157270290002545,1.4781173719999998,1.475984744,1.5010746957820513,1.499535624743662,0.028856144434790676,0.0015390710383893502,0.0021326279999998032,0.21139145587457153,0.24999999999999992,42.47748752793352,183.08309529509035,0.24391410917778908,0.27949933339310623,0.2022695675417784,0.32874595584751015,True,True,10,0.5403671291668849,0.02594501860489896,0.5403671291668849,0.02594501860489896,,,,,194.997788,27.940571,AG?,0.02037,17.0,18.426,1.4260006,17.949,17.251,16.93,16.753,0.69799995,1.0189991,15.0,0.19,152.0,SIMBAD,E,2003A&A...412...45P,,-18.0,False,1.875,Other,,6394.566526569033,False,1.237667444048659e+18,3.603683,3.39333514899597,17.77126,17.03383,16.77582,0.01014868,0.008201313,0.01231581,0.03052491,0.02111699,0.01569219,17.74073509,17.01271301,16.76012781,True,0.7280220800000023,0.980607280000001,17.94316,17.24211,16.92641,0.009819054,0.007915523,0.01199781,17.91263509,17.22099301,16.91071781,17.301202062799998,0.0063817958634173,"SDSS(cModelMag g,r)",17.301202062799998,SDSS,Vmag_sdss,0.980607280000001,0.7280220800000023,SDSS(cModel extcorr),-17.698797937200002,1.875,3.39333514899597,SDSS,False,3.2,10.858672476787106,,,,0.980607280000001,g-i,11.4,0.76,152.0,5.365422707671368,2.9006686586244066,2.9006686586244066,NGC 4889,2.350966696447629,78351167.74373455,4.157109190852259,2.7463224734333567,3.730435362824387,4.157109190852259,1.4791488417455736,-0.0010314697455737765,1.4561309972612633,0.019853746738736744,0.01553034478724033,-0.013397716787240527,1.4894988474181272,0.011575848363924113,1.4805505851360403,0.018985039607621657,0.008891150213820004,-0.007352079175430654,0.5841214579404488,-0.03953828450540364,0.5902155531187048,-0.0744885241184503,-0.0007500016109734942,0.02960614604576417,0.07538911373908894
NGC 4871,663,2011,6662.505528225089,26650.022112900355,6662.505528225089,26650.022112900355,1.0,1.0,1.0,1.0,1.0,1.0,True,True,True,True,True,649,1955,1.538834219,649,1955,True,0.5377129478551009,0.5399238548375328,1.538834219,1.548485291,1.552863280127889,1.5501640532066496,-0.0022109069824318706,0.0026992269212393616,-0.009651072000000038,0.25,0.25,348.97570315796054,1055.5511362073767,0.2535527420408829,0.2542605335743059,0.29228871942028467,0.3003976891158794,True,True,10,0.5385782234170458,0.009491940469792565,0.5385782234170458,0.009491940469792565,,,,,194.87484625967,27.95643601638,LIN,0.02267,14.07,15.1,1.0300007,14.941,14.106,13.714,13.427,0.83500004,1.2270002,52.43561935424805,0.50443,173.0,SIMBAD,B,2023ApJS..269....3M,,-20.93,True,6.554452419281006,Active (AGN/Seyfert/QSO),,24808.144936631103,False,1.2376674440486584e+18,7.112396,6.061512107483321,14.75373,13.95491,13.51942,0.00225232,0.001986918,0.002022592,0.03223551,0.02230038,0.01657157,14.72149449,13.93260962,13.50284843,True,0.7888848700000004,1.2186460599999993,14.78072,13.95487,13.55432,0.002252901,0.001986918,0.002023563,14.74848449,13.93256962,13.53774843,14.246052416699998,0.0014923157559214,"SDSS(cModelMag g,r)",14.246052416699998,SDSS,Vmag_sdss,1.2186460599999993,0.7888848700000004,SDSS(cModel extcorr),-20.753947583300004,6.554452419281006,6.061512107483321,SDSS,False,3.2,19.39683874394663,,,,1.2186460599999993,g-i,30.265800000000002,0.5771992468617239,173.0,1.2800806234345117,8.510292224237439,1.2800806234345117,NGC 4874,4.895281890110502,524721496.4463904,2.8966461809391744,4.120441608021069,4.137281695045918,2.8966461809391744,1.520930783033808,0.01790343596619204,1.4697093865611193,0.07877590443888072,0.04735897263095307,-0.057010044630953105,1.5419501314217225,0.010913148706166442,1.493768962096383,0.05639509111026664,0.04532767130106857,-0.04262844437982921,0.5401401205720537,-0.002427172716952808,0.5798116300183658,-0.039887775180832974,-0.03290154303288098,0.03069063605044911,0.10585524325770665
LEDA 44636,1830,2855,20550.945286466595,82203.78114586638,20550.945286466595,82187.3403896372,1.0,0.9998,1.0,0.9998,1.0,0.9998,True,True,True,True,True,1775,2789,1.529110062,1775,2789,True,0.5444214263356927,0.5658857270325992,1.529110062,1.506319671,1.5388955188478872,1.5209784591355326,-0.021464300696906524,0.017917059712354577,0.02279039100000002,0.2500500100020004,0.25,966.3480317458544,1578.255292693919,0.25507808723060327,0.2440337872610547,0.3121158939497076,0.294394464402912,True,True,10,0.5446555010908593,0.006471180879009941,0.5446555010908593,0.006471180879009941,,,,,194.90967227334,27.9872092223,G,0.02274,15.89,17.13,1.2399988,16.067,15.302,14.949,14.69,0.7649994,1.1179991,16.380001068115234,0.191,40.0,SIMBAD,C,2006AJ....131.1163S,,-19.11,False,2.0475001335144043,Regular galaxies,,7772.914363365936,False,1.2376674440486584e+18,11.87046,9.669535656718242,15.95328,15.08686,14.78829,0.004022595,0.003141123,0.003505534,0.02670622,0.01847524,0.01372908,15.92657378,15.06838476,14.77456092,True,0.8581890200000011,1.1520128599999993,15.88893,15.08683,14.75734,0.004017561,0.003141123,0.003505975,15.86222378,15.06835476,14.74361092,15.410242258199998,0.0024808574586486,"SDSS(cModelMag g,r)",15.410242258199998,SDSS,Vmag_sdss,1.1520128599999993,0.8581890200000011,SDSS(cModel extcorr),-19.5897577418,2.0475001335144043,9.669535656718242,SDSS,False,3.2,30.94251410149837,,,,1.1520128599999993,g-i,11.46,0.6996336540116384,40.0,1.7740098519987533,6.602014748429761,1.7740098519987533,NGC 4874,3.209572672402764,202123181.63643128,1.3586289450693563,3.907450396804947,4.67924577881494,1.3586289450693563,1.5050094314666251,0.024100630533374856,1.4645352299017216,0.04178444109827839,0.03523041282314271,-0.012440021823142688,1.5219631392661772,0.01693237958171001,1.4887319910930172,0.03224646804251541,0.03144323596300755,-0.013526176250652971,0.5568995700625989,-0.012478143726906255,0.5837761302845388,-0.01789040325193958,-0.02064993435645085,-0.0008143663404556745,0.034719615611198205
LEDA 44635,12,25,215.60285508273554,862.4114203309422,215.60285508273554,862.4114203309422,1.0,1.0,1.0,1.0,1.0,1.0,True,True,True,True,True,11,24,1.563053559,11,24,True,0.5349597417169262,0.558518950551801,1.563053559,1.4815426965,1.610336233818182,1.4819012189166667,-0.023559208834874834,0.1284350149015152,0.08151086250000006,0.25,0.25,5.884557158886188,13.404454813243223,0.2486541091427006,0.2746036951018793,0.33267548798487445,0.29011358967588863,True,True,10,0.5249566796437732,0.07041497512003435,0.5249566796437732,0.07041497512003435,,,,,194.90829870729,28.00101128048,AG?,0.01659,16.6,18.097,1.4969997,17.174,16.488,16.137,15.894,0.6859989,1.0370007,15.59999942779541,0.22,160.0,SIMBAD,E,2003A&A...412...45P,,-18.4,False,1.9499999284744265,Other,,5441.222914766356,False,1.2376673243345715e+18,0.9128454,0.9005910840236022,18.52368,17.80939,17.44767,0.007781437,0.006436219,0.006889253,0.0264065,0.01826789,0.013575,18.4972735,17.79112211,17.434095,True,0.7061513899999987,1.0631784999999994,18.51647,17.80939,17.44732,0.00778239,0.006436219,0.006888817,18.4900635,17.79112211,17.433745000000002,18.0706441799,0.0049596971654637,"SDSS(cModelMag g,r)",18.0706441799,SDSS,Vmag_sdss,1.0631784999999994,0.7061513899999987,SDSS(cModel extcorr),-16.929355820100003,1.9499999284744265,0.9005910840236022,SDSS,False,3.2,2.8818914688755277,,,,1.0631784999999994,g-i,13.2,0.8461538771905853,160.0,2.5559392034720934,6.800069018774756,2.5559392034720934,NGC 4874,3.6500771399644485,71092609.43666686,2.078891357354849,4.671546174956523,5.495984536306576,2.078891357354849,1.4686260231980743,0.09442753580192575,1.452711268010676,0.028831428489324074,0.007514276957726024,0.07399658554227403,1.4762889455529735,0.1340472882652084,1.4772215253088152,0.004679693607851476,-0.0002854195692411632,0.12872043447075637,0.5951981963191487,-0.060238454602222546,0.5928357902735981,-0.03431683972179711,0.007347392286337101,-0.030906601121211935,0.03795633313226514
LEDA 44708,4687,2110,49190.000789847916,196760.00315939172,78186.57134799827,176095.39363998084,1.5894809939530394,0.8949755581032856,0.9664,0.8552,1.5894809939530394,0.8949755581032856,True,True,True,True,True,4505,2055,1.572689581,4505,2055,True,0.45152774041654736,0.5832943386087235,1.572689581,1.45489885,1.5899861590297448,1.4732487751756689,-0.13176659819217612,0.11673738385407595,0.11779073099999993,0.44400122985526363,0.24999999999999992,2034.1324705765458,1198.6698658409268,0.29263813862759064,0.2447223540058397,0.3578070787633752,0.29867585594300916,True,True,10,0.45152273918483476,0.00478614043790158,0.45152273918483476,0.00478614043790158,,,,,195.02544773316,27.97831516639,GiC,0.02546,15.994,16.9,0.9059992,15.673,15.063,14.668,14.47,0.6100006,1.0050001,33.0,0.19,141.0,SIMBAD,E,2003A&A...412...45P,,-19.006,False,4.125,Members of systems,,17475.131767561055,True,1.237667444048724e+18,29.67596,21.289625536295947,14.9193,14.1867,14.21833,0.003678388,0.002947346,0.003564937,0.03112322,0.0215309,0.01599977,14.88817678,14.1651691,14.20233023,True,0.7230076800000003,0.6858465500000008,14.86612,14.16533,13.99254,0.003643368,0.0029113,0.003584315,14.83499678,14.1437991,13.97654023,14.4516022488,0.0023018200250846,"SDSS(cModelMag g,r)",14.4516022488,SDSS,Vmag_sdss,0.6858465500000008,0.7230076800000003,SDSS(cModel extcorr),-20.5483977512,4.125,21.289625536295947,SDSS,False,4.8,102.19020257422056,,,,0.6858465500000008,g-i,11.4,0.34545454545454546,141.0,6.808717792229988,0.44602556005186256,0.44602556005186256,NGC 4889,3.195093429759157,19604608378.980076,5.231906951641359,5.026675708751676,6.211031601618863,5.231906951641359,1.5181197027230375,0.05456987827696236,1.4687958353560786,-0.01389698535607864,0.04521754917642598,0.07257318182357395,1.5384212199544458,0.05156493907529902,1.4928796324465894,-0.01963085727092051,0.04287622974849101,0.07386115410558494,0.5430991757931777,-0.09157143537663032,0.5805116037984344,0.0027827348102891225,-0.030738394020044357,-0.10102820417213176,0.07476168195864039
NGC 4867,74,93,1341.6934300188695,5366.773720075478,1339.815059216843,3585.0048450104196,0.9985999999999999,0.668,0.9986,0.668,0.9986,0.668,True,False,False,True,True,67,93,1.494234265,67,93,True,0.573409339499743,0.5893910588798541,1.494234265,1.462643067,1.5142970350149252,1.4924392892043012,-0.01598171938011106,0.02185774581062394,0.0315911980000001,0.3737275449101796,0.25,38.41842574648278,54.81336847582643,0.24517681542174144,0.24153080021063894,0.32183010812114116,0.2968780032043444,True,True,10,0.575303677076493,0.031460229909202574,0.575303677076493,0.031460229909202574,,,,,194.81354404998,27.970726764919995,GiG,0.01608,14.14,15.5,1.3599997,15.032,14.241,13.841,13.55,0.7909994,1.191,40.27842330932617,0.416479,29.0,SIMBAD,B,2023ApJS..269....3M,,-20.86,True,5.034802913665772,Members of systems,,13625.543880861853,False,1.2376674440485932e+18,3.110425,2.6237095855033408,15.11597,14.36658,13.93513,0.002393813,0.002170279,0.002220664,0.03611428,0.02498369,0.01856556,15.07985572,14.341596310000002,13.916564439999998,True,0.7382594099999995,1.1632912800000028,15.12918,14.34617,13.94233,0.002383182,0.002156744,0.002211281,15.09306572,14.321186310000002,13.92376444,14.6342826681,0.0016133381188074,"SDSS(cModelMag g,r)",14.6342826681,SDSS,Vmag_sdss,1.1632912800000028,0.7382594099999995,SDSS(cModel extcorr),-20.3657173319,5.034802913665772,2.6237095855033408,SDSS,False,3.2,8.395870673610691,,,,1.1632912800000028,g-i,24.98874,0.6204001534045659,29.0,4.569675982565631,11.674099701382229,4.569675982565631,NGC 4874,8.094370235768503,12565299.208565678,6.017478753601243,7.467228679649561,7.324685765794328,6.017478753601243,1.5156213823663092,-0.02138711736630916,1.4679839255846923,-0.005340858584692354,0.043314379854538454,-0.011723181854538356,1.535284934120843,-0.020987899105917807,1.4920892493474625,0.0003500398568387908,0.04069753484935612,-0.01883978903873218,0.5457290074160213,0.02768033208372178,0.5811336987052292,0.008257360174624861,-0.02881591631896252,0.012834196938851461,0.026942002299542592
LEDA 93586,197,833,12949.159256582258,51796.63702632901,12949.159256582258,59013.733276452476,1.0,1.139335228394363,1.0,0.9794,1.0,1.139335228394363,True,True,True,True,True,196,810,1.458862452,196,810,True,0.5655265571398607,0.5346037549125983,1.458862452,1.4813379395,1.4436041059540816,1.4975156921382715,0.030922802227262403,-0.0539115861841899,-0.022475487499999947,0.2194262002697125,0.2500000000000001,110.8432051994127,433.0290414792046,0.25618399367493294,0.2713391381520273,0.3432173761598852,0.3188447541455058,True,True,10,0.5655506728980307,0.01873856273475077,0.5655506728980307,0.01873856273475077,,,,,195.07823815868,27.93707411511,AG?,0.01762,15.44,17.014,1.5740004,16.015,15.328,14.969,14.712,0.6869993,1.0459995,24.275821685791016,0.351716,21.0,SIMBAD,B,2023ApJS..269....3M,,-19.560001,False,3.034477710723877,Other,,8981.746748780071,False,1.237667444048724e+18,8.799917,6.885906656543145,16.25826,15.61518,15.28695,0.004178265,0.003474837,0.003990825,0.03321066,0.02297498,0.01707287,16.225049339999998,15.59220502,15.26987713,True,0.6328443199999985,0.9551722099999987,16.10304,15.43026,15.09065,0.004094635,0.003405106,0.003888506,16.06982934,15.40728502,15.07357713,15.841671191199998,0.0026716667923643,"SDSS(cModelMag g,r)",15.841671191199998,SDSS,Vmag_sdss,0.9551722099999987,0.6328443199999985,SDSS(cModel extcorr),-19.1583288088,3.034477710723877,6.885906656543145,SDSS,False,3.2,22.034901300938063,,,,0.9551722099999987,g-i,21.10296,0.8692995142715133,21.0,9.603819551299853,3.3627549725350083,3.3627549725350083,NGC 4889,6.220453361781339,46973884.432992496,8.258962992383225,6.9607671490647505,7.735418800697746,8.258962992383225,1.4991092496632028,-0.04024679766320283,1.4626177755423342,0.018720163957665736,0.030735775067183307,-0.053211262567183254,1.5145563002849713,-0.07095219433088973,1.4868653754019423,0.010650316736329213,0.02629790063222584,-0.08020948681641574,0.5631103366864145,0.0024162204534461384,0.5852453065810004,-0.05064155166840212,-0.016109696784891714,0.047032499012154116,0.08589844087124188
2MASX J12595140+2804232,0,10,4175.547711313682,16702.190845254725,0.0,2832.691567355201,0.0,0.1696,0.0,0.1696,0.0,0.1696,False,False,False,False,True,0,10,,0,10,True,,0.7435446135231844,,1.3345904145,,1.308316924,,,,,0.25000000000000006,,7.435446135231843,,0.09268516707827189,,0.21135625087275509,False,True,10,,,,,,,,,194.9642041666666,28.073136111111115,GiC,0.02499,16.23,17.71,1.4799995,17.094,16.332,15.956,15.696,0.76199913,1.1379995,12.420000076293944,0.157,30.0,SIMBAD,C,2006AJ....131.1163S,,-18.77,False,1.5525000095367432,Members of systems,dE,6459.265286761224,False,1.2376673243345718e+18,4.428126,4.186172657629508,16.98375,16.17769,15.80135,0.005579471,0.004649387,0.005074465,0.03171808,0.02194242,0.01630557,16.95203192,16.15574758,15.78504443,True,0.7962843399999997,1.1669874900000003,17.08994,16.32525,15.95608,0.005424786,0.004500934,0.004899067,17.058221919999998,16.303307580000002,15.93977443,16.472224159399996,0.0035718124786545,"SDSS(cModelMag g,r)",16.472224159399996,SDSS,Vmag_sdss,1.1669874900000003,0.7962843399999997,SDSS(cModel extcorr),-18.527775840600004,1.5525000095367432,4.186172657629508,SDSS,False,3.2,13.395752504414428,,,,1.1669874900000003,g-i,9.42,0.7584541016211389,30.0,7.661562179920471,6.842327918477881,6.842327918477881,NGC 4889,6.300911554447308,7863550.58902267,6.458437236064703,8.570201520041481,9.761569045536195,6.458437236064703,,,1.4598153289625637,-0.12522491446256367,,,,,1.4841372318434851,-0.175820307843485,,,,,0.5873925744243997,0.1561520390987846,,,0.009204805857778522
2MASX J12595178+2805542,0,0,5143.746155956136,20574.984623824537,0.0,0.0,0.0,0.0,0.0,0.0,0.0,0.0,False,False,False,False,False,0,0,,0,0,True,,,,,,,,,,,0.2500000000000001,,,,,,,False,False,10,,,,,,,,,194.96569290311,28.09852632739,GiC,0.02551,16.63,,,17.5469,16.7776,16.029,16.2132,0.76930046,1.5179005,16.158000946044922,0.200117,33.0,SIMBAD,B,2023ApJS..269....3M,,-18.37,False,2.0197501182556152,Members of systems,,8572.745285400755,False,1.2376673243345718e+18,5.830349,4.693977734701383,17.34017,16.58586,16.18467,0.00583099,0.004898649,0.005221633,0.03414907,0.02362417,0.01755529,17.30602093,16.56223583,16.16711471,True,0.7437851000000002,1.138906219999999,17.13472,16.4033,16.01762,0.005725819,0.00479839,0.005104617,17.10057093,16.37967583,16.00006471,16.857187720999995,0.0037508329156691,"SDSS(cModelMag g,r)",16.857187720999995,SDSS,Vmag_sdss,1.138906219999999,0.7437851000000002,SDSS(cModel extcorr),-18.142812279000005,2.0197501182556152,4.693977734701383,SDSS,False,3.2,15.020728751044423,,,,1.138906219999999,g-i,12.007019999999999,0.7431005877579813,33.0,9.076884162328206,8.132074719274469,8.132074719274469,NGC 4889,7.823438860335195,4697969.392061481,7.943043660473657,10.09374135696854,11.279384077077344,7.943043660473657,,,,,,,,,,,,,,,,,,,
LEDA 1822111,40,209,8992.717479354293,35970.86991741718,8992.717479354293,35970.86991741718,1.0,1.0,1.0,1.0,1.0,1.0,True,True,True,True,True,35,192,1.433769668,35,192,True,0.6292402106200089,0.5765856081985686,1.433769668,1.4645465235000001,1.4466967968,1.5371057269479167,0.052654602421440266,-0.09040893014791673,-0.03077685550000009,0.24999999999999994,0.24999999999999994,22.023407371700312,110.70443677412518,0.22710761646520017,0.25944442003322826,0.3275730485532635,0.3087050058275084,True,True,10,0.6335175172605243,0.03476232511720383,0.6335175172605243,0.03476232511720383,,,,,195.147592,27.942744,G,0.02325,16.79,18.66,1.8699989,17.396,16.709,16.413,16.809,0.6870003,0.9829998,15.59999942779541,0.16,106.0,SIMBAD,E,2003A&A...412...45P,,-18.21,False,1.9499999284744265,Regular galaxies,Ep,7564.120773938286,False,1.2376674440487245e+18,9.370414,6.820201613629062,17.77633,16.9329,16.86924,0.009347812,0.007510891,0.009751973,0.03400051,0.02352139,0.01747892,17.742329490000003,16.90937861,16.851761080000003,True,0.8329508800000021,0.8905684100000002,17.38996,16.70088,16.4093,0.009112361,0.007235961,0.009469623,17.35595949,16.677358610000002,16.391821080000003,17.240888470799998,0.0058588718016683,"SDSS(cModelMag g,r)",17.240888470799998,SDSS,Vmag_sdss,0.8905684100000002,0.8329508800000021,SDSS(cModel extcorr),-17.759111529200002,1.9499999284744265,6.820201613629062,SDSS,False,3.2,21.824645163613,,,,0.8905684100000002,g-i,9.6,0.6153846379567893,106.0,13.223913206359375,6.374840056939515,6.374840056939515,NGC 4889,9.730213424055975,7186990.201818213,11.804583787926733,10.650584360732019,11.4151669972896,11.804583787926733,1.4799736847980387,-0.04620401679803865,1.4563990566125602,0.008147466887439947,0.016158693344940633,-0.04693554884494072,1.490534320540469,-0.04383752374046912,1.4808115372618733,0.05629418968604338,0.009610466031806542,-0.10001939617972327,0.5832531952545152,0.045987015365493655,0.5900101628610216,-0.013424554662452959,-0.001384725004627052,0.05403932742606732,0.009353133804264738
IC 4042,116,119,6220.130818507972,24880.523274031904,6220.130818507972,24372.960599241655,1.0,0.9796,1.0,0.9796,1.0,0.9796,True,True,True,True,True,109,113,1.512295928,109,113,True,0.546395383603147,0.6300596210111563,1.512295928,1.423610342,1.5522890362018351,1.4811595432920355,-0.08366423740800932,0.07112949290979964,0.08868558599999998,0.2552062066149447,0.24999999999999986,59.55709681274302,71.19673717426066,0.25931549338981064,0.23929285984307408,0.27614165385665623,0.32912846602364404,True,True,10,0.547763188208443,0.02398901515774268,0.547763188208443,0.02398901515774268,,,,,195.17816482645,27.97127198246,AGN,0.02126,14.01,15.272,1.2620001,14.831,14.014,13.615,13.303,0.8170004,1.2160006,45.97157669067383,0.541699,176.0,SIMBAD,B,2023ApJS..269....3M,,-20.99,True,5.7464470863342285,Active (AGN/Seyfert/QSO),SB0...,20432.05701533376,False,1.2376673243347026e+18,5.549952,5.291939620488159,14.70794,13.9173,13.5144,0.002069553,0.001892664,0.001908793,0.03447001,0.02384619,0.01772028,14.67346999,13.89345381,13.49667972,True,0.7800161800000023,1.1767902700000017,14.72069,13.91728,13.50959,0.002069884,0.001892664,0.001908852,14.68621999,13.89343381,13.49186972,14.2032604438,0.0014024751194482,"SDSS(cModelMag g,r)",14.2032604438,SDSS,Vmag_sdss,1.1767902700000017,0.7800161800000023,SDSS(cModel extcorr),-20.7967395562,5.7464470863342285,5.291939620488159,SDSS,False,3.0,15.875818861464476,,,,1.1767902700000017,g-i,32.501940000000005,0.7070007674240508,176.0,14.822780767650086,7.660920391671334,7.660920391671334,NGC 4889,11.230606207253237,4204435.732815439,13.304269486704335,12.481566228943471,13.362724946682183,13.304269486704335,1.5215160020595264,-0.009220074059526517,1.4698995723569892,-0.046289230356989286,0.0478047805087671,0.04088080549123288,1.5426847906638703,0.009604245537964795,1.4939541053771355,-0.012794562085099992,0.045838019664830726,0.025291473244968915,0.5395240956911853,0.0068712879119616765,0.5796659074034582,0.050393713607698065,-0.033351873801776594,-0.05031236360623273,0.009691846359572216
LEDA 126748,0,0,7685.854461377003,30743.417845507996,0.0,0.0,0.0,0.0,0.0,0.0,0.0,0.0,False,False,False,False,False,0,0,,0,0,True,,,,,,,,,,,0.2500000000000001,,,,,,,False,False,10,,,,,,,,,195.270102,27.891744,GiC,0.01936,16.82,,,17.232,16.521,16.149,15.88,0.71100044,1.0830002,17.399999618530273,0.2,169.0,SIMBAD,E,2003A&A...412...45P,,-18.18,False,2.174999952316284,Members of systems,,7058.565227306851,False,1.2376674440487898e+18,7.376378,5.956006159773696,17.39137,16.69682,16.33549,0.00752236,0.006143379,0.00718639,0.02832137,0.01959259,0.0145594,17.363048629999998,16.67722741,16.3209306,True,0.6858212199999976,1.0421180299999977,17.22411,16.5117,16.14762,0.007333662,0.005960906,0.006964068,17.19578863,16.492107410000003,16.1330606,16.948414110199995,0.0047591773052222,"SDSS(cModelMag g,r)",16.948414110199995,SDSS,Vmag_sdss,1.0421180299999977,0.6858212199999976,SDSS(cModel extcorr),-18.051585889800005,2.174999952316284,5.956006159773696,SDSS,False,3.2,19.059219711275823,,,,1.0421180299999977,g-i,12.0,0.6896551875334813,169.0,20.09693317071727,13.534017713242957,13.534017713242957,NGC 4889,16.746347856621753,836458.1768533494,18.788247481802316,17.287700861850595,17.81233201275046,18.788247481802316,,,,,,,,,,,,,,,,,,,
CAIRNS J125935.95+275421.4,99,221,3550.0667407942833,14200.266963177133,3550.0667407942833,13368.131319134953,1.0,0.9414,1.0,0.9414,1.0,0.9414,True,True,True,True,True,97,220,1.508259883,97,220,True,0.5565077558571152,0.5824760027664393,1.508259883,1.501834415,1.5391239076391754,1.5069845989636363,-0.02596824690932409,0.03213930867553905,0.00642546799999999,0.26556192904185255,0.25,53.98125231814018,128.14472060861664,0.26637918135681765,0.2345870374762197,0.3085417789235205,0.2863708238011437,True,True,10,0.5582750841266794,0.027156732929082755,0.5582750841266794,0.027156732929082755,,,,,194.89954166666664,27.906166666666664,GiC,0.0302008931792406,18.345,19.184,0.8390007,,,,16.71,,,,,,,,,,-16.655,False,,Members of systems,,,False,1.2376674440486587e+18,3.673451,3.361579004288147,18.60003,17.70458,17.3414,0.01309603,0.009878217,0.01165858,0.03478783,0.02406606,0.01788366,18.56524217,17.68051394,17.32351634,True,0.8847282300000003,1.24172583,18.37535,17.63023,17.30597,0.01289362,0.009743822,0.01164009,18.34056217,17.606163940000002,17.28808634,18.0332525143,0.0079244853685018,"SDSS(cModelMag g,r)",18.0332525143,SDSS,Vmag_sdss,1.24172583,0.8847282300000003,SDSS(cModel extcorr),-16.9667474857,,3.361579004288147,SDSS,False,3.2,10.757052813722073,,,,1.24172583,g-i,,1.0,0.0,3.185148063971962,8.28684203781493,3.185148063971962,NGC 4874,5.131635212573402,36933752.36205925,4.132778316254597,2.9317959650935865,1.9180680144259379,4.132778316254597,1.469137388125407,0.03912249487459296,1.452877452535462,0.04895696246453807,0.007903824294747008,-0.0014783562947470186,1.4769308914799943,0.06219301615918105,1.4773833036792159,0.02960129528442046,0.00016052330424812244,0.031978785371290924,0.5946599132070206,-0.0381521573499054,0.5927084577175669,-0.010232454951127568,0.006953892842895076,-0.032922139752219165,0.025019669840258135
CAIRNS J125947.21+280315.7,0,0,,,,,,,,,,,False,False,False,False,False,0,0,,0,0,True,,,,,,,,,,,,,,,,,,False,False,10,,,,,,,,,194.94695,28.054459,GiC,0.0317986651952398,18.03,,,,,,,,,,,,,,,,-16.97,False,,Members of systems,,,False,,,,,,,,,,,,,,,,False,,,,,,,,,,,,,,,18.030000686645508,SIMBAD,,,,,-16.969999313354492,,,,False,3.2,,,,,,,,1.0,0.0,6.256449660615467,6.535947827432121,6.256449660615467,NGC 4874,5.2794130940595,10699362.558612954,5.140231508165897,7.40154426638988,8.541041628389193,5.140231508165897,,,,,,,,,,,,,,,,,,,
SDSS J130036.58+275552.1,6,20,709.8191931610644,2839.276772644257,709.8191931610644,2839.276772644257,1.0,1.0,1.0,1.0,1.0,1.0,True,True,True,True,True,5,19,1.438565471,5,19,True,0.692807195242306,0.5998717850201785,1.438565471,1.538651296,1.415407472,1.5123656849473686,0.09293541022212759,-0.0969582129473685,-0.10008582500000007,0.25000000000000006,0.25000000000000006,3.4640359762115303,11.39756391538339,0.11932957602032089,0.22350488948892225,0.20511366714174453,0.2736430030972989,False,True,10,,,,,,,,,195.152442,27.931156,AG?,0.0197,18.28,19.872,1.591999,19.608,18.992,18.668,18.531,0.6159992,0.94000053,,,,,,,,-16.72,False,,Other,dE...,,False,1.2376674440487247e+18,1.65558,1.503138272369407,19.21104,18.89862,18.36751,0.02216524,0.01941225,0.02387727,0.03313286,0.02292116,0.01703288,19.17790714,18.87569884,18.35047712,True,0.3022083000000002,0.8274300200000013,19.60176,18.98243,18.66691,0.0216376,0.01820901,0.02320841,19.56862714,18.95950884,18.649877120000003,18.989604243,0.014620656317295,"SDSS(cModelMag g,r)",18.989604243,SDSS,Vmag_sdss,0.8274300200000013,0.3022083000000002,SDSS(cModel extcorr),-16.010395757,,1.503138272369407,SDSS,False,3.2,4.8100424715821015,,,,0.8274300200000013,g-i,,1.0,0.0,13.549805019257818,6.866900684013097,6.866900684013097,NGC 4889,10.11415187299367,5811368.519951561,12.175569785497828,10.885317634820336,11.581955986277356,12.175569785497828,1.456058411182182,-0.01749294018218195,1.4486270171774245,0.09002427882257558,-0.0020594726911601913,-0.09802635230883988,1.460512096350464,-0.04510462435046403,1.4732455627758303,0.03912012217153826,-0.011245179841614605,-0.0857130331057539,0.6084273658345852,0.08437982940772082,0.5959651917551195,0.003906593265058933,0.01701827127963121,0.07591713894249638,0.009605250115764808
[EDG2007] 34,10,55,714.663975647545,2858.6559025901797,274.2880338535278,1333.2771129680598,0.38380000000000003,0.4664,0.3838,0.4664,0.3838,0.4664,False,False,False,True,True,10,48,1.4278700965,10,48,True,0.6698959506526914,0.5497364479363763,1.4278700965,1.4758102905000001,1.4266725307,1.5370049825833334,0.12015950271631504,-0.1103324518833333,-0.04794019400000016,0.20572469982847347,0.25000000000000006,6.698959506526914,26.387349500946062,0.1514065174140646,0.25731459672227924,0.21304184690954592,0.3245958668661506,True,True,10,0.6723383312230872,0.04138854250502815,0.6723383312230872,0.04138854250502815,,,,,194.80574999999996,27.975861111111108,G,0.0228191197525055,14.252,15.27,1.0180006,,,,12.63,,,,,,,,,,-20.748001,False,,Regular galaxies,,,False,1.2376674440485932e+18,1.874306,1.5082592905333798,15.20173,16.55465,13.40318,0.003546592,0.01594048,0.003034608,0.03614368,0.02500403,0.01858068,15.16558632,16.529645969999997,13.38459932,True,-1.364059649999998,1.780986999999998,15.91572,16.55469,14.28355,0.00379974,0.01588495,0.003907721,15.87957632,16.52968597,14.26496932,15.960381513499998,0.0095166297987235,"SDSS(cModelMag g,r)",15.960381513499998,SDSS,Vmag_sdss,1.780986999999998,-1.364059649999998,SDSS(cModel extcorr),-19.039618486500004,,1.5082592905333798,SDSS,False,3.2,4.826429729706816,,,,1.780986999999998,g-i,,1.0,0.0,5.030148675168308,12.080900309922097,5.030148675168308,NGC 4874,8.518314691045559,9587593.424793925,6.43808090825853,7.958360248145907,7.8349312725565685,6.43808090825853,1.4974857783798967,-0.06961568187989675,1.4620901761914615,0.013720114308538589,0.02949904786643326,-0.07743924186643342,1.5125182630199019,-0.08584573231990178,1.4863517646230895,0.05065321796024391,0.02488212999484332,-0.13521458187817662,0.5648192672917784,0.10507668336091291,0.585649559467926,-0.035913111531549635,-0.014860422514641647,0.13501992523095668,0.05433858277295504
GMP 3397,0,0,,,,,,,,,,,False,False,False,False,False,0,0,,0,0,True,,,,,,,,,,,,,,,,,,False,False,10,,,,,,,,,194.87816666666663,28.04208333333333,G,0.0218451125945269,18.44,18.999,0.559,19.59,,,16.56,,,,,,,,,,-16.56,False,,Regular galaxies,E,,False,,,,,,,,,,,,,,,,False,,,,,,,,,,,,,,,18.440000534057617,SIMBAD,,,,,-16.559999465942383,,,,False,3.2,,,,,0.5590000152587891,B-V,,1.0,0.0,5.088759655690014,9.118667492967457,5.088759655690014,NGC 4874,6.439315345305412,10601249.55098387,5.0114792738270415,7.59485054817386,8.337845219251948,5.0114792738270415,,,,,,,,,,,,,,,,,,,
ECO 11254,7,49,61.907330855083295,247.62932342033326,61.907330855083295,247.62932342033326,1.0,1.0,1.0,1.0,1.0,1.0,True,True,True,True,True,6,49,1.639058897,6,49,True,0.515808831561368,0.5508783784182165,1.639058897,1.534354101,1.5959774756666665,1.5625140434285716,-0.03506954685684849,0.03346343223809489,0.10470479600000004,0.24999999999999992,0.24999999999999992,3.094852989368208,26.993040542492608,0.19136935856128112,0.2569992895001316,0.2358569337404235,0.3119429988597253,False,True,10,,,,,,,,,194.87958333333333,27.955111111111105,G,0.0236,17.445,18.295,0.8500004,,,,15.98,,,,,,,,,,-17.555,False,,Regular galaxies,dGs...,,False,1.2376674440486584e+18,0.5111978,0.4439112010123628,20.70378,20.05525,19.53803,0.04878202,0.03635725,0.05091146,0.0319505,0.02210321,0.01642505,20.6718295,20.03314679,19.52160495,True,0.6386827099999977,1.1502245499999972,20.67104,20.05523,19.59675,0.03549877,0.0281784,0.02956194,20.6390895,20.03312679,19.58032495,20.2850067011,0.0293285012189361,"SDSS(cModelMag g,r)",20.2850067011,SDSS,Vmag_sdss,1.1502245499999972,0.6386827099999977,SDSS(cModel extcorr),-14.7149932989,,0.4439112010123628,SDSS,False,3.2,1.420515843239561,,,,1.1502245499999972,g-i,,1.0,0.0,1.0476950734204786,8.27430763384251,1.0476950734204786,NGC 4874,4.659673315018867,954976212.3827528,2.684165348152892,3.8578059481156526,3.894361354592446,2.684165348152892,1.4383426081222368,0.20071628887776316,1.4428696956339362,0.09148440536606373,-0.015555008924329039,0.12025980492432908,1.4382724255980042,0.1577050500686623,1.4676408887041759,0.09487315472439573,-0.026694491478865046,0.06015792371695994,0.62707572651645,-0.11126689495508202,0.60037651987951,-0.0494981414612935,0.03065072487901857,-0.06572027173586706,0.21126780594666278
CAIRNS J125930.08+274933.2,0,0,1688.105538274887,6752.422153099548,0.0,507.782145913086,0.0,0.0752,0.0,0.0752,0.0,0.0752,False,False,False,False,True,0,0,,0,0,True,,,,,,,,,,,0.25,,,,,,,False,False,10,,,,,,,,,194.8750833333333,27.825972222222216,GiC,0.029600477807884,18.04,19.535,1.4949989,,,,17.27,,,,,,,,,,-16.96,False,,Members of systems,,,False,1.237667444048659e+18,3.081825,2.3180610038446057,18.86981,18.20312,17.98181,0.01722863,0.01497491,0.02224523,0.03373774,0.02333961,0.01734383,18.83607226,18.17978039,17.964466169999998,True,0.656291870000004,0.8716060900000038,18.93217,18.2976,17.9555,0.01688243,0.01457615,0.02232136,18.89843226,18.27426039,17.93815617,18.4388600567,0.011311812544091,"SDSS(cModelMag g,r)",18.4388600567,SDSS,Vmag_sdss,0.8716060900000038,0.656291870000004,SDSS(cModel extcorr),-16.561139943300002,,2.3180610038446057,SDSS,False,3.2,7.417795212302739,,,,0.8716060900000038,g-i,,1.0,0.0,8.094773656240456,12.365836493345244,8.094773656240456,NGC 4874,9.804903910716964,2983685.0013163555,9.105491689501811,7.373960654628299,6.087145360107121,9.105491689501811,,,,,,,,,,,,,,,,,,,
CAIRNS J130005.15+275835.8,0,0,,,,,,,,,,,False,False,False,False,False,0,0,,0,0,True,,,,,,,,,,,,,,,,,,False,False,10,,,,,,,,,195.02141666666665,27.976666666666667,GiC,0.025991,17.075,17.925,0.8499985,,,,15.28,,,,,,,,,,-17.925,False,,Members of systems,E...,,False,,,,,,,,,,,,,,,,False,,,,,,,,,,,,,,,17.075000762939453,SIMBAD,,,,,-17.924999237060547,,,,False,3.2,,,,,0.8499984741210938,B-V,,1.0,0.0,6.581858039223303,0.6532131295581806,0.6532131295581806,NGC 4889,2.9670751973535388,6244014566.559483,5.011060203901075,4.794630509341119,5.98355115978951,5.011060203901075,,,,,,,,,,,,,,,,,,,
SDSS J130048.04+280557.3,9,78,859.707088898066,3438.8283555922635,859.707088898066,3431.950698881079,1.0,0.998,1.0,0.998,1.0,0.998,True,True,True,True,True,9,70,1.417774133,9,70,True,0.7112789790234654,0.4129546311376491,1.417774133,1.7321029045,1.3971269012222223,1.6943077760857141,0.2983243478858163,-0.2971808748634919,-0.31432877150000005,0.25050100200400804,0.25000000000000006,6.401510811211188,28.906824179635436,0.0992677695696823,0.2852921265828384,0.1975865128195636,0.302211753436461,False,True,10,,,,,,,,,195.200181,28.099257,AG?,0.0208,18.54,,,19.581,18.913,18.525,18.348,0.66799927,1.0559998,,,,,,,,-16.46,False,,Other,,,False,1.2376673243347026e+18,1.705709,1.6542468546699474,19.43671,18.77347,18.25432,0.02015175,0.01774632,0.02004323,0.03673762,0.02541492,0.01888601,19.39997238,18.74805508,18.23543399,True,0.6519173000000009,1.1645383900000006,19.57783,18.90742,18.51773,0.01975505,0.01729138,0.01946131,19.54109238,18.88200508,18.49884399,19.005341173,0.0133376168485009,"SDSS(cModelMag g,r)",19.005341173,SDSS,Vmag_sdss,1.1645383900000006,0.6519173000000009,SDSS(cModel extcorr),-15.994658827000002,,1.6542468546699474,SDSS,False,3.2,5.293589934943832,,,,1.1645383900000006,g-i,,1.0,0.0,18.03797495888864,11.466571418524541,11.466571418524541,NGC 4889,14.675290569606593,1340144.4521215544,16.393497427501117,16.778103941679902,17.96937965482964,16.393497427501117,1.4558431943969234,-0.038069061396923454,1.4485570755422585,0.2835458289577415,-0.002223420433953044,-0.312105351066047,1.4602419222901433,-0.063115021067921,1.4731774755470413,0.22113030053867289,-0.01143286262256299,-0.2857480122409289,0.608653911604072,0.10262506741939337,0.5960187818664139,-0.1830641507287648,0.017183882334852185,0.2811404655509641,0.0717199652452154
LEDA 44707,100,352,5888.428384691632,23553.713538766537,5888.428384691632,24191.07872697383,1.0,1.0270600721690135,1.0,0.9902,1.0,1.0270600721690135,True,True,True,True,True,97,321,1.454397644,97,321,True,0.5827894466924788,0.5620619687462018,1.454397644,1.467714368,1.4766324797938142,1.5167976883208723,0.02072747794627694,-0.04016520852705807,-0.013316724000000058,0.24341322068146742,0.24999999999999992,56.530576329170444,180.4218919675308,0.23378879916329204,0.2688069979589942,0.3009966398675256,0.3217322394955242,True,True,10,0.5808438131312847,0.024243161275096396,0.5808438131312847,0.024243161275096396,,,,,195.02249754606,28.02444605387,AG?,0.01969,15.42,17.106,1.6860008,16.097,15.42,15.058,14.808,0.67700005,1.0390005,30.138599395751957,0.259443,158.0,SIMBAD,B,2023ApJS..269....3M,,-19.58,False,3.767324924468994,Other,,12429.57926006816,False,1.237667324334637e+18,8.0829,6.024065583983504,16.20411,15.57045,15.21019,0.003592683,0.003169328,0.003341872,0.03196341,0.02211214,0.01643169,16.17214659,15.548337859999998,15.193758310000002,True,0.6238087300000021,0.978388279999999,16.08733,15.42348,15.05789,0.003533961,0.00310904,0.003277407,16.055366590000002,15.40136786,15.04145831,15.794099439299998,0.0023803924597612,"SDSS(cModelMag g,r)",15.794099439299998,SDSS,Vmag_sdss,0.978388279999999,0.6238087300000021,SDSS(cModel extcorr),-19.2059005607,3.767324924468994,6.024065583983504,SDSS,False,3.2,19.27700986874721,,,,0.978388279999999,g-i,15.566579999999998,0.5164997814130046,158.0,7.632822317137605,2.9069034241405785,2.9069034241405785,NGC 4889,4.504489693213677,73267944.5386993,5.998376595945934,6.879662300447626,8.16173295125818,5.998376595945934,1.499759836500218,-0.04536219250021811,1.4628292047166134,0.004885163283386618,0.031231378805949894,-0.04454810280594995,1.5153730195159396,-0.03874053972212543,1.487071198822108,0.02972648949876433,0.02686525390196645,-0.06703046242902452,0.5624255030409692,0.02036394365150962,0.585083307037329,-0.02302133829112718,-0.016610328612755854,0.03733780655903279,0.1489763265967071
LEDA 44542,0,0,141.55280186297426,566.2112074518969,0.0,0.0,0.0,0.0,0.0,0.0,0.0,0.0,False,False,False,False,False,0,0,,0,0,True,,,,,,,,,,,0.25000000000000006,,,,,,,False,False,10,,,,,,,,,194.77366666666663,28.07111111111111,GiC,0.0213681159383936,17.67,18.7,1.0300007,,,,16.77,,,5.37,,,NED,,,2007SDSS6.C...0000:,-17.33,False,0.67125,Members of systems,,2398.517812510782,False,,,,,,,,,,,,,,,,False,,,,,,,,,,,,,,,17.670000076293945,SIMBAD,,,,,-17.329999923706055,0.67125,0.67125,SIMBAD_proxy(maj/8),True,3.2,2.148,,,,1.0300006866455078,B-V,,1.0,0.0,9.432584430337522,14.886534733300534,9.432584430337522,NGC 4874,11.92644126207614,1831599.62889463,10.120002882325117,12.449411644348194,12.791716667136951,10.120002882325117,,,,,,,,,,,,,,,,,,,
LEDA 126789,14,90,3159.012184298522,12636.04873719409,3159.012184298522,12636.04873719409,1.0,1.0,1.0,1.0,1.0,1.0,True,True,True,True,True,14,80,1.4103129380000001,14,80,True,0.6458394131040086,0.5303667062287483,1.4103129380000001,1.578377926,1.455430491357143,1.5989657518875,0.11547270687526034,-0.14353526053035703,-0.1680649879999998,0.24999999999999992,0.24999999999999992,9.041751783456121,42.42933649829986,0.21712706225992948,0.264089320578553,0.25135764762527346,0.312667230653823,True,True,10,0.6476378399702108,0.0585462634219866,0.6476378399702108,0.0585462634219866,,,,,194.88287520245,27.861306842710004,GiC,0.01555,17.13,18.479,1.3490009,17.686,16.979,16.646,16.472,0.70700073,1.0400009,,,,,,,,-17.87,False,,Members of systems,,,False,1.2376674440486587e+18,3.297948,3.171032653312278,17.89645,17.14692,16.83727,0.007679672,0.006103572,0.007099581,0.03661212,0.02532809,0.01882149,17.85983788,17.121591910000003,16.81844851,True,0.7382459699999977,1.041389370000001,17.67802,16.97291,16.64441,0.007588045,0.006003326,0.006955452,17.64140788,16.94758191,16.62558851,17.4142727577,0.0047835206322695,"SDSS(cModelMag g,r)",17.4142727577,SDSS,Vmag_sdss,1.041389370000001,0.7382459699999977,SDSS(cModel extcorr),-17.5857272423,,3.171032653312278,SDSS,False,3.2,10.14730449059929,,,,1.041389370000001,g-i,,1.0,0.0,5.93675418757412,10.591393033331608,5.93675418757412,NGC 4874,7.786640119064498,6695692.997993048,6.964170238328738,5.397656169603307,4.132314006874767,6.964170238328738,1.4776024974799948,-0.06728955947999471,1.4556284628221672,0.12274946317783275,0.014352371370260159,-0.18241735937025996,1.4875576321528603,-0.032127140795717324,1.48006137470726,0.11890437718024005,0.007542639261391537,-0.15107789979174857,0.585749201571673,0.060090211532335625,0.5906006009726268,-0.060233894743878524,0.000439922795944514,0.11503278407931583,0.010430178911720643
SDSS J130026.15+280032.0,17,42,1434.922819849389,5739.691279397554,1434.922819849389,5739.691279397554,1.0,1.0,1.0,1.0,1.0,1.0,True,True,True,True,True,16,42,1.398224568,16,42,True,0.6653960596053091,0.5726103953844303,1.398224568,1.4597332005,1.4351067896875,1.4927034530714285,0.09278566422087886,-0.05759666338392844,-0.06150863250000005,0.25000000000000006,0.25000000000000006,10.646336953684946,24.04963660614607,0.18927162429827973,0.2538073362011649,0.1947872099178605,0.28988619240884245,True,True,10,0.6666823592729847,0.04602754778936973,0.6666823592729847,0.04602754778936973,,,,,195.108997,28.008893,AG?,0.0185,17.57,19.263,1.6930008,18.77,18.096,17.755,17.479,0.6739998,1.0150013,,,,,,,,-17.43,False,,Other,,,False,1.2376673243346373e+18,2.34063,2.137171306818391,18.59731,17.98395,17.6853,0.01273419,0.01097699,0.01271677,0.03480448,0.02407758,0.01789222,18.56250552,17.95987242,17.66740778,True,0.602633100000002,0.8950977400000006,18.75998,18.08744,17.75028,0.01241237,0.01072785,0.01238956,18.72517552,18.06336242,17.73238778,18.196951991,0.0083188398851751,"SDSS(cModelMag g,r)",18.196951991,SDSS,Vmag_sdss,0.8950977400000006,0.602633100000002,SDSS(cModel extcorr),-16.803048009,,2.137171306818391,SDSS,False,3.2,6.838948181818852,,,,0.8950977400000006,g-i,,1.0,0.0,11.529228576925936,4.4220343555978525,4.4220343555978525,NGC 4889,7.9479310311367035,20828257.246349692,9.907340553384081,9.766709586074013,10.884842388263735,9.907340553384081,1.4668986493673482,-0.0686740813673481,1.4521499021761357,0.007583298323864396,0.006198398922622944,-0.06770703142262299,1.4741204734192646,-0.039013683731764504,1.4766750433182239,0.01602840975320463,-0.0017917998634124632,-0.055804863520515974,0.5970164988888261,0.06837956071648299,0.5932659154412259,-0.020655520056795607,0.00867662040636591,0.08410904381451295,0.00989066002556458
LEDA 126768,2902,1670,23123.62306113479,92494.49224453911,43994.31089950244,97301.98742903519,1.9025699728450522,1.0519760157370874,0.9642,0.9516,1.902569972845052,1.0519760157370874,True,True,True,True,True,2768,1613,1.576790849,2768,1613,True,0.4467601332719215,0.5624418626340947,1.576790849,1.454645164,1.5869871861755778,1.4846626490117796,-0.11568172936217319,0.10232453716379819,0.122145685,0.45214195580114547,0.2500000000000001,1236.6320488966787,907.2187244287948,0.2928801695344365,0.2638649380644945,0.36600567033194426,0.3143785565382109,True,True,10,0.4471203963470629,0.00544142244033542,0.4471203963470629,0.00544142244033542,,,,,195.031143,27.958069,GiC,0.02072,17.58,18.963,1.3829994,17.473,17.07,16.516,16.448,0.40299988,0.9569988,13.800000190734863,0.21,,SIMBAD,E,2003A&A...412...45P,,-17.42,False,1.725000023841858,Members of systems,,5981.540402364631,False,1.237667444048724e+18,9.742112,8.97857217169769,16.64061,17.30416,16.22615,0.01173625,0.01412255,0.01469685,0.03165467,0.02189856,0.01627298,16.608955329999997,17.28226144,16.20987702,True,-0.6733061100000022,0.3990783099999966,17.468,17.05945,16.51539,0.01225075,0.01342484,0.01481177,17.436345329999998,17.037551439999998,16.49911702,16.996205934899997,0.0096219186755878,"SDSS(cModelMag g,r)",16.996205934899997,SDSS,Vmag_sdss,0.3990783099999966,-0.6733061100000022,SDSS(cModel extcorr),-18.003794065100003,1.725000023841858,8.97857217169769,SDSS,False,3.2,28.73143094943261,,,,0.3990783099999966,g-i,12.6,0.9130434656413609,0.0,7.014739872319045,1.1456400923274943,1.1456400923274943,NGC 4889,3.490958415183414,1159863549.2002096,5.564720607584505,4.739412184215819,5.783503014713256,5.564720607584505,1.483319940311997,0.09347090868800301,1.457486530259413,-0.002841366259413114,0.018707802317379535,0.10343788268262047,1.4947350683492036,0.09225211782637421,1.481870178038854,0.002792470972925676,0.01252861453899426,0.08979592262480393,0.5797307932755125,-0.13297066000359098,0.589176927641022,-0.02673506500692735,-0.003959695660564838,-0.11172203370160835,0.022958141947679398
LEDA 1821555,26,56,705.4169791335141,2821.6679165340574,705.4169791335141,2821.6679165340574,1.0,1.0,1.0,1.0,1.0,1.0,True,True,True,True,True,25,56,1.58966216,25,56,True,0.512837637987044,0.6501232808459465,1.58966216,1.4466639155,1.56264102216,1.4582622575714286,-0.13728564285890255,0.10437876458857143,0.14299824449999998,0.24999999999999992,0.24999999999999992,12.8209409496761,36.406903727373006,0.2597078555542532,0.17629171253095285,0.3056986986297675,0.20613489224906448,True,True,10,0.5157646222625796,0.05467031218264568,0.5157646222625796,0.05467031218264568,,,,,194.8837708333333,27.92104166666667,GiC,0.022732393087754,17.59,19.13,1.539999,18.177,17.48,17.162,16.891,0.6970005,1.0149994,15.59999942779541,0.16,144.0,SIMBAD,E,2003A&A...412...45P,,-17.41,False,1.9499999284744265,Members of systems,dE,7400.366751639261,False,1.2376674440486584e+18,1.967855,1.9101817555378544,18.68619,17.98285,17.64005,0.01504857,0.01222034,0.01481054,0.03477307,0.02405585,0.01787608,18.65141693,17.95879415,17.622173919999998,True,0.6926227800000007,1.0292430100000018,18.89739,18.22351,17.88339,0.01461084,0.01181884,0.01428423,18.86261693,18.19945415,17.865513919999998,18.232769489799995,0.0094895702598931,"SDSS(cModelMag g,r)",18.232769489799995,SDSS,Vmag_sdss,1.0292430100000018,0.6926227800000007,SDSS(cModel extcorr),-16.767230510200005,1.9499999284744265,1.9101817555378544,SDSS,False,3.2,6.112581617721134,,,,1.0292430100000018,g-i,9.6,0.6153846379567893,144.0,2.426685310337878,8.629124278288334,2.426685310337878,NGC 4874,5.206031873740555,79312192.1938589,3.757133910481079,3.411089956610184,2.763983118116543,3.757133910481079,1.466408812598186,0.12325334740181404,1.4519907139206358,-0.00532679842063577,0.005825251295941886,0.1371729932040581,1.473505553032548,0.08913546912745196,1.47652007572064,-0.018257818149211458,-0.002218968808143068,0.1065977333967145,0.5975321206032733,-0.08469448261622936,0.5933878873726621,0.05673539347328438,0.009053553758146982,-0.14633919661704953,0.027296436912444967
GMP 2399,11,29,1531.3697117255404,6125.478846902161,1531.3697117255404,6125.478846902161,1.0,1.0,1.0,1.0,1.0,1.0,True,True,True,True,True,10,27,1.4274830315,10,27,True,0.69614973628954,0.6732345424346664,1.4274830315,1.420683766,1.3754570928,1.395122864888889,0.022915193854873617,-0.019665772088888867,0.006799265499999985,0.25,0.25,6.9614973628954,18.177332645735994,0.1139507580678374,0.15870837331777773,0.2044220789798885,0.2589671866357159,True,True,10,0.6995872197912061,0.032427923448953413,0.6995872197912061,0.032427923448953413,,,,,195.22406,27.968243,GiC,0.0197,17.63,18.73,1.1000004,,,,,,,,,,,,,,-17.37,False,,Members of systems,,,False,1.2376673243347028e+18,2.670293,2.207827254666137,18.35245,17.66619,17.35618,0.01003664,0.008795105,0.01022614,0.0319718,0.02211794,0.016436,18.3204782,17.64407206,17.339744,True,0.676406140000001,0.9807342000000006,18.43203,17.75506,17.43065,0.009826553,0.008598464,0.009989215,18.4000582,17.73294206,17.414214,17.911398577399996,0.0066227103350618,"SDSS(cModelMag g,r)",17.911398577399996,SDSS,Vmag_sdss,0.9807342000000006,0.676406140000001,SDSS(cModel extcorr),-17.088601422600004,,2.207827254666137,SDSS,False,3.2,7.065047214931639,,,,0.9807342000000006,g-i,,1.0,0.0,17.246066332897517,10.099001505374988,10.099001505374988,NGC 4889,13.661287865208626,1902022.32665694,15.737100641511054,14.847518729279857,15.682741770377577,15.737100641511054,1.4708038511884507,-0.043320819688450696,1.453419023451656,-0.03273525745165595,0.009173301753513191,-0.0023740362535132065,1.4790228988091467,-0.10356580600914667,1.4779105155865284,-0.08278765069763949,0.0016137855191085126,-0.02127955760799738,0.5929057277400968,0.10324400854944327,0.5922934996514048,0.08094104278326164,0.005671536050760817,0.0172436578041128,0.005527284816634598
SDSS J125948.57+275857.7,5,9,93.39926366595537,373.5970546638215,93.39926366595537,373.5970546638215,1.0,1.0,1.0,1.0,1.0,1.0,True,True,True,True,True,5,9,1.627626755,5,9,True,0.44439508521421284,0.6549161615884443,1.627626755,1.470502406,1.6685428991999998,1.4583054715555557,-0.2105210763742315,0.21023742764444409,0.15712434900000005,0.25,0.25,2.2219754260710642,5.894245454295999,0.2520175772634881,0.13844464611143967,0.1888921835904774,0.19993163573197925,False,True,10,,,,,,,,,194.952406,27.982695,AG?,0.018,17.69,18.83,1.1399994,20.81,20.26,20.02,16.99,0.54999924,0.789999,,,,,,,,-17.31,False,,Other,dE,,False,1.2376674440486587e+18,0.7712224,0.5452514006140664,20.80794,20.24769,19.96783,0.03960525,0.03740309,0.04404699,0.02726468,0.01886158,0.01401617,20.78067532,20.22882842,19.95381383,True,0.551846900000001,0.8268614900000024,20.80585,20.24771,20.01403,0.03964962,0.03383691,0.04418748,20.77858532,20.22884842,20.00001383,20.445085649,0.0273982921545513,"SDSS(cModelMag g,r)",20.445085649,SDSS,Vmag_sdss,0.8268614900000024,0.551846900000001,SDSS(cModel extcorr),-14.554914351000004,,0.5452514006140664,SDSS,False,3.2,1.7448044819650126,,,,0.8268614900000024,g-i,,1.0,0.0,3.170430437528054,4.322899258764681,3.170430437528054,NGC 4874,1.1411288210228172,55881131.24374011,1.5247013591054364,3.108445940951461,4.3115588277443635,1.5247013591054364,1.4361533833779832,0.19147337162201694,1.4421582364502354,0.028344169549764597,-0.01722271553399582,0.17434706453399587,1.4355241653384723,0.2330187338615275,1.4669482928833923,-0.00864282132783667,-0.028603635264416893,0.23884106290886098,0.6293801917730554,-0.18498510655884254,0.6009216483533512,0.05399451323509319,0.03233535100879001,-0.24285642738302152,0.022144629223140908
SDSS J125953.93+275813.6,29,176,1532.3986992079083,6129.594796831633,2023.5251325745428,7820.933391271635,1.3204952037746418,1.2759299187793374,1.0,1.0,1.3204952037746418,1.2759299187793374,True,True,True,True,True,29,173,1.479244586,29,173,True,0.6177191047536135,0.5589198811154167,1.479244586,1.504808428,1.4866693636551724,1.5124042910289017,0.058799223638196785,-0.02573492737372929,-0.025563841999999948,0.25873192256474775,0.25,17.91385403785479,96.69313943296709,0.20375860441752122,0.25598638255814754,0.240759238462579,0.2571818072188086,True,True,10,0.6209873849381529,0.03823139927314047,0.6209873849381529,0.03823139927314047,,,,,194.974723,27.970469,G,0.0225,17.78,18.93,1.1499996,18.658,17.963,17.541,17.474,0.6950016,1.1170006,,,,,,,,-17.22,False,,Regular galaxies,S,,False,1.237667444048659e+18,2.250723,2.2085688930460337,18.55435,17.84544,17.52467,0.01273515,0.01070446,0.01284431,0.02852804,0.01973557,0.01466564,18.52582196,17.82570443,17.51000436,True,0.70011753,1.0158175999999983,18.59274,17.8912,17.54356,0.01265617,0.01054027,0.01279576,18.56421196,17.87146443,17.52889436,18.102752617299995,0.0081945309831007,"SDSS(cModelMag g,r)",18.102752617299995,SDSS,Vmag_sdss,1.0158175999999983,0.70011753,SDSS(cModel extcorr),-16.897247382700005,,2.2085688930460337,SDSS,False,3.0,6.625706679138101,,,,1.0158175999999983,g-i,,1.0,0.0,4.079981463054035,3.151806872879507,3.151806872879507,NGC 4889,0.4696311623195278,71668547.49220352,2.523618555490392,2.779053850233632,4.0658038844913404,2.523618555490392,1.4681869112062884,0.01105767479371167,1.4525685644074715,0.052239863592528524,0.007179770428413362,-0.03274361242841331,1.4757377029088927,0.010931660746279714,1.4770826052956165,0.0353216857332852,-0.0006683532687072891,-0.025066574105022,0.5956604231103844,0.022058681643229106,0.5929451314687203,-0.034025250353303615,0.007685292512067954,0.05111393112612883,0.03676291726736057
SDSS J125930.25+280115.0,14,24,452.6325914984258,1810.5303659937026,452.6325914984258,1810.5303659937026,1.0,1.0,1.0,1.0,1.0,1.0,True,True,True,True,True,13,24,1.49077324,13,24,True,0.588507978884303,0.546272504518334,1.49077324,1.5396662175,1.4864191742307693,1.5277804631250003,0.04223547436596897,-0.04136128889423096,-0.04889297749999999,0.2500000000000001,0.2500000000000001,7.650603725495938,13.110540108440016,0.25326961318796287,0.25812382418900137,0.2510854691369205,0.306353186646003,True,True,10,0.5995254216909953,0.06330502127763461,0.5995254216909953,0.06330502127763461,,,,,194.87607,28.020844,G,0.024,17.82,19.182,1.3619995,18.391,18.414,18.057,17.044,-0.02299881,0.33400154,7.04,,,NED,,,2007SDSS6.C...0000:,-17.18,False,0.88,Regular galaxies,dGs...,3520.464821604657,False,1.2376673243345715e+18,1.462938,1.2003225761558354,19.04043,18.3196,18.02032,0.01254655,0.01038284,0.01157475,0.02727084,0.01886584,0.01401934,19.01315916,18.30073416,18.00630066,True,0.7124249999999996,1.0068585,19.12647,18.40746,18.0529,0.01245072,0.01025749,0.01148795,19.09919916,18.38859416,18.03888066,18.58282841,0.0079992479332738,"SDSS(cModelMag g,r)",18.58282841,SDSS,Vmag_sdss,1.0068585,0.7124249999999996,SDSS(cModel extcorr),-16.417171590000002,0.88,1.2003225761558354,SDSS,False,3.2,3.8410322436986735,,,,1.0068585,g-i,,1.0,0.0,3.8868227575351106,8.756815184632249,3.8868227575351106,NGC 4874,5.730108495663906,21233135.033039395,4.049327538680103,6.569658904254445,7.2118488566116365,4.049327538680103,1.461621439491965,0.029151800508034897,1.450434902635768,0.08923131486423208,0.002178328432886456,-0.051071305932886446,1.467495687078898,0.01892348715187131,1.4750055146347565,0.05277494849024378,-0.00639386388862756,-0.0349674250056034,0.6025715004214718,-0.014063521537168833,0.5945799684515701,-0.04830746393323615,0.012737476045647955,0.029497998320321017,0.015299005453311237
[EDG2007] 474,0,0,148.48934026733008,593.9573610693203,0.0,0.0,0.0,0.0,0.0,0.0,0.0,0.0,False,False,False,False,False,0,0,,0,0,True,,,,,,,,,,,0.25,,,,,,,False,False,10,,,,,,,,,194.85670833333333,28.081583333333334,GiC,0.0256644214845458,17.9,19.322,1.4220009,,,,16.92,,,5.5,,,NED,,,2007SDSS6.C...0000:,-17.1,False,0.6875,Members of systems,,2935.1805352980878,False,,,,,,,,,,,,,,,,False,,,,,,,,,,,,,,,17.899999618530273,SIMBAD,,,,,-17.100000381469727,0.6875,0.6875,SIMBAD_proxy(maj/8),True,3.2,2.2,,,,1.4220008850097656,B-V,,1.0,0.0,7.671050001945094,11.281142903182737,7.671050001945094,NGC 4874,8.944381191801774,3636578.1682696827,7.631640740652824,10.220148773772479,10.960151269285895,7.631640740652824,,,,,,,,,,,,,,,,,,,
SDSS J130008.39+275716.7,778,2737,8596.046347969346,34384.18539187738,17088.260506312992,51122.6876538636,1.9879209365070223,1.486808166929567,0.9902,0.9514,1.9879209365070223,1.486808166929567,True,True,True,True,True,771,2619,1.496998377,771,2619,True,0.49376621094104767,0.44769529837657585,1.496998377,1.571699103,1.525141491538262,1.5905478421015655,0.04607091256447182,-0.06540635056330357,-0.0747007260000001,0.3342598226058161,0.25000000000000006,380.69374863554776,1172.5139864482521,0.28152454719402614,0.29055470964534474,0.3244158148419375,0.3587067782232289,True,True,10,0.4945665043461491,0.009848282786908342,0.4945665043461491,0.009848282786908342,,,,,195.03466666666665,27.954916666666676,GiC,0.0207009877479973,18.03,19.21,1.1799984,18.238,,17.431,17.267,,0.8070011,4.84,,,NED,,,2007SDSS6.C...0000:,-16.97,False,0.605,Members of systems,dE,2095.996991048066,False,1.237667444048724e+18,5.592635,5.230876154768637,18.41567,24.81021,17.79011,0.01423217,25.80334,0.01490458,0.03191571,0.02207914,0.01640717,18.38375429,24.788130860000003,17.773702829999998,True,-6.404376570000004,0.6100514600000011,18.23765,24.81021,17.43091,0.01861826,6.193195,0.02166967,18.20573429,24.788130860000003,17.41450283,22.1523364663,15.22397171828374,"SDSS(cModelMag g,r)",22.1523364663,SDSS,Vmag_sdss,0.6100514600000011,-6.404376570000004,SDSS(cModel extcorr),-12.847663533700004,0.605,5.230876154768637,SDSS,False,3.2,16.73880369525964,,,,0.6100514600000011,g-i,,1.0,0.0,7.20592089397856,1.3274135806833522,1.3274135806833522,NGC 4889,3.7108537413778473,746533184.4416767,5.777656592054801,4.856456594727542,5.864296781402549,5.777656592054801,1.4128051806135862,0.08419319638641376,1.434570484976461,0.13712861802353915,-0.03500889860004697,-0.03969182739995314,1.406213817939325,0.11892767359893686,1.4595617202165732,0.13098612188499237,-0.0489647591410107,-0.016441591422292873,0.6539574409641027,-0.16019123002305502,0.6067354736233683,-0.15904017524679248,0.05030198169088318,-0.004231069126411358,0.19866131823473349
SDSS J130025.97+280344.6,35,54,1882.3312933133077,7529.325173253232,1882.3312933133077,7529.325173253232,1.0,1.0,1.0,1.0,1.0,1.0,True,True,True,True,True,35,53,1.362653755,35,53,True,0.5485840921851226,0.5931630509232476,1.362653755,1.414514977,1.5050382093714285,1.416921789396227,-0.04457895873812501,0.08811641997520159,-0.051861222000000096,0.24999999999999997,0.24999999999999997,19.20044322647929,31.437641698932122,0.29676914493804746,0.2408734060889283,0.36666612755441047,0.3271267160943768,True,True,10,0.5434327722096226,0.04813953304198516,0.5434327722096226,0.04813953304198516,,,,,195.108242,28.062409,G,0.025,18.05,19.63,1.5799999,19.342,18.652,18.296,18.034,0.6899986,1.0459995,5.22,,,NED,,,2007SDSS6.C...0000:,-16.95,False,0.6525,Regular galaxies,,2715.8171061192106,False,1.2376673243346378e+18,2.475626,2.4477840177081527,19.13984,18.47298,18.20935,0.02169704,0.01877794,0.02210723,0.03545551,0.02452796,0.0182269,19.10438449,18.44845204,18.1911231,True,0.6559324500000017,0.9132613899999988,19.33166,18.64641,18.28921,0.02094592,0.01813107,0.0215745,19.29620449,18.62188204,18.2709831,18.7073843445,0.0142084100251035,"SDSS(cModelMag g,r)",18.7073843445,SDSS,Vmag_sdss,0.9132613899999988,0.6559324500000017,SDSS(cModel extcorr),-16.292615655500004,0.6525,2.4477840177081527,SDSS,False,3.2,7.832908856666089,,,,0.9132613899999988,g-i,,1.0,0.0,12.704784165362682,6.466741929014019,6.466741929014019,NGC 4889,9.41022727466008,6965241.482342461,11.063695705733315,11.616910369142364,12.851208943240861,11.063695705733315,1.4599180241620406,-0.09726426916204067,1.4498813228887308,-0.03536634588873078,0.0008807014934050783,-0.052741923493405174,1.465357291434962,0.03968091793646655,1.474466612294254,-0.05754482289802709,-0.007879350840058724,0.09599577081526031,0.6043645833179097,-0.05578049113278705,0.5950041278265072,-0.0018410769032596308,0.014048267905723694,-0.0586272266438487,0.008962948778926814
LEDA 44637,5,13,1232.8186301448447,4931.274520579379,1201.0119094871077,3174.7545363490044,0.9742,0.6438,0.9742,0.6438,0.9742,0.6438,True,False,False,True,True,4,12,1.6727920059999999,4,12,True,0.3942923724401661,0.5798334761177871,1.6727920059999999,1.468734406,1.83608672275,1.5298049774999998,-0.18554110367762106,0.3062817452500002,0.20405759999999984,0.378300714507611,0.25,1.5771694897606643,6.958001713413445,0.2705060543923258,0.2666436217107691,0.40610245557960306,0.256591941247603,False,True,10,,,,,,,,,194.905032,27.870463,AG?,0.0211,18.14,19.283,1.1430016,18.971,18.092,17.764,17.521,0.8790016,1.2070007,10.4,,,NED,,,20032MASX.C.......:,-16.86,False,1.3,Other,,4588.382250133997,False,1.237667444048659e+18,2.401519,1.980955218692897,18.61829,17.98405,17.71473,0.01376807,0.01096297,0.01380794,0.03536076,0.02446241,0.01817819,18.58292924,17.959587589999998,17.69655181,True,0.6233416500000004,0.8863774299999996,18.75309,18.05203,17.71051,0.01342186,0.01073602,0.01360451,18.71772924,18.02756759,17.69233181,18.2051576665,0.0085849862205673,"SDSS(cModelMag g,r)",18.2051576665,SDSS,Vmag_sdss,0.8863774299999996,0.6233416500000004,SDSS(cModel extcorr),-16.794842333500004,1.3,1.980955218692897,SDSS,False,3.2,6.33905669981727,,,,0.8863774299999996,g-i,,1.0,0.0,5.337391114872821,9.350728221171545,5.337391114872821,NGC 4874,6.6994594269974,9326963.292387102,6.121070166776896,4.2676191079995975,2.9811357603545683,6.121070166776896,1.4667864293154078,0.20600557668459207,1.4521134326511325,0.016620973348867585,0.00611291198353664,0.1979446880164632,1.4739795971068257,0.36210712564317427,1.4766395407325774,0.05316543676742236,-0.0018896629153164757,0.30817140816531663,0.5971346261900409,-0.2028422537498748,0.593293858824293,-0.013460382706505847,0.008762974643078875,-0.19430407832069993,0.004407214507788474
SDSS J125915.58+275356.9,18,74,2497.5481127232683,9990.192450893072,2127.41148241768,5858.248853203698,0.8518,0.5864,0.8518,0.5864,0.8518,0.5864,True,False,False,True,True,18,71,1.41241443,18,71,True,0.591137788987561,0.6427687566616319,1.41241443,1.420810189,1.4393141786666668,1.4438810302816902,-0.05163096767407094,-0.0045668516150234595,-0.008395758999999892,0.3631480218281037,0.25000000000000006,10.640480201776098,45.63658172297586,0.2534187923173499,0.20537013444320018,0.3203507983271568,0.2663507117375257,True,True,10,0.5928344938683583,0.05741491384356293,0.5928344938683583,0.05741491384356293,,,,,194.8147083333333,27.89930555555555,GiC,0.0175629147433489,18.18,19.362,1.1819992,18.135,17.429,17.163,17.058,0.7059994,0.9720001,6.21,,,NED,,,2007SDSS6.C...0000:,-16.82,False,0.77625,Members of systems,SBa,2290.336679764223,False,1.2376674440485934e+18,3.466226,2.819564249134048,18.76148,17.78226,17.80239,0.01765995,0.01494199,0.02021308,0.04119965,0.02850172,0.02117984,18.72028035,17.75375828,17.78121016,True,0.96652207,0.9390701899999988,18.13526,17.42892,17.16264,0.01751236,0.01418745,0.02014331,18.09406035,17.40041828,17.14146016,18.1400323287,0.0114080613812361,"SDSS(cModelMag g,r)",18.1400323287,SDSS,Vmag_sdss,0.9390701899999988,0.96652207,SDSS(cModel extcorr),-16.8599676713,0.77625,2.819564249134048,SDSS,False,3.0,8.458692747402145,,,,0.9390701899999988,g-i,,1.0,0.0,5.727336133549141,12.511599665563155,5.727336133549141,NGC 4874,9.033178703840244,6714980.752737872,7.334383120512385,7.273818436554839,6.427173278794688,7.334383120512385,1.467677077354141,-0.05526264735414088,1.452402877454945,-0.031592688454944895,0.006791389433136619,-0.01518714843313651,1.4750976790289791,-0.03578350036231237,1.4769213113050301,-0.03304028102333989,-0.001112960946857089,-0.0034538906681663706,0.5961970945517236,-0.005059305564162675,0.5930720827789788,0.049696673882653086,0.00807761378078356,-0.0597085814548545,0.012804485754087035
SDSS J130000.97+275929.5,25,117,498.0028325244441,1992.0113300977764,912.3186477061402,3194.2012999566555,1.8319547362441149,1.6035055883943543,1.0,1.0,1.8319547362441149,1.6035055883943543,True,True,True,True,True,22,117,1.4986556444999999,22,117,True,0.4808217984254922,0.5525259341479011,1.4986556444999999,1.437558648,1.5811782724090906,1.4952018363247863,-0.07170413572240886,0.08597643608430428,0.06109699649999989,0.2856171424507654,0.25,10.578079565360829,64.64553429530443,0.32182735310177607,0.2771257412358356,0.36195318629215095,0.302059607079667,True,True,10,0.4847668713905536,0.07040507352978632,0.4847668713905536,0.07040507352978632,,,,,195.004049,27.991542,G,0.0251,18.23,19.666,1.4360008,20.99,19.25,18.73,18.39,1.7399998,2.2600002,5.39,,,NED,,,2007SDSS6.C...0000:,-16.77,False,0.67375,Regular galaxies,dE...,2815.1393916964907,False,1.237667324334637e+18,1.270285,1.2590441808771493,21.19089,19.08823,18.61287,0.1205734,0.02314668,0.0315757,0.02965461,0.02051492,0.01524479,21.16123539,19.06771508,18.59762521,True,2.093520309999999,2.5636101799999977,20.98026,19.23927,18.72824,0.05403992,0.01973615,0.02014627,20.95060539,19.21875508,18.71299521,19.9160584071,0.0512867393810147,"SDSS(cModelMag g,r)",19.9160584071,SDSS,Vmag_sdss,2.5636101799999977,2.093520309999999,SDSS(cModel extcorr),-15.083941592900004,0.67375,1.2590441808771493,SDSS,False,3.2,4.028941378806878,,,,2.5636101799999977,g-i,,1.0,0.0,5.904586438136475,1.7980844571372088,1.7980844571372088,NGC 4889,2.445545509755977,304497760.25243115,4.266457759903924,4.718086361929905,5.990355299049678,4.266457759903924,1.4433883105407683,0.05526733395923156,1.4445094593600256,-0.006950811360025622,-0.011711296077631245,0.07280829257763113,1.4446065872571356,0.13657168515195495,1.4692371763476284,0.02596465997715791,-0.02229431674058463,0.1082707528248889,0.621764418963767,-0.14094262053827478,0.5991201134433548,-0.04659417929545373,0.026768016098378034,-0.09847215182078689,0.09810828669205136
SDSS J130022.65+275754.8,1,7,163.08418004112414,652.3367201644966,163.08418004112414,652.3367201644966,1.0,1.0,1.0,1.0,1.0,1.0,True,True,True,True,True,1,6,1.23808622,1,6,True,0.8039471226630276,0.7103630972635036,1.23808622,1.3838513665,1.23808622,1.4118085133333331,0.09358402539952404,-0.1737222933333331,-0.14576514650000005,0.25,0.25,0.8039471226630276,4.262178583581021,,0.1299241059414568,,0.1507899537988484,False,True,10,,,,,,,,,195.094378,27.965247,G,0.0214,18.3,20.122,1.8220005,21.37,20.09,19.76,17.5,1.2800007,1.6100006,,,,,,,,-16.7,False,,Regular galaxies,,,False,1.237667444048724e+18,0.7301825,0.720495015855537,21.60657,20.07719,19.73829,0.06104267,0.02998838,0.03839239,0.03425521,0.0236976,0.01760986,21.57231479,20.053492400000003,19.72068014,True,1.5188223899999969,1.8516346500000007,21.36275,20.07721,19.76054,0.06320942,0.02998838,0.03841232,21.32849479,20.0535124,19.74293014,20.6662095799,0.0306500055895675,"SDSS(cModelMag g,r)",20.6662095799,SDSS,Vmag_sdss,1.8516346500000007,1.5188223899999969,SDSS(cModel extcorr),-14.333790420099998,,0.720495015855537,SDSS,False,3.2,2.3055840507377185,,,,1.8516346500000007,g-i,,1.0,0.0,10.371560398225919,3.2901908643050426,3.2901908643050426,NGC 4889,6.791424717909634,49812695.692581646,8.870314907391709,8.0704680755758,9.021472577522427,8.870314907391709,1.4331293131462413,-0.19504309314624124,1.4411754673013961,-0.05732410080139605,-0.019526390351672723,-0.12623875614832733,1.431727875322226,-0.193641655322226,1.4659915805084944,-0.054183067175161304,-0.03124081763007233,-0.14248147570326078,0.632563448677526,0.17138367398550158,0.6016746577437962,0.1086884395197073,0.03466239748678562,0.05892162791273842,0.007896157132771937
SDSS J130042.87+280313.7,15,51,1905.2233865507637,7620.893546203057,1905.2233865507637,7620.893546203057,1.0,1.0,1.0,1.0,1.0,1.0,True,True,True,True,True,15,50,1.368082207,15,50,True,0.7063400010602828,0.6273651464525346,1.368082207,1.3328573385000002,1.3643905452666667,1.35371247556,0.07897485460774822,0.010678069706666626,0.03522486849999984,0.24999999999999994,0.24999999999999994,10.595100015904242,31.368257322626732,0.08859483391592031,0.22797611659683434,0.20828157489502533,0.3152009978141652,True,True,10,0.7046836109517872,0.0209774520867393,0.7046836109517872,0.0209774520867393,,,,,195.178632,28.053822,G,0.0226,18.34,19.505,1.164999,19.257,18.571,18.194,18.057,0.6860008,1.0629997,,,,,,,,-16.66,False,,Regular galaxies,,,False,1.237667324334703e+18,3.361696,2.4626234777725764,19.22061,18.56256,18.24216,0.01990558,0.01770487,0.02046511,0.03574946,0.02473131,0.01837802,19.18486054,18.53782869,18.22378198,True,0.6470318499999976,0.9610785600000008,19.24647,18.56495,18.1867,0.01957542,0.01768835,0.0205074,19.21072054,18.54021869,18.16832198,18.7931117485,0.0132560509788579,"SDSS(cModelMag g,r)",18.7931117485,SDSS,Vmag_sdss,0.9610785600000008,0.6470318499999976,SDSS(cModel extcorr),-16.2068882515,,2.4626234777725764,SDSS,False,3.2,7.880395128872244,,,,0.9610785600000008,g-i,,1.0,0.0,15.873207804504695,8.951923374208246,8.951923374208246,NGC 4889,12.368583374097746,2698175.4252773672,14.228790495067253,14.306996374228259,15.444664935300308,14.228790495067253,1.4587456241896553,-0.0906634171896552,1.4495003137075066,-0.11664297520750644,-1.2408813452324807e-05,0.035237277313452164,1.4638855100379902,-0.09949496477132347,1.4740957050480736,-0.12038322948807356,-0.008901758487942224,0.01957982819460885,0.6055986982758639,0.10074130278441895,0.5952960615849554,0.0320690848675792,0.014950439157536882,0.06402441545021134,0.007337342418296865
SDSS J130032.48+275833.2,25,75,4296.28286778724,17185.131471148958,4296.28286778724,17185.131471148958,1.0,1.0,1.0,1.0,1.0,1.0,True,True,True,True,True,24,71,1.39952652,24,71,True,0.6709942475431094,0.6675376969129483,1.39952652,1.401972782,1.4485087445833333,1.4426214709718308,0.003456550630161148,0.0058872736115025415,-0.002446262000000088,0.25000000000000006,0.25000000000000006,16.103861941034626,47.39517648081933,0.21050385698105512,0.18602561059965522,0.29291666389081766,0.2277319745661811,True,True,10,0.6691542579432199,0.04305858651427608,0.6691542579432199,0.04305858651427608,,,,,195.135345,27.975893,G,0.0281361314299641,18.52,,,19.6,19.0,18.65,18.5,0.6000004,0.95000076,5.6881,,,NED,,,2007SDSS6.C...0000:,-16.48,False,0.7110125,Regular galaxies,dE,3317.9816163301944,False,1.2376673243346378e+18,4.940214,3.698039089380649,19.29109,18.99175,18.63312,0.03968271,0.06515902,0.04513678,0.03495927,0.02418466,0.0179718,19.25613073,18.96756534,18.6151482,True,0.2885653899999987,0.6409825299999987,19.58894,18.99175,18.64226,0.03764711,0.0527066,0.04052578,19.55398073,18.96756534,18.6242882,19.0758771499,0.041744909172162,"SDSS(cModelMag g,r)",19.0758771499,SDSS,Vmag_sdss,0.6409825299999987,0.2885653899999987,SDSS(cModel extcorr),-15.924122850100002,0.7110125,3.698039089380649,SDSS,False,3.2,11.833725086018076,,,,0.6409825299999987,g-i,,1.0,0.0,12.575474735129946,5.384449583914499,5.384449583914499,NGC 4889,8.971820232963056,11691849.542053541,11.039470714821793,10.332577720279088,11.279773838570701,11.039470714821793,1.454878550963072,-0.05535203096307195,1.4482435835484322,-0.046270801548432106,-0.0029582660613051426,0.0005120040613050547,1.4590309496749145,-0.010522205091581194,1.472872295362784,-0.030250824390953168,-0.012274093301069128,0.01816136691257167,0.6096693337457036,0.06132491379740579,0.5962589831542335,0.07127871375871475,0.01792618325157816,-0.014469632621417011,0.005310866715877267
SDSS J130022.65+275754.9,5,4,98.96065946193063,395.84263784772236,98.96065946193063,395.84263784772236,1.0,1.0,1.0,1.0,1.0,1.0,True,True,True,True,True,5,4,1.61477134,5,4,True,0.5247384273793302,0.7080858292989285,1.61477134,1.3146428270000001,1.6382596162000003,1.2738325482500001,-0.1833474019195983,0.3644270679500001,0.300128513,0.2500000000000001,0.2500000000000001,2.623692136896651,2.832343317195714,0.24135343396227738,0.05418835583186977,0.19662225728691135,0.2581497217883878,False,True,10,,,,,,,,,194.8884583333333,28.031333333333333,G,0.0237,18.59,19.771,1.1809998,,,,17.75,,,4.49,,,NED,,,2007SDSS6.C...0000:,-16.41,False,0.56125,Regular galaxies,,2218.036527386589,False,,,,,,,,,,,,,,,,False,,,,,,,,,,,,,,,18.59000015258789,SIMBAD,,,,,-16.40999984741211,0.56125,0.56125,SIMBAD_proxy(maj/8),True,3.2,1.7960000000000005,,,,1.180999755859375,B-V,,1.0,0.0,4.3595937711144,8.357529524023352,4.3595937711144,NGC 4874,5.600676502770355,16191194.737635065,4.17963344763517,6.769256699218017,7.544494719721517,4.17963344763517,1.4615233594099881,0.153247980590012,1.4504030283500218,-0.13576020135002165,0.0021036130335565506,0.29802489996644344,1.4673725614874042,0.17088705471259602,1.474974485451911,-0.20114193720191076,-0.006479395983714831,0.37090646393371496,0.602674743426501,-0.07793631604717077,0.5946043909077583,0.1134814383911702,0.0128129494612223,-0.1961603513808206,0.008987559923894547
SDSS J130020.39+280413.9,11,31,1032.7140671385039,4130.856268554015,1032.7140671385039,4130.856268554015,1.0,1.0,1.0,1.0,1.0,1.0,True,True,True,True,True,10,31,1.300510643,10,31,True,0.5005820482142834,0.6007070279614883,1.300510643,1.375026884,1.3518081247,1.3984920396774192,-0.10012497974720491,-0.046683914977419194,-0.07451624099999998,0.25000000000000006,0.25000000000000006,5.005820482142834,18.62191786680614,0.30672621647045806,0.24835384813597097,0.5280942189683552,0.3710892152869992,True,True,10,0.5077336131736482,0.09756289754945259,0.5077336131736482,0.09756289754945259,,,,,195.084967,28.070544,G,0.0235,18.59,,,19.91,19.29,18.91,18.86,0.61999893,1.0,4.11,,,NED,,,2007SDSS6.C...0000:,-16.41,False,0.51375,Regular galaxies,,2013.6731285631995,False,1.2376673243346378e+18,1.8881,1.8130722466886329,19.91841,19.17591,18.71256,0.02778827,0.02579221,0.02969451,0.0352913,0.02441436,0.01814248,19.8831187,19.15149564,18.69441752,True,0.731623060000004,1.1887011800000025,19.90314,19.28362,18.90176,0.02759279,0.02524135,0.02888741,19.8678487,19.25920564,18.88361752,19.4414610946,0.0190098441809053,"SDSS(cModelMag g,r)",19.4414610946,SDSS,Vmag_sdss,1.1887011800000025,0.731623060000004,SDSS(cModel extcorr),-15.558538905400004,0.51375,1.8130722466886329,SDSS,False,3.2,5.801831189403625,,,,1.1887011800000025,g-i,,1.0,0.0,11.909929601496849,6.23276119744283,6.23276119744283,NGC 4889,8.791233640761428,7831259.952389191,10.289687897614844,11.106066314244835,12.371331430591102,10.289687897614844,1.4498788590714244,-0.14936821607142448,1.4466187724269048,-0.07159188842690489,-0.006766929030186691,-0.06774931196981329,1.4527545476875052,-0.10094642298750522,1.4712905638761242,-0.07279852419870503,-0.016634143921576444,-0.03004977105584275,0.6149322087832143,-0.11435016056893088,0.5975039327272381,0.0032030952342502195,0.02177348656001374,-0.12189846630721865,0.011791986048706921
LEDA 126785,14,51,749.5919488294114,2998.3677953176452,749.5919488294114,2998.3677953176452,1.0,1.0,1.0,1.0,1.0,1.0,True,True,True,True,True,14,51,1.2902296655,14,51,True,0.7604374567475835,0.591064976433073,1.2902296655,1.464893624,1.2275931134285716,1.4735829133137257,0.16937248031451047,-0.24598979988515413,-0.17466395849999983,0.25000000000000006,0.25000000000000006,10.646124394466169,30.14431379808672,0.07133124932870855,0.2196680846807765,0.25051939118325983,0.2828784504132881,True,True,10,0.7627606615600919,0.018593377952921507,0.7627606615600919,0.018593377952921507,,,,,194.93366666666665,28.013,GiC,0.044067,18.62,19.718,1.0979996,,,,17.31,,,4.51,,,NED,,,2007SDSS6.C...0000:,-16.38,False,0.56375,Members of systems,,4042.1782468143897,False,1.237667324334572e+18,1.802485,1.544676431865832,19.29103,18.51719,18.1263,0.01700943,0.01532389,0.0173158,0.02599423,0.01798269,0.01336307,19.26503577,18.49920731,18.11293693,True,0.7658284600000016,1.1520988400000007,19.38072,18.73537,18.38664,0.0167432,0.01488413,0.01694963,19.35472577,18.71738731,18.37327693,18.8031969786,0.0114182403100267,"SDSS(cModelMag g,r)",18.8031969786,SDSS,Vmag_sdss,1.1520988400000007,0.7658284600000016,SDSS(cModel extcorr),-16.196803021400004,0.56375,1.544676431865832,SDSS,False,3.2,4.942964581970664,,,,1.1520988400000007,g-i,,1.0,0.0,3.7170116708140366,5.724243727208095,3.7170116708140366,NGC 4874,3.1981840096625103,30589355.53688435,2.5676790767970163,4.965290766963612,6.0304139876899505,2.5676790767970163,1.458607699524507,-0.1683780340245069,1.449455490639461,0.015438133360538897,-0.00011747700085870671,-0.17454648149914112,1.4637123652400286,-0.236119251811457,1.4740520704021034,-0.0004691570883776919,-0.009022037604114935,-0.2369677622810392,0.6057438832778596,0.1546935734697239,0.5953304055518847,-0.00426542911881167,0.015056573301808152,0.1543159070127023,0.01812656231627212
SDSS J125915.81+275309.7,27,490,14367.109751122456,57468.439004489825,3396.3847451653487,29561.765023909564,0.2364,0.5144,0.2364,0.5144,0.2364,0.5144,False,False,False,True,True,27,470,1.427624596,27,470,True,0.5765230463658036,0.5501039886618214,1.427624596,1.513855744,1.441817841296296,1.5359798215531912,0.02641905770398223,-0.09416198025689515,-0.08623114799999998,0.11489113530326595,0.25,15.566122251876697,258.54887467105607,0.2597528575951242,0.2504710470425523,0.32574978888284417,0.30647837926702454,True,True,10,0.5834361727699113,0.04507247830914951,0.5834361727699113,0.04507247830914951,,,,,194.815375,27.88605555555556,AG?,0.0219764618341702,18.78,20.136,1.355999,18.782,18.089,17.784,17.732,0.6929989,0.9979992,4.54,,,NED,,,2007SDSS6.C...0000:,-16.22,False,0.5675,Other,dE...,2083.9888841031925,False,1.237667444048594e+18,7.512209,6.762538775984814,19.53027,18.37165,18.37387,0.02616941,0.02266169,0.02920226,0.04164869,0.02881237,0.02141068,19.488621310000003,18.34283763,18.35245932,True,1.1457836800000043,1.1361619900000015,18.78214,18.08875,17.78445,0.02606315,0.02153244,0.02844043,18.74049131,18.05993763,17.76303932,18.8026089388,0.0171431849354588,"SDSS(cModelMag g,r)",18.8026089388,SDSS,Vmag_sdss,1.1361619900000015,1.1457836800000043,SDSS(cModel extcorr),-16.1973910612,0.5675,6.762538775984814,SDSS,False,3.2,21.64012408315141,,,,1.1361619900000015,g-i,,1.0,0.0,6.232298025271222,12.797800217231767,6.232298025271222,NGC 4874,9.393513238796247,5352025.6309858225,7.798150616346147,7.488970246346225,6.538698855631585,7.798150616346147,1.458615741501904,-0.03099114550190407,1.4494581041393721,0.06439763986062785,-0.00011135078704943568,-0.08611979721295054,1.4637224607987174,-0.021904619502421285,1.4740546146086544,0.06192520694453685,-0.009015024486246859,-0.08514695577064829,0.6057354179717942,-0.02921237160599055,0.5953284030572223,-0.045224414395400925,0.015050384935221456,0.011368672768760774,0.033369692513982474
SDSS J130005.34+275628.8,24,112,650.5972264414279,2602.3889057657116,1328.0283202151836,5301.2743833603545,2.041244976525801,2.0370799966196977,1.0,1.0,2.041244976525801,2.0370799966196977,True,True,True,True,True,24,112,1.4187445295,24,112,True,0.6075486921994193,0.5073809094903021,1.4187445295,1.4747065755,1.406832332125,1.4854390652142857,0.10016778270911719,-0.07860673308928567,-0.055962045999999876,0.2505111458451576,0.25,14.581168612786064,56.82666186291384,0.19514719192358754,0.278796400431222,0.20847982973060458,0.3194749135853652,True,True,10,0.6152431861198616,0.03912064365551996,0.6152431861198616,0.03912064365551996,,,,,195.022289,27.941354,G,0.0237,18.91,19.995,1.085001,19.759,19.106,18.827,18.586,0.6529999,0.9320011,,,,,,,,-16.09,False,,Regular galaxies,,,False,1.2376674440487245e+18,1.657888,1.4390675074507826,19.70556,19.05372,18.94292,0.0256307,0.01995626,0.02691429,0.03154751,0.02182442,0.01621789,19.67401249,19.03189558,18.92670211,True,0.6421169100000022,0.7473103799999983,19.75329,19.09629,18.82524,0.02376873,0.01972249,0.02715298,19.72174249,19.07446558,18.80902211,19.285163513099995,0.0157816992417538,"SDSS(cModelMag g,r)",19.285163513099995,SDSS,Vmag_sdss,0.7473103799999983,0.6421169100000022,SDSS(cModel extcorr),-15.714836486900005,,1.4390675074507826,SDSS,False,3.2,4.605016023842505,,,,0.7473103799999983,g-i,,1.0,0.0,6.633122354117643,2.224598907121029,2.224598907121029,NGC 4889,3.3762597307846978,161733041.95716122,5.341340639113377,4.0328376795424985,4.940676851447108,5.341340639113377,1.4520163702018734,-0.03327184070187328,1.4473134256040225,0.02739314989597741,-0.005138616793243955,-0.05082342920675592,1.4554378888609227,-0.048605556735922706,1.4719667992785028,0.013472265935782879,-0.014770097709803975,-0.0638366353794817,0.6126821793384731,-0.005133487139053816,0.5969716812151818,-0.08959077172487973,0.020128654473914098,0.0800391282352031,0.06090668156907844
ECO 11482,0,0,1052.1399022140693,4208.559608856278,0.0,0.0,0.0,0.0,0.0,0.0,0.0,0.0,False,False,False,False,False,0,0,,0,0,True,,,,,,,,,,,0.24999999999999994,,,,,,,False,False,10,,,,,,,,,195.22821669836,27.842038408099995,GiC,0.02363,16.59,17.47,0.87999916,16.974,16.253,15.896,15.647,0.7210007,1.078001,4.199999809265137,0.07,0.0,SIMBAD,E,2022ApJS..262...36S,,-18.41,False,0.5249999761581421,Members of systems,Sa,2068.825434747248,False,1.2376674440487898e+18,2.63184,1.8300451702709009,16.97714,16.29624,15.9477,0.004498697,0.003730387,0.004007728,0.02746416,0.01899958,0.01411872,16.949675839999998,16.277240420000002,15.93358128,True,0.6724354199999958,1.016094559999999,16.9657,16.24574,15.89333,0.004474238,0.003703904,0.003977473,16.938235839999997,16.226740420000002,15.87921128,16.5429389422,0.0028716092161884,"SDSS(cModelMag g,r)",16.5429389422,SDSS,Vmag_sdss,1.016094559999999,0.6724354199999958,SDSS(cModel extcorr),-18.4570610578,0.5249999761581421,1.8300451702709009,SDSS,False,3.0,5.490135510812702,,,,1.016094559999999,g-i,4.2,1.0,0.0,18.83060520313208,13.112001211343857,13.112001211343857,NGC 4889,15.816622342789286,935484.8357294695,17.73177754088469,15.8370797140024,16.115765114648877,17.73177754088469,,,,,,,,,,,,,,,,,,,
2MASX J13001036+2757332,130,535,1296.2599641721656,5185.039856688662,2645.9841401379476,9734.677134701187,2.041244976525801,1.87745463945538,1.0,0.9218,2.041244976525801,1.87745463945538,True,True,True,True,True,128,528,1.5550121175,128,528,True,0.4847852098183032,0.47473125536796046,1.5550121175,1.5255095535,1.5497955557421876,1.5433764268371213,0.01005395445034274,0.006419128905066351,0.029502563999999953,0.2718101590350452,0.25,62.05250685674281,250.6581028342831,0.27843810821542175,0.28646479698719846,0.2939272765482951,0.3294941174717285,True,True,10,0.483547486946156,0.02372408464161346,0.483547486946156,0.02372408464161346,,,,,195.04316666666665,27.959241666666667,GiC,0.02111,17.406,18.211,0.8050003,17.846,17.167,16.815,16.683,0.67900085,1.0310001,10.019999504089355,0.127,35.0,SIMBAD,C,2006AJ....131.1163S,,-17.594,False,1.2524999380111694,Members of systems,dG,4422.771035867883,False,1.237667444048724e+18,3.635255,2.3293110229189824,17.34061,17.45125,17.22457,0.009019969,0.008283022,0.01234929,0.03225569,0.02231434,0.01658195,17.308354310000002,17.42893566,17.20798805,True,-0.1205813499999983,0.1003662600000012,18.02295,17.50024,17.23492,0.008862869,0.008156103,0.0121892,17.990694310000002,17.47792566,17.21833805,17.369497306499998,0.0061285554479605,"SDSS(cModelMag g,r)",17.369497306499998,SDSS,Vmag_sdss,0.1003662600000012,-0.1205813499999983,SDSS(cModel extcorr),-17.630502693500002,1.2524999380111694,2.3293110229189824,SDSS,False,3.2,7.453795273340744,,,,0.1003662600000012,g-i,7.62,0.7604790795538593,35.0,7.651561601119317,1.1782038651879938,1.1782038651879938,NGC 4889,4.110267789121622,1065854498.4658697,6.188486481802898,5.3645546285502235,6.3828637377170185,6.188486481802898,1.478214842369739,0.07679727513026102,1.455827464042368,0.06968208945763199,0.014818843176182483,0.01468372082381747,1.488326344058766,0.061469211683421676,1.4802550996834773,0.06312132715364394,0.008076643110899395,-0.0016575142058330439,0.5851046229247437,-0.10031941310644055,0.5904481238749296,-0.11571686850696916,-3.1281544497274716e-05,0.010085235994840014,0.2258194021121316
2MASX J13002014+2750365,0,0,2050.1397297967883,8200.558919187155,0.0,0.0,0.0,0.0,0.0,0.0,0.0,0.0,False,False,False,False,False,0,0,,0,0,True,,,,,,,,,,,0.24999999999999994,,,,,,,False,False,10,,,,,,,,,195.084042,27.843505,GiC,0.02625,16.41,18.139,1.7290001,17.593,16.893,16.544,16.329,0.70000076,1.0489998,10.019999504089355,0.167,90.0,SIMBAD,C,2006AJ....131.1163S,,-18.59,False,1.2524999380111694,Members of systems,0.68,5465.499831533646,False,1.2376674440487242e+18,3.253954,2.5545640411868384,17.46451,16.71094,16.39165,0.007043297,0.005895666,0.007878879,0.02920661,0.020205,0.01501448,17.43530339,16.690735,16.376635519999997,True,0.7445683900000013,1.0586678700000045,17.57266,16.88955,16.54452,0.006854549,0.005707774,0.007635425,17.54345339,16.869345,16.529505519999997,16.986008039899996,0.004520915346694,"SDSS(cModelMag g,r)",16.986008039899996,SDSS,Vmag_sdss,1.0586678700000045,0.7445683900000013,SDSS(cModel extcorr),-18.013991960100004,1.2524999380111694,2.5545640411868384,SDSS,False,3.2,8.174604931797884,,,,1.0586678700000045,g-i,10.020000000000001,1.0,90.0,12.02997810711324,8.443531432205637,8.443531432205637,NGC 4889,9.74263079542453,3518078.5677873758,11.287065182535155,8.964585482371623,8.923079147707838,11.287065182535155,,,,,,,,,,,,,,,,,,,
GMP 2913,0,0,4809.426068435286,19237.70427374114,0.0,11.542622564244683,0.0,0.0006,0.0,0.0006,0.0,0.0006,False,False,False,False,True,0,0,,0,0,True,,,,,,,,,,,0.25000000000000006,,,,,,,False,False,10,,,,,,,,,195.03670265369,27.861825508330003,GiC,0.0174,18.437,19.175,0.73799896,,,,16.85,,,,,,,,,,-16.563,False,,Members of systems,S...,,False,1.2376674440487242e+18,5.912287,3.912656213434796,19.13227,18.36162,17.84997,0.02770943,0.02298616,0.02534881,0.03119805,0.02158266,0.01603823,19.10107195,18.34003734,17.83393177,True,0.7610346099999994,1.2671401799999984,19.03784,18.40429,17.99546,0.02777988,0.02254004,0.02706396,19.00664195,18.38270734,17.979421770000002,18.6420615301,0.0176915978752485,"SDSS(cModelMag g,r)",18.6420615301,SDSS,Vmag_sdss,1.2671401799999984,0.7610346099999994,SDSS(cModel extcorr),-16.357938469900002,,3.912656213434796,SDSS,False,3.0,11.737968640304388,,,,1.2671401799999984,g-i,,1.0,0.0,9.361506607494006,6.9137569214670105,6.9137569214670105,NGC 4889,7.391523231470502,6597178.068909254,8.738506028075252,6.312861874385418,6.191485143892582,8.738506028075252,,,,,,,,,,,,,,,,,,,
2MASX J12592022+2804278,0,13,4283.939536605969,17135.75814642388,0.0,2772.5656680913835,0.0,0.1618,0.0,0.1618,0.0,0.1618,False,False,False,False,True,0,13,,0,13,True,,0.6170715717473245,,1.415467548,,1.3742652167692309,,,,,0.24999999999999994,,8.02193043271522,,0.22252073058094987,,0.3630690285774716,False,True,10,,,,,,,,,194.83417052457,28.0742983473,GiC,0.02389,15.94,17.487,1.5469999,16.8259,16.0755,15.72,15.526,0.75039864,1.1058989,19.042800903320312,0.306557,180.0,SIMBAD,B,2023ApJS..269....3M,,-19.060001,False,2.380350112915039,Members of systems,SB0p,9480.275913636968,False,1.2376673243345715e+18,3.843837,3.757343491019975,16.9151,16.04711,15.85105,0.004489343,0.003661211,0.004021861,0.03252118,0.022498,0.01671843,16.88257882,16.024612,15.834331570000002,True,0.8579668199999979,1.0482472499999975,16.79081,16.01027,15.71214,0.004453185,0.003636962,0.004005511,16.75828882,15.987771999999998,15.69542157,16.3663783962,0.0028379597823087,"SDSS(cModelMag g,r)",16.3663783962,SDSS,Vmag_sdss,1.0482472499999975,0.8579668199999979,SDSS(cModel extcorr),-18.6336216038,2.380350112915039,3.757343491019975,SDSS,False,3.0,11.272030473059925,,,,1.0482472499999975,g-i,18.393420000000003,0.9658988766086882,180.0,7.704977906023236,12.074209724900623,7.704977906023236,NGC 4874,9.461702361895743,3381305.615294291,7.933407918309556,10.46952783436178,11.08060436242012,7.933407918309556,,,1.4602857527207926,-0.044818204720792565,,,,,1.4845951829619903,-0.11032996619275948,,,,,0.5870321301554143,0.030039441591910188,,,0.003998705360381975
LEDA 44656,195,540,3512.458962648311,14049.835850593241,3512.458962648311,14049.835850593241,1.0,1.0,1.0,1.0,1.0,1.0,True,True,True,True,True,185,527,1.476772904,185,527,True,0.5597507827581436,0.5838414378812391,1.476772904,1.475803234,1.5067441676324325,1.4961283586963947,-0.024090655123095495,0.010615808936037752,0.0009696699999999225,0.25000000000000006,0.25000000000000006,103.55389481025657,307.68443776341303,0.2568726975740105,0.24326439700351213,0.30090641305843596,0.31221279775261584,True,True,10,0.5599167031370722,0.01849421173311569,0.5599167031370722,0.01849421173311569,,,,,194.93220379569,27.994682930960007,G,0.02225,15.15,16.384,1.2340012,15.8571,15.0374,14.58,14.277,0.8196993,1.2770996,23.4192008972168,0.37541,38.0,SIMBAD,B,2023ApJS..269....3M,,-19.85,False,2.9274001121521,Regular galaxies,,10880.271193358436,False,1.2376673243345715e+18,3.425483,3.409480300504473,15.72131,14.94977,14.54996,0.002742767,0.002407566,0.00243534,0.02641274,0.01827221,0.01357821,15.69489726,14.93149779,14.53638179,True,0.7633994700000013,1.158515470000001,15.72696,14.93492,14.52778,0.002730727,0.002398475,0.002432398,15.70054726,14.91664779,14.51420179,15.2344915727,0.0018117106775251,"SDSS(cModelMag g,r)",15.2344915727,SDSS,Vmag_sdss,1.158515470000001,0.7633994700000013,SDSS(cModel extcorr),-19.7655084273,2.9274001121521,3.409480300504473,SDSS,False,3.2,10.910336961614314,,,,1.158515470000001,g-i,22.5246,0.9618005370403941,38.0,2.7667993742539423,5.482977187375842,2.7667993742539423,NGC 4874,2.407029787069425,62236733.52219954,1.4700631849743762,3.89579690792044,4.9332023582323234,1.4700631849743762,1.5074129814309623,-0.03064007743096231,1.4653163409777312,0.010486893022268795,0.03706138799949704,-0.03609171799949712,1.5249804543527736,-0.018236286720341166,1.4894923920818668,0.006635966614527922,0.0335392850277379,-0.022923476091700146,0.5543694975335596,0.0053812852245840315,0.5831776337038204,0.0006638041774187364,-0.022499485474837155,-0.0015911696482583393,0.06428229038288762
2MASX J12592016+2753098,21,247,5103.226847755929,20412.907391023717,1412.5731914588412,11921.13791635785,0.2768,0.584,0.2768,0.584,0.2768,0.584,False,False,False,True,True,20,237,1.4945924175,20,237,True,0.6007513079808224,0.5258032436908788,1.4945924175,1.532126527,1.4957236679499997,1.5537280857763716,0.0749480642899436,-0.05800441782637189,-0.03753410949999991,0.11849315068493152,0.25,12.015026159616449,124.61536875473828,0.21561325135813214,0.26648021472404526,0.242617061090586,0.3177966242220765,True,True,10,0.604225990355991,0.04590462656555779,0.604225990355991,0.04590462656555779,,,,,194.834049763,27.885987371239995,GiC,0.02162,15.38,16.657,1.2769995,15.779,15.06,14.679,14.403,0.71899986,1.1000004,29.204219818115234,0.327136,44.0,SIMBAD,B,2023ApJS..269....3M,,-19.619999,False,3.650527477264404,Members of systems,-1.86,13193.831865445569,False,1.2376674440485932e+18,6.905388,4.916210954931332,16.04926,15.30652,14.94658,0.003408959,0.002863199,0.003092049,0.03977113,0.02751349,0.02044547,16.009488870000002,15.27900651,14.92613453,True,0.7304823600000017,1.0833543400000014,15.89968,15.17129,14.8176,0.003362945,0.002820483,0.003038891,15.85990887,15.14377651,14.79715453,15.5685042776,0.002192528745451,"SDSS(cModelMag g,r)",15.5685042776,SDSS,Vmag_sdss,1.0833543400000014,0.7304823600000017,SDSS(cModel extcorr),-19.4314957224,3.650527477264404,4.916210954931332,SDSS,False,3.2,15.731875055780264,,,,1.0833543400000014,g-i,19.628159999999998,0.6721001321810606,44.0,5.576863312936564,11.911757005768564,5.576863312936564,NGC 4874,8.568579975084994,7340507.859035641,7.07854727161373,6.576931179443289,5.584381217004642,7.07854727161373,1.5028450548668835,-0.00825263736688342,1.463831845923939,0.06829468107606096,0.033581635021470296,-0.07111574452147021,1.519246072317549,-0.023522404367549266,1.4880472563751599,0.06568082940121167,0.029555761346325593,-0.08756017917269748,0.5591778791715227,0.041573428809299706,0.5843150714397269,-0.05851182774884811,-0.018984429074655806,0.09393249336459941,0.04980789827782361
LEDA 1820946,0,0,2159.308085493098,8637.232341972393,0.0,0.0,0.0,0.0,0.0,0.0,0.0,0.0,False,False,False,False,False,0,0,,0,0,True,,,,,,,,,,,0.25,,,,,,,False,False,10,,,,,,,,,195.233046,27.898499,GiC,0.02008,16.88,18.511,1.6310005,17.8705,17.1642,16.025,16.6473,0.70630074,1.845501,21.069780349731445,0.17962,142.0,SIMBAD,B,2023ApJS..269....3M,,-18.12,False,2.6337225437164307,Members of systems,,8857.385489570715,False,1.2376674440487898e+18,5.026748,3.665720953583065,17.33229,16.72034,16.38687,0.009437196,0.008089937,0.009884069,0.0289356,0.02001752,0.01487516,17.3033544,16.70032248,16.37199484,True,0.6030319199999994,0.9313595600000006,17.06194,16.37935,16.02368,0.00900143,0.007676336,0.009369091,17.0330044,16.35933248,16.00880484,16.9375655672,0.0061443654780203,"SDSS(cModelMag g,r)",16.9375655672,SDSS,Vmag_sdss,0.9313595600000006,0.6030319199999994,SDSS(cModel extcorr),-18.0624344328,2.6337225437164307,3.665720953583065,SDSS,False,3.2,11.730307051465807,,,,0.9313595600000006,g-i,10.7772,0.5115003488936403,142.0,18.09055354269622,11.567816137487481,11.567816137487481,NGC 4889,14.746361663955401,1308496.7678347593,16.784951093473385,15.286144960227762,15.82567322904998,16.784951093473385,,,,,,,,,,,,,,,,,,,
LEDA 126800,35,25,1261.9322830156648,5047.729132062657,1261.9322830156648,4854.905879217864,1.0,0.9618,1.0,0.9618,1.0,0.9618,True,True,True,True,True,30,25,1.6145830235,30,25,True,0.5425085606759318,0.5825125772782482,1.6145830235,1.483589703,1.5373492628999998,1.45789210372,-0.04000401660231645,0.07945715917999974,0.1309933205,0.25992929923060937,0.2500000000000001,16.275256820277953,14.562814431956207,0.22052780612237738,0.21500106893018797,0.26072058098774714,0.25028335484029707,True,True,10,0.5407572075763829,0.03616402678991669,0.5407572075763829,0.03616402678991669,,,,,194.79814608712,28.009279335850003,G,0.02299,16.76,18.12,1.3600006,17.305,16.574,16.204,15.94,0.7310009,1.1009998,13.199999809265137,0.21,,SIMBAD,E,2003A&A...412...45P,,-18.24,False,1.649999976158142,Regular galaxies,,6330.831049976618,False,1.2376673243345062e+18,2.320151,2.051373679435748,17.4938,16.75879,16.37698,0.006093453,0.005099151,0.005449634,0.03288055,0.02274661,0.01690317,17.46091945,16.736043390000003,16.36007683,True,0.7248760599999962,1.100842619999998,17.2971,16.56852,16.19925,0.005992664,0.005003454,0.005335718,17.26421945,16.54577339,16.18234683,17.023242574599998,0.0039105815758396,"SDSS(cModelMag g,r)",17.023242574599998,SDSS,Vmag_sdss,1.100842619999998,0.7248760599999962,SDSS(cModel extcorr),-17.976757425400002,1.649999976158142,2.051373679435748,SDSS,False,3.2,6.564395774194392,,,,1.100842619999998,g-i,12.6,0.954545468338265,0.0,6.11939665651458,12.630821191487428,6.11939665651458,NGC 4874,9.242994182591323,5640321.120413978,7.2156095070404875,9.181898598248504,9.290876047089526,7.2156095070404875,1.4829501897519815,0.1316328337480186,1.4573663678903865,0.0262233351096135,0.018426133907370745,0.11256718659262926,1.494270899116375,0.04307836378362495,1.4817532016099735,-0.02386109788997337,0.012206168437601167,0.06725099074239857,0.5801200074580228,-0.03761144678209105,0.5892689974748809,-0.006756420196632695,-0.003675169617026075,-0.036328846985290375,0.005659646501786688
LEDA 44616,56,102,3950.731005506707,15802.924022026822,3382.615886914842,10208.688918229327,0.8562,0.646,0.8562,0.646,0.8562,0.646,True,False,False,True,True,55,96,1.514223078,55,96,True,0.5389021357757645,0.5528011468432501,1.514223078,1.4885903835,1.539276431654545,1.5108940475520833,-0.01389901106748559,0.028382384102461744,0.02563269449999983,0.33134674922600627,0.2500000000000001,29.63961746766705,53.06891009695201,0.28002689249453877,0.26605265020671287,0.3477277194049027,0.35465319871610174,True,True,10,0.5404355547288292,0.036001374318418135,0.5404355547288292,0.036001374318418135,,,,,194.88102275683,28.046604796320004,EmG,0.02308,15.014,15.931,0.9169998,15.404,14.632,14.279,13.957,0.7720003,1.125,23.21999931335449,0.209,115.0,SIMBAD,C,2006AJ....131.1163S,,-19.986,False,2.9024999141693115,Regular galaxies,,11178.88372644241,False,1.2376673243345715e+18,6.934854,4.825542301445216,15.24406,14.39429,14.36976,0.002597582,0.002240397,0.002432704,0.02720708,0.01882173,0.01398656,15.21685292,14.37546827,14.35577344,True,0.8413846500000002,0.861079479999999,15.22128,14.39429,14.13101,0.002598232,0.002240398,0.002434631,15.19407292,14.37546827,14.11702344,14.7104359765,0.0016974949461703,"SDSS(cModelMag g,r)",14.7104359765,SDSS,Vmag_sdss,0.861079479999999,0.8413846500000002,SDSS(cModel extcorr),-20.2895640235,2.9024999141693115,4.825542301445216,SDSS,False,3.2,15.44173536462469,,,,0.861079479999999,g-i,12.54,0.5400516955565923,115.0,5.325221117073914,9.103196544208913,5.325221117073914,NGC 4874,6.523459754669351,9554733.184665523,5.172415927468721,7.764365270610436,8.53948698197187,5.172415927468721,1.514579916831377,-0.00035683883137704875,1.4676454677715873,0.020944915728412727,0.04252101272267789,-0.016888318222678056,1.5339775222852883,0.00529890936925681,1.4917597652783292,0.019134282273754133,0.03978931039268424,-0.011406926290222497,0.5468252955643729,-0.007923159788608358,0.581393029100204,-0.02859188225695386,-0.028014500174727647,0.014115489107242057,0.012780039692498978
2MASX J12590459+2754389,0,0,1377.339031790491,5509.356127161961,0.0,0.0,0.0,0.0,0.0,0.0,0.0,0.0,False,False,False,False,False,0,0,,0,0,True,,,,,,,,,,,0.2500000000000001,,,,,,,False,False,10,,,,,,,,,194.76933243666,27.91098112536,GiC,0.02136,15.46,16.836,1.3760004,16.031,15.266,14.878,14.586,0.76500034,1.1529999,30.323999404907227,0.265638,39.0,SIMBAD,B,2023ApJS..269....3M,,-19.54,False,3.7904999256134033,Members of systems,S0,13539.24470315163,False,1.2376674440485934e+18,4.291782,2.8881384260928527,15.97731,15.25162,14.87028,0.003181499,0.002726208,0.002848987,0.04436432,0.03069103,0.02280673,15.93294568,15.22092897,14.84747327,True,0.7120167099999986,1.0854724099999995,16.01041,15.24325,14.86925,0.003173799,0.002720876,0.002848636,15.96604568,15.21255897,14.84644327,15.5028558211,0.0020709055372553,"SDSS(cModelMag g,r)",15.5028558211,SDSS,Vmag_sdss,1.0854724099999995,0.7120167099999986,SDSS(cModel extcorr),-19.4971441789,3.7904999256134033,2.8881384260928527,SDSS,False,3.0,8.664415278278558,,,,1.0854724099999995,g-i,15.938279999999999,0.5255995354432292,39.0,7.448393380007165,14.56406351047053,7.448393380007165,NGC 4874,10.987498569653363,3212192.871613098,9.09556076563282,9.501450723408729,8.784196704619301,9.09556076563282,,,,,,,,,,,,,,,,,,,0.0037241821681779272
LEDA 126761,19,28,1740.1438414584136,6960.575365833656,1740.1438414584136,6581.920065932305,1.0,0.9456,1.0,0.9456,1.0,0.9456,True,True,True,True,True,19,27,1.54506938,19,27,True,0.5770206721154126,0.46617247327273764,1.54506938,1.526115702,1.4735657838421055,1.5399310533703703,0.110848198842675,-0.06636526952826483,0.01895367799999992,0.26438240270727575,0.24999999999999994,10.96339277019284,12.586656778363917,0.22984870013661135,0.3172459760657647,0.2999269909972693,0.4512099939286444,True,True,10,0.5767188849762375,0.05396233967934309,0.5767188849762375,0.05396233967934309,,,,,195.077274,28.097154,G,0.02608,17.04,,,18.0271,17.2866,16.345,16.7547,0.7404995,1.6821003,15.10818099975586,0.185831,172.0,SIMBAD,B,2023ApJS..269....3M,,-17.96,False,1.8885226249694824,Regular galaxies,,8189.209491651887,False,1.2376673243346373e+18,2.984147,2.7396117517756293,17.64105,16.9884,16.65755,0.008058333,0.006885627,0.00771767,0.0354602,0.0245312,0.01822931,17.6055898,16.9638688,16.63932069,True,0.6417210000000004,0.9662691099999988,17.38926,16.69533,16.33616,0.007796423,0.006673062,0.007489364,17.3537998,16.6707988,16.31793069,17.21697441,0.005236404550725,"SDSS(cModelMag g,r)",17.21697441,SDSS,Vmag_sdss,0.9662691099999988,0.6417210000000004,SDSS(cModel extcorr),-17.78302559,1.8885226249694824,2.7396117517756293,SDSS,False,3.2,8.766757605682015,,,,0.9662691099999988,g-i,11.14986,0.7380014841085222,172.0,12.56286733068016,7.567526255014786,7.567526255014786,NGC 4889,9.720538364282957,4565419.131852934,10.995968567563509,12.116571910577022,13.39978339508907,10.995968567563509,1.4803007312605856,0.06476864873941435,1.4565053409078965,0.0696103610921035,0.01640783064739873,0.0025458473526011882,1.4909448808533825,-0.017379097011277045,1.4809150035751228,0.05901604979524744,0.009895671433032355,-0.07626094096129718,0.5829089331077377,-0.0058882609923250895,0.5899287265720012,-0.1237562532992636,-0.001636389900112195,0.11248458874278719,0.004976980211283892
Z 160-A14,71,654,55409.46351509758,221637.8540603903,10926.746205177242,62767.84026990253,0.1972,0.2832,0.1972,0.2832,0.1972,0.2832,False,False,False,True,True,70,638,1.4142712005,70,638,True,0.6348155647300199,0.5855375438306087,1.4142712005,1.469028429,1.4237181453857142,1.4846735834122256,0.049278020899411135,-0.06095543802651138,-0.05475722849999998,0.1740819209039548,0.25000000000000006,44.43708953110139,373.5729529639284,0.2150650777648999,0.23784958807618087,0.29883983525779634,0.30851834257510546,True,True,10,0.6373891111634693,0.02501536150165392,0.6373891111634693,0.02501536150165392,,,,,194.80802541595,28.076247957130004,GiC,0.02605,14.89,15.731,0.8409996,15.2864,14.5088,13.987,13.729,0.7776003,1.2993994,42.6622200012207,0.687217,72.0,SIMBAD,B,2023ApJS..269....3M,,-20.11,False,5.332777500152588,Members of systems,E1,23098.786248398344,False,1.2376673243345062e+18,14.07311,13.50878188094863,14.74425,14.0919,13.69844,0.002372164,0.002136026,0.00219536,0.03440632,0.02380214,0.01768754,14.70984368,14.06809786,13.68075246,True,0.6417458199999988,1.0290912199999998,14.81942,14.09186,13.70161,0.002373725,0.002136026,0.002195365,14.78501368,14.06805786,13.68392246,14.3212136462,0.0015919074914734,"SDSS(cModelMag g,r)",14.3212136462,SDSS,Vmag_sdss,1.0290912199999998,0.6417458199999988,SDSS(cModel extcorr),-20.6787863538,5.332777500152588,13.50878188094863,SDSS,False,3.2,43.22810201903562,,,,1.0290912199999998,g-i,41.233019999999996,0.966499633606038,72.0,8.508403185891346,13.354927439395158,8.508403185891346,NGC 4874,10.598195894782828,2507474.1811365327,8.941889504576512,11.407203484410354,11.907206387730954,8.941889504576512,1.5199028850772773,-0.10563168457727734,1.469375337970174,-0.0003469089701739758,0.046575941002670845,-0.10133316950267082,1.5406597517509275,-0.11694160636521334,1.4934437703449406,-0.00877018693271503,0.04443127863921767,-0.10538671666572905,0.5412221269464004,0.0935934377836195,0.5800675820149703,0.005469961815638413,-0.032110567249853256,0.08138858814926439,0.013482962525694633
LEDA 44654,0,4,2046.9379198698075,8187.751679479231,0.0,1766.916812431618,0.0,0.2158,0.0,0.2158,0.0,0.2158,False,False,False,False,True,0,4,,0,4,True,,0.7497535043188501,,1.2443358194999998,,1.2935166515,,,,,0.24999999999999997,,2.9990140172754005,,0.10196331528572994,,0.2139465957419419,False,True,10,,,,,,,,,194.91709818857,27.854942862280005,GiC,0.01267,16.34,17.112,0.77199936,16.475,15.712,15.338,15.056,0.7630005,1.1370001,19.979999542236328,0.207,90.0,SIMBAD,C,2006AJ....131.1163S,,-18.66,False,2.497499942779541,Members of systems,,5347.782336170842,False,1.2376674440486587e+18,4.427285,3.2375340032278377,16.47558,15.7564,15.36265,0.003993998,0.003255572,0.003452432,0.03462779,0.02395535,0.01780139,16.440952210000003,15.73244465,15.34484861,True,0.7085075600000028,1.0961036000000028,16.47495,15.7117,15.33763,0.003966227,0.003229247,0.003432823,16.44032221,15.68774465,15.31982861,16.012932749599997,0.0025240758921553,"SDSS(cModelMag g,r)",16.012932749599997,SDSS,Vmag_sdss,1.0961036000000028,0.7085075600000028,SDSS(cModel extcorr),-18.987067250400003,2.497499942779541,3.2375340032278377,SDSS,False,3.2,10.36010881032908,,,,1.0961036000000028,g-i,12.42,0.6216216358636538,90.0,6.333173914566013,9.58625784932954,6.333173914566013,NGC 4874,7.274704755144369,6283899.296861078,6.959660546582788,4.838479206817263,3.5815545330176044,6.959660546582788,,,1.4618566160636082,-0.21752079656360834,,,,,1.4861243970211822,-0.1926077455211821,,,,,0.585828516010991,0.16392498830785918,,,0.004125879301834859
NGC 4894,85,485,3549.475081272471,14197.900325089884,4468.189561989518,16940.878774829653,1.2588310833802758,1.1931960632863792,0.9652,0.8954,1.258831083380276,1.1931960632863792,True,True,True,True,True,80,468,1.4938121,80,468,True,0.5467513061118701,0.4997731423103183,1.4938121,1.5293513375,1.538868516475,1.5451933908205129,0.04697816380155179,-0.006324874345512876,-0.0355392375000001,0.26375193526726876,0.25,43.740104488949605,233.89383060122896,0.26782536091232484,0.28413346424248626,0.3252414645766637,0.3261395083411388,True,True,10,0.5525443319549749,0.028549258365334493,0.5525443319549749,0.028549258365334493,,,,,195.06883071401,27.967522811130003,AG?,0.01547,15.04,16.106,1.0660009,15.602,14.896,14.534,14.267,0.7060003,1.0679998,36.62639999389648,0.272928,35.0,SIMBAD,B,2023ApJS..269....3M,,-19.96,True,4.5782999992370605,Other,,11928.963265800565,False,1.237667444048724e+18,7.417125,5.026950107692628,15.47466,14.59419,14.4706,0.002852344,0.002355901,0.002581416,0.03352223,0.02319052,0.01723304,15.44113777,14.57099948,14.45336696,True,0.8701382899999999,0.9877708100000008,15.34952,14.59441,14.31139,0.002860983,0.002355902,0.002606179,15.31599777,14.57121948,14.29415696,14.9177561789,0.0018165043200105,"SDSS(cModelMag g,r)",14.9177561789,SDSS,Vmag_sdss,0.9877708100000008,0.8701382899999999,SDSS(cModel extcorr),-20.0822438211,4.5782999992370605,5.026950107692628,SDSS,False,3.2,16.08624034461641,,,,0.9877708100000008,g-i,16.37568,0.44710045220739375,35.0,9.024995908507309,1.945041173130947,1.945041173130947,NGC 4889,5.4354458715513445,237850552.81894642,7.512870849978578,6.812002554574852,7.824452941874135,7.512870849978578,1.5117446251016906,-0.017932525101690633,1.4667240482851456,0.0626272892148545,0.04036114550468542,-0.07590038300468552,1.5304182168255225,0.008450299649477522,1.4908627759638071,0.05433061485670576,0.03731675493661907,-0.043641629282131944,0.5498098366904279,-0.003058530578557872,0.5820990316509038,-0.08232588934058555,-0.02583272027940542,0.0728108840809572,0.26291147679148863
NGC 4886,1486,2340,9088.427963527278,36353.711854109126,18516.42219480924,50676.44939578729,2.037362486572749,1.3939828097652494,0.9982,0.94,2.037362486572749,1.3939828097652494,True,True,True,True,True,1435,2288,1.564483184,1435,2288,True,0.4526504760087575,0.4855072590027792,1.564483184,1.524704233,1.5845397091777003,1.5464266125450175,-0.03285678299402167,0.03811309663268281,0.03977895099999995,0.36538515258230586,0.2499999999999999,649.553433072567,1110.8406085983588,0.2938542858319952,0.28572590464775094,0.3627512053737667,0.35120946948426435,True,True,10,0.4525037085897259,0.007482800621371376,0.4525037085897259,0.007482800621371376,,,,,195.01853930586,27.98758513112,EmG,0.02125,14.294,15.1,0.8060007,14.837,14.07,13.673,13.374,0.7670002,1.1639996,52.4088020324707,0.575012,58.0,SIMBAD,B,2023ApJS..269....3M,,-20.706001,True,6.551100254058838,Regular galaxies,,23282.406744504948,False,1.237667324334637e+18,6.733684,6.629144494245015,14.71528,13.93851,13.60319,0.002147604,0.001930202,0.001987001,0.0307274,0.02125707,0.01579629,14.6845526,13.91725293,13.58739371,True,0.7672996699999999,1.097158890000001,14.70607,13.93849,13.5616,0.002147679,0.001930202,0.001988238,14.6753426,13.91723293,13.54580371,14.2218457947,0.0014395209060958,"SDSS(cModelMag g,r)",14.2218457947,SDSS,Vmag_sdss,1.097158890000001,0.7672996699999999,SDSS(cModel extcorr),-20.7781542053,6.551100254058838,6.629144494245015,SDSS,False,3.2,21.213262381584048,,,,1.097158890000001,g-i,34.50072,0.6583001072725252,58.0,6.569382104886389,1.024666966590929,1.024666966590929,NGC 4889,3.005746076700202,1620503836.8985834,4.951124720564601,5.081365527295721,6.316685581679086,4.951124720564601,1.5212618305360084,0.043221353463991585,1.4698169711233255,0.054887261876674476,0.04761115784354156,-0.007832206843541606,1.5423657144707918,0.04217399470690841,1.4938736942017123,0.05255291834330511,0.04561636586438722,-0.0075032692317044125,0.5397916467714037,-0.08714117076264616,0.5797291974494314,-0.09422193844665222,-0.03315628676070817,0.0002995037666864986,0.0854948480247623
NGC 4872,264,1058,2379.648362438905,9518.59344975562,2379.648362438905,9518.59344975562,1.0,1.0,1.0,1.0,1.0,1.0,True,True,True,True,True,255,1017,1.57777551,255,1017,True,0.5243092958295686,0.5165608553075168,1.57777551,1.565525964,1.5751588809686274,1.5730981091012783,0.007748440522051814,0.0020607718673490982,0.012249545999999834,0.25,0.25,133.69887043654,525.3423898477446,0.2524851680258696,0.26743417830478444,0.2984608867998538,0.3145664569636716,True,True,10,0.5247317218320902,0.016080442956032198,0.5247317218320902,0.016080442956032198,,,,,194.89217171503,27.94685519906,AGN,0.02395,14.1,14.7,0.5999994,15.141,14.305,13.908,13.583,0.8359995,1.2329998,34.20000076293945,0.4,171.0,SIMBAD,D,2008ApJS..175...86P,,-20.9,True,4.275000095367432,Active (AGN/Seyfert/QSO),,17067.662871420504,False,1.2376674440486584e+18,3.66361,3.2854048505957945,15.09876,14.28353,13.83417,0.002393065,0.002126852,0.002146294,0.03174773,0.02196293,0.01632081,15.06701227,14.26156707,13.81784919,True,0.8054452000000012,1.2491630800000006,15.09115,14.2712,13.86226,0.002384469,0.002119282,0.002147931,15.05940227,14.24923707,13.84593919,14.581799602,0.0015928899909877,"SDSS(cModelMag g,r)",14.581799602,SDSS,Vmag_sdss,1.2491630800000006,0.8054452000000012,SDSS(cModel extcorr),-20.418200398,4.275000095367432,3.2854048505957945,SDSS,False,3.2,10.513295521906542,,,,1.2491630800000006,g-i,24.0,0.7017543703100557,171.0,0.8221462634038075,7.7176510899557575,0.8221462634038075,NGC 4874,4.129079699002495,1973715313.1549392,2.335873126069854,3.0611889553508695,3.0665392548997885,2.335873126069854,1.516339135877734,0.06143637412226588,1.4682171827359634,0.09730878126403675,0.04386114979136502,-0.031611603791365184,1.5361859715573902,0.03897290941123721,1.4923163220057953,0.080781787095483,0.041323461748589085,-0.03926268988123999,0.5449734714509602,-0.020664175621391556,0.5809549743064191,-0.06439411899890224,-0.02936823344549569,0.0371166739675475,0.16050165749136286
NGC 4865,0,0,2984.8032085852806,11939.21283434112,0.0,761.7217788309634,0.0,0.0638,0.0,0.0638,0.0,0.0638,False,False,False,False,True,0,0,,0,0,True,,,,,,,,,,,0.25000000000000006,,,,,,,False,False,10,,,,,,,,,194.83280739129,28.08430245029,EmG,0.01528,13.692,14.6,0.908,14.261,13.468,13.037,12.729,0.79299927,1.224,73.39920043945312,0.624383,115.0,SIMBAD,B,2023ApJS..269....3M,,-21.307999,True,9.17490005493164,Regular galaxies,,23617.47217651173,False,1.2376673243345715e+18,6.145326,4.314469660766079,14.35781,13.49159,13.13639,0.002000163,0.001844716,0.001876281,0.03386509,0.02342771,0.0174093,14.32394491,13.46816229,13.1189807,True,0.8557826199999994,1.20496421,14.30048,13.45579,13.07131,0.001977089,0.001821732,0.001855465,14.26661491,13.43236229,13.0539007,13.8090331642,0.0013627494051976,"SDSS(cModelMag g,r)",13.8090331642,SDSS,Vmag_sdss,1.20496421,0.8557826199999994,SDSS(cModel extcorr),-21.1909668358,9.17490005493164,4.314469660766079,SDSS,False,3.2,13.806302914451454,,,,1.20496421,g-i,37.46298,0.5104003827794167,115.0,8.277217331995425,12.436812404650695,8.277217331995425,NGC 4874,9.926819475472701,2834538.6060434026,8.454716833636692,11.006890990480466,11.643385210055836,8.454716833636692,,,,,,,,,,,,,,,,,,,0.0018402120262934463
NGC 4873,845,2573,9262.736646421672,37050.946585686695,9262.736646421672,37050.946585686695,1.0,1.0,1.0,1.0,1.0,1.0,True,True,True,True,True,827,2498,1.531214424,827,2498,True,0.5400064294536099,0.5338509283832715,1.531214424,1.5420776,1.545118339159613,1.5554753305884705,0.006155501070338354,-0.010356991428857487,-0.010863175999999974,0.24999999999999994,0.24999999999999994,446.5853171581354,1333.5596191014124,0.25921950206453337,0.2589723694536551,0.3109958175931339,0.3091382334141129,True,True,10,0.5398879717726128,0.009065236380797408,0.5398879717726128,0.009065236380797408,,,,,194.88664867224,27.98361769396,EmG,0.01943,14.36,15.4,1.04,14.94,14.138,13.737,13.444,0.80200005,1.2029991,24.18000030517578,0.339,85.0,SIMBAD,C,2006AJ....131.1163S,,-20.64,True,3.0225000381469727,Regular galaxies,,9843.600725478636,False,1.2376674440486584e+18,6.776,5.920350224852851,14.79966,14.0643,13.58516,0.002274498,0.002038532,0.002055469,0.02887073,0.01997264,0.01484181,14.77078927,14.04432736,13.57031819,True,0.7264619100000012,1.2004710799999998,14.83407,14.04072,13.6358,0.002263589,0.002025374,0.002055678,14.80519927,14.02074736,13.62095819,14.332176743099998,0.001521909141096,"SDSS(cModelMag g,r)",14.332176743099998,SDSS,Vmag_sdss,1.2004710799999998,0.7264619100000012,SDSS(cModel extcorr),-20.6678232569,3.0225000381469727,5.920350224852851,SDSS,False,3.2,18.945120719529125,,,,1.2004710799999998,g-i,20.34,0.8411910563808462,85.0,1.5974341779075851,7.803757355433282,1.5974341779075851,NGC 4874,4.319723223776247,272212924.176568,2.281312971202051,4.493711521141899,4.977491715173646,2.281312971202051,1.5197529547877422,0.01146146921225788,1.4693266132872995,0.07275098671270053,0.046461727176290823,-0.0573249031762908,1.5404715355992915,0.004646803560321544,1.493396337530099,0.06207899305837161,0.044300529851874854,-0.05465752128073234,0.5413799495473248,-0.0013735200937149417,0.5801049154455061,-0.0462539870622346,-0.031995194680610156,0.03815069575094851,0.12168044166773245
NGC 4898A,126,459,5210.178110664069,20840.71244265627,5210.178110664069,22591.961012800544,1.0,1.0840301681126727,1.0,0.9116,1.0,1.0840301681126727,True,True,True,True,True,117,447,1.559085664,117,447,True,0.5073198195560265,0.5335173808368009,1.559085664,1.482623077,1.5657624280940172,1.4951999431118568,-0.02619756128077444,0.07056248498216044,0.07646258699999997,0.2306208880102084,0.2500000000000001,59.356418888055096,238.48226923405002,0.2751297243023242,0.2703059912499596,0.36436333998336795,0.3102400907037093,True,True,10,0.5088846292891414,0.02396547825265298,0.5088846292891414,0.02396547825265298,,,,,195.07366377992,27.95526275171,GiC,0.02291,13.862,15.0,1.1379995,14.544,13.772,13.361,13.057,0.77199936,1.1829996,31.6200008392334,0.432,85.0,SIMBAD,C,2006AJ....131.1163S,,-21.138,True,3.952500104904175,Members of systems,,15113.913266434003,False,1.237667444048724e+18,5.481787,4.4979517106256175,14.56954,13.79776,13.41057,0.002162378,0.001929308,0.001974395,0.03344134,0.02313457,0.01719146,14.53609866,13.77462543,13.39337854,True,0.76147323,1.14272012,14.53884,13.76106,13.36086,0.002137342,0.00190748,0.001956161,14.50539866,13.73792543,13.34366854,14.0768294543,0.0014428178107379,"SDSS(cModelMag g,r)",14.0768294543,SDSS,Vmag_sdss,1.14272012,0.76147323,SDSS(cModel extcorr),-20.9231705457,3.952500104904175,4.4979517106256175,SDSS,False,3.2,14.393445474001975,,,,1.14272012,g-i,25.919999999999998,0.819734323594294,85.0,9.271068405022081,2.4863009828800005,2.4863009828800005,NGC 4889,5.743936092994074,114536085.6124651,7.821480735838882,6.863349057626816,7.785409517046283,7.821480735838882,1.5232450604665493,0.03584060353345064,1.470461485648925,0.012161591351074863,0.04912194181961968,0.02734064518038029,1.5448553775434966,0.020907050550520667,1.4945011203100418,0.0006988228018149911,0.04734586901711338,0.023216615965047066,0.537704019869329,-0.03038420031330258,0.5792353627674739,-0.045717981930673,-0.034682398216877186,0.008484836936102746,0.09192634268937001
NGC 4898B,98,380,3369.717189745556,13478.86875898222,3371.8224104032365,15554.693786907521,1.0006247469859153,1.154005878760559,1.0,0.9216,1.0006247469859153,1.154005878760559,True,True,True,True,True,89,369,1.575264824,89,369,True,0.4915210026491507,0.5059923028242119,1.575264824,1.495011462,1.5917778546292134,1.5240544065501356,-0.014471300175061208,0.06772344807907782,0.0802533620000001,0.21677202114009597,0.25000000000000006,43.74536923577441,186.71115974213419,0.2836353321419937,0.28351528187051656,0.38580199579034896,0.30825252337918574,True,True,10,0.4885402886915767,0.02852810963223208,0.4885402886915767,0.02852810963223208,,,,,195.07540991934,27.956592492190005,GiC,0.02124,14.333,15.284,0.9510002,15.528,14.72,14.257,14.034,0.8079996,1.2709999,23.71422004699707,0.229277,143.0,SIMBAD,B,2023ApJS..269....3M,,-20.667,True,2.964277505874634,Members of systems,,10530.1203642135,False,1.237667444048724e+18,4.745432,4.300018683606119,15.44832,14.66071,14.28996,0.002791024,0.002316615,0.002410867,0.03351657,0.02318661,0.01723013,15.41480343,14.63752339,14.27272987,True,0.7772800400000008,1.14207356,15.41488,14.63501,14.2501,0.002757302,0.002302538,0.002399149,15.38136343,14.61182339,14.23286987,14.9462082064,0.0017825874247805,"SDSS(cModelMag g,r)",14.9462082064,SDSS,Vmag_sdss,1.14207356,0.7772800400000008,SDSS(cModel extcorr),-20.0537917936,2.964277505874634,4.300018683606119,SDSS,False,3.2,13.760059787539582,,,,1.14207356,g-i,13.75662,0.5801000400914302,143.0,9.361824069433174,2.525822445468637,2.525822445468637,NGC 4889,5.825587395626785,109267261.53099062,7.904453350781524,6.970871504804305,7.899177969894845,7.904453350781524,1.5113555178302829,0.06390930616971713,1.466597595328493,0.028413866671506804,0.04006473154805559,0.04018863045194451,1.5299297479949414,0.06184810663427198,1.4907396757335905,0.033314730816545124,0.03697742854673103,0.03074601953234679,0.5502194265191586,-0.05869842387000784,0.5821959214076908,-0.0762036185834789,-0.025533299090046896,0.011061998914985688,0.0768783210006011
NGC 4908,171,454,7065.320467385282,28261.28186954113,7065.320467385282,25678.20070666507,1.0,0.9086,1.0,0.9086,1.0,0.9086,True,True,True,True,True,167,444,1.552140647,167,444,True,0.501791294196127,0.5984907980292983,1.552140647,1.440131726,1.578181900796407,1.4669027716036036,-0.09669950383317127,0.11127912919280347,0.11200892100000015,0.275148580233326,0.25,83.7991461307532,265.72991432500845,0.2887803730250022,0.23210363452309757,0.3348831292457116,0.29368835864663634,True,True,10,0.501119905799065,0.020905803867788963,0.501119905799065,0.020905803867788963,,,,,195.21476199117,28.04287393961,LIN,0.0291601732022224,13.58,14.9,1.3199997,14.4498,13.6108,13.173,12.884,0.83899975,1.2767992,57.34199905395508,0.666983,57.0,SIMBAD,B,2023ApJS..269....3M,,-21.42,True,7.167749881744385,Active (AGN/Seyfert/QSO),,34623.26656031884,False,1.2376673243347026e+18,6.996706,5.6766798692894485,14.39785,13.60594,13.14518,0.001954095,0.001809066,0.001801665,0.03499835,0.0242117,0.01799189,14.36285165,13.5817283,13.12718811,True,0.7811233499999997,1.2356635399999991,14.41202,13.59609,13.16484,0.001948188,0.001803014,0.001802313,14.37702165,13.5718783,13.14684811,13.8919888735,0.0013345866287514,"SDSS(cModelMag g,r)",13.8919888735,SDSS,Vmag_sdss,1.2356635399999991,0.7811233499999997,SDSS(cModel extcorr),-21.108011126500003,7.167749881744385,5.6766798692894485,SDSS,False,3.2,18.165375581726234,,,,1.2356635399999991,g-i,40.01898,0.6978999801235523,57.0,17.474909905471062,10.371261002423463,10.371261002423463,NGC 4889,13.90681024752937,1764223.2490023565,15.843472882463004,15.687381709728466,16.761282024874784,15.843472882463004,1.5257729229902486,0.026367724009751514,1.4712829961002112,-0.031151270100211237,0.05104761575975192,0.06096130524024823,1.5480287493654978,0.030153151430909242,1.4953008495402293,-0.028398077936625743,0.049550326572472714,0.06172880262033076,0.535043090983599,-0.03325179678747203,0.5786059117057493,0.01988488632354901,-0.03662760885414568,-0.0600718949790256,0.1608741661264872
NGC 4906,120,74,8898.718740573902,35594.87496229562,8898.718740573902,24439.44114911217,1.0,0.6866,1.0,0.6866,1.0,0.6866,True,False,False,True,True,110,70,1.574121952,110,70,True,0.5174064116476859,0.6089999897301718,1.574121952,1.427912921,1.613754197118182,1.484745074714286,-0.09159357808248592,0.12900912240389584,0.14620903100000016,0.36411302068161955,0.24999999999999994,56.91470528124544,42.62999928111202,0.2623625962455225,0.2513392488055315,0.29134158455396947,0.30970863117014397,True,True,10,0.5162477698898116,0.024811437497459562,0.5162477698898116,0.024811437497459562,,,,,195.16566822405,27.923956527790004,G,0.02502,14.08,15.2,1.1199999,14.8718,14.015,13.613,13.304,0.8568001,1.2588005,40.18302154541016,0.581649,10.0,SIMBAD,B,2023ApJS..269....3M,,-20.92,True,5.0228776931762695,Regular galaxies,,20922.29806972467,False,1.2376674440487242e+18,6.121517,5.710892442779653,14.70623,14.02911,13.55231,0.00223731,0.001985066,0.002017172,0.03238968,0.02240703,0.01665082,14.67384032,14.00670297,13.53565918,True,0.6671373500000009,1.1381811400000004,14.76267,14.00413,13.58521,0.00222274,0.001970411,0.002009759,14.73028032,13.98172297,13.56855918,14.2702292835,0.0014876550348944,"SDSS(cModelMag g,r)",14.2702292835,SDSS,Vmag_sdss,1.1381811400000004,0.6671373500000009,SDSS(cModel extcorr),-20.7297707165,5.0228776931762695,5.710892442779653,SDSS,False,3.2,18.27485581689489,,,,1.1381811400000004,g-i,34.898939999999996,0.8684996463135876,10.0,14.303675424398637,7.683317025303405,7.683317025303405,NGC 4889,10.896480183182728,4208647.047333927,12.950768903990348,11.59475844941888,12.248639443753294,12.950768903990348,1.5206001424609439,0.053521809539056164,1.4696019342437245,-0.04168901324372465,0.047107097408805865,0.09910193359119429,1.5415350592145516,0.07221913790363033,1.4936643587295755,-0.008919284015289408,0.04503933160611895,0.08396979079777689,0.5404881660226584,-0.023081754374972507,0.5798939612597553,0.029106028470416434,-0.03264711244046645,-0.05894646564201947,0.0036316233963005432
IC 3968,53,176,1152.922017666428,4611.688070665712,1152.922017666428,4611.688070665712,1.0,1.0,1.0,1.0,1.0,1.0,True,True,True,True,True,51,173,1.573898526,51,173,True,0.503493485583295,0.5589671178469644,1.573898526,1.545166802,1.623140334254902,1.5342553196069364,-0.055473632263669415,0.08888501464796561,0.028731724000000014,0.25,0.25,25.678167764748046,96.70131138752484,0.26948654125304317,0.24927218289600925,0.30274637316712305,0.296545374577989,True,True,10,0.5038714190364408,0.03578723165971648,0.5038714190364408,0.03578723165971648,,,,,194.85620569633,27.97320929685,EmG,0.02033,15.32,16.795,1.4750004,16.049,15.263,14.883,14.595,0.78600025,1.1659994,25.70639991760254,0.234956,46.0,SIMBAD,B,2023ApJS..269....3M,,-19.68,True,3.2132999897003174,Regular galaxies,Sa:,10937.764362427635,False,1.2376674440486584e+18,3.370826,2.5868828692015797,16.11325,15.32203,14.93424,0.003265347,0.002761985,0.002858132,0.03228942,0.02233767,0.01659928,16.08096058,15.29969233,14.91764072,True,0.7812682500000001,1.163319859999998,16.08525,15.28769,14.91323,0.003244352,0.002744535,0.002842484,16.052960579999997,15.26535233,14.89663072,15.6100123125,0.0021089966512832,"SDSS(cModelMag g,r)",15.6100123125,SDSS,Vmag_sdss,1.163319859999998,0.7812682500000001,SDSS(cModel extcorr),-19.389987687500003,3.2132999897003174,2.5868828692015797,SDSS,False,3.0,7.760648607604738,,,,1.163319859999998,g-i,14.09736,0.5483988440694407,46.0,2.4070929719197043,9.410032222679204,2.4070929719197043,NGC 4874,5.840027155534421,80578508.25872569,3.75999678076209,5.439773011723768,5.541774035298311,3.75999678076209,1.5022773948573662,0.0716211311426338,1.4636473664966667,0.08151943550333329,0.033149203242869074,-0.00441747924286906,1.518533455922555,0.10460687833234705,1.4878676681664802,0.0463876514404562,0.02906072556604733,0.05982428908191828,0.5597754207318081,-0.056281935148513096,0.5844564217672623,-0.025489303920297912,-0.0185476101106051,-0.036926022153064314,0.04467380569690571
IC 3955,8,93,7627.5197575318425,30510.079030127366,2292.832439114072,13216.966235851174,0.3006,0.4332,0.3006,0.4332,0.3006,0.4332,False,False,False,True,True,8,91,1.6382738460000001,8,91,True,0.5039589928505143,0.5787962607014476,1.6382738460000001,1.406480179,1.60308633175,1.4491252258021976,-0.07483726785093336,0.15396110594780232,0.23179366700000004,0.17347645429362885,0.25000000000000006,4.031671942804114,52.67045972383173,0.2340641322003175,0.25073201742633505,0.266358887316038,0.3168409243344428,False,True,10,,,,,,,,,194.77512315877,27.99670897925,GiC,0.02557,14.31,15.591,1.2809992,15.059,14.2273,13.806,13.5935,0.8317003,1.2530003,43.19741821289063,0.520313,37.0,SIMBAD,B,2023ApJS..269....3M,,-20.689999,True,5.399677276611328,Members of systems,SB0,22970.942107715884,False,1.237667444048593e+18,6.792245,5.796123975447121,14.9788,14.17417,13.7218,0.00237146,0.002062952,0.002107351,0.03477185,0.024055,0.01787545,14.94402815,14.150115,13.70392455,True,0.7939131499999998,1.2401035999999994,14.98426,14.16541,13.76454,0.002362423,0.002057863,0.002108699,14.94948815,14.141355,13.74666455,14.465619391499995,0.0015578184864595,"SDSS(cModelMag g,r)",14.465619391499995,SDSS,Vmag_sdss,1.2401035999999994,0.7939131499999998,SDSS(cModel extcorr),-20.5343806085,5.399677276611328,5.796123975447121,SDSS,False,3.0,17.388371926341364,,,,1.2401035999999994,g-i,31.218780000000002,0.7227001355993988,37.0,6.927529747294869,13.753045835834664,6.927529747294869,NGC 4874,10.271723935975638,3961395.0487366505,8.20343859811122,9.927659769217453,9.865372098178721,8.20343859811122,1.5179280055883102,0.12034584041168994,1.4687335371898678,-0.06225335818986766,0.0450715182220994,0.18672214877790064,1.5381805714698076,0.06490576028019235,1.492818986030676,-0.04369376022847837,0.04270905760482091,0.11125204834298141,0.5433009638407178,-0.039341970990203534,0.5805593373930632,-0.0017630766916155727,-0.030590881525947355,-0.04424638632498601,0.011220071566644138
IC 3998,180,970,4819.479040166036,19277.916160664143,4819.479040166036,19579.0116610668,1.0,1.015618674647887,1.0,1.0,1.0,1.015618674647887,True,True,True,True,True,176,940,1.469100984,176,940,True,0.5883335012757454,0.5623202344195798,1.469100984,1.4999964875,1.5107896657386364,1.5214891436436169,0.026013266856165562,-0.010699477904980492,-0.030895503500000032,0.24615537921914885,0.25,103.54669622453119,528.581020354405,0.23525090127570877,0.24751275183111604,0.2839139584552529,0.30156814481900035,True,True,10,0.5890821201532405,0.016851112370144455,0.5890821201532405,0.016851112370144455,,,,,194.94492123014,27.97385772552,G,0.03142,14.61,15.909,1.2990007,15.3933,14.5528,14.139,13.854,0.8404999,1.2543001,35.339820861816406,0.43574,7.0,SIMBAD,B,2023ApJS..269....3M,,-20.39,True,4.417477607727051,Regular galaxies,SB0,22929.32790588228,False,1.2376674440486584e+18,5.116478,4.553736992641008,15.48041,14.66306,14.27212,0.002716808,0.002324977,0.002409557,0.02731829,0.01889867,0.01404374,15.45309171,14.64416133,14.25807626,True,0.8089303799999996,1.1950154499999996,15.44581,14.62817,14.25422,0.002696275,0.002306417,0.002395132,15.41849171,14.60927133,14.24017626,14.9658227858,0.0017670355449308,"SDSS(cModelMag g,r)",14.9658227858,SDSS,Vmag_sdss,1.1950154499999996,0.8089303799999996,SDSS(cModel extcorr),-20.0341772142,4.417477607727051,4.553736992641008,SDSS,False,3.0,13.661210977923025,,,,1.1950154499999996,g-i,26.1444,0.7398000148961769,7.0,2.5970946098972965,4.710113721038631,2.5970946098972965,NGC 4874,1.1818856405573146,79138128.74996634,0.9643724024103008,2.5680610700511366,3.7188325498652235,0.9643724024103008,1.511087270673902,-0.04198628667390203,1.466510419763988,0.03348606773601204,0.039860386353760296,-0.07075588985376033,1.529593001846996,-0.018803336108359714,1.4906548115094242,0.03083433213419262,0.0367434998955313,-0.04744297780051179,0.5505017941717649,0.03783170710398043,0.5822627163602666,-0.019942481940686818,-0.025326880735758617,0.05134014759192418,0.09033915176312068
IC 4011,60,64,279.1536039044254,1116.614415617701,489.596720231484,1729.0282266497738,1.75386136300468,1.548455941877923,1.0,0.9664,1.75386136300468,1.548455941877923,True,True,True,True,True,41,64,1.868465226,41,64,True,0.29583679576708316,0.536034623341715,1.868465226,1.4744546415,1.824748619097561,1.5158289384218748,-0.24019782757463187,0.3089196806756862,0.39401058450000015,0.283162942446662,0.2500000000000001,12.12930862645041,34.30621589386976,0.2806568456213787,0.2786098621662477,0.3116793682201918,0.29929883794181006,True,True,10,0.29627261719581754,0.043904869093820985,0.29627261719581754,0.043904869093820985,,,,,195.02664187002,28.004124776700003,G,0.02425,15.05,16.207,1.1570005,15.678,14.916,14.517,14.233,0.7620001,1.1610003,17.219999313354492,0.258,15.0,SIMBAD,C,2006AJ....131.1163S,,-19.95,True,2.1524999141693115,Regular galaxies,E1,8698.200669748132,False,1.237667324334637e+18,1.014002,0.9942091823348834,16.62321,15.84426,15.45266,0.00354938,0.003090188,0.003090666,0.03155479,0.02182946,0.01622163,16.59165521,15.82243054,15.43643837,True,0.7692246699999981,1.1552168399999996,16.62722,15.84291,15.44673,0.003547512,0.003078342,0.003082022,16.59566521,15.82108054,15.43050837,16.127812654699998,0.0023327748278016,"SDSS(cModelMag g,r)",16.127812654699998,SDSS,Vmag_sdss,1.1552168399999996,0.7692246699999981,SDSS(cModel extcorr),-18.8721873453,2.1524999141693115,0.9942091823348834,SDSS,False,3.2,3.181469383471627,,,,1.1552168399999996,g-i,15.48,0.8989547396784688,15.0,7.2898824379249545,1.6688801879551816,1.6688801879551816,NGC 4889,3.859615205478872,377011525.4284291,5.6445996976052095,6.079873254215437,7.335571695374009,5.6445996976052095,1.4951960057265765,0.3732692202734236,1.4613460407220142,0.013108600777985702,0.02775474591726168,0.36625583858273847,1.5096437791630022,0.31510483993455884,1.485627358883388,0.0302015795384869,0.022885302011381475,0.2860343786643047,0.5672295732866068,-0.2713927775195237,0.5862197248998781,-0.050185101558163026,-0.013098423956410282,-0.2270994036182216,0.0729075668771863
IC 4021,29,45,2159.6933787609923,8638.77351504397,2159.6933787609923,8638.77351504397,1.0,1.0,1.0,1.0,1.0,1.0,True,True,True,True,True,22,45,1.4607558075,22,45,True,0.6569590983377057,0.6860706215683676,1.4607558075,1.408090223,1.4298525501818182,1.3849638666000001,-0.029111523230661907,0.04488868358181808,0.05266558449999992,0.25,0.25,14.453100163429527,30.873177970576545,0.176529498142253,0.15957340627365565,0.24705782219985234,0.22399497271150823,True,True,10,0.6605994828086539,0.03505852397234559,0.6605994828086539,0.03505852397234559,,,,,195.06145537668,28.04129991474,LIN,0.01912,14.75,15.974,1.224,15.4985,14.6876,14.269,13.968,0.81089973,1.2294998,25.321800231933597,0.362693,49.0,SIMBAD,B,2023ApJS..269....3M,,-20.25,True,3.165225028991699,Active (AGN/Seyfert/QSO),E3,10147.779409867928,False,1.237667324334637e+18,3.041007,2.828285123050337,15.40342,14.66715,14.24484,0.002457547,0.002221335,0.002240282,0.03434348,0.02375866,0.01765523,15.36907652,14.64339134,14.22718477,True,0.725685180000001,1.141891750000001,15.42407,14.66149,14.24243,0.002453489,0.002217651,0.002239004,15.38972652,14.63773134,14.22477477,14.930922263799998,0.0016531443376999,"SDSS(cModelMag g,r)",14.930922263799998,SDSS,Vmag_sdss,1.141891750000001,0.725685180000001,SDSS(cModel extcorr),-20.0690777362,3.165225028991699,2.828285123050337,SDSS,False,3.2,9.05051239376108,,,,1.141891750000001,g-i,21.76158,0.859400982579281,49.0,9.924647517951785,4.126548397941443,4.126548397941443,NGC 4889,6.68578316531927,25871383.722603098,8.285585263395243,8.96824937381079,10.228415969778471,8.285585263395243,1.5115645669539695,-0.050808759453969454,1.4666655325831226,-0.058575309583122515,0.040223980892478695,0.012441603607521223,1.5301921794334796,-0.1003396292516614,1.4908058117252394,-0.10584194512523926,0.03715973273290876,0.007728950848909316,0.5499993730761651,0.10695972526154063,0.582143867076562,0.10392675449180566,-0.025694164079853282,-0.0034173591508086243,0.006759742875147629
IC 4030,14,16,1594.8811383533366,6379.524553413346,1594.8811383533366,6379.524553413346,1.0,1.0,1.0,1.0,1.0,1.0,True,True,True,True,True,12,15,1.5133016155,12,15,True,0.49979693845129974,0.6258736150219192,1.5133016155,1.369248492,1.6204590105,1.5320813868666667,-0.12607667657061944,0.08837762363333335,0.1440531235,0.25,0.25,5.997563261415597,9.388104225328787,0.30524646001192945,0.27197555632175024,0.30342993300870297,0.3744541987704421,True,True,10,0.5032438390501335,0.0882378197681326,0.5032438390501335,0.0882378197681326,,,,,195.1165418506,27.95599470558,G,0.02336,15.27,16.5,1.2299995,15.909,15.116,14.736,14.44,0.7930002,1.1730003,26.8411808013916,0.290645,12.0,SIMBAD,B,2023ApJS..269....3M,,-19.73,True,3.35514760017395,Regular galaxies,SB0,13074.57116618589,False,1.2376674440487242e+18,3.214207,2.7953293218139783,15.75536,15.07075,14.72363,0.00295596,0.002528128,0.00266926,0.03450034,0.02386717,0.01773587,15.72085966,15.04688283,14.70589413,True,0.6739768300000009,1.0149655299999996,15.83601,15.07099,14.70557,0.002963471,0.002528128,0.002669879,15.80150966,15.04712283,14.68783413,15.3132133303,0.0019218908618506,"SDSS(cModelMag g,r)",15.3132133303,SDSS,Vmag_sdss,1.0149655299999996,0.6739768300000009,SDSS(cModel extcorr),-19.6867866697,3.35514760017395,2.7953293218139783,SDSS,False,3.0,8.385987965441934,,,,1.0149655299999996,g-i,17.4387,0.6496994349479542,12.0,11.542040785274944,4.565895315467575,4.565895315467575,NGC 4889,7.99733748320981,18983923.767215718,10.077621936173255,9.104555489358457,9.970949398224786,10.077621936173255,1.5063363900245972,0.006965225475402903,1.464966467879886,-0.09571797587988584,0.036241262697598364,0.10781186080240163,1.5236289469821247,0.09683006351787538,1.4891517953885867,0.042929591478080065,0.032600428567963746,0.0557771950653696,0.5555027605747525,-0.05570582212345271,0.583445710625499,0.04242790439642019,-0.021671039688715782,-0.10440563688190366,0.006521446877888299
IC 4040,34,121,3852.104153823398,15408.416615293592,3852.104153823398,15408.416615293592,1.0,1.0,1.0,1.0,1.0,1.0,True,True,True,True,True,34,118,1.3781380265,34,118,True,0.636035514706314,0.6266152405743965,1.3781380265,1.362638693,1.3527915552058825,1.4111086074152548,0.009420274131917483,-0.05831705220937233,0.01549933349999999,0.25,0.25,21.625207500014678,73.94059838777879,0.22237941656001994,0.23988522357802045,0.3365570217885225,0.3178975910713409,True,True,10,0.6421554710517103,0.036873009469690826,0.6421554710517103,0.036873009469690826,,,,,195.15820968252208,28.05746747143528,EmG,0.02553,15.04,15.1,0.06000042,15.2684,14.7118,14.641,14.302,0.5566006,0.6274004,44.41517639160156,0.294473,152.0,SIMBAD,B,2023ApJS..269....3M,,-19.96,True,5.551897048950195,Regular galaxies,Scd,23582.69984675301,False,,,,,,,,,,,,,,,,False,,,,,,,,,,,,,,,15.039999961853027,SIMBAD,,,,,-19.960000038146973,5.551897048950195,5.551897048950195,SIMBAD_proxy(maj/8),True,3.0,16.655691146850586,,,,0.0600004196166992,B-V,17.66838,0.39780051404548517,152.0,14.952516011317968,8.170947078353194,8.170947078353194,NGC 4889,11.49374385752144,3515663.4381460515,13.30521384728729,13.512247316411145,14.680742678674878,13.30521384728729,1.5100728305404274,-0.13193480404042734,1.466180744726663,-0.10354205172666298,0.03908760661967978,-0.023588273119679787,1.528319516558736,-0.17552796135285353,1.4903338773528358,-0.07922526993758106,0.0358588433148303,-0.09417589552420264,0.5515696343049603,0.08446588040135372,0.5825153172881594,0.04409992328623713,-0.024546260856312313,0.033966534988229796,0.007588550278253523
2MASX J12592529+2758048,94,229,1713.6472897510678,6854.589159004271,1713.6472897510678,6854.589159004271,1.0,1.0,1.0,1.0,1.0,1.0,True,True,True,True,True,91,226,1.567292249,91,226,True,0.5248522122729471,0.5693328523532485,1.567292249,1.524939935,1.5759662354615385,1.5087676612876106,-0.04448064008030139,0.06719857417392783,0.04235231400000017,0.25,0.25,47.76155131683819,128.66922463183417,0.2583721453514932,0.23365555862563336,0.2872707349546043,0.29333609562490104,True,True,10,0.5248599874227834,0.026979001739588154,0.5248599874227834,0.026979001739588154,,,,,194.85554288412,27.96793530272,GiC,0.02571,15.59,17.055,1.4650002,16.205,15.399,15.024,14.746,0.80599976,1.1809998,27.22559928894043,0.252018,69.0,SIMBAD,B,2023ApJS..269....3M,,-19.41,False,3.4031999111175537,Members of systems,S...,14554.46396629703,False,1.2376674440486584e+18,3.895401,3.1338853299605423,16.22602,15.44426,15.08308,0.003544416,0.002906817,0.003070116,0.03289751,0.02275835,0.01691189,16.193122489999997,15.42150165,15.06616811,True,0.7716208399999971,1.1269543799999957,16.25363,15.44428,15.07672,0.003545425,0.002906817,0.003070455,16.22073249,15.42152165,15.05980811,15.727866194399995,0.0022479149216731,"SDSS(cModelMag g,r)",15.727866194399995,SDSS,Vmag_sdss,1.1269543799999957,0.7716208399999971,SDSS(cModel extcorr),-19.272133805600003,3.4031999111175537,3.1338853299605423,SDSS,False,3.0,9.401655989881627,,,,1.1269543799999957,g-i,15.121080000000001,0.5553993445478528,69.0,2.350342798744093,9.458336239252912,2.350342798744093,NGC 4874,5.867369879702429,86370699.46573423,3.795320634065584,5.332270504159892,5.366717249647854,3.795320634065584,1.500665636173001,0.066626612826999,1.4631235735325543,0.061816361467445624,0.031921398460304534,0.010430915539695634,1.5165101221593942,0.05945611330214429,1.4873577628532717,0.021409898434338936,0.027655169062932944,0.039543405110994884,0.561472022188511,-0.036619809915563906,0.5848577581554584,-0.015524905802209887,-0.017307348779878634,-0.02717329130042276,0.06126346149299036
LEDA 44602,28,71,1658.3301051458282,6633.3204205833135,1658.3301051458282,6633.3204205833135,1.0,1.0,1.0,1.0,1.0,1.0,True,True,True,True,True,25,70,1.52696741,25,70,True,0.5923164870357563,0.5864578404834478,1.52696741,1.4531174205,1.5348716753599998,1.489548050585714,0.0058586465523085,0.045323624774285864,0.07384998949999999,0.24999999999999997,0.24999999999999997,14.80791217589391,41.05204883384135,0.2126707780555416,0.2659399808234907,0.2638458907887819,0.3356141496139003,True,True,10,0.5942310555841996,0.04354320003521994,0.5942310555841996,0.04354320003521994,,,,,194.86970481719,28.04052671511,AG?,0.01876,16.033,16.995,0.9619999,16.142,15.367,14.989,14.695,0.7750006,1.1529999,16.979999542236328,0.159,10.0,SIMBAD,C,2006AJ....131.1163S,,-18.967,False,2.122499942779541,Other,,6679.580151249703,False,1.2376673243345715e+18,4.108369,3.0651745140028503,16.32349,15.46277,15.20181,0.003432369,0.002888707,0.002987799,0.0276596,0.01913479,0.0142192,16.2958304,15.44363521,15.1875908,True,0.8521951899999998,1.1082395999999992,16.24869,15.42865,15.09022,0.003410304,0.002870681,0.002968471,16.2210304,15.40951521,15.0760008,15.7830352379,0.0022102437730609,"SDSS(cModelMag g,r)",15.7830352379,SDSS,Vmag_sdss,1.1082395999999992,0.8521951899999998,SDSS(cModel extcorr),-19.2169647621,2.122499942779541,3.0651745140028503,SDSS,False,3.2,9.808558444809124,,,,1.1082395999999992,g-i,9.540000000000001,0.5618374709769602,10.0,5.114322390000249,9.48786280045,5.114322390000249,NGC 4874,6.710439138827572,10219808.521643868,5.181454843642449,7.7409828430027225,8.424834279947602,5.181454843642449,1.4999111494854547,0.02705626051454524,1.4628783787510482,-0.00976095825104828,0.03134664594161968,0.04250334355838031,1.5155629714453467,0.019308703914653114,1.4871190690745706,0.0024289815111433466,0.02699720848826284,0.018326416286023023,0.5622662249594171,0.030050262076339207,0.5850456293082924,0.0014122111751554423,-0.01672676517751351,0.022585411729822008,0.011806569156752196
GMP 3308,1,14,18.734845902381497,74.93938360952599,18.734845902381497,74.93938360952599,1.0,1.0,1.0,1.0,1.0,1.0,True,True,True,True,True,0,14,,0,14,True,,0.4977273365822205,,1.6163071320000002,,1.5706702240000003,,,,0.25,0.25,,6.968182712151087,,0.27237760801739036,,0.33927547354318294,False,True,10,,,,,,,,,194.904625,27.97233333333333,G,0.0254,18.842,19.827,0.9850006,,,,17.18,,,1.63,,,NED,,,2007SDSS6.C...0000:,-16.158,False,0.20375,Regular galaxies,,861.1939840015141,False,1.2376674440486584e+18,0.244203,0.2442025115935115,19.70403,18.79249,18.31042,0.02178344,0.01549438,0.01698046,0.02840151,0.01964803,0.01460059,19.67562849,18.77284197,18.29581941,True,0.9027865199999994,1.3798090800000011,19.65594,18.79245,18.32617,0.01530694,0.0103765,0.01030636,19.627538490000003,18.77280197,18.31156941,19.1329844432,0.0127803329073071,"SDSS(cModelMag g,r)",19.1329844432,SDSS,Vmag_sdss,1.3798090800000011,0.9027865199999994,SDSS(cModel extcorr),-15.867015556800002,0.20375,0.2442025115935115,SDSS,False,3.2,0.7814480370992372,,,,1.3798090800000011,g-i,,1.0,0.0,0.8438193844712493,6.847369302714706,0.8438193844712493,NGC 4874,3.275995326230869,1827424138.854424,1.1955021679819942,3.3449326223621503,3.934501192612019,1.1955021679819942,,,1.4479897743573575,0.16831735764264266,,,,,1.4726252155737505,0.09804500842624986,,,,,0.5964534547699595,-0.09872611818773896,,,0.15753468382068114
GMP 3424,11,32,150.83533288007587,603.3413315203035,150.83533288007587,603.3413315203035,1.0,1.0,1.0,1.0,1.0,1.0,True,True,True,True,True,8,31,1.732835036,8,31,True,0.3980734036039385,0.6156866348727751,1.732835036,1.381376867,1.712751236125,1.4326526552258065,-0.21761323126883658,0.2800985808991934,0.35145816900000004,0.25,0.25,3.184587228831508,19.086285681056026,0.2603912101058276,0.22537347987254655,0.19138069388031254,0.31512485759538134,False,True,10,,,,,,,,,194.87218854122,27.942225323719995,GiC,0.018723,18.773,19.713,0.9399986,,,,16.6,,,4.07,,,NED,,,2007SDSS6.C...0000:,-16.227,False,0.50875,Members of systems,dE,1597.9678781737423,False,1.2376674440486587e+18,0.7651168,0.6929096452031184,19.4459,18.66516,18.09538,0.01389681,0.01033258,0.01118378,0.03378501,0.02337231,0.01736813,19.412114990000003,18.64178769,18.07801187,True,0.7703273000000017,1.3341031200000053,19.42248,18.66515,18.23525,0.01390406,0.01033258,0.01111262,19.38869499,18.64177769,18.21788187,18.947621883,0.0083443166513606,"SDSS(cModelMag g,r)",18.947621883,SDSS,Vmag_sdss,1.3341031200000053,0.7703273000000017,SDSS(cModel extcorr),-16.052378117,0.50875,0.6929096452031184,SDSS,False,3.2,2.217310864649979,,,,1.3341031200000053,g-i,,1.0,0.0,1.740950474354002,8.812489114538266,1.740950474354002,NGC 4874,5.222622061718022,210004062.8417536,3.371613128889898,4.02661869197651,3.7773626433075527,3.371613128889898,1.456632558017477,0.27620247798252295,1.4488136047079352,-0.06743673770793523,-0.0016220993814283768,0.3530802683814284,1.4612328560325019,0.25151838009249805,1.4734272031942868,-0.040774547968480235,-0.010744487134995429,0.2908430680341888,0.6078229959828373,-0.20974959237889879,0.595822226173853,0.01986440869892203,0.01657646065073043,-0.234189691919567,0.06412938121751421
GMP 3016,0,4,4437.395232341527,17749.580929366104,0.0,578.636338297335,0.0,0.0326,0.0,0.0326,0.0,0.0326,False,False,False,False,True,0,3,,0,3,True,,0.5474350930614292,,1.717254601,,1.5395208483333331,,,,,0.25000000000000006,,1.6423052791842876,,0.22892140408650768,,0.35087883259551367,False,True,10,,,,,,,,,195.00431,28.081882,GiC,0.0259012519921365,17.69,,,18.097,17.801,17.62,17.598,0.29599953,0.47699928,,,,,,,,-17.31,False,,Members of systems,Sm,,False,1.2376673243346376e+18,4.326953,3.758279887606998,18.15024,17.79452,17.61773,0.01102482,0.01418379,0.02078182,0.03413647,0.02361546,0.01754881,18.11610353,17.77090454,17.60018119,True,0.3451989900000001,0.5159223399999995,18.08871,17.79452,17.61286,0.01104497,0.01418379,0.0207957,18.05457353,17.77090454,17.59531119,17.9024361259,0.0095111889708295,"SDSS(cModelMag g,r)",17.9024361259,SDSS,Vmag_sdss,0.5159223399999995,0.3451989900000001,SDSS(cModel extcorr),-17.0975638741,,3.758279887606998,SDSS,False,3.0,11.274839662820996,,,,0.5159223399999995,g-i,,1.0,0.0,9.240048633938718,6.481592608988784,6.481592608988784,NGC 4889,7.1160066883778645,7774952.545345972,7.829687434596076,9.541039211416281,10.805921175217025,7.829687434596076,,,1.4534588564122781,0.2637957445877219,,,,,1.4779492924309188,0.061571555902414365,,,,,0.5922629791640318,-0.04482788610260258,,,0.0017161082739551715
LEDA 44644,172,629,1197.7868781535146,4791.147512614057,1197.7868781535146,4791.147512614057,1.0,1.0,1.0,1.0,1.0,1.0,True,True,True,True,True,164,618,1.5859819320000001,164,618,True,0.4981112843043106,0.5324021214123955,1.5859819320000001,1.5347124255,1.5899421005304875,1.5557613681229772,-0.03429083710808489,0.034180732407510295,0.05126950650000017,0.2500000000000001,0.2500000000000001,81.69025062590694,329.02451103286046,0.26126780236677133,0.2648530549133846,0.29720002542529617,0.3185040054066569,True,True,10,0.49698413934548585,0.020302209654008006,0.49698413934548585,0.020302209654008006,,,,,194.91524614901,27.95392092257,G,0.02679,15.59,16.99,1.3999996,16.304,15.505,15.137,14.871,0.79900074,1.1670008,17.399999618530273,0.18,,SIMBAD,E,2003A&A...412...45P,,-19.41,False,2.174999952316284,Regular galaxies,,9679.905540903545,False,1.2376674440486584e+18,3.810511,2.4784352700918784,16.24508,15.46987,15.10929,0.003544283,0.002971435,0.003119395,0.0298651,0.02066054,0.01535299,16.215214900000003,15.44920946,15.09393701,True,0.7660054400000025,1.1212778900000036,16.24361,15.46985,15.10885,0.003544733,0.002971435,0.00311957,16.213744900000002,15.44918946,15.09349701,15.753271690400002,0.002277100266552,"SDSS(cModelMag g,r)",15.753271690400002,SDSS,Vmag_sdss,1.1212778900000036,0.7660054400000025,SDSS(cModel extcorr),-19.2467283096,2.174999952316284,2.4784352700918784,SDSS,False,3.2,7.930992864294011,,,,1.1212778900000036,g-i,10.799999999999999,0.6206896687801332,0.0,0.9289221466799671,6.430505146456908,0.9289221466799671,NGC 4874,2.8350536957880212,1372257580.6332672,1.1815771307024896,2.1738467741859644,2.6968511977842033,1.1815771307024896,1.5003181929819203,0.08566373901807989,1.4630106606624813,0.07170176483751867,0.03165672334745001,0.01961278315255016,1.5160739566551449,0.07386814387534257,1.487247843712839,0.06851352441013825,0.027352176411847035,0.00682855599566326,0.5618377547450206,-0.06372647044071,0.5849442733371443,-0.05254215192474876,-0.017039988436979958,-0.017250848671104935,0.17502613318504961
IC 3973,48,40,2197.742767822424,8790.971071289698,2197.742767822424,8790.971071289698,1.0,1.0,1.0,1.0,1.0,1.0,True,True,True,True,True,45,40,1.603923056,45,40,True,0.49146022852798993,0.6020104768102372,1.603923056,1.46851984,1.6222095579333333,1.4652968006,-0.1105502482822473,0.15691275733333332,0.13540321600000005,0.24999999999999994,0.24999999999999994,22.115710283759547,24.08041907240949,0.2703038402401831,0.21391989917054485,0.29782484150724986,0.27869018116728045,True,True,10,0.49084178057994954,0.039572163944123634,0.49084178057994954,0.039572163944123634,,,,,194.87842956411,27.88420618177,AG?,0.01571,14.03,15.2,1.1700001,14.891,14.089,13.698,13.384,0.80200005,1.1929998,49.60697937011719,0.516492,137.0,SIMBAD,B,2023ApJS..269....3M,,-20.970001,True,6.200872421264648,Other,SBa,16402.50192279089,False,1.2376674440486587e+18,3.882846,3.3463969849021917,14.89322,14.08936,13.69941,0.002220474,0.002004732,0.002069547,0.03677772,0.02544266,0.01890662,14.85644228,14.06391734,13.68050338,True,0.7925249399999998,1.1759388999999985,14.89146,14.08934,13.69809,0.002220656,0.002004732,0.002069685,14.85468228,14.06389734,13.67918338,14.3788525654,0.0014925865086144,"SDSS(cModelMag g,r)",14.3788525654,SDSS,Vmag_sdss,1.1759388999999985,0.7925249399999998,SDSS(cModel extcorr),-20.6211474346,6.200872421264648,3.3463969849021917,SDSS,False,3.0,10.039190954706571,,,,1.1759388999999985,g-i,30.98952,0.6247008060859238,137.0,4.630095084965553,9.939705478723015,4.630095084965553,NGC 4874,6.858647504069512,12799943.130756486,5.790262446436393,4.601499854529899,3.4467985883570593,5.790262446436393,1.5191146206002801,0.08480843539971983,1.4691191660066436,-0.0005993260066436967,0.04597545725521432,0.08942775874478573,1.5396701978269556,0.08253936010637775,1.4931943904291172,-0.027897589829117164,0.04374386167502481,0.11316889565830851,0.5420518855653016,-0.050591657037311666,0.5802638640150055,0.021746612795231712,-0.03150399136557916,-0.07904625691666814,0.007749649104147468
LEDA 126758,33,89,4718.171196287012,18872.684785148052,4156.708823928858,10485.663666628257,0.881,0.5556,0.881,0.5556,0.881,0.5556,True,False,False,True,True,32,88,1.3768756505,32,88,True,0.5774478709011848,0.6127447110155452,1.3768756505,1.3717184585,1.44589377759375,1.3580181892613636,-0.035296840114360406,0.08787558833238629,0.005157191999999977,0.396418286537077,0.24999999999999994,18.478331868837913,53.92153456936798,0.24661235891128985,0.24939742198399684,0.3932191065776601,0.3649474213407929,True,True,10,0.5798899812827005,0.041276570899049736,0.5798899812827005,0.041276570899049736,,,,,195.09029099217,27.89855164897,EmG,0.01626,16.81,18.205,1.3950005,17.331,16.638,16.31,16.046,0.6929989,1.0209999,8.819999694824219,0.147,90.0,SIMBAD,C,2006AJ....131.1163S,,-18.19,False,1.1024999618530271,Regular galaxies,,3016.4020063244934,False,1.2376674440487242e+18,4.537534,3.875358740150076,17.49151,16.7759,16.45208,0.00679767,0.005393971,0.006219325,0.03168688,0.02192084,0.01628953,17.459823120000003,16.75397916,16.435790469999997,True,0.7058439600000028,1.024032650000006,17.33054,16.6378,16.30969,0.006680677,0.005299928,0.006107788,17.29885312,16.61587916,16.293400469999998,17.0333751836,0.0042303145164289,"SDSS(cModelMag g,r)",17.0333751836,SDSS,Vmag_sdss,1.024032650000006,0.7058439600000028,SDSS(cModel extcorr),-17.9666248164,1.1024999618530271,3.875358740150076,SDSS,False,3.2,12.401147968480243,,,,1.024032650000006,g-i,8.82,1.0,90.0,10.785306699293509,5.581717257033833,5.581717257033833,NGC 4889,7.78829727836003,10873950.45529427,9.67058081100148,7.838952834924759,8.276451122264664,9.67058081100148,1.4828116171374206,-0.10593596663742066,1.4573213342502829,-0.08560287575028291,0.018320572125361617,-0.01316338012536164,1.4940969409100935,-0.048203163316343556,1.4817093619749742,-0.12369117271361052,0.012085324268161307,0.07579026406422498,0.5802658745174056,-0.0028180036162208655,0.5893035027846213,0.023441208230923882,-0.0035685368704463927,-0.03172830324391401,0.00916161932953799
IC 4051,1891,802,43436.646736905925,173746.58694762376,43436.646736905925,88402.26343895098,1.0,0.5088,1.0,0.5088,1.0,0.5088,True,False,False,True,True,1787,767,1.500206525,1787,767,True,0.5703149302787214,0.5861740947220174,1.500206525,1.469299198,1.519245030862339,1.4928392380704043,-0.015859164443296048,0.02640579279193478,0.030907326999999984,0.49135220125786144,0.24999999999999992,1019.152780408075,449.5955306517874,0.24496066232788127,0.23855655282312546,0.28814805003773625,0.2902504866816631,True,True,10,0.5697784548398124,0.005736137851934607,0.5697784548398124,0.005736137851934607,,,,,195.22692933466,28.007639484250003,EmG,0.01662,13.5,14.8,1.3000002,13.83,13.045,12.617,12.289,0.78499985,1.2130003,79.12799835205078,0.915775,103.0,SIMBAD,B,2023ApJS..269....3M,,-21.5,True,9.890999794006348,Regular galaxies,E3,27648.45590073015,True,1.2376673243347028e+18,16.32261,14.110691012813476,13.7839,13.09279,12.65764,0.001822794,0.001708321,0.001716669,0.03332343,0.02305299,0.01713084,13.75057657,13.06973701,12.64050916,True,0.680839559999999,1.1100674099999992,13.83039,13.04475,12.61681,0.001806036,0.001684989,0.00169446,13.79706657,13.02169701,12.59967916,13.3388812296,0.0012547536390096,"SDSS(cModelMag g,r)",13.3388812296,SDSS,Vmag_sdss,1.1100674099999992,0.680839559999999,SDSS(cModel extcorr),-21.6611187704,9.890999794006348,14.110691012813476,SDSS,False,4.8,67.73131686150468,,,,1.1100674099999992,g-i,54.9465,0.694400226776063,103.0,17.627269946582405,10.398940718506523,10.398940718506523,NGC 4889,14.012721219897164,1746533.0058117365,16.040313843896875,15.523522290152426,16.490726894251296,16.040313843896875,1.5333371714822999,-0.0331306464822998,1.473741242596643,-0.00444204459664288,0.0568099054654882,-0.025902578465488213,1.5575245873686516,-0.03827955650631254,1.4976939190077267,-0.004854680937322442,0.05614683432658785,-0.029741041534653068,0.5270806614121188,0.04323426886660253,0.5767223740529568,0.009451720669060637,-0.04244835918836429,0.02658919474506824,0.009491532805348453
2MASX J12592265+2753488,39,67,1166.9522433596928,4667.8089734387695,1166.9522433596928,3719.310190036011,1.0,0.7968,1.0,0.7968,1.0,0.7968,True,False,False,True,True,34,65,1.5659591955,34,65,True,0.543571001513566,0.5440023237143975,1.5659591955,1.566515243,1.5546603654117648,1.544780801723077,-0.00043132220083152983,0.009879563688687698,-0.0005560474999999343,0.31375502008032147,0.2500000000000001,18.481414051461243,35.360151041435834,0.23290382234843754,0.23669907395471815,0.25217254693799884,0.28395936948130734,True,True,10,0.5435674207323294,0.04206457671719252,0.5435674207323294,0.04206457671719252,,,,,194.84424989072,27.89687078928,GiC,0.01719,15.33,16.504,1.1739998,15.976,15.198,14.824,14.587,0.7779999,1.1519995,21.11699867248535,0.26625,28.0,SIMBAD,B,2023ApJS..269....3M,,-19.67,False,2.639624834060669,Members of systems,SB0,7626.343064574979,False,1.2376674440486584e+18,2.459718,2.2158852578663,15.96707,15.21206,14.84526,0.003031227,0.002621046,0.002734322,0.03866027,0.02674499,0.0198744,15.92840973,15.18531501,14.8253856,True,0.7430947200000002,1.1030241300000014,15.97594,15.19837,14.82378,0.003020651,0.002612454,0.002727866,15.93727973,15.17162501,14.803905599999998,15.479983845199998,0.0019839267732674,"SDSS(cModelMag g,r)",15.479983845199998,SDSS,Vmag_sdss,1.1030241300000014,0.7430947200000002,SDSS(cModel extcorr),-19.520016154800004,2.639624834060669,2.2158852578663,SDSS,False,3.0,6.6476557735989,,,,1.1030241300000014,g-i,15.975,0.756499550327425,28.0,4.729345314929385,11.136306999186456,4.729345314929385,NGC 4874,7.753571523239694,11608289.60366112,6.233601782469531,5.826946651820893,4.902425177798315,6.233601782469531,1.5040556520348707,0.061903543465129385,1.4642252685157435,0.10228997448425647,0.03450384317026617,-0.0350598906702661,1.5207658048602284,0.03389456055153639,1.4884302479073912,0.05635055381568588,0.03061147938812836,-0.02073191569944066,0.5579035563224437,-0.01433255480887774,0.5840136263787055,-0.04001130266430797,-0.019915993377120328,0.019484671176288798,0.06224142606309216
LEDA 126754,23,64,4630.122447597402,18520.48979038961,3191.08039088413,9652.879278751065,0.6892,0.5212,0.6892,0.5212,0.6892,0.5212,False,False,False,True,True,22,62,1.4829848815,22,62,True,0.5953218022579809,0.6017074612605433,1.4829848815,1.413877356,1.4754528651363636,1.4465551242580645,-0.006385659002562383,0.028897740878299105,0.06910752549999999,0.33058326937835764,0.25,13.09707964967558,37.30586259815369,0.22339644813189688,0.24105820616910562,0.3441931360416204,0.3088242718797879,True,True,10,0.5949579914402519,0.04720726170031609,0.5949579914402519,0.04720726170031609,,,,,195.1289845,28.10839552777778,AG?,0.01728,17.15,,,17.9,17.218,16.847,16.635,0.6819992,1.0529995,8.66,,,NED,,,2007SDSS6.C...0000:,-17.85,False,1.0825,Other,,3143.5640787654274,False,1.2376673243346373e+18,5.398847,3.839028196447303,18.08316,17.40036,16.98393,0.008912189,0.007605135,0.008446744,0.03684132,0.02548665,0.01893931,18.04631868,17.374873349999998,16.96499069,True,0.671445330000001,1.0813279899999984,17.89953,17.21823,16.84739,0.008727153,0.007435316,0.008246869,17.862688679999998,17.192743349999997,16.82845069,17.640165935299994,0.0057866339729505,"SDSS(cModelMag g,r)",17.640165935299994,SDSS,Vmag_sdss,1.0813279899999984,0.671445330000001,SDSS(cModel extcorr),-17.359834064700006,1.0825,3.839028196447303,SDSS,False,3.2,12.28489022863137,,,,1.0813279899999984,g-i,,1.0,0.0,15.12305481286862,9.357902117020313,9.357902117020313,NGC 4889,12.044941203348692,2438908.6255949335,13.515132093288132,14.351768452649818,15.612169853305703,13.515132093288132,1.474513203475708,0.00847167802429194,1.454624497104956,-0.04074714110495603,0.011999010417404088,0.0571085150825959,1.4836794629679575,-0.008226597831593851,1.4790840277618829,-0.03252890350381832,0.004848577600747639,0.024049163277551466,0.5890011156197873,0.006320686638193629,0.5913698514254292,0.010337609835114114,0.0028171594939254696,-0.009202818496487852,0.007948116142153523
LEDA 126792,122,863,6967.832433327321,27871.32973330929,6967.832433327321,27871.32973330929,1.0,1.0,1.0,1.0,1.0,1.0,True,True,True,True,True,120,838,1.4546820875000002,120,838,True,0.6338519138457818,0.5554184168957803,1.4546820875000002,1.5115511160000001,1.4729827117499998,1.5269302094224344,0.07843349695000146,-0.05394749767243456,-0.056869028499999974,0.24999999999999997,0.24999999999999997,76.06222966149382,465.4406333586639,0.20029286061063276,0.2564552417837539,0.2406195397150393,0.30583975667222696,True,True,10,0.6334697531996367,0.018870270462690575,0.6334697531996367,0.018870270462690575,,,,,194.854351875,27.996733611111114,GiC,0.01828,17.17,18.55,1.3799992,17.599,16.871,16.498,16.262,0.72800064,1.1010017,22.81999969482422,0.375,0.0,SIMBAD,D,2019MNRAS.490..718B,,-17.83,False,2.852499961853028,Members of systems,,8752.33694498333,False,1.2376673243345715e+18,5.284765,4.742861806254429,17.77216,17.03003,16.68697,0.007943758,0.006591271,0.007141294,0.03034168,0.02099024,0.01559799,17.74181832,17.00903976,16.67137201,True,0.7327785599999999,1.0704463100000012,17.59938,16.87102,16.49768,0.00776324,0.006439277,0.006969848,17.56903832,16.85002976,16.48208201,17.2994789696,0.0050725552447834,"SDSS(cModelMag g,r)",17.2994789696,SDSS,Vmag_sdss,1.0704463100000012,0.7327785599999999,SDSS(cModel extcorr),-17.7005210304,2.852499961853028,4.742861806254429,SDSS,False,3.2,15.177157780014172,,,,1.0704463100000012,g-i,22.5,0.9859772261567209,0.0,3.2561917831787897,9.577722529803415,3.2561917831787897,NGC 4874,6.172936022397606,33687657.17964756,4.16127842076191,6.298146761148597,6.619106090820979,4.16127842076191,1.4791724066072844,-0.024490319107284275,1.4561386554230489,0.05541246057695126,0.015548296016658136,-0.07241732451665811,1.4895284297500149,-0.01654571800001503,1.4805580402521863,0.04637216917024811,0.00891170027813426,-0.06285919795056882,0.5840966526274118,0.04975526121836993,0.5902096853442177,-0.034791268448437385,-0.0007681349624655553,0.07920163191246701,0.05067124816052281
2MASX J12595760+2803543,0,18,2733.1461080778804,10932.584432311518,134.4707885174317,4040.683206182337,0.0492,0.3696,0.0492,0.3696,0.0492,0.3696,False,False,False,True,True,0,18,,0,18,True,,0.7099989602949428,,1.307155781,,1.3229792098333333,,,,0.03327922077922079,0.25000000000000006,,12.77998128530897,,0.13967043230111262,,0.2473707163212494,False,True,10,,,,,,,,,194.990029,28.065089,GiC,0.01948,16.59,17.914,1.3239994,17.274,16.6,16.246,16.007,0.6739998,1.0279999,10.199999809265137,0.133,60.0,SIMBAD,C,2006AJ....131.1163S,,-18.41,False,1.274999976158142,Members of systems,1.48,4162.819773722052,False,1.2376673243345718e+18,3.773793,3.3346873663249745,17.14562,16.48442,16.16053,0.005768645,0.005163962,0.005571181,0.03240118,0.02241499,0.01665674,17.11321882,16.46200501,16.143873260000003,True,0.6512138100000016,0.9693455599999972,17.27383,16.60032,16.2458,0.00557226,0.005000859,0.00540826,17.24142882,16.57790501,16.22914326,16.719002672099997,0.0038570089643077,"SDSS(cModelMag g,r)",16.719002672099997,SDSS,Vmag_sdss,0.9693455599999972,0.6512138100000016,SDSS(cModel extcorr),-18.280997327900003,1.274999976158142,3.3346873663249745,SDSS,False,3.2,10.67099957223992,,,,0.9693455599999972,g-i,7.98,0.7823529558060769,60.0,7.980385598524684,5.768759615553481,5.768759615553481,NGC 4889,5.951789856016251,11213657.705951585,6.576611751099073,8.354839874898461,9.608369736829276,6.576611751099073,,,1.458718539900019,-0.15156275890001902,,,,,1.4830695226362633,-0.16009031280293007,,,,,0.5882329472265059,0.12176601306843693,,,0.005351214820409383
2MASX J12592136+2758248,8,55,602.4384799450705,2409.7539197802816,602.4384799450705,2409.7539197802816,1.0,1.0,1.0,1.0,1.0,1.0,True,True,True,True,True,7,55,1.63779377,7,55,True,0.43562747595989243,0.5372594698253409,1.63779377,1.565734313,1.6650137425714286,1.5501824367090913,-0.10163199386544847,0.11483130586233736,0.07205945699999994,0.25000000000000006,0.25000000000000006,3.049392331719247,29.54927084039375,0.289444324984355,0.2502454300749192,0.24008235657290092,0.30814698067246754,False,True,10,,,,,,,,,194.83922998562,27.973574061,GiC,0.02021,16.12,17.608,1.487999,17.073,16.364,16.025,15.774,0.70899963,1.0480003,25.45439910888672,0.188872,84.0,SIMBAD,B,2023ApJS..269....3M,,-18.88,False,3.18179988861084,Members of systems,S...,10768.182295021958,False,1.2376674440485934e+18,3.18385,2.0754077089170355,16.91346,16.20368,15.84402,0.004764859,0.003991485,0.00444435,0.03376154,0.02335608,0.01735607,16.87969846,16.18032392,15.82666393,True,0.6993745400000009,1.0530345299999997,17.07322,16.36368,16.02497,0.004689825,0.003921284,0.004350529,17.03945846,16.34032392,16.007613929999998,16.457067481399996,0.0030598096528865,"SDSS(cModelMag g,r)",16.457067481399996,SDSS,Vmag_sdss,1.0530345299999997,0.6993745400000009,SDSS(cModel extcorr),-18.542932518600004,3.18179988861084,2.0754077089170355,SDSS,False,3.0,6.226223126751107,,,,1.0530345299999997,g-i,11.332320000000001,0.44520084530471693,84.0,3.271183755412217,10.308836052079487,3.271183755412217,NGC 4874,6.739544688015576,32861673.78261265,4.659700245061834,6.259412783660264,6.260726507532487,4.659700245061834,1.4906931474604985,0.1471006225395015,1.4598826917101266,0.10585162128987347,0.024324560637087933,0.047734896362912005,1.5039910811202593,0.1610226614511694,1.4842028085603332,0.06597962814875813,0.01895852204122611,0.09587278382111125,0.5719694614396309,-0.13634198547973847,0.5873409602874065,-0.05008149046206556,-0.009633438137296224,-0.09199855572815224,0.030059753523934654
2MASX J13001702+2803502,7,37,1433.2151817487945,5732.860726995177,1433.2151817487945,5732.860726995177,1.0,1.0,1.0,1.0,1.0,1.0,True,True,True,True,True,7,37,1.32050692,7,37,True,0.6286043102225352,0.5775088041467175,1.32050692,1.447855545,1.4576606854285714,1.3928349881891893,0.0510955060758177,0.06482569723938214,-0.127348625,0.25000000000000006,0.25000000000000006,4.400230171557746,21.367825753428548,0.2953236610237527,0.23059980068082417,0.3797479809242139,0.3482551121564593,False,True,10,,,,,,,,,195.07096562464,28.06391252495,GiC,0.02047,15.52,16.855,1.3349991,16.03,15.268,14.864,14.573,0.76200104,1.1660004,25.399019241333008,0.28413,76.0,SIMBAD,B,2023ApJS..269....3M,,-19.48,False,3.174877405166626,Members of systems,SB0,10879.548116232978,False,1.2376673243346373e+18,3.127286,2.6070842519428004,15.99801,15.2678,14.86028,0.002968892,0.00259522,0.002638458,0.03496073,0.02418567,0.01797255,15.96304927,15.24361433,14.84230745,True,0.7194349400000011,1.120741820000001,16.02991,15.26779,14.86429,0.002970163,0.002595221,0.002638689,15.99494927,15.24360433,14.84631745,15.5285826554,0.0019560671570235,"SDSS(cModelMag g,r)",15.5285826554,SDSS,Vmag_sdss,1.120741820000001,0.7194349400000011,SDSS(cModel extcorr),-19.4714173446,3.174877405166626,2.6070842519428004,SDSS,False,3.0,7.821252755828401,,,,1.120741820000001,g-i,17.0478,0.671199145054283,76.0,11.07330362433684,5.57370602554676,5.57370602554676,NGC 4889,7.986281714570146,10850811.214546127,9.455970600789993,10.322933033857465,11.59429443118251,9.455970600789993,1.5033910192444453,-0.18288409924444538,1.464009274655918,-0.016153729655917992,0.0339975395116294,-0.1613461645116294,1.5199314529327241,-0.062270767504152724,1.488219980828046,-0.0953849926388568,0.03003187715000949,0.03479382008937265,0.5586031752985019,0.07000113492403326,0.5841791234386398,-0.0066703192919223,-0.019404553074614833,0.07050005915043253,0.01143954017806972
LEDA 126759,2,7,220.19457438309541,880.7782975323815,220.19457438309541,880.7782975323815,1.0,1.0,1.0,1.0,1.0,1.0,True,True,True,True,True,2,7,1.6149632070000002,2,7,True,0.5250898065503891,0.6500871354750561,1.6149632070000002,1.340606596,1.6149632070000002,1.4680634962857142,-0.12499732892466708,0.14689971071428598,0.2743566110000002,0.25000000000000006,0.25000000000000006,1.0501796131007781,4.550609948325393,0.3015163302812083,0.23350822955688777,0.22815722079383913,0.22732023191513087,False,True,10,,,,,,,,,195.07869072274,28.0093126217,AG?,0.02068,17.36,18.301,0.941,17.783,17.041,16.655,16.382,0.7420006,1.1280003,7.199999809265137,0.12,90.0,SIMBAD,C,2006AJ....131.1163S,,-17.64,False,0.8999999761581421,Other,,3114.9301629568845,False,1.2376673243346373e+18,0.9153376,0.8371983630548457,17.7664,17.04928,16.6611,0.005538598,0.004612247,0.004750346,0.03410693,0.02359502,0.01753363,17.73229307,17.02568498,16.643566370000002,True,0.7066080899999996,1.0887266999999987,17.78336,17.04129,16.65547,0.005534069,0.00460787,0.004746385,17.749253069999998,17.01769498,16.637936370000002,17.3053942969,0.0035442511863207,"SDSS(cModelMag g,r)",17.3053942969,SDSS,Vmag_sdss,1.0887266999999987,0.7066080899999996,SDSS(cModel extcorr),-17.6946057031,0.8999999761581421,0.8371983630548457,SDSS,False,3.2,2.6790347617755064,,,,1.0887266999999987,g-i,7.199999999999999,1.0,90.0,9.994119850176435,3.070038007499891,3.070038007499891,NGC 4889,6.44869233562492,61204581.576600306,8.360679129256683,8.40519604943308,9.577604222373392,8.360679129256683,1.479091509143468,0.1358716978565322,1.456112365183218,-0.11550576918321798,0.01548666998421619,0.258869941015784,1.4894268744914754,0.1255363325085248,1.4805324470619492,-0.012468950776235,0.008841152523401646,0.13805855819088433,0.584181808523444,-0.059092001973054975,0.5902298292381252,0.059857306236930974,-0.0007058837104023663,-0.12429144521426472,0.009216545461321012
2MASX J12593697+2749327,0,0,855.7668495332438,3423.067398132976,0.0,100.63818150510949,0.0,0.0294,0.0,0.0294,0.0,0.0294,False,False,False,False,True,0,0,,0,0,True,,,,,,,,,,,0.24999999999999994,,,,,,,False,False,10,,,,,,,,,194.90404155527,27.825811902120005,GiC,0.02087,16.43,17.56,1.1299992,16.947,16.215,15.867,15.585,0.73200035,1.0800009,9.420000076293944,0.157,90.0,SIMBAD,C,2006AJ....131.1163S,,-18.57,False,1.1775000095367432,Members of systems,E/S0,4111.861149033748,False,1.2376674440486587e+18,1.923623,1.6504516069275927,16.91373,16.22208,15.89493,0.004322707,0.003604603,0.003867843,0.03279377,0.02268658,0.01685856,16.88093623,16.19939342,15.87807144,True,0.6815428099999998,1.0028647899999985,16.94714,16.21544,15.8668,0.00431943,0.003600004,0.003863313,16.91434623,16.192753420000003,15.84994144,16.468825972099996,0.0027683934405474,"SDSS(cModelMag g,r)",16.468825972099996,SDSS,Vmag_sdss,1.0028647899999985,0.6815428099999998,SDSS(cModel extcorr),-18.531174027900004,1.1775000095367432,1.6504516069275927,SDSS,False,3.0,4.951354820782778,,,,1.0028647899999985,g-i,9.42,0.9999999919008553,90.0,8.011027799500402,11.384669681317918,8.011027799500402,NGC 4874,9.15473728299137,3307988.3005194208,8.772911067802326,6.717383516002637,5.454334226680289,8.772911067802326,,,,,,,,,,,,,,,,,,,
LEDA 2816216,9,17,1017.8593744510985,4071.437497804393,1017.8593744510985,3887.408522903634,1.0,0.9548,1.0,0.9548,1.0,0.9548,True,True,True,True,True,8,16,1.5222154655,8,16,True,0.5370928554546663,0.6582391519085002,1.5222154655,1.41234043,1.592879447,1.4496355037499997,-0.1211462964538339,0.14324394325000034,0.1098750355,0.2618349392542942,0.25000000000000006,4.296742843637331,10.531826430536004,0.27482277445141845,0.16480394416345254,0.2429657763620363,0.20784865986357318,False,True,10,,,,,,,,,194.89701825286,27.863645236110003,AG?,0.02099,16.37,17.721,1.3509998,17.252,16.514,16.18,15.8223,0.73800087,1.0720005,16.157819747924805,0.237143,60.0,SIMBAD,B,2023ApJS..269....3M,,-18.63,False,2.0197274684906006,Other,S0...,7092.461702966269,False,1.2376674440486587e+18,2.057261,1.9181366942285152,17.05988,16.33126,15.99901,0.005030076,0.00404873,0.005326854,0.03587027,0.02481489,0.01844012,17.02400973,16.306445110000002,15.98056988,True,0.7175646199999974,1.0434398499999986,17.2523,16.51428,16.17959,0.004940682,0.003976932,0.005225486,17.21642973,16.48946511,16.16114988,16.5906466042,0.0031558421570568,"SDSS(cModelMag g,r)",16.5906466042,SDSS,Vmag_sdss,1.0434398499999986,0.7175646199999974,SDSS(cModel extcorr),-18.4093533958,2.0197274684906006,1.9181366942285152,SDSS,False,3.0,5.7544100826855455,,,,1.0434398499999986,g-i,14.22858,0.8806002432244868,60.0,5.736952369196935,9.940611734089536,5.736952369196935,NGC 4874,7.265291606303399,7568318.763181637,6.612498449431425,4.840789471929196,3.556627299146496,6.612498449431425,1.4888663318499151,0.03334913365008485,1.459289009062199,-0.04694857906219907,0.02293292988907586,0.08694210561092414,1.5016977739770632,0.0911816730229369,1.4836248665922673,-0.03398936284226761,0.01736542216445522,0.12587852108554512,0.5738924403918209,-0.03679958493715452,0.5877958469811552,0.07044330492734507,-0.008227688764171792,-0.11291860768966211,0.00431771457857814
SDSS J130051.15+280249.7,1033,1027,62684.54497382511,250738.17989530045,58710.3448224846,132590.3495286349,0.9366,0.5288,0.9366,0.5288,0.9366,0.5288,True,False,False,True,True,1009,990,1.460477658,1009,990,True,0.5877364189310446,0.6165457565597978,1.460477658,1.428018327,1.4866318389732407,1.4531319265353535,-0.028809337628753262,0.03349991243788719,0.03245933100000009,0.44279500756429646,0.25,593.026046701424,610.3802989941998,0.24407172585632642,0.22910161827867728,0.29929248450082213,0.29041691175767836,True,True,10,0.5875518569946689,0.00759078357507532,0.5875518569946689,0.00759078357507532,,,,,195.2131504583333,28.047138916666665,GiC,0.02116,17.077,17.804,0.7270012,16.54,15.845,15.509,15.338,0.69500065,1.0310011,15.45,,,NED,,,2007SDSS6.C...0000:,-17.923,False,1.93125,Members of systems,,6835.279943101027,False,1.2376673243347026e+18,16.10263,14.125547910116966,16.62414,15.84471,15.56184,0.007099308,0.005981592,0.006733094,0.0350979,0.02428056,0.01804306,16.5890421,15.82042944,15.54379694,True,0.7686126600000005,1.0452451600000003,16.54006,15.84471,15.50868,0.007014956,0.005981592,0.006731189,16.5049621,15.82042944,15.49063694,16.125560630599995,0.004574614007793,"SDSS(cModelMag g,r)",16.125560630599995,SDSS,Vmag_sdss,1.0452451600000003,0.7686126600000005,SDSS(cModel extcorr),-18.874439369400005,1.93125,14.125547910116966,SDSS,False,3.2,45.20175331237429,,,,1.0452451600000003,g-i,,1.0,0.0,17.468374056075092,10.393129377674235,10.393129377674235,NGC 4889,13.910886998325815,1754632.8198185621,15.833411246856118,15.721622625323965,16.80703925006569,15.833411246856118,1.4952268041978876,-0.03474914619788749,1.4613560496785252,-0.033337722678525195,0.027778207562443508,0.0046811234375565836,1.509682442262796,-0.023050603289555216,1.4856371024661665,-0.032505175930813035,0.02291216024522072,0.010587752192666472,0.5671971535876796,0.02053926534336492,0.5862120559185611,0.03033370064123675,-0.013122123628937582,-0.01568721399981568,0.009545844384953006
2MASS J12594779+2805520,0,0,1035.418523079129,4141.674092316514,0.0,0.0,0.0,0.0,0.0,0.0,0.0,0.0,False,False,False,False,False,0,0,,0,0,True,,,,,,,,,,,0.2500000000000001,,,,,,,False,False,10,,,,,,,,,194.949151,28.09779,AG?,0.02126,17.63,,,18.436,17.746,17.39,17.174,0.69000053,1.0460014,6.42,,,NED,,,2007SDSS6.C...0000:,-17.37,False,0.8025,Other,,2853.3675692931747,False,1.2376673243345718e+18,2.145145,1.8154447175111288,18.34495,17.66656,17.26984,0.009136708,0.007851311,0.00881276,0.03338294,0.02309416,0.01716144,18.31156706,17.64346584,17.25267856,True,0.6681012200000005,1.058888500000002,18.43615,17.74564,17.38951,0.009006577,0.00770586,0.008611602,18.40276706,17.722545840000002,17.372348560000002,17.9073873402,0.0059574197759134,"SDSS(cModelMag g,r)",17.9073873402,SDSS,Vmag_sdss,1.058888500000002,0.6681012200000005,SDSS(cModel extcorr),-17.0926126598,0.8025,1.8154447175111288,SDSS,False,3.2,5.809423096035614,,,,1.058888500000002,g-i,,1.0,0.0,8.729961281699477,8.518779360276742,8.518779360276742,NGC 4889,7.831813643749098,4458765.876157449,7.720237853218514,10.001990042147588,11.142645175769477,7.720237853218514,,,,,,,,,,,,,,,,,,,
LEDA 126799,1,18,842.5034338048519,3370.013735219408,446.5268199165715,1707.2489582621522,0.53,0.5066,0.53,0.5066,0.53,0.5066,False,False,False,True,True,1,18,1.43334951,1,18,True,0.6838365893018332,0.6184923001675687,1.43334951,1.361518617,1.43334951,1.3662654136666665,0.06534428913426449,0.06708409633333345,0.071830893,0.2615475720489538,0.24999999999999997,0.6838365893018332,11.132861403016237,,0.24916568595509464,,0.3057861176829097,False,True,10,,,,,,,,,194.81092502101,27.89558741444,GiC,0.02138,17.66,18.903,1.243,18.078,17.31,16.94,16.647,0.76799965,1.1379986,4.82,,,NED,,,2007SDSS6.C...0000:,-17.34,False,0.6025,Members of systems,,2154.02581969888,False,1.2376674440485934e+18,1.815053,1.637611590469105,18.21153,17.42055,17.07506,0.007988362,0.006070899,0.006700076,0.04185935,0.0289581,0.02151897,18.16967065,17.391591899999998,17.05354103,True,0.7780787500000024,1.1161296199999988,18.07813,17.30966,16.93989,0.007958545,0.006025441,0.0066502,18.03627065,17.2807019,16.91837103,17.700604187499998,0.0048535173111029,"SDSS(cModelMag g,r)",17.700604187499998,SDSS,Vmag_sdss,1.1161296199999988,0.7780787500000024,SDSS(cModel extcorr),-17.299395812500002,0.6025,1.637611590469105,SDSS,False,3.2,5.2403570895011375,,,,1.1161296199999988,g-i,,1.0,0.0,6.023762050355562,12.781711915299352,6.023762050355562,NGC 4874,9.314272804510257,5841276.25483598,7.627758655471216,7.527767730735031,6.656745261141685,7.627758655471216,1.4736866555819879,-0.040337145581987865,1.4543558837105115,-0.09283726671051151,0.011369363146523565,0.06046152985347644,1.4826418496599252,-0.04929233965992519,1.478822536282595,-0.11255712261592854,0.004127775052311766,0.06295632128102169,0.5898711728896031,0.09396541641223011,0.5915756661975503,0.026916633970018422,0.0034531947767001137,0.061891094357564375,0.009248964177933286
IC 3960,0,0,4581.305986862326,18325.223947449304,0.0,0.0,0.0,0.0,0.0,0.0,0.0,0.0,False,False,False,False,False,0,0,,0,0,True,,,,,,,,,,,0.25,,,,,,,False,False,10,,,,,,,,,194.78310775251,27.85497013762,AGN,0.02193,14.47,15.5,1.0299997,15.258,14.441,14.011,13.684,0.8170004,1.2470007,27.792598724365234,0.455752,127.0,SIMBAD,B,2023ApJS..269....3M,,-20.529999,True,3.4740748405456543,Active (AGN/Seyfert/QSO),SB0,12731.337939964027,False,1.2376674440485932e+18,4.008224,3.849855021639004,15.21182,14.44691,14.01859,0.002464609,0.002157941,0.002203102,0.04592069,0.03176772,0.02360682,15.16589931,14.41514228,13.99498318,True,0.7507570299999973,1.1709161299999984,15.25751,14.44068,14.01121,0.002458372,0.002153396,0.002203247,15.21158931,14.40891228,13.98760318,14.7129526623,0.0016254506887726,"SDSS(cModelMag g,r)",14.7129526623,SDSS,Vmag_sdss,1.1709161299999984,0.7507570299999973,SDSS(cModel extcorr),-20.2870473377,3.4740748405456543,3.849855021639004,SDSS,False,3.0,11.549565064917012,,,,1.1709161299999984,g-i,27.345119999999998,0.9838993564868427,127.0,8.761764177551566,15.172311211340759,8.761764177551566,NGC 4874,11.849328345355172,2125491.4308125116,10.315876377677634,9.823039415549454,8.763843194514774,10.315876377677634,,,,,,,,,,,,,,,,,,,
LEDA 44815,15,19,780.650455456253,3122.601821825013,780.650455456253,3090.126762878033,1.0,0.9896,1.0,0.9896,1.0,0.9896,True,True,True,True,True,15,18,1.52044981,15,18,True,0.49663620601799346,0.6254924239859934,1.52044981,1.413402066,1.542562608333333,1.4653699265555558,-0.1288562179679999,0.07719268177777727,0.10704774399999994,0.2526273241713823,0.24999999999999992,7.449543090269902,11.25886363174788,0.27181956777093214,0.23355627908168033,0.3223879057116376,0.27767639692660334,True,True,10,0.501802861463178,0.07089046411145242,0.501802861463178,0.07089046411145242,,,,,195.18600176463,28.100633416780003,AG?,0.02201,15.59,15.0,-0.59000015,16.075,15.316,14.929,14.644,0.7590008,1.1460009,28.14881896972656,0.177947,124.0,SIMBAD,B,2023ApJS..269....3M,,-19.41,False,3.5186023712158203,Other,,12940.29921511066,False,1.2376673243347028e+18,4.463411,2.5595434173924447,16.10457,15.36007,14.95219,0.003107573,0.002744932,0.002789071,0.03689124,0.02552119,0.01896498,16.06767876,15.33454881,14.93322502,True,0.7331299499999986,1.1344537399999997,16.07537,15.31628,14.92948,0.003089029,0.002728006,0.002772608,16.03847876,15.290758810000002,14.91051502,15.6251320895,0.0020606202037415,"SDSS(cModelMag g,r)",15.6251320895,SDSS,Vmag_sdss,1.1344537399999997,0.7331299499999986,SDSS(cModel extcorr),-19.3748679105,3.5186023712158203,2.5595434173924447,SDSS,False,3.2,8.190538935655823,,,,1.1344537399999997,g-i,10.67682,0.3792990395612223,124.0,17.416926733921628,10.955624493616314,10.955624493616314,NGC 4889,14.093504842993564,1529869.3085909113,15.775609612384617,16.235863507972066,17.441757851417496,15.775609612384617,1.5020706181989096,0.018379191801090267,1.4635801677529012,-0.05017810175290127,0.032991685015954286,0.07405605898404566,1.5182738772408657,0.02428873109246732,1.4878022511050943,-0.022432324549538585,0.028880403114674658,0.048312278663102615,0.5599930820872906,-0.06335687606929713,0.5845079102425987,0.040984513743394624,-0.01838849380115487,-0.11046772416684503,0.04822812697098335
LEDA 44594,69,255,2761.6470074595863,11046.588029838347,2761.6470074595863,11046.588029838347,1.0,1.0,1.0,1.0,1.0,1.0,True,True,True,True,True,68,252,1.4524903555000002,68,252,True,0.6410840219744905,0.5939367022748917,1.4524903555000002,1.4643489945,1.4582365638676473,1.479177736297619,0.047147319699598844,-0.020941172429971733,-0.011858638999999727,0.24999999999999997,0.24999999999999997,43.59371349426536,149.67204897327272,0.19888215338271878,0.2394902454191401,0.23372332928785108,0.30155838093139853,True,True,10,0.640988107764245,0.024317232994655893,0.640988107764245,0.024317232994655893,,,,,194.86082575781,27.99848141603,EmG,0.02224,15.87,17.181,1.3109999,16.321,15.564,15.186,14.902,0.756999,1.1349993,20.88377952575684,0.264876,152.0,SIMBAD,B,2023ApJS..269....3M,,-19.130001,False,2.6104724407196045,Regular galaxies,,9698.10282510237,False,1.2376673243345715e+18,4.021479,3.3987307971420755,16.35921,15.61571,15.25638,0.003492939,0.002992923,0.003078346,0.02968151,0.02053353,0.01525862,16.32952849,15.59517647,15.24112138,True,0.7343520200000011,1.088407110000002,16.32059,15.5644,15.18556,0.003459516,0.002966559,0.003051536,16.29090849,15.54386647,15.170301380000002,15.8862607982,0.0022735569300984,"SDSS(cModelMag g,r)",15.8862607982,SDSS,Vmag_sdss,1.088407110000002,0.7343520200000011,SDSS(cModel extcorr),-19.1137392018,2.6104724407196045,3.3987307971420755,SDSS,False,3.2,10.875938550854642,,,,1.088407110000002,g-i,15.89256,0.7610001810447692,152.0,3.096396588393586,9.251372029325381,3.096396588393586,NGC 4874,5.875810145954458,39071384.47490165,3.8896281829711246,6.10314487445162,6.485981040148003,3.8896281829711246,1.498499446361385,-0.04600909086138483,1.4624196002930967,0.00192939420690319,0.030271239390931876,-0.0421298783909316,1.5137907789811782,-0.05555421511353087,1.486672454497203,-0.007494718199583916,0.025766113209700847,-0.04670728563967258,0.563752239956552,0.07733178201793856,0.5853971508099385,0.008539551464953221,-0.015640448216895336,0.06278776791649418,0.03703572495605094
NGC 4876,38,235,4462.270097279217,17849.080389116876,4462.270097279217,15250.25428446146,1.0,0.8544,1.0,0.8544,1.0,0.8544,True,True,True,True,True,38,229,1.4801224455000002,38,229,True,0.5996182005311722,0.5585163219060844,1.4801224455000002,1.495447957,1.5028355757894738,1.5215532395502185,0.04110187862508785,-0.018717663760744685,-0.015325511499999944,0.2926029962546815,0.2499999999999999,22.785491620184544,127.90023771649332,0.22435901601926875,0.2595398982549326,0.2326391086876323,0.3139120334244987,True,True,10,0.5968523561496916,0.03707273554334124,0.5968523561496916,0.03707273554334124,,,,,194.93501805293,27.91246772362,LIN,0.02235,14.18,15.1,0.9200001,14.952,14.155,13.761,13.463,0.79699993,1.191,36.99737930297852,0.421215,22.0,SIMBAD,B,2023ApJS..269....3M,,-20.82,True,4.6246724128723145,Active (AGN/Seyfert/QSO),,17263.682282364145,False,1.2376674440486587e+18,5.504371,4.55995894226145,14.99974,14.20316,13.77287,0.002342492,0.002081028,0.002123126,0.03254221,0.02251255,0.01672924,14.967197789999998,14.18064745,13.75614076,True,0.786550339999998,1.2110570299999992,14.95233,14.15514,13.76129,0.002319187,0.00205877,0.002101916,14.91978779,14.13262745,13.74456076,14.4931330894,0.0015588196594867,"SDSS(cModelMag g,r)",14.4931330894,SDSS,Vmag_sdss,1.2110570299999992,0.786550339999998,SDSS(cModel extcorr),-20.506866910600003,4.6246724128723145,4.55995894226145,SDSS,False,3.2,14.591868615236642,,,,1.2110570299999992,g-i,25.2729,0.6830997350659745,22.0,3.400942041714428,6.510209143461234,3.400942041714428,NGC 4874,3.7281995728198245,34132730.2668044,3.5130969872231628,1.2884322842469462,0.0021602115897680256,3.5130969872231628,1.5175517308248965,-0.03742928532489631,1.4686112545705394,0.02683670242946068,0.04478487980745374,-0.06011039130745369,1.5377082120276495,-0.034872636238175714,1.4926999455670182,0.028853293983200246,0.042380921981414965,-0.06109858574215965,0.5436970456598642,0.055921154871308,0.5806530317878772,-0.022136709881792838,-0.030301335055177625,0.07140321368026548,0.029333133150151583
NGC 4864,0,4,129.9090736181301,519.6362944725204,0.05196362944725204,177.09204915623494,0.0004,0.3408,0.0004,0.3408,0.0004,0.3408,False,False,False,True,True,0,4,,0,4,True,,0.710121997136428,,1.4669816605000001,,1.46849676275,,,,0.00029342723004694836,0.25,,2.840487988545712,,0.08310197600240266,,0.07475334118231275,False,True,10,,,,,,,,,194.80470416666665,27.97691944444444,GiG,0.0226,13.872,14.8,0.92800045,16.692,15.813,15.395,15.088,0.8789997,1.296999,49.880218505859375,0.770732,137.0,SIMBAD,B,2023ApJS..269....3M,,-21.128,True,6.235027313232422,Members of systems,,23528.271761111053,False,1.2376674440485932e+18,0.6945562,0.6678541970788108,16.72558,15.81313,15.37613,0.00428332,0.003468532,0.003437714,0.03611832,0.02498649,0.01856764,16.68946168,15.78814351,15.35756236,True,0.9013181700000016,1.3318993200000016,16.6917,15.81319,15.39479,0.004292545,0.003468532,0.003444804,16.65558168,15.78820351,15.37622236,16.147683959699997,0.0026966634542703,"SDSS(cModelMag g,r)",16.147683959699997,SDSS,Vmag_sdss,1.3318993200000016,0.9013181700000016,SDSS(cModel extcorr),-18.852316040300003,6.235027313232422,0.6678541970788108,SDSS,False,3.2,2.1371334306521947,,,,1.3318993200000016,g-i,46.243919999999996,0.9270993869958243,137.0,5.097288190766676,12.136057632486144,5.097288190766676,NGC 4874,8.577277557017746,9238788.165942028,6.496798309920575,8.032036784238091,7.914235696951442,6.496798309920575,,,1.461257724159344,0.005723936340656044,,,,,1.4855413839130558,-0.017044621163055718,,,,,0.5862873940987952,0.12383460303763283,,,0.006428697292453441
IC 3976,38,17,866.4466339846052,3465.7865359384195,866.4466339846052,3465.7865359384195,1.0,1.0,1.0,1.0,1.0,1.0,True,True,True,True,True,31,17,1.735565137,31,17,True,0.39088763767116186,0.6367049765927879,1.735565137,1.525669503,1.7383699911935484,1.5289819931764708,-0.24581733892162605,0.20938799801707764,0.209895634,0.2500000000000001,0.2500000000000001,12.117516767806018,10.823984602077395,0.301658185256881,0.0955461001634935,0.3611781041175355,0.11190611237563985,True,True,10,0.38670421944587435,0.05713004533869407,0.38670421944587435,0.05713004533869407,,,,,194.87250749055,27.85014087383,G,0.02264,14.42,15.5,1.0799999,15.275,14.429,14.001,13.72,0.8459997,1.2739992,36.413818359375,0.296348,154.0,SIMBAD,B,2023ApJS..269....3M,,-20.58,True,4.551727294921875,Regular galaxies,-2.39,17205.797800512744,False,1.2376674440486587e+18,3.589266,2.37658011132202,15.24133,14.42877,14.01754,0.002484288,0.002230985,0.002283173,0.03603545,0.02492916,0.01852504,15.20529455,14.40384084,13.99901496,True,0.8014537099999988,1.2062795899999994,15.27506,14.42877,14.00097,0.002486606,0.002230985,0.002283882,15.23902455,14.40384084,13.98244496,14.722436861099998,0.0016643487099098,"SDSS(cModelMag g,r)",14.722436861099998,SDSS,Vmag_sdss,1.2062795899999994,0.8014537099999988,SDSS(cModel extcorr),-20.2775631389,4.551727294921875,2.37658011132202,SDSS,False,3.2,7.605056356230465,,,,1.2062795899999994,g-i,17.78088,0.48830034314218473,154.0,6.693124713669252,11.446914216975696,6.693124713669252,NGC 4874,8.650683346052322,4810583.382440318,7.785615505308623,6.26443706480355,4.998372968350366,7.785615505308623,1.5144157938541591,0.2211493431458409,1.4675921307171327,0.05807737228286736,0.0423959871972617,0.1674996468027383,1.5337714892331094,0.20459850196043905,1.4917078423826036,0.0372741507938672,0.03964618467530681,0.16974181334177083,0.5469980579542562,-0.1561104202830943,0.5814338965846082,0.05527108000817971,-0.027888206217634937,-0.2179291327039911,0.004518259618467201
GMP 3196,1,36,3908.4927550411753,15633.9710201647,497.94197699224577,7354.219967885474,0.1274,0.4704,0.1274,0.4704,0.1274,0.4704,False,False,False,True,True,1,35,1.434623714,1,35,True,0.682926656754203,0.6011076316771853,1.434623714,1.484271944,1.434623714,1.4979446884857144,0.08181902507701777,-0.06332097448571439,-0.04964823000000007,0.06770833333333336,0.25000000000000006,0.682926656754203,21.038767108701485,,0.24545030439026638,,0.25547832604317366,False,True,10,,,,,,,,,194.93624720683,27.88975882822,GiC,0.02271,17.19,18.5,1.3099995,17.757,17.048,16.718,16.44,0.70899963,1.0389996,7.81,,,NED,,,2007SDSS6.C...0000:,-17.81,False,0.97625,Members of systems,S0,3701.378234184791,False,1.2376674440486587e+18,4.185131,3.527197023143628,17.92125,17.1966,16.84549,0.008459692,0.006717516,0.007866166,0.03361544,0.02325501,0.01728096,17.887634560000002,17.17334499,16.82820904,True,0.7142895700000018,1.0594255200000011,17.75659,17.04805,16.71803,0.008311094,0.006580545,0.007696064,17.72297456,17.02479499,16.700749039999998,17.4562037137,0.0052667190763909,"SDSS(cModelMag g,r)",17.4562037137,SDSS,Vmag_sdss,1.0594255200000011,0.7142895700000018,SDSS(cModel extcorr),-17.5437962863,0.97625,3.527197023143628,SDSS,False,3.0,10.581591069430884,,,,1.0594255200000011,g-i,,1.0,0.0,4.618121510862816,7.356816715676457,4.618121510862816,NGC 4874,4.964577640631892,15482960.920664232,4.874648079493075,2.546339680318003,1.3660720602999314,4.874648079493075,1.477029053641004,-0.042405339641004014,1.4554421037529772,0.028829840247022842,0.013915533588726714,-0.06356376358872678,1.4868377549826846,-0.05221404098268456,1.4798799566927863,0.018064731792928113,0.00704255961244446,-0.07036353409815885,0.5863528314214805,0.09657382533272252,0.5907433915041167,0.010364240173068584,0.0008811924635089285,0.08093783261350884,0.006220992416316168
LEDA 44693,323,1086,5403.577845807685,21614.31138323074,9375.850336580317,32885.21259217655,1.7351189534272153,1.5214554842441212,1.0,1.0,1.7351189534272156,1.5214554842441212,True,True,True,True,True,318,1072,1.4751071505,318,1072,True,0.5126416110768499,0.5135603035403211,1.4751071505,1.4950524575,1.4865927273144657,1.5058722000195894,-0.0009186924634712046,-0.019279472705123757,-0.019945306999999968,0.28510839971917495,0.25,163.02003232243828,550.5366453952242,0.27768481005874873,0.27515662912046274,0.31743071284363283,0.3261747818256166,True,True,10,0.5137685178407094,0.01443445571581812,0.5137685178407094,0.01443445571581812,,,,,195.00404093837,27.945440098500004,G,0.02282,16.92,18.329,1.4090004,17.561,16.867,16.552,16.332,0.69400024,1.0090008,10.199999809265137,0.16,,SIMBAD,E,2003A&A...412...45P,,-18.08,False,1.274999976158142,Regular galaxies,,4856.832924966436,False,1.237667444048659e+18,4.386122,4.274942082038647,17.59844,16.97189,16.62116,0.007980323,0.006489073,0.007581428,0.03067976,0.02122412,0.01577179,17.56776024,16.95066588,16.60538821,True,0.6170943599999994,0.9623720299999974,17.56062,16.867,16.55209,0.007917869,0.006374494,0.007529764,17.52994024,16.84577588,16.53631821,17.193674567599995,0.0050362049636896,"SDSS(cModelMag g,r)",17.193674567599995,SDSS,Vmag_sdss,0.9623720299999974,0.6170943599999994,SDSS(cModel extcorr),-17.806325432400005,1.274999976158142,4.274942082038647,SDSS,False,3.2,13.679814662523672,,,,0.9623720299999974,g-i,9.6,0.9411764881877616,0.0,5.639564580810199,2.463374842306604,2.463374842306604,NGC 4889,2.4213753127686575,122454636.44596569,4.348139085518254,3.1385189537537834,4.159523110040409,4.348139085518254,1.4806193777296466,-0.005512227229646616,1.4566088953544476,0.038443562145552335,0.016650569006717242,-0.03659587600671721,1.4913448961693332,-0.004752168854867511,1.4810158124177772,0.02485638760181219,0.010173551503496692,-0.02945302420862045,0.5825735131290362,-0.06993190205218625,0.5898493819255323,-0.07628907838521115,-0.0018815909327371816,0.000962898469265977,0.11733067490945823
Z 160-261,0,0,2013.4570422054762,8053.828168821903,0.0,0.0,0.0,0.0,0.0,0.0,0.0,0.0,False,False,False,False,False,0,0,,0,0,True,,,,,,,,,,,0.25000000000000006,,,,,,,False,False,10,,,,,,,,,195.24690929998,27.89984733525,EmG,0.02296,14.61,15.6,0.9900007,15.223,14.451,14.073,13.789,0.77199936,1.1499996,43.78242111206055,0.277726,172.0,SIMBAD,B,2023ApJS..269....3M,,-20.39,False,5.472802639007568,Regular galaxies,Sa,20971.779567161822,False,1.2376674440487898e+18,6.601604,4.103573720301582,15.20598,14.4749,14.0864,0.002555124,0.002263519,0.002344405,0.02868793,0.01984618,0.01474784,15.17729207,14.45505382,14.07165216,True,0.7222382500000002,1.1056399100000007,15.2234,14.45095,14.07295,0.002540023,0.002249465,0.002330177,15.19471207,14.43110382,14.05820216,14.7411715025,0.0016973403393087,"SDSS(cModelMag g,r)",14.7411715025,SDSS,Vmag_sdss,1.1056399100000007,0.7222382500000002,SDSS(cModel extcorr),-20.2588284975,5.472802639007568,4.103573720301582,SDSS,False,3.0,12.310721160904745,,,,1.1056399100000007,g-i,16.663559999999997,0.3805993267788875,172.0,18.795360770604773,12.211645678657089,12.211645678657089,NGC 4889,15.43076803099586,1119954.7160465424,17.476097919895025,16.005614126996957,16.555749631024337,17.476097919895025,,,,,,,,,,,,,,,,,,,
Z 160-233,28,33,560.0987284580887,2240.3949138323546,560.0987284580887,2240.3949138323546,1.0,1.0,1.0,1.0,1.0,1.0,True,True,True,True,True,26,33,1.5300439305,26,33,True,0.5858000045156732,0.5619670564542523,1.5300439305,1.539627362,1.530210850653846,1.5417653274545455,0.02383294806142089,-0.011554476800699431,-0.009583431500000072,0.25,0.25,15.230800117407501,18.544912862990326,0.23485194927134836,0.21874399007788084,0.2793356942508351,0.245637061374215,True,True,10,0.5883450744795473,0.0442494681835541,0.5883450744795473,0.0442494681835541,,,,,194.92626325622,27.92474257327,G,0.02304,15.42,16.553,1.1329994,16.061,15.26,14.906,14.614,0.8010006,1.1550007,12.179999351501465,0.159,135.0,SIMBAD,C,2006AJ....131.1163S,,-19.58,False,1.522499918937683,Regular galaxies,S0,5853.980025356828,False,1.2376674440486587e+18,1.628152,1.5087135896926172,16.03603,15.2603,14.90978,0.003075702,0.00274076,0.002914357,0.03189583,0.02206539,0.01639695,16.00413417,15.23823461,14.89338305,True,0.7658995599999994,1.1107511200000015,16.06121,15.26031,14.90636,0.003077073,0.00274076,0.002914458,16.02931417,15.23824461,14.88996305,15.5422534296,0.0020506247612405,"SDSS(cModelMag g,r)",15.5422534296,SDSS,Vmag_sdss,1.1107511200000015,0.7658995599999994,SDSS(cModel extcorr),-19.4577465704,1.522499918937683,1.5087135896926172,SDSS,False,3.0,4.526140769077852,,,,1.1107511200000015,g-i,9.540000000000001,0.7832512732296637,135.0,2.531219333405591,6.502889986809576,2.531219333405591,NGC 4874,3.357664111995029,73825753.3618029,2.751803007874973,1.1686093390818428,0.8684003151984409,2.751803007874973,1.5032040590129823,0.02683987148701772,1.463948515899189,0.0756788461008111,0.03385511703327304,-0.043438548533273114,1.5196967509563322,0.010514099697513934,1.4881608330062868,0.053604494448258766,0.029868835888494483,-0.041423312689193914,0.558799977092792,0.0270000274228811,0.5842256775194458,-0.022258621065193496,-0.019260685665854066,0.043093633727274955,0.019245248226964357
IC 3960A,0,0,467.6205406699251,1870.4821626797009,0.0,0.0,0.0,0.0,0.0,0.0,0.0,0.0,False,False,False,False,False,0,0,,0,0,True,,,,,,,,,,,0.24999999999999994,,,,,,,False,False,10,,,,,,,,,194.79017032975,27.86739742141,GiC,0.02306,16.53,17.637,1.1069984,17.035,16.281,15.91,15.624,0.7539997,1.125,9.779999732971191,0.163,90.0,SIMBAD,C,2006AJ....131.1163S,,-18.47,True,1.222499966621399,Members of systems,SB0,4704.452738832449,False,1.2376674440485934e+18,1.398571,1.2200337744417018,17.03168,16.29244,15.9277,0.00436742,0.003640158,0.003829222,0.04555633,0.03151566,0.02341951,16.98612367,16.26092434,15.90428049,True,0.7251993300000024,1.0818431800000017,17.03507,16.28125,15.91047,0.004359642,0.003632857,0.003821475,16.98951367,16.24973434,15.88705049,16.5482560653,0.0027962449205416,"SDSS(cModelMag g,r)",16.5482560653,SDSS,Vmag_sdss,1.0818431800000017,0.7251993300000024,SDSS(cModel extcorr),-18.4517439347,1.222499966621399,1.2200337744417018,SDSS,False,3.0,3.6601013233251054,,,,1.0818431800000017,g-i,9.780000000000001,1.0,90.0,7.970986907509402,14.491510548499049,7.970986907509402,NGC 4874,11.121794614601402,2733049.581889163,9.541687488113354,9.157213210025166,8.143245957531246,9.541687488113354,,,,,,,,,,,,,,,,,,,
SDSS J125923.41+275510.4,1,5,28.436531208885775,113.74612483554309,28.436531208885775,113.74612483554309,1.0,1.0,1.0,1.0,1.0,1.0,True,True,True,True,True,1,5,1.629347573,1,5,True,0.6037524411103717,0.6105952200596895,1.629347573,1.374680912,1.629347573,1.4268600291999998,-0.006842778949317729,0.20248754380000022,0.2546666609999999,0.25000000000000006,0.25000000000000006,0.6037524411103717,3.0529761002984475,,0.2399177242622141,,0.23422291181625624,False,True,10,,,,,,,,,194.84755666233,27.91957249925,GiC,0.02311,17.692,18.699,1.007,18.515,17.648,17.315,17.029,0.8669987,1.1999989,4.46,,,NED,,,2007SDSS6.C...0000:,-17.308,False,0.5575,Members of systems,E...,2149.9058342825188,False,1.2376674440486584e+18,0.3008961,0.3008592530164602,18.56569,17.65307,17.33895,0.008009547,0.00590124,0.006418677,0.03758528,0.02600133,0.01932177,18.52810472,17.62706867,17.31962823,True,0.901036050000002,1.2084764900000025,18.51517,17.6477,17.31539,0.008038871,0.005900831,0.00642233,18.477584720000003,17.62169867,17.29606823,17.9864934505,0.0047860785479501,"SDSS(cModelMag g,r)",17.9864934505,SDSS,Vmag_sdss,1.2084764900000025,0.901036050000002,SDSS(cModel extcorr),-17.0135065495,0.5575,0.3008592530164602,SDSS,False,3.2,0.9627496096526728,,,,1.2084764900000025,g-i,,1.0,0.0,3.6113430664686326,10.452765451607544,3.6113430664686326,NGC 4874,6.93393727298965,24765960.068006214,5.210490324902926,5.32227495915478,4.655457884239831,5.210490324902926,1.4697768607158508,0.1595707122841492,1.4530852697768804,-0.07840435777688026,0.00839096142791837,0.24627569957208154,1.477733658355341,0.1516139146446589,1.4775856109319587,-0.05072558173195896,0.0007181842411988215,0.2017693595588014,0.5939867788606742,0.009765662249697549,0.5925492256797384,0.018045994379951025,0.006461813517571552,-0.013304592466889281,0.0671976386872049
IC 4045,122,81,4194.368255976506,16777.47302390602,4194.368255976506,13871.614696165496,1.0,0.8268,1.0,0.8268,1.0,0.8268,True,True,True,True,True,114,79,1.6151968735,114,79,True,0.4714945434423422,0.6020152581063366,1.6151968735,1.477414442,1.6291844955789474,1.4797327877848099,-0.1305207146639944,0.14945170779413752,0.13778243150000002,0.3023705853894534,0.25000000000000006,53.75037795242701,47.55920539040059,0.261093848768486,0.2075598400348346,0.2820150108005834,0.24360514296017335,True,True,10,0.47272314709951496,0.02519362009045341,0.47272314709951496,0.02519362009045341,,,,,195.20271749883,28.09074310012999,AGN,0.02324,13.77,15.1,1.3299999,14.662,13.846,13.414,13.087,0.816,1.2480001,44.33838272094727,0.489865,107.0,SIMBAD,B,2023ApJS..269....3M,,-21.23,True,5.542297840118408,Active (AGN/Seyfert/QSO),E4,21489.78902215048,False,1.2376673243347026e+18,5.502081,4.487809729906217,14.68412,13.88333,13.44538,0.002087751,0.001924474,0.001926547,0.03643563,0.025206,0.01873076,14.64768437,13.858124,13.42664924,True,0.7895603700000002,1.2210351300000006,14.66235,13.84622,13.41367,0.002066555,0.001902932,0.001907154,14.62591437,13.821014,13.39493924,14.1718437517,0.0014219428272293,"SDSS(cModelMag g,r)",14.1718437517,SDSS,Vmag_sdss,1.2210351300000006,0.7895603700000002,SDSS(cModel extcorr),-20.8281562483,5.542297840118408,4.487809729906217,SDSS,False,3.2,14.360991135699894,,,,1.2210351300000006,g-i,29.3919,0.6628996863729552,107.0,17.926914966794676,11.253570340414583,11.253570340414583,NGC 4889,14.523987937328394,1410385.420436005,16.280093408251062,16.5859127028359,17.762894982087342,16.280093408251062,1.521945653807181,0.09325121969281902,1.4700392015487678,0.007375240451232168,0.04813208041769562,0.0896503510823044,1.5432241573171188,0.08596033826182858,1.494090032492704,-0.014357244707894123,0.046212703427262664,0.10323900436687486,0.5390718271301304,-0.06757728368778815,0.5795589218588737,0.022456336247462905,-0.0336824942932088,-0.0968382203707856,0.005086392995976852
IC 4041,79,410,8139.3790698821995,32557.5162795288,8139.3790698821995,32557.5162795288,1.0,1.0,1.0,1.0,1.0,1.0,True,True,True,True,True,73,397,1.428823944,73,397,True,0.618908795990314,0.6149681187621511,1.428823944,1.423371601,1.4730216793972604,1.4603853258261967,0.0039406772281629365,0.01263635357106363,0.005452342999999971,0.24999999999999997,0.24999999999999997,45.18034210729292,244.14234314857399,0.23533960277489244,0.22893826211830504,0.30211224994156155,0.2826735639812731,True,True,10,0.6196189224532809,0.027194078754973813,0.6196189224532809,0.027194078754973813,,,,,195.17022562979,27.99661329542,EmG,0.02364,14.77,15.88,1.1099997,15.211,14.424,14.029,13.716,0.78700066,1.1820002,37.85297775268555,0.427613,46.0,SIMBAD,B,2023ApJS..269....3M,,-20.23,True,4.731622219085693,Regular galaxies,SB0,18653.18992812199,False,1.2376673243347028e+18,8.122255,6.18257866402919,15.20113,14.45026,14.03753,0.002461462,0.002187198,0.002222568,0.03503172,0.02423478,0.01800904,15.16609828,14.42602522,14.01952096,True,0.7400730600000003,1.1465773200000005,15.21078,14.42402,14.02894,0.002449258,0.00217353,0.002211044,15.17574828,14.39978522,14.01093096,14.719455174599998,0.0016382113613866,"SDSS(cModelMag g,r)",14.719455174599998,SDSS,Vmag_sdss,1.1465773200000005,0.7400730600000003,SDSS(cModel extcorr),-20.2805448254,4.731622219085693,6.18257866402919,SDSS,False,3.0,18.54773599208757,,,,1.1465773200000005,g-i,25.65678,0.6778008369019194,46.0,14.556474023159593,7.326479510101546,7.326479510101546,NGC 4889,10.941280504545706,4777517.0532554295,12.976197584332814,12.460693364664875,13.449546864059979,12.976197584332814,1.5144565711203208,-0.08563262712032094,1.4676053826048492,-0.044233781604849254,0.04242705048415382,-0.03697470748415385,1.533822679290402,-0.06080099989314158,1.4917207429147215,-0.03133541708852472,0.03968174505552305,-0.02704539148445942,0.5469551341779854,0.07195366181232865,0.5814237428308976,0.03354437593125348,-0.02791958465342914,0.03186026188159208,0.023427251052120682
LEDA 93697,17,46,2279.6093339914987,9118.437335965998,2279.6093339914987,8018.753793248498,1.0,0.8794,1.0,0.8794,1.0,0.8794,True,True,True,True,True,15,46,1.403461542,15,46,True,0.4850122365085141,0.6315138749116341,1.403461542,1.321315298,1.5736391270666665,1.312203655326087,-0.14650163840312003,0.2614354717405796,0.08214624400000003,0.2842847395951784,0.2499999999999999,7.275183547627711,29.04963824593517,0.35538507287467946,0.2138057105077601,0.39806696373543915,0.3731288885899359,True,True,10,0.482687646137265,0.08884512220020371,0.482687646137265,0.08884512220020371,,,,,194.78946173427,28.040939888210005,G,0.02405,16.31,17.918,1.6079998,17.043,16.281,15.894,15.9247,0.76199913,1.1489992,19.48542022705078,0.178551,104.0,SIMBAD,B,2023ApJS..269....3M,,-18.69,False,2.435677528381348,Regular galaxies,,9763.705057692605,False,1.2376673243345062e+18,5.6618,3.6328996062065686,17.1439,16.39382,16.00554,0.005157129,0.004285455,0.004461778,0.03241689,0.02242585,0.01666481,17.111483109999998,16.37139415,15.98887519,True,0.7400889599999978,1.1226079199999983,17.04341,16.28146,15.89397,0.005082193,0.004223837,0.004397622,17.01099311,16.259034149999998,15.87730519,16.664830623599997,0.0032960103179535,"SDSS(cModelMag g,r)",16.664830623599997,SDSS,Vmag_sdss,1.1226079199999983,0.7400889599999978,SDSS(cModel extcorr),-18.335169376400003,2.435677528381348,3.6328996062065686,SDSS,False,3.2,11.62527873986102,,,,1.1226079199999983,g-i,10.713059999999999,0.5497987662143161,104.0,7.587472772618228,13.496180661054373,7.587472772618228,NGC 4874,10.334551676290827,3213664.769495788,8.424610261686864,10.63924476111486,10.90232478082048,8.424610261686864,1.4878517981274664,-0.08439025612746631,1.4589593036101183,-0.13764400561011825,0.022160078860830046,0.05998616513916999,1.5004241712011583,0.07321495586550819,1.483303902827329,-0.17110024750124198,0.016480683968191967,0.2449547877723876,0.5749603790405021,-0.08994814253198802,0.5880484712131947,0.04346540369843943,-0.007446996867253669,-0.13905464153586636,0.009602116600103353
LEDA 1822852,148,493,6397.151821829776,25588.607287319097,6397.151821829776,25061.481977200325,1.0,0.9794,1.0,0.9794,1.0,0.9794,True,True,True,True,True,146,478,1.4832714375,146,478,True,0.5792373869370462,0.5889552515085182,1.4832714375,1.4617918115,1.5050441909520549,1.4999169746757322,-0.009717864571472057,0.0051272162763227325,0.021479626000000085,0.2552583214212784,0.25000000000000006,84.56865849280874,281.5206102210717,0.2505717975729008,0.23791412832282335,0.3057290287129731,0.2977820892492952,True,True,10,0.5817234237106148,0.020971806246732314,0.5817234237106148,0.020971806246732314,,,,,194.8321465,27.9734965,GiC,0.02413,17.13,18.677,1.5470009,17.467,16.764,16.417,16.253,0.7029991,1.0499992,18.0,0.15,65.0,SIMBAD,E,2003A&A...412...45P,,-17.87,False,2.25,Members of systems,E,9048.519406200978,False,1.2376674440485934e+18,8.52919,6.381656004999118,17.6732,16.96056,16.56978,0.009480073,0.007693281,0.009048044,0.03435463,0.02376637,0.01766096,17.638845370000002,16.93679363,16.55211904,True,0.7020517400000017,1.0867263300000012,17.46698,16.76352,16.41689,0.009182482,0.007446554,0.008720091,17.43262537,16.73975363,16.399229039999998,17.2146348434,0.0059758089667964,"SDSS(cModelMag g,r)",17.2146348434,SDSS,Vmag_sdss,1.0867263300000012,0.7020517400000017,SDSS(cModel extcorr),-17.7853651566,2.25,6.381656004999118,SDSS,False,3.2,20.42129921599718,,,,1.0867263300000012,g-i,9.0,0.5,65.0,3.63361296207342,10.684204687228403,3.63361296207342,NGC 4874,7.114280701002311,24244376.119351495,5.034642379475296,6.602291650877369,6.566236874225625,5.034642379475296,1.4803327269549524,0.0029387105450475737,1.4565157389406502,0.005276072559349698,0.01643220431260431,0.005047421687395776,1.4909850468964234,0.014059144055631467,1.4809251259183218,0.018991848757410335,0.009923573721833417,-0.004796357445510685,0.5828752531640853,-0.0036378662270390993,0.5899207594758475,-0.0009655079673293043,-0.0016610108454545025,-0.008056853726017554,0.049804183163277546
IC 4012,14,22,1431.9909932252583,5727.963972901033,1091.177136837647,3253.4835366077864,0.762,0.568,0.762,0.568,0.762,0.568,False,False,False,True,True,10,22,1.3690135945000002,10,22,True,0.6253940422362239,0.46872082957641575,1.3690135945000002,1.591661196,1.4314671010000002,1.5706716163181818,0.1566732126598081,-0.13920451531818157,-0.22264760149999985,0.33538732394366205,0.25,6.253940422362239,10.311858250681146,0.2498327880718678,0.26285706894392824,0.33353822220212664,0.38466578587993555,True,True,10,0.6264252204419336,0.07561713090756626,0.6264252204419336,0.07561713090756626,,,,,195.03331660634,28.0785590405,G,0.02414,14.64,15.948,1.3079996,15.391,14.596,14.158,13.837,0.7950001,1.2329998,24.15780067443848,0.320614,132.0,SIMBAD,B,2023ApJS..269....3M,,-20.36,True,3.0197250843048096,Regular galaxies,E4,12148.90377340918,False,1.237667324334637e+18,2.751892,2.392528045022787,15.394,14.61975,14.17422,0.002454048,0.002219175,0.002220835,0.03471521,0.02401582,0.01784633,15.35928479,14.59573418,14.15637367,True,0.7635506100000011,1.2029111199999996,15.39131,14.59633,14.15753,0.002441914,0.002206201,0.002208593,15.35659479,14.57231418,14.13968367,14.8987899301,0.0016512596671278,"SDSS(cModelMag g,r)",14.8987899301,SDSS,Vmag_sdss,1.2029111199999996,0.7635506100000011,SDSS(cModel extcorr),-20.1012100699,3.0197250843048096,2.392528045022787,SDSS,False,3.2,7.6560897440729185,,,,1.2029111199999996,g-i,19.23684,0.796299309661687,132.0,10.100507741245288,6.092083214805208,6.092083214805208,NGC 4889,7.5172035178797465,8754826.317242624,8.579479127153098,9.956858505697204,11.242904995612884,8.579479127153098,1.5120040057493231,-0.142990411249323,1.4668083423916858,0.12485285360831422,0.04055873637406132,-0.26320633787406117,1.5307438323329532,-0.099276731332953,1.490944835127908,0.07972678119027377,0.03754295142595612,-0.1767474667441377,0.5495368022784637,0.07585723995776017,0.5820344445056329,-0.11331361492921715,-0.02603231578356993,0.18270552844337803,0.01181049123143639
LEDA 1821341,10,45,1780.5879196828619,7122.3516787314475,1780.5879196828619,7122.3516787314475,1.0,1.0,1.0,1.0,1.0,1.0,True,True,True,True,True,10,43,1.3416925700000002,10,43,True,0.6428143381247892,0.6853130662778542,1.3416925700000002,1.403206898,1.2794061625000002,1.4044307433953487,-0.04249872815306499,-0.1250245808953485,-0.061514327999999896,0.25,0.25,6.428143381247891,29.46846184994773,0.2752635348870564,0.18323271143282716,0.34736066443491187,0.21458238442806943,True,True,10,0.6462310202859943,0.07662592000278594,0.6462310202859943,0.07662592000278594,,,,,194.95908929166663,27.912638694444446,G,0.02417,17.4,18.68,1.2800007,18.175,17.473,17.133,16.908,0.70199966,1.0419998,13.800000190734863,0.16,130.0,SIMBAD,E,2003A&A...412...45P,,-17.6,False,1.725000023841858,Regular galaxies,dE,6948.361240074922,False,1.237667444048659e+18,3.069375,2.854372868449746,18.11478,17.37046,17.04203,0.01087559,0.01067839,0.01393049,0.03210047,0.02220696,0.01650215,18.08267953,17.348253040000003,17.02552785,True,0.734426489999997,1.0571516800000005,18.17536,17.47263,17.1335,0.0106127,0.01036232,0.01358298,18.14325953,17.45042304,17.11699785,17.639367900899998,0.0077185335450988,"SDSS(cModelMag g,r)",17.639367900899998,SDSS,Vmag_sdss,1.0571516800000005,0.734426489999997,SDSS(cModel extcorr),-17.360632099100002,1.725000023841858,2.854372868449746,SDSS,False,3.2,9.133993179039187,,,,1.0571516800000005,g-i,9.6,0.6956521642981797,130.0,4.247104473861549,5.529848434385949,4.247104473861549,NGC 4874,3.3515199009764953,24575083.01502584,3.8690227693063863,1.277089500927224,1.2772359885552593,3.8690227693063863,1.4745241173196466,-0.13283154731964641,1.454628043910518,-0.05142114591051783,0.01200732436037455,-0.07352165236037445,1.4836931637465796,-0.2042870012465794,1.4790874805287677,-0.07465673713341903,0.004858095169643473,-0.129882676064992,0.5889896272724906,0.05382471085229856,0.5913671338208957,0.09394593245695848,0.00280876120283019,-0.04530748935589518,0.006168563290515264
LEDA 126764,26,58,1674.5513727429827,6698.205490971929,1674.5513727429827,6698.205490971929,1.0,1.0,1.0,1.0,1.0,1.0,True,True,True,True,True,26,54,1.4270047125,26,54,True,0.5769386454917147,0.5455966863018672,1.4270047125,1.4770803245000002,1.4456381338076922,1.5075114117407404,0.0313419591898475,-0.0618732779330482,-0.0500756120000001,0.25000000000000006,0.25000000000000006,15.000404782784582,29.462221060300827,0.26120003241088613,0.27040975599116396,0.37030179623831433,0.37610388885310864,True,True,10,0.5746919601659396,0.0511888650180146,0.5746919601659396,0.0511888650180146,,,,,195.04644368118,28.065228974859995,G,0.02454,16.72,18.181,1.4610004,17.686,16.979,16.617,16.369,0.70700073,1.0690002,6.138000011444092,0.1023,0.0,SIMBAD,E,2022ApJS..262...36S,,-18.28,False,0.7672500014305115,Regular galaxies,,3136.4142146897498,False,1.2376673243346373e+18,2.413485,2.308736143132295,17.48973,16.76482,16.42676,0.006291914,0.005274798,0.005756008,0.03473548,0.02402985,0.01785675,17.454994520000003,16.74079015,16.40890325,True,0.7142043700000045,1.0460912700000016,17.68551,16.97856,16.61703,0.006164982,0.005166061,0.005631373,17.650774520000002,16.95453015,16.59917325,17.0236139417,0.0040422928640293,"SDSS(cModelMag g,r)",17.0236139417,SDSS,Vmag_sdss,1.0460912700000016,0.7142043700000045,SDSS(cModel extcorr),-17.9763860583,0.7672500014305115,2.308736143132295,SDSS,False,3.2,7.387955658023344,,,,1.0460912700000016,g-i,6.138,0.9999999981355341,0.0,10.080125400252957,5.3348588652002595,5.3348588652002595,NGC 4889,7.209321264235895,12523796.877554407,8.49687072085895,9.61588772570229,10.90127165161599,8.49687072085895,1.4829451109701979,-0.05594039847019783,1.457364717376454,0.019715607123546253,0.01842226499534072,-0.06849787699534082,1.4942645234282783,-0.048626389620586075,1.4817515948571507,0.025759816883589748,0.012201739415544088,-0.07407501734859229,0.5801253535862341,-0.003186708094519375,0.589270262118253,-0.04367357581638576,-0.0036712614534067656,0.03501322064325427,0.013182299494316593
LEDA 126762,0,136,15145.116313050765,60580.46525220306,6.058046525220306,18186.25566871136,0.0004,0.3002,0.0004,0.3002,0.0004,0.3002,False,False,False,True,True,0,135,,0,135,True,,0.6147781359572875,,1.396884201,,1.4082983604740742,,,,0.0003331112591605596,0.25,,82.9950483542338,,0.2223576105644561,,0.328647352502441,False,True,10,,,,,,,,,195.056824875,27.86717180555556,GiC,0.02468,16.35,17.985,1.6350002,16.852,16.131,15.772,15.538,0.72099876,1.079999,18.0,0.21,109.0,SIMBAD,E,2003A&A...412...45P,,-18.65,False,2.25,Members of systems,,9248.599687448155,False,1.2376674440487242e+18,9.405168,8.298743665543133,17.05794,16.29811,15.9368,0.007025983,0.005478811,0.006279691,0.03100745,0.02145081,0.01594025,17.026932549999998,16.27665919,15.92085975,True,0.7502733599999978,1.106072799999998,16.85216,16.13064,15.77173,0.006788294,0.005314642,0.006120022,16.82115255,16.10918919,15.75578975,16.574271267599997,0.0043298046569216,"SDSS(cModelMag g,r)",16.574271267599997,SDSS,Vmag_sdss,1.106072799999998,0.7502733599999978,SDSS(cModel extcorr),-18.425728732400003,2.25,8.298743665543133,SDSS,False,3.2,26.555979729738027,,,,1.106072799999998,g-i,12.6,0.7,109.0,10.036346692059166,6.703874464785301,6.703874464785301,NGC 4889,7.729863816758485,6855650.505560423,9.263461484388236,6.96887817762234,7.009606297712635,9.263461484388236,,,1.459361788048837,-0.06247758704883699,,,,,1.483695715944052,-0.07539735546997783,,,,,0.5877400828574744,0.02703805309981311,,,0.008277082649308487
LEDA 126790,0,0,2389.210623844748,9556.842495378994,0.0,0.0,0.0,0.0,0.0,0.0,0.0,0.0,False,False,False,False,False,0,0,,0,0,True,,,,,,,,,,,0.24999999999999994,,,,,,,False,False,10,,,,,,,,,194.88166679166665,28.10054077777778,GiC,0.02478,17.15,18.71,1.5599995,18.346,17.604,17.34,17.948,0.7420006,1.0060005,,,,,,,,-17.85,False,,Members of systems,,,False,1.2376673243345715e+18,2.817489,2.7577334203021246,18.24314,17.44118,17.22931,0.01075226,0.008930437,0.01085025,0.03427516,0.0237114,0.01762011,18.20886484,17.4174686,17.211689890000002,True,0.791396240000001,0.997174949999998,18.34628,17.60409,17.34026,0.01048076,0.008677593,0.01055335,18.31200484,17.5803786,17.32263989,17.731941058399997,0.0068699448106885,"SDSS(cModelMag g,r)",17.731941058399997,SDSS,Vmag_sdss,0.997174949999998,0.791396240000001,SDSS(cModel extcorr),-17.268058941600003,,2.7577334203021246,SDSS,False,3.2,8.8247469449668,,,,0.997174949999998,g-i,,1.0,0.0,8.525911831846972,10.944320215131466,8.525911831846972,NGC 4874,9.120498226867308,3093126.5421684477,8.159286631814357,10.741011947741686,11.630806226720008,8.159286631814357,,,,,,,,,,,,,,,,,,,
LEDA 126747,0,0,1129.5196895896547,4518.078758358618,0.0,0.0,0.0,0.0,0.0,0.0,0.0,0.0,False,False,False,False,False,0,0,,0,0,True,,,,,,,,,,,0.25000000000000006,,,,,,,False,False,10,,,,,,,,,195.2735663333333,28.06205241666667,GiC,0.02479,17.24,18.35,1.1100006,17.699,17.174,16.906,16.761,0.5249996,0.79299927,15.295379638671877,0.115863,146.0,SIMBAD,B,2023ApJS..269....3M,,-17.76,False,1.9119224548339844,Members of systems,,7892.911754406793,False,1.2376673243347028e+18,4.505288,2.8125748380841693,17.84722,17.31416,17.0314,0.006973567,0.006562028,0.007597563,0.03369695,0.02331139,0.01732286,17.81352305,17.29084861,17.01407714,True,0.5226744399999994,0.7994459099999993,17.69851,17.17393,16.90626,0.006896334,0.006468179,0.00748832,17.66481305,17.15061861,16.88893714,17.495145130399997,0.0048129065691671,"SDSS(cModelMag g,r)",17.495145130399997,SDSS,Vmag_sdss,0.7994459099999993,0.5226744399999994,SDSS(cModel extcorr),-17.504854869600003,1.9119224548339844,2.8125748380841693,SDSS,False,3.2,9.000239481869341,,,,0.7994459099999993,g-i,6.951779999999999,0.4545019583837956,146.0,20.78871895869716,13.689219773714356,13.689219773714356,NGC 4889,17.22541285176701,799843.8254829817,19.15466510837211,18.99673308887874,20.05739994845535,19.15466510837211,,,,,,,,,,,,,,,,,,,0.003155320787567555
LEDA 44723,33,55,1555.549164869149,6222.196659476596,1555.549164869149,6222.196659476596,1.0,1.0,1.0,1.0,1.0,1.0,True,True,True,True,True,29,54,1.558601896,29,54,True,0.5110609027175432,0.5703679918274893,1.558601896,1.4619138955,1.534529031862069,1.458411225314815,-0.05930708910994609,0.07611780654725409,0.09668800050000015,0.25,0.25,14.820766178808753,30.799871558684423,0.26234897096436,0.2603661094591374,0.4005101088350232,0.3598463833225759,True,True,10,0.5098874789578476,0.046060283193844795,0.5098874789578476,0.046060283193844795,,,,,195.05362670104,28.07549425166,G,0.02503,15.17,16.272,1.1019993,15.71,14.941,14.538,14.255,0.76900005,1.1719999,32.3455810546875,0.329009,141.0,SIMBAD,B,2023ApJS..269....3M,,-19.83,False,4.0431976318359375,Regular galaxies,,16848.06529826377,False,1.237667324334637e+18,3.693606,2.8483601358201445,15.68578,14.9407,14.52751,0.002688938,0.002380718,0.002415233,0.03489778,0.02414212,0.01794018,15.65088222,14.91655788,14.50956982,True,0.7343243400000006,1.1413124000000003,15.70972,14.9407,14.53802,0.002689929,0.002380718,0.002415377,15.67482222,14.91655788,14.52007982,15.207630859399998,0.0017856079256142,"SDSS(cModelMag g,r)",15.207630859399998,SDSS,Vmag_sdss,1.1413124000000003,0.7343243400000006,SDSS(cModel extcorr),-19.7923691406,4.0431976318359375,2.8483601358201445,SDSS,False,3.2,9.114752434624462,,,,1.1413124000000003,g-i,19.74054,0.6103009856778941,141.0,10.766224514631908,6.001330664989362,6.001330664989362,NGC 4889,7.9312208886153295,8923974.057392621,9.193523506772758,10.339509730627753,11.624997193098944,9.193523506772758,1.5077803260379583,0.05082156996204179,1.4654357214547318,-0.0035218259547318276,0.037341223603731294,0.059346776896268855,1.525441603253822,0.009087428608246961,1.4896086073495138,-0.031197382034698906,0.03385963298444877,0.04225817356280531,0.5539828159531298,-0.042921913235586584,0.5830861629649156,-0.012718171137426237,-0.022782160118087286,-0.0365249289918588,0.0061420923180394715
LEDA 44792,140,344,10480.025005470206,41920.100021880826,10480.025005470206,41920.100021880826,1.0,1.0,1.0,1.0,1.0,1.0,True,True,True,True,True,134,336,1.3996669305,134,336,True,0.6264083037786446,0.6266799550244836,1.3996669305,1.407948081,1.4334476996268655,1.4331501150595238,-0.0002716512458389442,0.0002975845673416355,-0.0082811505,0.25,0.25,83.93871270633838,210.5644648882265,0.22769125494454495,0.22169250623009787,0.28419340899483075,0.28076377590232526,True,True,10,0.6266897090657169,0.019715642718935434,0.6266897090657169,0.019715642718935434,,,,,195.16152855812,28.014533048270003,G,0.02535,14.844,15.75,0.90600014,15.348,14.657,14.19,14.01,0.691,1.158,37.79082107543945,0.478809,86.0,SIMBAD,B,2023ApJS..269....3M,,-20.156,False,4.723852634429932,Regular galaxies,,19928.299771655613,False,1.2376673243347026e+18,8.492435,6.624339914621609,15.29,14.676,14.0979,0.002666358,0.002396727,0.002344526,0.03537844,0.02447464,0.01818728,15.25462156,14.65152536,14.07971272,True,0.6030961999999978,1.1749088399999987,15.34815,14.65673,14.19015,0.002652036,0.00238594,0.002335772,15.31277156,14.63225536,14.17196272,14.888794801999998,0.0017873701358782,"SDSS(cModelMag g,r)",14.888794801999998,SDSS,Vmag_sdss,1.1749088399999987,0.6030961999999978,SDSS(cModel extcorr),-20.111205198,4.723852634429932,6.624339914621609,SDSS,False,3.2,21.197887726789148,,,,1.1749088399999987,g-i,28.72854,0.7601988838149616,86.0,14.310547135940766,7.1344746840721545,7.1344746840721545,NGC 4889,10.713362638896783,5162893.025077918,12.696784374505775,12.416473425471562,13.475701807894415,12.696784374505775,1.5121406981879326,-0.1124737676879326,1.466852765007978,-0.05890468400797788,0.04066286587650689,-0.04894401637650689,1.530915430245774,-0.09746773061890845,1.490988079939553,-0.057837964880029125,0.03766215596189443,-0.03736457139455279,0.5493929143672553,0.0770153894113893,0.5820004073695917,0.044679547654891905,-0.026137501719563194,0.02586585047372425,0.01354340888730253
2MASX J12595670+2755483,84,1108,8717.949985132587,34871.799940530334,8717.949985132587,45697.89360198867,1.0,1.3104541113427164,1.0,0.9708,1.0,1.3104541113427164,True,True,True,True,True,82,1092,1.4663447415,82,1092,True,0.5720579233404772,0.5226691730418792,1.4663447415,1.4731726555,1.4962448507195123,1.4882908091593408,0.049388750298598016,0.007954041560171543,-0.006827914000000046,0.19077356302377144,0.2500000000000001,46.90874971391913,570.7547369617321,0.23965113701094548,0.27804398170870326,0.23140654264292695,0.3396715993781784,True,True,10,0.5756348872818904,0.02635194351871767,0.5756348872818904,0.02635194351871767,,,,,194.98605391892,27.93003702706,GiC,0.02571,15.32,16.765,1.4449997,15.814,15.043,14.676,14.39,0.7709999,1.1380005,31.542781829833984,0.331515,58.0,SIMBAD,B,2023ApJS..269....3M,,-19.68,False,3.942847728729248,Members of systems,SB0,16862.375614467303,False,1.237667444048659e+18,8.262528,6.633687811045823,15.93959,15.16513,14.76233,0.003439481,0.00282651,0.00302959,0.0309996,0.02144538,0.01593621,15.9085904,15.14368462,14.74639379,True,0.7649057800000012,1.1621966100000003,15.81388,15.04323,14.67614,0.003382762,0.002782559,0.002975706,15.7828804,15.02178462,14.66020379,15.4472959898,0.0021839537858206,"SDSS(cModelMag g,r)",15.4472959898,SDSS,Vmag_sdss,1.1621966100000003,0.7649057800000012,SDSS(cModel extcorr),-19.5527040102,3.942847728729248,6.633687811045823,SDSS,False,3.0,19.901063433137463,,,,1.1621966100000003,g-i,19.890900000000002,0.6306006904307556,58.0,4.946322630784332,3.786178024082734,3.786178024082734,NGC 4889,2.5151479538621517,41090897.67710551,3.960631449791072,2.065968970769727,2.9039839083801358,3.960631449791072,1.504502688093122,-0.038157946593122105,1.464370547299899,0.008802108200101078,0.03484438609125323,-0.04167230009125328,1.5213269950425954,-0.02508214432308309,1.4885716748241558,-0.00028086566481499986,0.031001323379600015,-0.023047281819428472,0.557432988342891,0.014624934997586214,0.5839023120493629,-0.06123313900748373,-0.020259991236023178,0.0696487415346212,0.08060695008956847
IC 4033,41,176,7566.579202264627,30266.31680905851,7566.579202264627,30266.31680905851,1.0,1.0,1.0,1.0,1.0,1.0,True,True,True,True,True,38,169,1.4415109035,38,169,True,0.624934167627818,0.6148178266332063,1.4415109035,1.433161147,1.4887209410526316,1.4809093417100592,0.010116340994611672,0.007811599342572473,0.008349756499999916,0.25,0.25,23.747498369857084,103.90421270101186,0.23290187261299203,0.24149710676670902,0.2763184581472371,0.30390492962953675,True,True,10,0.6264786031276659,0.03738013283971843,0.6264786031276659,0.03738013283971843,,,,,195.11830877411,27.97241464842,EmG,0.02574,15.23,16.741,1.5109997,15.527,14.794,14.436,14.153,0.73300076,1.0910006,35.63478088378906,0.359436,97.0,SIMBAD,B,2023ApJS..269....3M,,-19.77,True,4.454347610473633,Regular galaxies,S...,19071.443057095606,False,1.2376674440487242e+18,8.827339,6.308491027635609,15.48044,14.81165,14.44996,0.003040772,0.002536087,0.002700216,0.03497763,0.02419736,0.01798123,15.44546237,14.78745264,14.43197877,True,0.6580097299999998,1.013483599999999,15.52668,14.79415,14.43624,0.003012475,0.002525534,0.002695346,15.49170237,14.76995264,14.41825877,15.0472366293,0.00194761131273,"SDSS(cModelMag g,r)",15.0472366293,SDSS,Vmag_sdss,1.013483599999999,0.6580097299999998,SDSS(cModel extcorr),-19.9527633707,4.454347610473633,6.308491027635609,SDSS,False,3.0,18.925473082906827,,,,1.013483599999999,g-i,21.56616,0.6051997364690085,97.0,11.659939657279867,4.489900101982722,4.489900101982722,NGC 4889,8.061199803991885,19906140.829717465,10.132900717572817,9.406657165658928,10.360003406512774,10.132900717572817,1.50997386255214,-0.06846295905213995,1.466148581887126,-0.032987434887125966,0.03901221483149278,-0.030662458331492864,1.5281952763271698,-0.03947433527453814,1.4903025672668069,-0.009393225556747709,0.03577253690873672,-0.027960937566164246,0.5516738119555753,0.07326035567224265,0.582539960837688,0.03227786579551828,-0.024470104189657754,0.034586445184269426,0.010852172293866083
LEDA 126801,18,63,5260.839680428989,21043.358721715955,1291.0100575772738,5391.308504503627,0.24539999999999998,0.2562,0.2454,0.2562,0.2454,0.2562,False,False,False,True,True,18,60,1.3953605105,18,60,True,0.6455450190804725,0.6318381366036536,1.3953605105,1.392185793,1.4450590319444443,1.4270987439666667,0.013706882476818838,0.0179602879777776,0.0031747175000000905,0.23946135831381735,0.25,11.619810343448504,37.91028819621922,0.23852281378456225,0.22051835209041368,0.3036407206329609,0.3125097965957635,True,True,10,0.644461794329752,0.05753383424082076,0.644461794329752,0.05753383424082076,,,,,194.78782038806,27.8975533285,GiC,0.02615,17.18,18.36,1.1800003,17.569,16.822,16.457,16.193,0.74699974,1.1119995,13.199999809265137,0.2,,SIMBAD,E,2003A&A...412...45P,,-17.82,False,1.649999976158142,Members of systems,,7173.49906142318,False,1.2376674440485934e+18,4.594318,4.291893499706958,17.64809,16.89255,16.50446,0.008106869,0.006181642,0.007094086,0.04454578,0.03081656,0.02290001,17.60354422,16.86173344,16.48155999,True,0.7418107800000016,1.121984229999999,17.56895,16.82227,16.45729,0.007975766,0.006101303,0.006990657,17.52440422,16.791453439999998,16.43438999,17.155875859799995,0.0049345308631597,"SDSS(cModelMag g,r)",17.155875859799995,SDSS,Vmag_sdss,1.121984229999999,0.7418107800000016,SDSS(cModel extcorr),-17.844124140200005,1.649999976158142,4.291893499706958,SDSS,False,3.2,13.734059199062267,,,,1.121984229999999,g-i,12.0,0.9090909222269191,0.0,6.950425040230947,13.880221918296849,6.950425040230947,NGC 4874,10.363985001425442,3910751.8132170667,8.58598618713295,8.68139070211671,7.855333165697257,8.58598618713295,1.4811363093280991,-0.08577579882809916,1.4567768889485404,-0.06459109594854051,0.0170443569198806,-0.013869639419880508,1.4919938302601126,-0.04693479831566827,1.4811793518924974,-0.05408060792583069,0.01062434886970215,0.007335939108075451,0.5820293703169277,0.06351564876354476,0.5897206632391185,0.042117473364535085,-0.0022793739745851083,0.015986256451403946,0.014667812451028026
2MASX J12595104+2749592,0,0,885.6778352039772,3542.711340815908,0.0,0.0,0.0,0.0,0.0,0.0,0.0,0.0,False,False,False,False,False,0,0,,0,0,True,,,,,,,,,,,0.25000000000000006,,,,,,,False,False,10,,,,,,,,,194.9625044108,27.83295082283,GiC,0.02634,16.29,17.78,1.4899998,17.144,16.395,16.049,15.765,0.74899864,1.0949993,24.960420608520508,0.191321,17.0,SIMBAD,B,2023ApJS..269....3M,,-18.71,False,3.1200525760650635,Members of systems,SBa,13660.080393049311,False,1.237667444048659e+18,3.982427,2.4758934744040366,16.97805,16.21085,15.85805,0.005321739,0.00428197,0.00481274,0.03088952,0.02136923,0.01587963,16.94716048,16.18948077,15.84217037,True,0.7576797100000014,1.104990110000001,17.1438,16.39516,16.04923,0.005189636,0.004178458,0.004684424,17.11291048,16.37379077,16.03335037,16.4901294511,0.003338150800487,"SDSS(cModelMag g,r)",16.4901294511,SDSS,Vmag_sdss,1.104990110000001,0.7576797100000014,SDSS(cModel extcorr),-18.5098705489,3.1200525760650635,2.4758934744040366,SDSS,False,3.0,7.427680423212109,,,,1.104990110000001,g-i,11.47926,0.4598985001110691,17.0,8.296946049062022,9.433580826854312,8.296946049062022,NGC 4874,8.11359828441877,3988392.1940522557,8.46962794736223,5.945349234362124,4.990911453497621,8.46962794736223,,,,,,,,,,,,,,,,,,,
LEDA 126756,54,189,5326.3502539467145,21305.401015786865,5326.3502539467145,21305.401015786865,1.0,1.0,1.0,1.0,1.0,1.0,True,True,True,True,True,53,184,1.537269065,53,184,True,0.536466477920114,0.5871291167021818,1.537269065,1.4305180705,1.4714675779433963,1.4346045557282607,-0.05066263878206778,0.0368630222151356,0.10675099450000003,0.24999999999999992,0.24999999999999992,28.432723329766045,108.03175747320145,0.2470330513094553,0.2502411873827095,0.2993334785986206,0.3232847573855316,True,True,10,0.5372148887875752,0.032004539976643605,0.5372148887875752,0.032004539976643605,,,,,195.10342316666663,27.92662455555556,G,0.02653,16.57,18.52,1.9500008,17.209,16.542,16.214,15.947,0.6669998,0.99499893,23.97917938232422,0.156264,159.0,SIMBAD,B,2023ApJS..269....3M,,-18.43,False,2.997397422790528,Regular galaxies,,13214.700421836067,False,1.2376674440487242e+18,10.60795,6.584942530563399,17.43762,16.78736,16.51007,0.008155019,0.006782672,0.007871005,0.03299034,0.02282256,0.01695961,17.404629659999998,16.764537439999998,16.49311039,True,0.6400922199999997,0.9115192699999994,17.20902,16.54179,16.21383,0.007910382,0.006540264,0.007601303,17.176029659999998,16.518967439999997,16.19687039,17.016975250199994,0.0052147477111506,"SDSS(cModelMag g,r)",17.016975250199994,SDSS,Vmag_sdss,0.9115192699999994,0.6400922199999997,SDSS(cModel extcorr),-17.983024749800006,2.997397422790528,6.584942530563399,SDSS,False,3.2,21.07181609780288,,,,0.9115192699999994,g-i,9.375839999999998,0.39099920187057,159.0,11.021812546914266,4.77344387144913,4.77344387144913,NGC 4889,7.6846823767301755,16808310.510826156,9.710825311160958,8.291319481255403,8.96930753292957,9.710825311160958,1.4830359010952703,0.054233163904729764,1.4573942225556007,-0.026876152055600677,0.01849142705468293,0.0882595674453171,1.49437849751584,-0.022910919572443733,1.481780317747004,-0.047175762018743184,0.012280914202658172,0.024582108012477427,0.5800297842805147,-0.04356330636040062,0.58924765489967,-0.0021185381974881956,-0.003741125188239547,-0.046921513593828235,0.011883940134181611
LEDA 126770,19,94,1892.153506134464,7568.614024537856,2407.556605267719,9535.657045083122,1.2723896858591497,1.2598947461408398,1.0,1.0,1.2723896858591497,1.2598947461408398,True,True,True,True,True,19,94,1.412769868,19,94,True,0.6425910508194642,0.6364354822499402,1.412769868,1.3753766005,1.342063651,1.3842710606702124,0.006155568569524039,-0.042207409670212526,0.03739326749999994,0.25247936181902947,0.25,12.20922996556982,59.82493533149438,0.22321463412539977,0.21468092720515108,0.3152070222300494,0.2670249333643055,True,True,10,0.6452193341352441,0.053525831232822535,0.6452193341352441,0.053525831232822535,,,,,195.0236725,27.926465555555552,G,0.02653,18.057,18.784,0.7270012,18.307,17.735,17.433,17.266,0.5719986,0.87399864,12.0,0.17,155.0,SIMBAD,E,2003A&A...412...45P,,-16.943,False,1.5,Regular galaxies,,6613.087234291442,False,1.237667444048724e+18,3.483352,2.661912552547668,18.32106,17.7197,17.45893,0.01153686,0.0106469,0.01440574,0.0318165,0.02201051,0.01635617,18.2892435,17.69768949,17.442573829999997,True,0.5915540099999994,0.8466696700000007,18.30723,17.73506,17.43327,0.01153755,0.01057839,0.01439955,18.2754135,17.71304949,17.41691383,17.930226634099995,0.007863418834128,"SDSS(cModelMag g,r)",17.930226634099995,SDSS,Vmag_sdss,0.8466696700000007,0.5915540099999994,SDSS(cModel extcorr),-17.069773365900005,1.5,2.661912552547668,SDSS,False,3.2,8.518120168152539,,,,0.8466696700000007,g-i,10.200000000000001,0.8500000000000001,155.0,6.905496776299876,3.0801130288947514,3.0801130288947514,NGC 4889,3.9383040374325753,62844439.643469065,5.762967630263122,4.068760980576809,4.775189154304871,5.762967630263122,1.4705463604430742,-0.057776492443074146,1.4533353435298038,-0.07795874302980366,0.008977150573000803,0.028416116926999135,1.4786996558051688,-0.1366360048051689,1.4778290543228523,-0.09355799365263984,0.0013892371452319252,-0.04359664681544445,0.5931767727655903,0.049414278053873884,0.5923576162010755,0.044077866048864656,0.005869677259868783,0.0002858913096552562,0.01818753769714583
NGC 4875,83,132,2200.333207198052,8801.33282879221,2200.333207198052,7713.488091153493,1.0,0.8764,1.0,0.8764,1.0,0.8764,True,True,True,True,True,82,129,1.582476594,82,129,True,0.4911618988589401,0.6003954674343585,1.582476594,1.468697738,1.6109637239268295,1.4979872170697675,-0.10923356857541833,0.11297650685706206,0.11377885600000015,0.285257873117298,0.24999999999999994,40.27527570643309,77.45101529903224,0.2755943793914147,0.231926298401181,0.3058050252944368,0.28060937387163437,True,True,10,0.4922288392427988,0.031161692237570232,0.4922288392427988,0.031161692237570232,,,,,194.90795580391,27.90733340062,GiC,0.02671,14.57,15.92,1.3500004,15.367,14.541,14.153,13.833,0.82599926,1.2139997,29.86680030822754,0.383589,115.0,SIMBAD,B,2023ApJS..269....3M,,-20.43,True,3.7333500385284415,Members of systems,,16567.377877547176,False,1.2376674440486587e+18,3.47767,3.014775254107091,15.39778,14.56522,14.16586,0.002560771,0.002236889,0.002306748,0.03416076,0.02363226,0.0175613,15.363619239999998,14.54158774,14.1482987,True,0.8220314999999978,1.215320539999999,15.36718,14.54056,14.15294,0.002544876,0.002222457,0.002294919,15.33301924,14.51692774,14.1353787,14.868620655,0.0016864466193428,"SDSS(cModelMag g,r)",14.868620655,SDSS,Vmag_sdss,1.215320539999999,0.8220314999999978,SDSS(cModel extcorr),-20.131379345,3.7333500385284415,3.014775254107091,SDSS,False,3.2,9.647280813142691,,,,1.215320539999999,g-i,23.015340000000002,0.7705994536569043,115.0,3.1525686136990174,7.869878982823536,3.1525686136990174,NGC 4874,4.78141583304099,38506918.90996041,3.929293797283165,2.517992996236803,1.4670386222069927,3.929293797283165,1.512416597938562,0.07005999606143809,1.466942427529782,0.00175531047021793,0.04087304066049727,0.07290581533950288,1.5312617831372526,0.07970194078957693,1.4910753651827617,0.0069118518870057155,0.03790275816398986,0.0750737486930722,0.5491024912888116,-0.057940592429871485,0.5819317068808052,0.018463760553553255,-0.026349808806959085,-0.08288375976845924,0.021312233325082402
LEDA 93696,39,68,6996.457932138317,27985.83172855327,5591.569179364943,12022.713310586483,0.7992,0.4296,0.7992,0.4296,0.7992,0.4296,False,False,False,True,True,39,66,1.471813893,39,66,True,0.5237149322505287,0.6160579445839609,1.471813893,1.3860957875,1.4551447446666668,1.389573245878788,-0.09234301233343223,0.06557149878787882,0.08571810550000003,0.4650837988826816,0.25,20.424882357770617,40.65982434254142,0.27886808493897636,0.23093621252928168,0.42474885077300384,0.30986027125436966,True,True,10,0.5277570420310332,0.04453426000752148,0.5277570420310332,0.04453426000752148,,,,,194.76993002245,28.050391403130003,G,0.02689,16.53,18.06,1.5299988,17.005,16.29,15.933,15.654,0.71499825,1.0719995,10.979999542236328,0.121,125.0,SIMBAD,C,2006AJ....131.1163S,,-18.47,False,1.372499942779541,Regular galaxies,,6130.413423194526,False,1.2376673243345062e+18,7.938399,5.803594064877603,17.20397,16.49918,16.14204,0.005875899,0.004978854,0.005413767,0.0328658,0.02273641,0.01689559,17.171104200000002,16.47644359,16.12514441,True,0.6946606100000032,1.0459597900000013,17.00517,16.29045,15.93348,0.005735601,0.004852596,0.005270808,16.9723042,16.26771359,15.91658441,16.751254440099995,0.0037990655178284,"SDSS(cModelMag g,r)",16.751254440099995,SDSS,Vmag_sdss,1.0459597900000013,0.6946606100000032,SDSS(cModel extcorr),-18.248745559900005,1.372499942779541,5.803594064877603,SDSS,False,3.2,18.57150100760833,,,,1.0459597900000013,g-i,7.26,0.66120221335832,125.0,8.746598536574846,14.650855454897235,8.746598536574846,NGC 4874,11.51180486839094,2189058.9906040514,9.603901547815774,11.804232723247269,12.039512553593994,9.603901547815774,1.486669874082758,-0.014855981082757985,1.458575199274439,-0.07247941177443895,0.021259713310578465,0.06445839218942157,1.4989404336861392,-0.043795689019472395,1.482929982490462,-0.0933567366116741,0.0154499707210152,0.050121528066863624,0.5762045194167363,-0.05248958716620766,0.5883427765157357,0.02771516806822516,-0.006537496764832812,-0.08580551556859942,0.008983449268293555
Z 160-235,0,0,1289.7111665867458,5158.844666346983,0.0,0.0,0.0,0.0,0.0,0.0,0.0,0.0,False,False,False,False,False,0,0,,0,0,True,,,,,,,,,,,0.25,,,,,,,False,False,10,,,,,,,,,194.94217517401,27.85723506096,GiC,0.02699,15.0,16.258,1.2579994,15.598,14.813,14.451,14.165,0.78499985,1.1469994,35.63898086547852,0.241217,153.0,SIMBAD,B,2023ApJS..269....3M,,-20.0,False,4.454872608184815,Members of systems,S0...,19969.73381437064,False,1.2376674440486587e+18,4.439259,3.1794672124307453,15.60991,14.83156,14.4557,0.002780801,0.002415345,0.002514627,0.03319907,0.02296696,0.01706691,15.57671093,14.80859304,14.43863309,True,0.7681178899999992,1.1380778399999991,15.59794,14.81347,14.45058,0.002767158,0.002404923,0.002506799,15.56474093,14.79050304,14.43351309,15.113521374899998,0.0018250124415073,"SDSS(cModelMag g,r)",15.113521374899998,SDSS,Vmag_sdss,1.1380778399999991,0.7681178899999992,SDSS(cModel extcorr),-19.886478625100004,4.454872608184815,3.1794672124307453,SDSS,False,3.0,9.538401637292235,,,,1.1380778399999991,g-i,14.47302,0.4061008381420693,153.0,6.538809249956871,8.673173585012453,6.538809249956871,NGC 4874,6.775550475184559,6581459.73053908,6.848695485084608,4.439584266507969,3.337658862729874,6.848695485084608,,,,,,,,,,,,,,,,,,,
LEDA 126763,3,13,571.0355874365433,2284.142349746173,571.0355874365433,2284.142349746173,1.0,1.0,1.0,1.0,1.0,1.0,True,True,True,True,True,3,13,1.501981108,3,13,True,0.6046931788059431,0.6078991943321896,1.501981108,1.372951487,1.5117404553333333,1.4105803455384618,-0.003206015526246553,0.10116010979487156,0.12902962100000015,0.25000000000000006,0.25000000000000006,1.8140795364178293,7.902689526318465,0.2039163481769956,0.2006574050079855,0.1985617811798614,0.2749297737003158,False,True,10,,,,,,,,,195.0558333333333,28.053416666666667,GiC,0.02716,17.31,18.735,1.4250011,18.066,17.576,17.288,17.118,0.48999977,0.7779999,23.923620223999023,0.110128,81.0,SIMBAD,B,2023ApJS..269....3M,,-17.69,False,2.990452527999878,Members of systems,,13486.880114119487,False,1.2376673243346373e+18,5.57706,2.5653439373339,17.77352,17.37881,17.08642,0.009343303,0.009583651,0.01136317,0.03462406,0.02395277,0.01779947,17.738895940000003,17.35485723,17.06862053,True,0.3840387100000022,0.6702754100000021,18.06555,17.57608,17.28782,0.00910119,0.009323749,0.01100583,18.030925940000003,17.55212723,17.27002053,17.502313101099997,0.0068298168456967,"SDSS(cModelMag g,r)",17.502313101099997,SDSS,Vmag_sdss,0.6702754100000021,0.3840387100000022,SDSS(cModel extcorr),-17.497686898900003,2.990452527999878,2.5653439373339,SDSS,False,3.2,8.20910059946848,,,,0.6702754100000021,g-i,6.60768,0.27619900074201537,81.0,10.056494062975387,4.730572229394344,4.730572229394344,NGC 4889,6.978071934432116,17505784.60585937,8.437501738526649,9.32991404387002,10.605540081525023,8.437501738526649,1.4763984659643439,0.02558264203565619,1.4552371739508334,-0.08228568695083349,0.01343516480105389,0.11559445619894626,1.486046141852756,0.02569431348057738,1.4796804603228322,-0.06910011478437039,0.006492646887722525,0.09466746290714903,0.587016613153311,0.017676565652632092,0.5909004111516897,0.016998783180499966,0.001366434775885439,-0.004572450302131992,0.010649865175904449
NGC 4883,83,248,8962.149714533487,35848.59885813394,8962.149714533487,26965.31606108835,1.0,0.7522,1.0,0.7522,1.0,0.7522,True,False,False,True,True,75,240,1.430575127,75,240,True,0.592590575091336,0.6325306379378941,1.430575127,1.4301004255,1.4947134418933334,1.4407713214916666,-0.039940062846558155,0.05394212040166679,0.00047470149999995215,0.3323584153150759,0.25000000000000006,44.444293131850195,151.8073531050946,0.2565820978385076,0.20006380011133867,0.3185428727197376,0.2638839502427677,True,True,10,0.594567695004233,0.03111675455133351,0.594567695004233,0.03111675455133351,,,,,194.98340521471,28.034715581050005,GiG,0.02719,14.27,15.2,0.92999935,14.821,14.007,13.584,13.254,0.8140001,1.2370005,38.738399505615234,0.533751,80.0,SIMBAD,B,2023ApJS..269....3M,,-20.73,True,4.842299938201904,Members of systems,,21862.00344133771,False,1.2376673243345718e+18,6.498521,5.874312168409293,14.84764,14.04769,13.60803,0.002187753,0.001979091,0.001982934,0.03000656,0.0207584,0.01542571,14.81763344,14.0269316,13.59260429,True,0.7907018400000005,1.225029150000001,14.82103,14.0069,13.58407,0.002165257,0.001957995,0.001964019,14.79102344,13.9861416,13.56864429,14.341119354399998,0.0014724161555133,"SDSS(cModelMag g,r)",14.341119354399998,SDSS,Vmag_sdss,1.225029150000001,0.7907018400000005,SDSS(cModel extcorr),-20.6588806456,4.842299938201904,5.874312168409293,SDSS,False,3.2,18.79779893890974,,,,1.225029150000001,g-i,32.025059999999996,0.8267006486769769,80.0,6.3717196268943574,4.36928950469581,4.36928950469581,NGC 4889,4.096655204134222,25083030.479686186,4.86785370959485,6.50773941549859,7.768595190392093,4.86785370959485,1.5196306564706117,-0.08905552947061168,1.469286868504996,-0.03918644300499596,0.04636856282102528,-0.045893861321025325,1.540318007458492,-0.04560456556515846,1.4933576465261005,-0.052586325034433834,0.04419387790910556,0.009748242492561232,0.5415086856323288,0.05108188945900716,0.5801353683696043,0.05239526956828977,-0.031901085137400365,-0.00803897770915779,0.012571261611631595
IC 4026,88,283,8238.004192518425,32952.0167700737,8238.004192518425,32952.0167700737,1.0,1.0,1.0,1.0,1.0,1.0,True,True,True,True,True,82,274,1.4750458284999999,82,274,True,0.5592423816853892,0.6252153659933611,1.4750458284999999,1.4079815445,1.4849827226463415,1.4194988839744527,-0.06597298430797194,0.06548383867188878,0.06706428399999997,0.25,0.25,45.85787529820191,171.30901028218096,0.23395843252760293,0.22020120256541206,0.31770951606227144,0.2994741401170774,True,True,10,0.5629039457430556,0.025338492565367205,0.5629039457430556,0.025338492565367205,,,,,195.09225412222,28.04701061643,EmG,0.02727,14.63,15.5,0.8699999,15.128,14.365,13.958,13.671,0.7630005,1.1700001,38.0908203125,0.505528,73.0,SIMBAD,B,2023ApJS..269....3M,,-20.369999,True,4.7613525390625,Regular galaxies,SB0,21557.70523275521,False,1.2376673243346373e+18,6.247734,5.73849487368473,15.10569,14.36515,13.95655,0.002351962,0.002099375,0.002134596,0.03497309,0.02419422,0.0179789,15.07071691,14.34095578,13.9385711,True,0.72976113,1.132145809999999,15.12822,14.36483,13.95826,0.002345893,0.002099178,0.002134811,15.09324691,14.34063578,13.9402811,14.6301578433,0.0015697421405785,"SDSS(cModelMag g,r)",14.6301578433,SDSS,Vmag_sdss,1.132145809999999,0.72976113,SDSS(cModel extcorr),-20.369842156700003,4.7613525390625,5.73849487368473,SDSS,False,3.0,17.21548462105419,,,,1.132145809999999,g-i,30.33168,0.7962989442379181,73.0,11.52247080190528,5.219269139559637,5.219269139559637,NGC 4889,8.181683973547786,12948621.650616657,9.877115397745982,10.368804358513701,11.600167881128444,9.877115397745982,1.5156777930851222,-0.040631964585122304,1.4680022580670307,-0.06002071356703076,0.04335735238573585,0.023706931614264126,1.5353557497541543,-0.050373027107812884,1.4921070957692153,-0.07260821179476262,0.04074672859866996,0.024737110073218826,0.545669627244138,0.013572754441251167,0.5811196521395966,0.04409571385376454,-0.028859324822891164,-0.037113659485080774,0.009332954842426478
LEDA 126781,40,281,2065.599729966584,8262.398919866331,2065.599729966584,8262.398919866331,1.0,1.0,1.0,1.0,1.0,1.0,True,True,True,True,True,40,268,1.4718216395,40,268,True,0.593160207339562,0.5800932231190333,1.4718216395,1.4926601345,1.504031515125,1.5039400688656717,0.013066984220528655,9.144625932844264e-05,-0.020838495000000012,0.25000000000000017,0.25000000000000017,23.72640829358248,155.46498379590093,0.22211856632150342,0.2402261555089195,0.222919505219053,0.2910399321705264,True,True,10,0.5903245358823062,0.03512364922154275,0.5903245358823062,0.03512364922154275,,,,,194.945554,27.991910222222227,G,0.02806,17.43,18.62,1.1900005,18.251,17.563,17.235,17.037,0.6879997,1.0159988,7.31,,,NED,,,2007SDSS6.C...0000:,-17.57,False,0.91375,Regular galaxies,,4252.921520533966,False,1.2376673243345718e+18,2.776629,2.564177870091956,18.14186,17.46356,17.15899,0.009592406,0.008309748,0.009472908,0.02683427,0.01856383,0.01379491,18.115025730000003,17.44499617,17.145195089999998,True,0.6700295600000032,0.969830640000005,18.25128,17.56304,17.23544,0.009388872,0.008102566,0.009229952,18.224445730000003,17.54447617,17.22164509,17.709708289599998,0.0062852658188029,"SDSS(cModelMag g,r)",17.709708289599998,SDSS,Vmag_sdss,0.969830640000005,0.6700295600000032,SDSS(cModel extcorr),-17.290291710400002,0.91375,2.564177870091956,SDSS,False,3.2,8.205369184294259,,,,0.969830640000005,g-i,,1.0,0.0,3.1592827355387763,4.756950415681944,3.1592827355387763,NGC 4874,1.7996555516984636,50873973.303640276,1.6096442042332477,3.6495331234183084,4.797335710604216,1.6096442042332477,1.4735621487317556,-0.001740509231755727,1.454315421194151,0.03834471330584899,0.011274516375936738,-0.03211301137593675,1.48248554901997,0.021545966105030123,1.478783146574272,0.025156922291399653,0.004019197127636098,-0.003927750868307656,0.5900022337646105,0.0031579735749515114,0.5916066690580049,-0.011513445938971523,0.003549003803976769,0.009517980416551886,0.053030466625297784
LEDA 44809,98,85,4064.1241799524896,16256.496719809958,4064.1241799524896,15336.379005468714,1.0,0.9434,1.0,0.9434,1.0,0.9434,True,True,True,True,True,91,83,1.518715137,91,83,True,0.5390213548782772,0.630092199245011,1.518715137,1.40692781,1.5590973741098904,1.4758253017228915,-0.09107084436673385,0.08327207238699885,0.11178732700000005,0.26499894000424,0.25,49.050943293923225,52.297652537335914,0.2568425850416481,0.23495034120531566,0.2699984304699702,0.31371915044510246,True,True,10,0.5392593050653397,0.026231689916686545,0.5392593050653397,0.026231689916686545,,,,,195.17849319377,27.963118502520004,EmG,0.02809,14.96,16.013,1.0530005,15.47,14.708,14.333,14.034,0.7620001,1.1370001,38.44841766357422,0.368079,93.0,SIMBAD,B,2023ApJS..269....3M,,-20.04,False,4.806052207946777,Regular galaxies,,22392.20132427161,False,1.2376674440487242e+18,5.390098,4.745714837436945,15.38528,14.70841,14.32423,0.00274017,0.002341676,0.002453262,0.03404471,0.02355197,0.01750164,15.35123529,14.68485803,14.30672836,True,0.6663772599999991,1.0445069300000007,15.46956,14.70831,14.33325,0.00273654,0.002341676,0.00245403,15.43551529,14.68475803,14.31574836,14.9480727066,0.0017807222943599,"SDSS(cModelMag g,r)",14.9480727066,SDSS,Vmag_sdss,1.0445069300000007,0.6663772599999991,SDSS(cModel extcorr),-20.0519272934,4.806052207946777,4.745714837436945,SDSS,False,3.2,15.186287479798224,,,,1.0445069300000007,g-i,22.08474,0.5743991909691238,93.0,14.824994851296887,7.716076510397371,7.716076510397371,NGC 4889,11.250885684039531,4121922.4246655065,13.32967281160282,12.414042853786256,13.259452735934262,13.32967281160282,1.5113300190996437,0.007385117900356342,1.4665893086936315,-0.059661498693631465,0.04004530713686316,0.07174201986313689,1.529897737965698,0.02919963614419241,1.4907316088074687,-0.014906307084577186,0.03695519202521033,0.04631688036178852,0.5502462674997384,-0.011224912621461192,0.5822022707257107,0.047889928519300295,-0.025513677610788765,-0.06555716675594508,0.007079663884445324
2MASX J13004737+2755196,0,9,3888.133038247917,15552.532152991676,0.0,4740.411800231863,0.0,0.3048,0.0,0.3048,0.0,0.3048,False,False,False,False,True,0,8,,0,8,True,,0.6123645857166677,,1.4931104875,,1.486774134125,,,,,0.24999999999999986,,4.898916685733342,,0.20903093642746115,,0.22642498319380627,False,True,10,,,,,,,,,195.19752473185,27.92218747244999,GiC,0.02857,15.47,16.81,1.3399992,15.851,15.077,14.701,14.426,0.77400017,1.1499996,31.648378372192383,0.292167,45.0,SIMBAD,B,2023ApJS..269....3M,,-19.529999,False,3.956047296524048,Members of systems,Sa,18735.979374562656,False,1.2376674440487898e+18,6.373846,4.726940625399687,15.90804,15.14599,14.74369,0.003241365,0.002699972,0.002844043,0.03149147,0.02178566,0.01618908,15.87654853,15.12420434,14.72750092,True,0.7523441900000005,1.1490476099999984,15.85108,15.07733,14.70059,0.003198296,0.002668474,0.002810951,15.81958853,15.05554434,14.68440092,15.422665457899996,0.0020745433518924,"SDSS(cModelMag g,r)",15.422665457899996,SDSS,Vmag_sdss,1.1490476099999984,0.7523441900000005,SDSS(cModel extcorr),-19.577334542100004,3.956047296524048,4.726940625399687,SDSS,False,3.0,14.18082187619906,,,,1.1490476099999984,g-i,17.53002,0.5538994697877673,45.0,15.990139227927934,9.28360218270498,9.28360218270498,NGC 4889,12.563946363412294,2441529.4593276647,14.624740862878175,13.286498611846401,13.930517174191543,14.624740862878175,,,1.4644800158986722,0.028630471601327923,,,,,1.4886782410134105,-0.0019041068884104728,,,,,0.5838184359092417,0.02854614980742609,,,0.056148496756903914
SDSS J130041.19+280242.4,10,33,876.5563541589966,3506.225416635986,876.5563541589966,3506.225416635986,1.0,1.0,1.0,1.0,1.0,1.0,True,True,True,True,True,10,33,1.502351565,10,33,True,0.526454105554512,0.6544314332359312,1.502351565,1.363662074,1.4247960757,1.4120608807575756,-0.12797732768141923,0.012735194942424366,0.13868949100000005,0.25,0.25,5.26454105554512,21.59623729678573,0.2953239885052568,0.16982382898333756,0.38537455048252595,0.20478263100656835,True,True,10,0.5258588895663378,0.09327301665165766,0.5258588895663378,0.09327301665165766,,,,,195.17167543485,28.04512661346,G,0.02877,17.15,18.487,1.3369999,18.054,17.328,16.977,16.693,0.72600174,1.0770016,7.07,,,NED,,,2007SDSS6.C...0000:,-17.85,False,0.88375,Regular galaxies,E3,4213.752716134498,False,1.2376673243347028e+18,1.786883,1.6703788591993995,17.90871,17.17143,16.81345,0.006900973,0.005767426,0.00626357,0.03569281,0.02469212,0.01834889,17.87301719,17.14673788,16.79510111,True,0.7262793099999989,1.0779160799999978,18.05374,17.32846,16.9766,0.006820921,0.005682242,0.006168075,18.01804719,17.30376788,16.958251110000003,17.434512397099997,0.0044254286970797,"SDSS(cModelMag g,r)",17.434512397099997,SDSS,Vmag_sdss,1.0779160799999978,0.7262793099999989,SDSS(cModel extcorr),-17.565487602900003,0.88375,1.6703788591993995,SDSS,False,3.2,5.345212349438079,,,,1.0779160799999978,g-i,,1.0,0.0,15.347205718876296,8.371679110705964,8.371679110705964,NGC 4889,11.82133988688467,3267162.795549767,13.70584592135592,13.725316032854007,14.85242231244942,13.70584592135592,1.4773257020614186,0.025025862938581556,1.455538509224178,-0.09187643522417788,0.014141514284756768,0.12454797671524329,1.4872101548776784,-0.06241407917767838,1.4799738061053516,-0.06791292534777593,0.007301255979646981,0.005433938962777385,0.5860405674659106,-0.0595864619113986,0.5906695244874421,0.06376190874848908,0.0006529191070627216,-0.12863024678848195,0.010582035480836497
LEDA 1821892,17,68,3011.513918800005,12046.055675200016,3011.513918800005,12046.055675200016,1.0,1.0,1.0,1.0,1.0,1.0,True,True,True,True,True,15,62,1.472442075,15,62,True,0.5906236300647579,0.5149353592466078,1.472442075,1.5572504045,1.5035926526666665,1.5802936851774192,0.0756882708181501,-0.07670103251075266,-0.08480832949999995,0.25000000000000006,0.25000000000000006,8.859354450971368,31.925992273289683,0.26445374052050946,0.2767840674457004,0.3506183104346183,0.3393820829273082,True,True,10,0.5944437760845873,0.06258782471139342,0.5944437760845873,0.06258782471139342,,,,,195.14344216666663,27.934681972222226,G,0.02923,16.81,18.512,1.7019997,17.386,16.689,16.424,16.16,0.6970005,0.9619999,12.59999942779541,0.19,,SIMBAD,E,2003A&A...412...45P,,-18.19,False,1.5749999284744265,Regular galaxies,dG,7625.491314689721,False,1.2376674440487242e+18,3.510405,3.2549950920190702,17.75474,16.97528,16.84774,0.01036726,0.008362913,0.01274201,0.03349451,0.02317134,0.01721879,17.72124549,16.95210866,16.83052121,True,0.7691368300000008,0.8907242800000006,17.3859,16.68892,16.42357,0.01006553,0.008036132,0.01242769,17.35240549,16.66574866,16.40635121,17.2574547603,0.0065125209007042,"SDSS(cModelMag g,r)",17.2574547603,SDSS,Vmag_sdss,0.8907242800000006,0.7691368300000008,SDSS(cModel extcorr),-17.7425452397,1.5749999284744265,3.2549950920190702,SDSS,False,3.2,10.415984294461026,,,,0.8907242800000006,g-i,11.4,0.9047619458499158,0.0,13.050826799854024,6.345023801094404,6.345023801094404,NGC 4889,9.60274429844382,7301166.306122093,11.666926795841402,10.410278932454403,11.130289001241545,11.666926795841402,1.4797471257696988,-0.007305050769698784,1.4563254289497147,0.10092497555028523,0.01598610531347716,-0.10079443481347711,1.4902499079073401,0.013342744759326397,1.4807398617353653,0.09955382344205388,0.009412892090551378,-0.08611392460130404,0.5834916803213179,0.0071319497434400025,0.5900665772504888,-0.075131218003881,-0.001210386001708974,0.07689865681985908,0.00939075332695062
2MASX J13004540+2750076,0,0,998.3218594767478,3993.2874379069926,0.0,0.0,0.0,0.0,0.0,0.0,0.0,0.0,False,False,False,False,False,0,0,,0,0,True,,,,,,,,,,,0.24999999999999992,,,,,,,False,False,10,,,,,,,,,195.1891958333333,27.835455555555555,GiC,0.02927,16.71,18.048,1.3380013,17.603,16.898,16.562,16.325,0.7049999,1.0410004,10.019999504089355,0.103,115.0,SIMBAD,C,2006AJ....131.1163S,,-18.29,False,1.2524999380111694,Members of systems,I,6072.086296415636,False,1.2376674440487898e+18,3.110505,2.269864676479541,17.50216,16.77746,16.45893,0.006669195,0.005489769,0.006412807,0.02759026,0.01908681,0.01418355,17.47456974,16.75837319,16.44474645,True,0.7161965499999994,1.0298232899999995,17.60312,16.89836,16.56232,0.006535726,0.005343677,0.006230035,17.57552974,16.87927319,16.54813645,17.042013775499996,0.0042388282506088,"SDSS(cModelMag g,r)",17.042013775499996,SDSS,Vmag_sdss,1.0298232899999995,0.7161965499999994,SDSS(cModel extcorr),-17.957986224500004,1.2524999380111694,2.269864676479541,SDSS,False,3.0,6.809594029438623,,,,1.0298232899999995,g-i,6.18,0.6167664975909253,115.0,17.097135710689983,11.836187983514154,11.836187983514154,NGC 4889,14.251720516392304,1267928.1230958253,16.090072171012523,14.06345865866405,14.25268333442153,16.090072171012523,,,,,,,,,,,,,,,,,,,
2MASX J12595013+2755292,20,61,2814.5671323543347,11258.268529417337,2814.5671323543347,11258.268529417337,1.0,1.0,1.0,1.0,1.0,1.0,True,True,True,True,True,19,61,1.367240819,19,61,True,0.6379874765099215,0.6675334613133264,1.367240819,1.416601516,1.3811361674736844,1.4239378103934428,-0.029545984803404868,-0.04280164291975841,-0.04936069700000001,0.25000000000000006,0.25000000000000006,12.121762053688508,40.71954114011291,0.22144492334784505,0.1918911102747312,0.3183301133204371,0.22321876968195795,True,True,10,0.6392997704393728,0.054879817662073664,0.6392997704393728,0.054879817662073664,,,,,194.95877298074,27.92484964126,GiC,0.0328,16.05,17.563,1.5130005,16.699,15.917,15.55,15.265,0.7819996,1.1489992,12.0,0.152,130.0,SIMBAD,C,2006AJ....131.1163S,,-18.95,False,1.5,Members of systems,S0...,8114.346440645568,False,1.237667444048659e+18,4.288744,3.4333973959291373,16.77092,15.98019,15.60941,0.004491246,0.003575742,0.003852796,0.03131631,0.02166448,0.01609903,16.73960369,15.95852552,15.59331097,True,0.7810781699999989,1.1462927199999982,16.69916,15.91709,15.54959,0.00444064,0.003537403,0.003809073,16.667843689999998,15.89542552,15.53349097,16.2687675697,0.0028002815009222,"SDSS(cModelMag g,r)",16.2687675697,SDSS,Vmag_sdss,1.1462927199999982,0.7810781699999989,SDSS(cModel extcorr),-18.7312324303,1.5,3.4333973959291373,SDSS,False,3.0,10.300192187787411,,,,1.1462927199999982,g-i,9.12,0.7599999999999999,130.0,3.790616106701856,5.058301216262191,3.790616106701856,NGC 4874,2.627388738047591,33537255.935967512,3.2176604041907355,0.7235798360625639,1.4620444673537998,3.2176604041907355,1.493268319470574,-0.12602750047057398,1.4607195769047536,-0.044118060904753564,0.02628627397579586,-0.07564697097579587,1.507223843272855,-0.12608767579917068,1.4850175048936622,-0.06107969450021944,0.021204236489990425,-0.06400587940974883,0.5692587327021733,0.06872874380774818,0.5866997289147867,0.08083373239853964,-0.01161505380659486,-0.017930930996810007,0.006899767937290946
2MASX J13001027+2751502,0,0,2858.226539382497,11432.906157529995,0.0,0.0,0.0,0.0,0.0,0.0,0.0,0.0,False,False,False,False,False,0,0,,0,0,True,,,,,,,,,,,0.24999999999999983,,,,,,,False,False,10,,,,,,,,,195.04265407771,27.863970120340003,GiC,0.03311,15.54,17.103,1.5630007,16.517,15.931,15.639,15.399,0.58600044,0.87800026,14.579999923706056,0.195,70.0,SIMBAD,C,2006AJ....131.1163S,,-19.46,False,1.8224999904632568,Members of systems,SB0,9948.394155911205,False,1.2376674440487242e+18,3.614824,3.3671248299694847,16.3652,15.76924,15.44841,0.004105712,0.003577852,0.004090663,0.03125388,0.02162129,0.01606693,16.33394612,15.74761871,15.432343070000002,True,0.5863274100000009,0.9016030499999984,16.51719,15.93079,15.63924,0.004031604,0.003498494,0.003979875,16.485936119999998,15.90916871,15.62317307,15.9780129481,0.002699940147322,"SDSS(cModelMag g,r)",15.9780129481,SDSS,Vmag_sdss,0.9016030499999984,0.5863274100000009,SDSS(cModel extcorr),-19.0219870519,1.8224999904632568,3.3671248299694847,SDSS,False,3.0,10.101374489908457,,,,0.9016030499999984,g-i,11.700000000000001,0.8024691400016143,70.0,9.53222029409924,6.799744501636793,6.799744501636793,NGC 4889,7.447525628401955,6795957.090384706,8.858008499642901,6.472803993154566,6.408752903972819,8.858008499642901,,,,,,,,,,,,,,,,,,,
SDSS J130018.34+280333.4,25,54,1962.6485047320587,7850.594018928235,1962.6485047320587,7850.594018928235,1.0,1.0,1.0,1.0,1.0,1.0,True,True,True,True,True,25,54,1.442924298,25,54,True,0.5803985358777589,0.5750528189971458,1.442924298,1.43916547,1.4207302966400002,1.4133820569814814,0.005345716880613138,0.007348239658518718,0.0037588280000000474,0.25,0.25,14.509963396943972,31.05285222584587,0.2566509884495597,0.2435922414240456,0.4091727266964761,0.34891598289757947,True,True,10,0.5817603230547319,0.05176397177471628,0.5817603230547319,0.05176397177471628,,,,,195.07642091666665,28.05928861111111,G,0.03325,17.34,18.559,1.2189999,18.024,17.445,17.147,17.005,0.5790005,0.8770008,7.19,,,NED,,,2007SDSS6.C...0000:,-17.66,False,0.89875,Regular galaxies,,4925.877325383879,False,1.2376673243346373e+18,2.885166,2.499460786169786,17.89298,17.3703,17.04342,0.008126638,0.007430765,0.008764295,0.03495962,0.0241849,0.01797197,17.858020380000003,17.3461151,17.02544803,True,0.5119052800000041,0.8325723500000031,18.02426,17.44511,17.14746,0.007932713,0.00728797,0.008557238,17.989300380000003,17.420925099999998,17.129488029999997,17.5459962648,0.0055065855550401,"SDSS(cModelMag g,r)",17.5459962648,SDSS,Vmag_sdss,0.8325723500000031,0.5119052800000041,SDSS(cModel extcorr),-17.4540037352,0.89875,2.499460786169786,SDSS,False,3.2,7.998274515743316,,,,0.8325723500000031,g-i,,1.0,0.0,11.161045014245286,5.428971965492022,5.428971965492022,NGC 4889,7.997448471531705,11656904.061614731,9.532883260229973,10.300335501594487,11.56347924397909,9.532883260229973,1.4758010590964583,-0.03287676109645821,1.4550430273225903,-0.01587755732259022,0.012980072474490373,-0.009221244474490325,1.485296182508431,-0.06456588586843082,1.479491461225736,-0.06610940424425449,0.005971669947249347,0.0013765697112693709,0.5876454674428091,-0.007246931565050185,0.5910491686033891,-0.0159963496062433,0.0018261441878068552,0.003519572692806283,0.008194789013833838
SDSS J125939.47+275116.5,4,28,5758.961038536103,23035.84415414441,894.9425453885104,8749.013609744048,0.1554,0.3798,0.1554,0.3798,0.1554,0.3798,False,False,False,True,True,4,25,1.2443358194999998,4,25,True,0.7497535043188501,0.6368098719162504,1.2443358194999998,1.431314086,1.2935166515,1.48116183584,0.11294363240259975,-0.18764518434,-0.18697826650000016,0.10229067930489731,0.25,2.9990140172754005,15.92024679790626,0.10196331528572994,0.18941325533150996,0.2139465957419419,0.2064321814491641,False,True,10,,,,,,,,,194.914488,27.854598,G,0.03134,16.944,17.817,0.8729992,16.852,16.194,15.884,15.786,0.65799904,0.96799946,1.3,,,NED,,,2007SDSS6.C...0000:,-18.056,False,0.1625,Regular galaxies,,841.4049069157564,False,1.2376674440486587e+18,7.100106,4.281511687141951,17.10436,16.50766,16.2426,0.008723604,0.008380204,0.009606543,0.03476916,0.02405314,0.01787406,17.06959084,16.483606860000002,16.22472594,True,0.5859839799999982,0.844864900000001,16.84402,16.18769,15.88271,0.008331817,0.008050052,0.009112405,16.80925084,16.16363686,15.86483594,16.7138602918,0.0061023705855008,"SDSS(cModelMag g,r)",16.7138602918,SDSS,Vmag_sdss,0.844864900000001,0.5859839799999982,SDSS(cModel extcorr),-18.2861397082,0.1625,4.281511687141951,SDSS,False,3.2,13.700837398854246,,,,0.844864900000001,g-i,,1.0,0.0,6.33395251914865,9.691787640136402,6.33395251914865,NGC 4874,7.344624258083354,6218517.51404302,6.992167767907786,4.905100591038215,3.6404520281923394,6.992167767907786,1.487181272963264,-0.24284545346326425,1.4587413948334036,-0.027427308833403607,0.021649286512432087,-0.20862755301243224,1.4995824222365395,-0.20606577073653942,1.4830917716024852,-0.0019299357624851243,0.015895943203839996,-0.20354112754384,0.5756662005641442,0.17408730375470594,0.5882154355051857,0.048594436411064645,-0.006931022335516068,0.11987465473811582,0.004425973876508067
Z 160-243,0,0,1550.1138334538089,6200.455333815232,0.0,0.0,0.0,0.0,0.0,0.0,0.0,0.0,False,False,False,False,False,0,0,,0,0,True,,,,,,,,,,,0.25000000000000017,,,,,,,False,False,10,,,,,,,,,195.03808781594,27.86648430942,AGN,0.01773,15.51,16.39,0.87999916,15.916,15.468,15.248,15.012,0.44799995,0.6680002,22.35378074645996,0.261167,169.0,SIMBAD,B,2023ApJS..269....3M,,-19.49,False,2.794222593307495,Active (AGN/Seyfert/QSO),SBa,8321.13461168583,False,1.2376674440487242e+18,3.132543,2.65306309039477,15.86195,15.37971,15.09212,0.00307231,0.002811671,0.003154876,0.03147462,0.021774,0.01618041,15.83047538,15.357936,15.07593959,True,0.4725393800000024,0.754535790000002,15.91562,15.46847,15.24831,0.003029629,0.002769403,0.003096362,15.88414538,15.446696,15.23212959,15.5416771458,0.0020829337993751,"SDSS(cModelMag g,r)",15.5416771458,SDSS,Vmag_sdss,0.754535790000002,0.4725393800000024,SDSS(cModel extcorr),-19.4583228542,2.794222593307495,2.65306309039477,SDSS,False,3.0,7.959189271184309,,,,0.754535790000002,g-i,15.67002,0.7010008811364749,169.0,9.24798151811349,6.63645018247312,6.63645018247312,NGC 4889,7.190272560852883,7334604.91579182,8.581861852077317,6.189431047367285,6.124486777387311,8.581861852077317,,,,,,,,,,,,,,,,,,,
NGC 4874,9004,3652,265676.90664577775,1062707.6265831112,264008.9101965845,236703.4421912261,0.9937217108169014,0.22273618469483544,0.9856,0.2092,0.9937217108169014,0.22273618469483544,True,False,False,True,True,8767,3508,1.510120855,8767,3508,True,0.5589488821651496,0.5178458840343897,1.510120855,1.501913208,1.5286809192056576,1.5286196132323262,0.041102998130759905,6.130597333142696e-05,0.008207647000000096,1.1153572916075258,0.24999999999999994,4900.304849941866,1816.603361192639,0.2490640607295048,0.2778769690085866,0.2979931115098445,0.34608577033720805,True,True,10,0.5589976238345769,0.0026215872379108684,0.5589976238345769,0.0026215872379108684,,,,,194.89878906845,27.959248303390005,LIN,0.02391,12.71,13.7,0.9899998,12.6472,11.7979,11.66,11.1535,0.84929943,0.9871998,140.40420532226562,2.26074,63.0,SIMBAD,B,2023ApJS..269....3M,,-22.29,True,17.550525665283203,Active (AGN/Seyfert/QSO),,69955.70961435766,True,1.2376674440486584e+18,29.67989,29.58632953200881,12.91115,12.10644,11.64227,0.001804969,0.001734343,0.001838514,0.03009333,0.02081842,0.01547032,12.88105667,12.08562158,11.62679968,True,0.7954350899999998,1.25425699,12.79304,11.98041,11.52575,0.001763336,0.001690713,0.001796031,12.76294667,11.95959158,11.51027968,12.4017499669,0.0012628226591444,"SDSS(cModelMag g,r)",12.4017499669,SDSS,Vmag_sdss,1.25425699,0.7954350899999998,SDSS(cModel extcorr),-22.5982500331,17.550525665283203,29.58632953200881,SDSS,False,4.8,142.0143817536423,,,,1.25425699,g-i,135.64440000000002,0.9660992680999791,63.0,0.0,7.230359733741266,7.230359733741266,NGC 4889,3.615325668910727,1.0947123389942933e+27,1.6476759061251465,3.067469305851432,3.3988032379001165,1.6476759061251465,1.5461532911272027,-0.03603243612720264,1.4779062539983756,0.024006954001624337,0.0665729631406704,-0.05836531614067031,1.5736134025503472,-0.04493248334468958,1.5017485008536613,0.026871112378664908,0.06732330912168555,-0.06726200314835412,0.5135899028576589,0.045358979307490666,0.5735310928649795,-0.055685208830589805,-0.052310466810138456,0.09341346494089836,0.029743776146057062
NGC 4869,475,1103,14579.072312772238,58316.28925108895,14517.840209058595,46967.93936282704,0.9958,0.8054,0.9958,0.8054,0.9958,0.8054,True,True,True,True,True,459,1067,1.525446857,459,1067,True,0.5390985995289465,0.5814188864003659,1.525446857,1.496024568,1.5501958097167754,1.5094215443692596,-0.04232028687141942,0.040774265347515826,0.02942228899999999,0.3091010677924013,0.25,247.44625718378643,620.3739517891904,0.25143077636353844,0.23740040977347635,0.2949554697035277,0.281465681982281,True,True,10,0.5386735386476266,0.011663196257527311,0.5386735386476266,0.011663196257527311,,,,,194.84732847876,27.9115921901,EmG,0.0228791612896412,13.52,14.9,1.3799992,14.429,13.624,13.195,12.914,0.8050003,1.2340002,49.683780670166016,0.690853,47.0,SIMBAD,B,2023ApJS..269....3M,,-21.48,True,6.210472583770752,Regular galaxies,,23717.064620554364,False,1.2376674440486584e+18,7.956479,7.458111597766792,14.35112,13.44835,13.10265,0.002026937,0.00177299,0.001854436,0.03790001,0.02621905,0.01948356,14.31321999,13.42213095,13.08316644,True,0.8910890400000007,1.2300535499999992,14.31396,13.44071,13.0601,0.00200983,0.001768293,0.001849584,14.27605999,13.41449095,13.04061644,13.7774774564,0.0013359957012654,"SDSS(cModelMag g,r)",13.7774774564,SDSS,Vmag_sdss,1.2300535499999992,0.8910890400000007,SDSS(cModel extcorr),-21.2225225436,6.210472583770752,7.458111597766792,SDSS,False,3.2,23.86595711285373,,,,1.2300535499999992,g-i,41.45118,0.8343000359650669,47.0,3.9518547463563447,10.63187370503541,3.9518547463563447,NGC 4874,7.159220890833464,19184895.842508864,5.514877770275918,5.417389790280318,4.648666042057671,5.514877770275918,1.5273389704381084,-0.001892113438108467,1.471791933723822,0.024232634276177833,0.052240598657785936,-0.022818309657785946,1.549994699173434,0.00020111054334148726,1.4957962933818831,0.013625250987376436,0.05091601995813749,-0.010141754610621667,0.5333946069970823,0.005703992531864155,0.5782159576558258,0.00320292874454009,-0.0378326950190318,-0.004487591852387618,0.03984283235197971
NGC 4889,6136,3024,103523.02287897347,414092.09151589393,142108.2136202775,249614.71276578086,1.3727208660281602,0.6028,0.9304,0.6028,1.3727208660281602,0.6028,True,False,False,True,True,5916,2932,1.5422622645,5916,2932,True,0.47420511019035705,0.5884882865256386,1.5422622645,1.4585522499999999,1.5609839979220757,1.4795328198523194,-0.11428317633528151,0.08145117806975621,0.08371001450000004,0.5693102463620437,0.24999999999999997,2805.3974318861524,1725.4476560931723,0.2893406193719072,0.23992064234873897,0.35321164534382715,0.30368853961964787,True,True,10,0.47407074630223056,0.00385875428576671,0.47407074630223056,0.00385875428576671,,,,,195.0337375,27.977025,EmG,0.0215,11.3,13.0,1.6999998,12.3528,11.5017,11.527,10.8346,0.85109997,0.82579994,175.40460205078125,1.8169,75.0,SIMBAD,B,2023ApJS..269....3M,,-23.7,True,21.925575256347656,Regular galaxies,,78815.62927836124,True,1.237667444048724e+18,29.67856,23.02623275480716,12.42321,11.59573,11.37449,0.001673849,0.001673236,0.001773992,0.0316632,0.02190446,0.01627736,12.3915468,11.57382554,11.35821264,True,0.817721259999999,1.033334159999999,12.34061,11.5143,11.21793,0.001639316,0.001640705,0.001737578,12.3089468,11.49239554,11.20165264,11.899091256599998,0.001202314310135,"SDSS(cModelMag g,r)",11.899091256599998,SDSS,Vmag_sdss,1.033334159999999,0.817721259999999,SDSS(cModel extcorr),-23.1009087434,21.925575256347656,23.02623275480716,SDSS,False,4.8,110.52591722307436,,,,1.033334159999999,g-i,109.014,0.6215002270489998,75.0,7.230359733741236,0.0,7.230359733741236,NGC 4874,3.6150343526425788,1.739255948418119e+27,5.663826045561618,5.355075206236344,6.509825718401151,5.663826045561618,1.553027604713964,-0.010765340213964025,1.4801402838967572,-0.02158803389675734,0.07180967455445092,0.011900339945549121,1.5822431254198905,-0.02125912749781489,1.503923298518197,-0.024390478665877513,0.07331814957767274,0.008133028492083472,0.5063537262772129,-0.03214861608685582,0.5718193526317792,0.016668933893859372,-0.057600306660020584,-0.05668286967526093,0.0688862624543003
SDSS J130042.56+280658.6,67,378,33515.96889116345,134063.87556465383,12729.36498486388,53893.677976990846,0.3798,0.402,0.3798,0.402,0.3798,0.402,False,False,False,True,True,64,368,1.4942862725000001,64,368,True,0.6059578506681453,0.5979721174907043,1.4942862725000001,1.424908292,1.47480311225,1.4512251010788042,0.007985733177441001,0.023578011171195845,0.0693779805000001,0.23619402985074622,0.24999999999999994,38.7813024427613,220.0537392365792,0.222393398664478,0.24255248165249466,0.2848812313146144,0.3313815723276542,True,True,10,0.6061836325566914,0.028131908965262412,0.6061836325566914,0.028131908965262412,,,,,195.17736,28.11632,LSB,0.020701,18.24,,,17.648,17.011,16.672,16.539,0.63700104,0.97599983,19.49800109863281,0.32496667,0.0,SIMBAD,E,2022ApJS..262...36S,,-16.76,False,2.4372501373291016,LSB/BCD/Dwarf,,8443.75520948361,False,1.2376673243347028e+18,11.91151,10.328826039187028,17.68241,17.11709,16.79583,0.01207821,0.01098925,0.01302848,0.03757682,0.02599547,0.01931742,17.64483318,17.09109453,16.77651258,True,0.5537386499999997,0.8683206000000006,17.64823,17.01133,16.67162,0.01193298,0.01076021,0.01265084,17.61065318,16.98533453,16.65230258,17.308127376499996,0.0081584786103829,"SDSS(cModelMag g,r)",17.308127376499996,SDSS,Vmag_sdss,0.8683206000000006,0.5537386499999997,SDSS(cModel extcorr),-17.691872623500004,2.4372501373291016,10.328826039187028,SDSS,False,3.2,33.05224332539849,,,,0.8683206000000006,g-i,19.4980002,0.9999999539115417,0.0,17.505922735581176,11.300121635809452,11.300121635809452,NGC 4889,14.283435461421485,1409406.2808470242,15.876891870068409,16.49968578807866,17.730224698415352,15.876891870068409,1.4790541318020574,0.015232140697942764,1.4561002182106977,-0.031191926210697662,0.015458196690423032,0.05391978380957707,1.4893799525560845,-0.014576840306084415,1.4805206221497191,-0.02929552107091493,0.008808557094694747,0.014769454076501098,0.584221153403357,0.02173669726478833,0.5902391363926934,0.007732981098010905,-0.0006771215441756517,0.008662854721616653,0.008086492137804808
Coma cluster,0,0,,,,,,,,,,,False,False,False,False,False,0,0,,0,0,True,,,,,,,,,,,,,,,,,,False,False,10,,,,,,,,,195.01707133,27.977025,CLUSTER,0.0215,,,,,,,,,,,,,MANUAL,,,,,False,,Other,,,False,,,,,,,,,,,,,,,,False,,,,,,,,,,,,,,,,,,,,,,,,,False,3.0,,,,,,,,1.0,0.0,6.358175050921624,0.8831094568555958,0.8831094568555958,NGC 4889,2.7446453246900377,2529590562.3847885,4.7831160726779265,4.6200981044769165,5.823396359669688,4.7831160726779265,,,,,,,,,,,,,,,,,,,
