name,N_inner,N_annulus,A_ap_geom,A_bg_geom,A_ap_eff,A_bg_eff,A_ap_eff_over_geom,A_bg_eff_over_geom,f_cov_ap_geom,f_cov_bg_geom,cov_ap_depthw,cov_bg_depthw,coverage_ok_ap,coverage_ok_bg,coverage_ok_both,good_ap_area,good_bg_area,N_inner_color,N_annulus_color,median_color,median_color_bgsub,median_color_bgsub_geom,N_inner_Pblue,N_annulus_Pblue,Pblue_mean_inner_raw,Pblue_mean_annulus,median_color_inner_raw,median_color_annulus,mean_color_inner_raw,mean_color_annulus,alpha_eff,alpha_geom,N_eff_bgsub_color,N_eff_bgsub_Pblue,N_geom_bgsub_color,N_geom_bgsub_Pblue,sum_Pblue_inner,sum_Pblue_annulus,Pblue_std_inner,Pblue_std_annulus,color_std_inner,color_std_annulus,Pblue_inner_meets_min,Pblue_annulus_nonzero,min_gc_for_Pblue,Pblue_mean,Pblue_mean_err,Pblue_mean_bgsub,Pblue_mean_bgsub_geom,fb,fb_err,fb_bgsub,mu_blue,mu_blue_err,mu_blue_bgsub,mu_red,mu_red_err,mu_red_bgsub,ra,dec,otype,z,Vmag_simbad_raw,Bmag_simbad_raw,BV_simbad_raw,gmag_simbad_raw,rmag_simbad_raw,imag_simbad_raw,zmag_simbad_raw,gr_simbad_raw,gi_simbad_raw,major_axis_arcsec,galdim_minaxis,galdim_angle,dim_source,galdim_qual,galdim_bibcode,dim_ref,MV_simbad_raw,show_label,Re_arcsec,otype_family,morph_type,major_kpc,is_large_E,sdss_objid,Re_r_arcsec,Re_r_arcsec_circ,g_cmodel_sdss,r_cmodel_sdss,i_cmodel_sdss,gerr_cmodel_sdss,rerr_cmodel_sdss,ierr_cmodel_sdss,Ag_sdss,Ar_sdss,Ai_sdss,g0_cmodel_sdss,r0_cmodel_sdss,i0_cmodel_sdss,sdss_phot_ok,gr0_sdss,gi0_sdss,g_model_sdss,r_model_sdss,i_model_sdss,gerr_model_sdss,rerr_model_sdss,ierr_model_sdss,g0_model_sdss,r0_model_sdss,i0_model_sdss,Vmag_sdss,Vmag_sdss_err,V_source,mV_app,mV_src,mV_app_col,gi_primary,gr_primary,color_src,MV_abs,Re_simbad_proxy_arcsec,Re_best_arcsec,Re_best_src,Re_best_is_proxy,Re_GCS_scale,Re_GCS_arcsec,n_gcs_prior,n_gcs_red_prior,n_gcs_blue_prior,gal_color,gal_color_src,minor_axis_arcsec,q_axis,pa_deg,R_NGC 4874_arcmin,R_NGC 4889_arcmin,R_nearBCG_arcmin,nearer_BCG,R_bcg_mid_arcmin,tidal_proxy,R_xray_peak_arcmin,R_sz_peak_arcmin,R_geom_arcmin,R_cluster_arcmin,median_color_exp,Delta_median_color,median_color_bgsub_exp,Delta_median_color_bgsub,Pblue_mean_exp,Delta_Pblue_mean,Pblue_mean_bgsub_exp,Delta_Pblue_mean_bgsub,gc_bg_voronoi_density_arcsec2_inv
LEDA 126771,1847,1890,12631.997217159436,50527.98886863774,25785.0008630146,63914.49796111948,2.041244976525801,1.2649325530704156,1.0,0.9132,2.041244976525801,1.2649325530704156,True,True,True,True,True,1847,1890,1.552212238,0.930003396809992,1.166637636675555,1816,1847,0.5202056371550987,0.553498179113695,1.552212238,1.5072090765,1.5562959508927992,1.53966784799418,0.403429608078908,0.25,1084.518040730864,1070.865513878257,1374.5,1354.25,944.6934370736592,1022.3111368229949,0.2734548505474184,0.2599291937270839,0.3590621588825478,0.3251765337460004,True,True,10,0.5199906429567437,0.0068759512473579,0.2928812920408826,0.3792539776452081,0.5199906429567437,0.0068759512473579,0.2928812920408826,,,,,,,195.015438,27.964525,GiC,0.01778,17.26,18.49,1.2299995,17.207,16.401,16.026,15.919,0.80600166,1.1810017,7.15,,,NED,,,2007SDSS6.C...0000:,-17.74,False,0.89375,Members of systems,,2668.9116594673533,False,1.237667444048724e+18,9.422453,7.926310613697409,17.79433,16.6457,16.29974,0.0094071,0.006945321,0.008212235,0.03074882,0.02127189,0.0158073,17.76358118,16.62442811,16.2839327,True,1.139153069999999,1.479648479999998,17.20481,16.39346,16.02829,0.009123255,0.006616065,0.007813034,17.17406118,16.37218811,16.0124827,17.081480868699998,0.005627364442639,"SDSS(cModelMag g,r)",17.081480868699998,SDSS,Vmag_sdss,1.479648479999998,1.139153069999999,SDSS(cModel extcorr),-17.918519131300002,0.89375,7.926310613697409,SDSS,False,3.2,25.36419396383171,,,,1.479648479999998,g-i,,1.0,0.0,6.189979712058423,1.2259049075518114,1.2259049075518114,NGC 4889,2.6149297151740294,948659310.2687525,4.695446512465112,4.140232257504728,5.284277745147377,4.695446512465112,1.4945691783157269,0.0576430596842734,0.4016860998482581,0.5283172969617338,0.5744374048216385,-0.0544467618648948,0.1400780155523729,0.1528032764885096,0.1173275898291705
SDSS J130033.33+275849.3,13,31,1666.705477008653,6666.82190803461,1666.705477008653,6666.82190803461,1.0,1.0,1.0,1.0,1.0,1.0,True,True,True,True,True,13,31,1.360935226,0.5010687746923076,0.5010687746923076,13,29,0.6668697469609023,0.6809424025618683,1.360935226,1.442356628,1.4025198015384617,1.4607709092580643,0.25,0.25,5.249999999999998,5.749999999999998,5.249999999999998,5.749999999999998,8.66930671049173,19.747329674294186,0.1960996045488978,0.1591911303422362,0.2308795904432459,0.3179718633750752,True,True,10,0.6754626910190572,0.0537646997331156,0.2957063511287844,0.2957063511287844,0.6754626910190572,0.0537646997331156,0.2957063511287844,,,,,,,195.138894,27.980364,AG?,0.0172,17.93,19.883,1.9529991,19.081,18.425,18.046,17.767,0.65600014,1.0349998,5.6,,,NED,,,2007SDSS6.C...0000:,-17.07,False,0.7,Other,,2023.575699311731,False,1.2376673243346378e+18,2.985155,2.87915143393122,18.883,18.21784,17.98378,0.01951113,0.01799711,0.0203615,0.0350279,0.02423214,0.01800708,18.8479721,18.19360786,17.96577292,True,0.6543642399999996,0.8821991800000006,19.07247,18.41958,18.04261,0.01881794,0.01724832,0.01971573,19.0374421,18.39534786,18.02460292,18.4518971984,0.0132944048221074,"SDSS(cModelMag g,r)",18.4518971984,SDSS,Vmag_sdss,0.8821991800000006,0.6543642399999996,SDSS(cModel extcorr),-16.548102801600002,0.7,2.87915143393122,SDSS,False,3.2,9.213284588579905,,,,0.8821991800000006,g-i,,1.0,0.0,12.78648642089626,5.575562057885486,5.575562057885486,NGC 4889,9.176988092179403,10558192.339535872,11.238010979748395,10.585858629837157,11.548665794849926,11.238010979748395,1.4652957355097604,-0.1043605095097603,0.238922185497979,0.2621465891943285,0.5849925285451575,0.0904701624738997,0.0937198673501603,0.201986483778624,0.0051238613513063
2MASX J12592536+2756038,73,119,966.9935228760526,3867.97409150421,966.9935228760526,3867.97409150421,1.0,1.0,1.0,1.0,1.0,1.0,True,True,True,True,True,73,119,1.555319161,0.9389248209863011,0.9389248209863011,68,116,0.5789737062896378,0.5913540061978431,1.555319161,1.512497036,1.5471162933287672,1.5054329991428568,0.25,0.25,43.25,39.0,43.25,39.0,39.37021202769537,68.5970647189498,0.2121179178802023,0.2194178838988563,0.2363051602316906,0.2519895106870705,True,True,10,0.5806223311644697,0.0255929615889612,0.3284272402859778,0.3284272402859778,0.5806223311644697,0.0255929615889612,0.3284272402859778,,,,,,,194.85557934601,27.93449232493,GiC,0.02531,17.02,18.094,1.0739994,17.578,16.871,16.55,16.316,0.7069988,1.0279999,8.579999923706055,0.143,90.0,SIMBAD,C,2006AJ....131.1163S,,-17.98,False,1.0724999904632568,Members of systems,E/S0,4517.585880691035,False,1.2376674440486584e+18,2.307695,2.193041545887024,17.54884,16.90173,16.5925,0.006365186,0.005119016,0.005765975,0.03608074,0.02496049,0.01854832,17.51275926,16.87676951,16.57395168,True,0.6359897500000002,0.9388075799999988,17.57126,16.86209,16.54906,0.006325855,0.005087877,0.005734589,17.53517926,16.837129509999997,16.53051168,17.127525307499997,0.0039915406321228,"SDSS(cModelMag g,r)",17.127525307499997,SDSS,Vmag_sdss,0.9388075799999988,0.6359897500000002,SDSS(cModel extcorr),-17.872474692500003,1.0724999904632568,2.193041545887024,SDSS,False,3.0,6.579124637661071,,,,0.9388075799999988,g-i,8.58,1.0,90.0,2.729744081742917,9.780915934680484,2.729744081742917,NGC 4874,6.203938961804454,55677532.40481717,4.366033477022266,4.8557645708570965,4.412367571661328,4.366033477022266,1.4935856237443654,0.0617335372556344,0.3962174164045995,0.5427074045817017,0.5747920450413887,0.005830286123081,0.1385204342017149,0.1899068060842629,0.032140793971437
GMP 2550,0,0,0.0763276446679605,0.3053105786718418,0.0763276446679605,0.3053105786718418,1.0,1.0,1.0,1.0,1.0,1.0,True,True,True,True,True,0,0,,,,0,0,,,,,,,0.2500000000000001,0.2500000000000001,0.0,0.0,0.0,0.0,,,,,,,False,False,10,,,,,,,,,,,,,,195.16241666666667,28.00980555555556,G,0.0197870221271543,18.45,19.149,0.6989994,18.84,,,17.14,,,5.64,,,NED,,,2007SDSS6.C...0000:,-16.55,False,0.705,Regular galaxies,Sa,2337.200564489691,False,1.2376673243347026e+18,0.03022349,0.0194839051715349,25.11438,24.80202,24.3618,0.9671926,0.9461214,1.06993,0.03529272,0.02441534,0.01814322,25.07908728,24.77760466,24.34365678,True,0.3014826200000016,0.7354304999999997,25.11438,24.80202,24.3618,0.7037622,0.7457531,0.7792174,25.07908728,24.77760466,24.34365678,24.8912125342,0.6847271732867282,"SDSS(cModelMag g,r)",24.8912125342,SDSS,Vmag_sdss,0.7354304999999997,0.3014826200000016,SDSS(cModel extcorr),-10.108787465800004,0.705,0.0194839051715349,SDSS,False,3.0,0.0584517155146048,,,,0.7354304999999997,g-i,,1.0,0.0,14.293750168346756,7.095479904962103,7.095479904962103,NGC 4889,10.68914735252012,5243609.097782694,12.687443740561982,12.348553607574654,13.39181096772086,12.687443740561982,,,,,,,,,
SDSS J125942.36+280158.5,7,12,154.3781771566678,617.512708626671,154.3781771566678,617.512708626671,1.0,1.0,1.0,1.0,1.0,1.0,True,True,True,True,True,7,12,1.367043829,0.8183029244285713,0.8183029244285713,7,12,0.6919495210728154,0.7389212668907436,1.367043829,1.2803954439999998,1.416139351571429,1.3235364610833331,0.25,0.25,3.999999999999999,3.999999999999999,3.999999999999999,3.999999999999999,4.843646647509708,8.867055202688922,0.0845812545641164,0.1041185392422277,0.1736924260432634,0.2725789748283186,False,True,10,,,,,,,,,,,,,,194.92654,28.03292,G,0.0263,18.76,,,,,,,,,7.01,,,NED,,,2007SDSS6.C...0000:,-16.24,False,0.87625,Regular galaxies,,3830.719656152631,False,,,,,,,,,,,,,,,,False,,,,,,,,,,,,,,,18.76000022888184,SIMBAD,,,,,-16.239999771118164,0.87625,0.87625,SIMBAD_proxy(maj/8),True,3.2,2.8040000000000003,,,,,,,1.0,0.0,4.658388816802186,6.5950896621409445,4.658388816802186,NGC 4874,4.420100998732925,16892294.263873734,3.739317684323733,6.205568933008458,7.239094258789691,3.739317684323733,1.4587143512649234,-0.0916705222649234,0.2023288859454368,0.6159740384831345,,,,,0.0187604855567796
[EDG2007] 265,0,0,,,,,,,,,,,False,False,False,False,False,0,0,,,,0,0,,,,,,,,,,,,,,,,,,,False,False,10,,,,,,,,,,,,,,194.9585970391,27.926986743809994,G,0.0324991497951559,18.7,19.808,1.1079998,,,,16.79,,,,,,,,,,-16.3,False,,Regular galaxies,S0,,False,,,,,,,,,,,,,,,,False,,,,,,,,,,,,,,,18.700000762939453,SIMBAD,,,,,-16.299999237060547,,,,False,3.0,,,,,1.1079998016357422,B-V,,1.0,0.0,3.714364178304284,4.987373806968976,3.714364178304284,NGC 4874,2.502206745942982,35382194.38556053,3.1039547875919764,0.6575491425886265,1.5233465223901923,3.1039547875919764,,,,,,,,,
SDSS J125926.45+275124.7,7,10,522.1940241795347,2088.7760967181384,522.1940241795347,2088.7760967181384,1.0,1.0,1.0,1.0,1.0,1.0,True,True,True,True,True,7,10,1.535569439,0.994080294,0.994080294,7,10,0.6467180082538568,0.6607969401342378,1.535569439,1.516169606,1.5233003150000002,1.4991500977,0.25,0.25,4.5,4.5,4.5,4.5,4.527026057776998,6.607969401342379,0.1421517848934979,0.1335798511459966,0.1394301033975799,0.1935846995900785,False,True,10,,,,,,,,,,,,,,194.860237,27.856882,AG?,0.0166,17.72,19.12,1.4000015,18.222,17.548,17.219,17.109,0.6739998,1.0030003,5.7,,,NED,,,2007SDSS6.C...0000:,-17.28,False,0.7125,Other,,1989.313383896663,False,1.2376674440486587e+18,1.636773,1.6115768694940298,18.40277,17.78439,17.48174,0.01155121,0.009478468,0.01134825,0.03713348,0.02568877,0.01908951,18.36563652,17.75870123,17.462650489999998,True,0.6069352899999991,0.902986030000001,18.21467,17.54108,17.2171,0.01133046,0.009241914,0.01105062,18.17753652,17.515391230000002,17.198010489999998,17.997544698899997,0.0073282627513608,"SDSS(cModelMag g,r)",17.997544698899997,SDSS,Vmag_sdss,0.902986030000001,0.6069352899999991,SDSS(cModel extcorr),-17.002455301100003,0.7125,1.6115768694940298,SDSS,False,3.2,5.157045982380896,,,,0.902986030000001,g-i,,1.0,0.0,6.473196152724098,11.686638514517265,6.473196152724098,NGC 4874,8.726999228596645,5125597.822852792,7.689057200125938,6.40682711892343,5.182358592542751,7.689057200125938,1.4750011524838655,0.0605682865161345,0.292885488262798,0.7011948057372019,,,,,0.0045337365479023
[EDG2007] 205,0,0,15.904312808798329,63.61725123519331,0.0,0.0,0.0,0.0,0.0,0.0,0.0,0.0,False,False,False,False,False,0,0,,,,0,0,,,,,,,,0.25,,,0.0,0.0,,,,,,,False,False,10,,,,,,,,,,,,,,194.95266666666663,28.06555555555555,G,0.0248738745789262,16.402,16.86,0.45800018,,,,15.43,,,2.25,,,NED,,,2007SDSS6.C...0000:,-18.598,False,0.28125,Regular galaxies,S0,1164.8829837900923,False,,,,,,,,,,,,,,,,False,,,,,,,,,,,,,,,16.402000427246094,SIMBAD,,,,,-18.597999572753903,0.28125,0.28125,SIMBAD_proxy(maj/8),True,3.0,0.84375,,,,0.4580001831054687,B-V,,1.0,0.0,6.987802776110886,6.83039169356473,6.83039169356473,NGC 4889,5.889335488482466,8666233.075343845,5.8560654656329945,8.072721870488818,9.230912364552152,5.8560654656329945,,,,,,,,,
SDSS J125928.50+280109.3,10,29,450.5119653627032,1802.047861450813,450.5119653627032,1802.047861450813,1.0,1.0,1.0,1.0,1.0,1.0,True,True,True,True,True,10,29,1.562636256,0.5204628760999999,0.5204628760999999,10,27,0.5042139919818964,0.5809048103780458,1.562636256,1.437480524,1.6329890269999996,1.4611846149655177,0.25,0.25,2.7499999999999982,3.2499999999999982,2.7499999999999982,3.2499999999999982,5.042139919818964,15.684429880207237,0.2779220804551442,0.2259240977634191,0.3420769324355043,0.2616508717958837,True,True,10,0.5083935097855841,0.0745060884988394,0.1162827627804031,0.1162827627804031,0.5083935097855841,0.0745060884988394,0.1162827627804031,,,,,,,194.868763,28.01926,AG?,0.02,18.07,19.32,1.25,18.957,18.273,17.981,17.7,0.684,0.97599983,,,,,,,,-16.93,False,,Other,dE...,,False,1.2376673243345715e+18,1.546279,1.4968843288803138,19.44061,18.70204,18.3377,0.01648695,0.01424145,0.01676991,0.02756381,0.01906852,0.01416995,19.41304619,18.68297148,18.32353005,True,0.7300747100000002,1.089516139999997,19.37617,18.70203,18.37457,0.01651298,0.01424145,0.0165647,19.34860619,18.68296148,18.36040005,18.9723021111,0.0107839751387107,"SDSS(cModelMag g,r)",18.9723021111,SDSS,Vmag_sdss,1.089516139999997,0.7300747100000002,SDSS(cModel extcorr),-16.027697888900004,,1.4968843288803138,SDSS,False,3.2,4.790029852417004,,,,1.089516139999997,g-i,,1.0,0.0,3.9364758003449736,9.099940169738574,3.9364758003449736,NGC 4874,6.007658358463847,20254446.13837329,4.251613668608372,6.723889558154812,7.304298487099928,4.251613668608372,1.4541793739211606,0.1084568820788394,0.177113858493652,0.3433490176063478,0.5890007544549275,-0.0806072446693434,0.0761157221387651,0.0401670406416379,0.0160229184353294
LEDA 1821898,23,55,333.80440259420726,1335.2176103768288,333.80440259420726,1335.2176103768288,1.0,1.0,1.0,1.0,1.0,1.0,True,True,True,True,True,23,55,1.613631065,0.7022000344565217,0.7022000344565217,19,54,0.541367240765754,0.6035390671764868,1.613631065,1.524575542,1.5972501062173914,1.5342421124545458,0.25,0.25,9.249999999999996,5.4999999999999964,9.249999999999996,5.4999999999999964,10.285977574549326,32.59110962753029,0.1832928370676432,0.2091747874333467,0.1460794116776286,0.2131762177176966,True,True,10,0.5445802855955217,0.0409162703738685,0.1157498957595968,0.1157498957595968,0.5445802855955217,0.0409162703738685,0.1157498957595968,,,,,,,194.89658333333333,27.934722222222224,GiC,0.013986,18.055,18.894,0.8389988,19.052,18.382,18.634,17.93,0.6700001,0.41799927,18.0,0.22,140.0,SIMBAD,E,2003A&A...412...45P,,-16.945,False,2.25,Members of systems,dE,5309.701121044464,False,1.2376674440486584e+18,1.644091,1.504632345685636,19.03822,18.33431,18.69287,0.02135029,0.01277457,0.03714409,0.03265684,0.02259186,0.01678817,19.00556316,18.31171814,18.67608183,True,0.6938450199999977,0.3294813300000001,19.04652,18.37262,18.63309,0.01436916,0.01167669,0.0226659,19.01386316,18.350028140000003,18.61630183,18.586194598199995,0.0115512837846124,"SDSS(cModelMag g,r)",18.586194598199995,SDSS,Vmag_sdss,0.3294813300000001,0.6938450199999977,SDSS(cModel extcorr),-16.413805401800005,2.25,1.504632345685636,SDSS,False,3.2,4.814823506194036,,,,0.3294813300000001,g-i,13.2,0.7333333333333333,140.0,1.4762016110232756,7.699363667759468,1.4762016110232756,NGC 4874,4.202187406603415,344110770.7383304,2.6925663184285145,2.686683262469344,2.434267919951952,2.6925663184285145,1.4624270107530322,0.1512040542469679,0.2229717257692212,0.4792283086873005,0.58602690447889,-0.0414466188833683,0.0891768838580832,0.0265730119015136,0.0405298283625148
GMP 2710,0,0,810.9858477841534,3243.9433911366123,0.0,0.0,0.0,0.0,0.0,0.0,0.0,0.0,False,False,False,False,False,0,0,,,,0,0,,,,,,,,0.2500000000000001,,,0.0,0.0,,,,,,,False,False,10,,,,,,,,,,,,,,195.09645,27.87357,LSB,0.024180061260914,18.77,,,,,,,,,180.0,2.55,90.0,SIMBAD,D,2021ApJ...923..257K,,-16.23,False,22.5,LSB/BCD/Dwarf,,90667.41915678944,False,1.2376674440487247e+18,2.350547,2.178373030670072,20.02861,19.40042,19.08525,0.04244016,0.0454784,0.06293637,0.03027344,0.02094303,0.01556291,19.99833656,19.37947697,19.06968709,True,0.6188595900000031,0.9286494700000034,20.03835,19.40046,19.12771,0.04110111,0.03730221,0.05305912,20.008076560000003,19.37951697,19.11214709,19.6232094019,0.0319804028296442,"SDSS(cModelMag g,r)",19.6232094019,SDSS,Vmag_sdss,0.9286494700000034,0.6188595900000031,SDSS(cModel extcorr),-15.3767905981,22.5,2.178373030670072,SDSS,False,3.2,6.970793698144231,,,,0.9286494700000034,g-i,153.0,0.85,90.0,11.672533159808324,7.041562931608006,7.041562931608006,NGC 4889,8.93482197971644,5669796.369039666,10.700455674655702,8.638835140410078,8.874499731200157,10.700455674655702,,,,,,,,,
SDSS J130036.67+275427.4,6,14,1007.573752585911,4030.295010343644,1007.573752585911,4030.295010343644,1.0,1.0,1.0,1.0,1.0,1.0,True,True,True,True,True,6,14,1.5069088110000002,0.6019529030833334,0.6019529030833334,6,12,0.627418967036285,0.5197015552067146,1.5069088110000002,1.551352985,1.5518168881666667,1.6725396945714288,0.25,0.25,2.499999999999999,2.999999999999999,2.499999999999999,2.999999999999999,3.7645138022177096,6.236418662480575,0.1691355027305543,0.3810655844435898,0.3198277162881913,0.5074080450269981,False,True,10,,,,,,,,,,,,,,195.152805,27.907624,AG?,0.0207,17.87,19.705,1.8349991,19.18,18.48,18.16,18.02,0.70000076,1.0200005,,,,,,,,-17.13,False,,Other,,,False,1.2376674440487242e+18,2.476099,2.238584536415381,18.94413,18.24794,17.93828,0.02049401,0.01608855,0.0209796,0.03127096,0.02163311,0.01607572,18.91285904,18.22630689,17.92220428,True,0.6865521500000007,0.9906547600000016,19.16911,18.46992,18.15826,0.01984765,0.01553743,0.0203259,19.13783904,18.44828689,18.14218428,18.4977932715,0.0126769654492005,"SDSS(cModelMag g,r)",18.4977932715,SDSS,Vmag_sdss,0.9906547600000016,0.6865521500000007,SDSS(cModel extcorr),-16.502206728500003,,2.238584536415381,SDSS,False,3.2,7.16347051652922,,,,0.9906547600000016,g-i,,1.0,0.0,13.81693253073622,7.5611217572675535,7.5611217572675535,NGC 4889,10.533593624750129,4438521.947148785,12.546399111194985,10.996333713749689,11.55194400556421,12.546399111194985,1.464315350175907,0.0425934608240932,0.2334711234016175,0.3684817796817158,,,,,0.0035521779603423
LEDA 44609,0,0,96.43120867809974,385.7248347123989,0.0,0.0,0.0,0.0,0.0,0.0,0.0,0.0,False,False,False,False,False,0,0,,,,0,0,,,,,,,,0.25,,,0.0,0.0,,,,,,,False,False,10,,,,,,,,,,,,,,194.8685896631961,28.0853875547228,EmG,0.01241,15.56,17.074,1.513999,16.4245,17.182,16.978,15.2565,-0.7574997,-0.5535011,22.258378982543945,0.320484,102.0,SIMBAD,B,2023ApJS..269....3M,,-19.439999,False,2.782297372817993,Regular galaxies,,5837.20361486106,False,1.2376673243345715e+18,0.8051003,0.7450953391098465,17.9676,17.18176,17.03503,0.006155745,0.004922047,0.00561561,0.03216669,0.02225277,0.01653619,17.93543331,17.15950723,17.01849381,True,0.7759260800000014,0.9169395000000016,17.90654,17.18175,16.97764,0.006204564,0.004922047,0.005642612,17.87437331,17.15949723,16.96110381,17.467636922799997,0.0038474806339206,"SDSS(cModelMag g,r)",17.467636922799997,SDSS,Vmag_sdss,0.9169395000000016,0.7759260800000014,SDSS(cModel extcorr),-17.532363077200003,2.782297372817993,0.7450953391098465,SDSS,False,3.2,2.384305085151509,,,,0.9169395000000016,g-i,19.22904,0.863901185934533,102.0,7.735536095618524,10.89833112363583,7.735536095618524,NGC 4874,8.732325466574386,3708627.520475572,7.552308173449165,10.148560091293891,10.953648526823317,7.552308173449165,,,,,,,,,
LEDA 1822726,24,49,564.444221629636,2257.7768865185444,564.444221629636,2257.7768865185444,1.0,1.0,1.0,1.0,1.0,1.0,True,True,True,True,True,24,49,1.42136329,0.6379212121666668,0.6379212121666668,23,49,0.5827398109873958,0.5552837283552275,1.42136329,1.534906928,1.4082993422083334,1.5103650990408162,0.2499999999999999,0.2499999999999999,11.750000000000004,10.750000000000004,11.750000000000004,10.750000000000004,13.403015652710105,27.208902689406152,0.2194025412184578,0.2257695934007056,0.3023480176635656,0.3344606019614916,True,True,10,0.5881412417722576,0.0440091678580976,0.2923922994961038,0.2923922994961038,0.5881412417722576,0.0440091678580976,0.2923922994961038,,,,,,,194.8320833333333,27.96833333333333,GiC,0.0257,17.7,18.995,1.2950001,,,,16.74,,,15.0,0.15,132.0,SIMBAD,E,2003A&A...412...45P,,-17.3,False,1.875,Members of systems,E,8015.789974468368,False,1.2376674440485934e+18,2.898254,2.163066977359321,18.12296,17.42215,17.06719,0.0110812,0.008891906,0.01078947,0.03495746,0.02418341,0.01797086,18.08800254,17.39796659,17.04921914,True,0.6900359499999986,1.0387833999999962,17.85776,17.16272,16.83729,0.01077501,0.008615483,0.01038941,17.822802539999998,17.13853659,16.81931914,17.670881329499995,0.0069400557722083,"SDSS(cModelMag g,r)",17.670881329499995,SDSS,Vmag_sdss,1.0387833999999962,0.6900359499999986,SDSS(cModel extcorr),-17.329118670500005,1.875,2.163066977359321,SDSS,False,3.2,6.9218143275498285,,,,1.0387833999999962,g-i,9.0,0.6,132.0,3.576827064912382,10.69842772302969,3.576827064912382,NGC 4874,7.110535658130785,25342835.633193992,5.036946055865869,6.492513096829805,6.401706381937094,5.036946055865869,1.4819790038518716,-0.0606157138518717,0.3316831934025457,0.306238018764121,0.5789770433618513,0.0091641984104062,0.1201399038121253,0.1722523956839785,0.0226669542619186
SDSS J130027.87+275916.2,5,5,530.124360204021,2120.497440816084,530.124360204021,2120.497440816084,1.0,1.0,1.0,1.0,1.0,1.0,True,True,True,True,True,5,5,1.283527021,0.8848968279999999,0.8848968279999999,5,4,0.7845964077506989,0.4984246600158311,1.283527021,1.594520772,1.2991182184,1.7861265418000003,0.25,0.25,3.75,4.0,3.75,4.0,3.922982038753495,1.9936986400633243,0.0376887379711916,0.3488361721657445,0.1160155219294199,0.5671902552857849,False,True,10,,,,,,,,,,,,,,195.116153,27.98785,G,0.032,18.9,,,20.14,19.566,19.185,19.19,0.5739994,0.9549999,,,,,,,,-16.1,False,,Regular galaxies,,,False,1.2376673243346378e+18,1.865894,1.6237679211857292,19.9411,19.4771,18.96818,0.03339727,0.03077869,0.03457493,0.03492086,0.02415809,0.01795205,19.90617914,19.45294191,18.95022795,True,0.4532372299999991,0.9559511900000004,20.13209,19.56009,19.18021,0.03140876,0.03020178,0.03390007,20.09716914,19.53593191,19.16225795,19.6287691743,0.0227433457183556,"SDSS(cModelMag g,r)",19.6287691743,SDSS,Vmag_sdss,0.9559511900000004,0.4532372299999991,SDSS(cModel extcorr),-15.371230825700003,,1.6237679211857292,SDSS,False,3.2,5.1960573477943335,,,,0.9559511900000004,g-i,,1.0,0.0,11.645222236367356,4.414862824956863,4.414862824956863,NGC 4889,8.029897136732751,20905302.481369592,10.070689135422157,9.584486399185083,10.612507882737976,10.070689135422157,1.440156590762416,-0.1566295697624158,0.0991454728776877,0.7857513551223122,,,,,0.0041552818806583
SDSS J130044.10+280215.4,22,88,2267.074491032358,9068.297964129431,2267.074491032358,9068.297964129431,1.0,1.0,1.0,1.0,1.0,1.0,True,True,True,True,True,22,88,1.3154088604999998,-0.1010239485000001,-0.1010239485000001,22,85,0.6038483290143365,0.6483101867272293,1.3154088604999998,1.416432809,1.4474980344090909,1.437894157931818,0.25,0.25,0.0,0.75,0.0,0.75,13.284663238315405,55.10636587181449,0.3046751150825718,0.1993340163240448,0.3530114101417388,0.2435030402157451,True,True,10,0.6030114201296765,0.0615484439141373,-0.0231972829591246,-0.0231972829591246,0.6030114201296765,0.0615484439141373,-0.0231972829591246,,,,,,,195.183767,28.037623,G,0.0296505124221637,18.74,,,19.762,19.025,18.76,18.55,0.7369995,1.0019989,5.04,,,NED,,,2007SDSS6.C...0000:,-16.26,False,0.63,Regular galaxies,dE,3092.507251557792,False,1.237667324334703e+18,3.67666,3.3579016494928724,19.80252,19.01752,18.73545,0.0376345,0.03206315,0.04505836,0.03542991,0.02451025,0.01821374,19.76709009,18.99300975,18.71723626,True,0.7740803399999976,1.04985383,19.75126,19.01752,18.75314,0.03781127,0.03206316,0.04085517,19.71583009,18.99300975,18.73492626,19.3003826894,0.0244121290320374,"SDSS(cModelMag g,r)",19.3003826894,SDSS,Vmag_sdss,1.04985383,0.7740803399999976,SDSS(cModel extcorr),-15.6996173106,0.63,3.3579016494928724,SDSS,False,3.2,10.745285278377192,,,,1.04985383,g-i,,1.0,0.0,15.812851724050397,8.739746534349745,8.739746534349745,NGC 4889,12.2534349633107,2882220.380588912,14.179099233631849,14.07456911019516,15.169843993491948,14.179099233631849,1.4471712495749514,-0.1317623890749515,0.1381478319007687,-0.2391717804007689,0.5915276734795996,0.0114837466500768,0.0650174830551514,-0.088214766014276,0.0108471853924687
SDSS J130042.51+280325.4,2,11,442.60653181037446,1770.4261272414983,442.60653181037446,1770.4261272414983,1.0,1.0,1.0,1.0,1.0,1.0,True,True,True,True,True,2,11,1.404346796,-0.4648974874999996,-0.4648974874999996,2,11,0.7052289871050785,0.7426758783874677,1.404346796,1.359450388,1.404346796,1.4165701519999998,0.2499999999999999,0.2499999999999999,-0.7499999999999996,-0.7499999999999996,-0.7499999999999996,-0.7499999999999996,1.410457974210157,8.169434662262145,0.1032030457713188,0.0933592112180936,0.1991526905790606,0.3824109468318447,False,True,10,,,,,,,,,,,,,,195.177164,28.057068,AG?,0.0194034234176765,18.89,19.9,1.0100002,19.963,19.353,19.001,18.796,0.6099987,0.9619999,4.38,,,NED,,,2007SDSS6.C...0000:,-16.11,False,0.5475,Other,E,1780.7025809747108,False,1.237667324334703e+18,1.652209,1.4836927893601883,19.82357,19.2173,18.97882,0.02552688,0.02375429,0.02733007,0.03578467,0.02475567,0.01839611,19.78778533,19.19254433,18.96042389,True,0.5952409999999979,0.8273614400000007,19.95295,19.34726,18.99389,0.02524754,0.02330548,0.02704838,19.91716533,19.32250433,18.97549389,19.42659314,0.0174916748231837,"SDSS(cModelMag g,r)",19.42659314,SDSS,Vmag_sdss,0.8273614400000007,0.5952409999999979,SDSS(cModel extcorr),-15.573406860000002,0.5475,1.4836927893601883,SDSS,False,3.2,4.747816925952603,,,,0.8273614400000007,g-i,,1.0,0.0,15.871383599883272,8.987792574235101,8.987792574235101,NGC 4889,12.380431045087844,2669358.374272354,14.225681179816473,14.341886663747886,15.487782306646691,14.225681179816473,1.4444752700196266,-0.0401284740196266,0.1231578565725666,-0.5880553440725662,,,,,0.0056117128951254
LEDA 126776,3,18,703.5410001737284,2814.164000694913,703.5410001737284,2814.164000694913,1.0,1.0,1.0,1.0,1.0,1.0,True,True,True,True,True,3,18,1.470548197,-0.6023954555000006,-0.6023954555000006,3,18,0.7298215227597042,0.6558226629225685,1.470548197,1.381962435,1.448226066,1.4402544466111111,0.25,0.25,-1.5000000000000009,-1.5000000000000009,-1.5000000000000009,-1.5000000000000009,2.1894645682791127,11.804807932606234,0.0383633297275838,0.1815480106187204,0.1115145831086663,0.2108321334715175,False,True,10,,,,,,,,,,,,,,194.982068,27.917708,AG?,0.0221,18.6,19.4,0.79999924,19.098,18.351,17.99,17.771,0.74699974,1.1079998,,,,,,,,-16.4,False,,Other,,,False,1.237667444048659e+18,1.914637,1.8705950577746049,18.97418,18.17768,17.90312,0.01600784,0.01249071,0.01526711,0.03164002,0.02188842,0.01626544,18.94253998,18.15579158,17.88685456,True,0.7867484000000005,1.0556854199999997,19.04726,18.29776,17.94525,0.01570451,0.01218498,0.01496806,19.01561998,18.27587158,17.92898456,18.468358424,0.0098684138582562,"SDSS(cModelMag g,r)",18.468358424,SDSS,Vmag_sdss,1.0556854199999997,0.7867484000000005,SDSS(cModel extcorr),-16.531641576000002,,1.8705950577746049,SDSS,False,3.2,5.985904184878735,,,,1.0556854199999997,g-i,,1.0,0.0,5.069401188463505,4.490732752015702,4.490732752015702,NGC 4889,3.1395482006302893,27607790.125222903,4.308124983811095,2.0204434136499447,2.514964433780144,4.308124983811095,1.464944107514914,0.0056040894850861,0.2369670909361347,-0.8393625464361354,,,,,0.0115545103388718
LEDA 126788,3,10,103.34172735362156,413.3669094144861,103.34172735362156,413.3669094144861,1.0,1.0,1.0,1.0,1.0,1.0,True,True,True,True,True,3,10,1.432964792,0.1452301532499997,0.1452301532499997,3,9,0.7276200000154177,0.5230725581586788,1.432964792,1.5452815665,1.4380457353333334,1.49700646,0.25,0.25,0.4999999999999995,0.7499999999999996,0.4999999999999995,0.7499999999999996,2.182860000046253,4.707653023428109,0.04198893250038,0.2738159362989762,0.0099945477921431,0.3624588529125133,False,True,10,,,,,,,,,,,,,,194.90421277709,28.01860403441,G,0.024,17.66,18.99,1.3299999,18.332,17.657,17.298,17.027,0.67500114,1.0340004,5.15,,,NED,,,2007SDSS6.C...0000:,-17.34,False,0.64375,Regular galaxies,,2575.340032849998,False,1.2376673243345715e+18,0.7451016,0.7169236957302317,19.00812,18.2928,17.92681,0.009992042,0.008145009,0.008788479,0.02636337,0.01823806,0.01355283,18.981756630000003,18.27456194,17.91325717,True,0.707194690000005,1.0684994600000015,18.99973,18.2928,17.92404,0.009992715,0.00814501,0.008789997,18.97336663,18.27456194,17.910487170000003,18.5545117629,0.0063147935585577,"SDSS(cModelMag g,r)",18.5545117629,SDSS,Vmag_sdss,1.0684994600000015,0.707194690000005,SDSS(cModel extcorr),-16.4454882371,0.64375,0.7169236957302317,SDSS,False,3.2,2.2941558263367416,,,,1.0684994600000015,g-i,,1.0,0.0,3.5729184388639337,7.301377327556016,3.5729184388639337,NGC 4874,4.469488111838428,28469423.58169261,3.125072957755687,5.720976300699203,6.571980767793369,3.125072957755687,1.4631037873259505,-0.0301389953259503,0.226734686104254,-0.0815045328542543,,,,,0.0190765717100061
LEDA 126769,8,21,421.9324601292339,1687.7298405169354,459.27593976536673,2346.732422331042,1.0885058230046931,1.3904668661971755,1.0,1.0,1.0885058230046931,1.3904668661971755,True,True,True,True,True,8,21,1.421759853,0.7036779892550259,0.5044757947499998,8,21,0.6531471631125891,0.6943128013347144,1.421759853,1.397766184,1.4086806100000002,1.3686360153333332,0.1957086949474885,0.25,3.890117406102741,3.890117406102741,2.749999999999999,2.749999999999999,5.225177304900713,14.580568828029,0.1708238542453546,0.1753707480630644,0.266518306196341,0.2726936798782512,False,True,10,,,,,,,,,,,,,,195.02969312757,27.93096707335,G,0.0259,17.68,18.96,1.2799988,18.51,17.799,17.474,17.206,0.71100044,1.0359993,4.76,,,NED,,,2007SDSS6.C...0000:,-17.32,False,0.595,Regular galaxies,,2562.852048345726,False,1.2376674440487242e+18,1.484421,1.448626900297438,18.4128,17.85435,17.59505,0.009880901,0.007790447,0.009046526,0.0320367,0.02216284,0.01646936,18.3807633,17.83218716,17.578580640000002,True,0.5485761400000015,0.8021826599999997,18.50375,17.78884,17.47232,0.009852035,0.007736923,0.008990379,18.4717133,17.76667716,17.45585064,18.0471033774,0.0061268697657922,"SDSS(cModelMag g,r)",18.0471033774,SDSS,Vmag_sdss,0.8021826599999997,0.5485761400000015,SDSS(cModel extcorr),-16.952896622600004,0.595,1.448626900297438,SDSS,False,3.2,4.635606080951802,,,,0.8021826599999997,g-i,,1.0,0.0,7.142896880814425,2.77177616437084,2.77177616437084,NGC 4889,4.034346597131883,84678729.59154405,5.93478082304757,4.378328599160347,5.141007148399312,5.93478082304757,1.4739425302906182,-0.0521826772906182,0.2869994196806671,0.4166785695743588,,,,,0.0100584477239124
SDSS J130004.03+280030.7,2,2,44.8883324715524,179.55332988620955,44.8883324715524,179.55332988620955,1.0,1.0,1.0,1.0,1.0,1.0,True,True,True,True,True,2,2,1.4891898575,1.0536950269999998,1.0536950269999998,2,2,0.5506411799128618,0.3529819512392412,1.4891898575,1.741979322,1.4891898575,1.741979322,0.25,0.25,1.5,1.5,1.5,1.5,1.1012823598257235,0.7059639024784825,0.3232582891437311,0.4391110489392079,0.3737734081074715,0.3224046340178658,False,True,10,,,,,,,,,,,,,,195.01666666666668,28.008638888888893,G,0.0213,18.79,20.05,1.2599983,,,,17.89,,,3.78,,,NED,,,2007SDSS6.C...0000:,-16.21,False,0.4725,Regular galaxies,dE,1683.0993269278852,False,,,,,,,,,,,,,,,,False,,,,,,,,,,,,,,,18.790000915527344,SIMBAD,,,,,-16.209999084472656,0.4725,0.4725,SIMBAD_proxy(maj/8),True,3.2,1.512,,,,1.2599983215332031,B-V,,1.0,0.0,6.913095764827263,2.101416376086782,2.101416376086782,NGC 4889,3.610695798679805,190738040.2727615,5.265741069605533,5.935835133340452,7.2114813800308895,5.265741069605533,1.458073507044358,0.0311163504556419,0.1987657138744445,0.8549293131255553,,,,,0.0186431029330928
2MASS J13001763+2759145,4,4,36.258631352481125,145.0345254099245,36.258631352481125,145.0345254099245,1.0,1.0,1.0,1.0,1.0,1.0,True,True,True,True,True,4,4,1.458056327,1.038594754625,1.038594754625,4,4,0.7268008550438176,0.4416432179380637,1.458056327,1.6778462895,1.43874413975,1.68010654875,0.25,0.25,3.0,3.0,3.0,3.0,2.9072034201752706,1.7665728717522549,0.081967888545123,0.3178987888156536,0.0931867652333593,0.3486421336370337,False,True,10,,,,,,,,,,,,,,195.07346713314004,27.987527267230004,AG?,0.0199,17.86,19.1,1.2399998,18.441,17.759,17.42,17.162,0.6819992,1.0209999,,,,,,,,-17.14,False,,Other,dE,,False,1.237667324334637e+18,0.4946538,0.4246594374280313,20.32242,19.70241,18.56413,0.03321347,0.01990917,0.01458043,0.03390989,0.02345871,0.01743233,20.28851011,19.67895129,18.54669767,True,0.6095588200000002,1.7418124400000004,20.40423,19.75189,18.82401,0.02318501,0.0198409,0.01467887,20.37032011,19.72843129,18.806577670000003,19.9188704062,0.0179837448664331,"SDSS(cModelMag g,r)",19.9188704062,SDSS,Vmag_sdss,1.7418124400000004,0.6095588200000002,SDSS(cModel extcorr),-15.081129593800004,,0.4246594374280313,SDSS,False,3.2,1.3589101997697002,,,,1.7418124400000004,g-i,,1.0,0.0,9.410406514646391,2.1973860055077354,2.1973860055077354,NGC 4889,5.798409958374031,165238125.1709585,7.821794898263096,7.504207123975578,8.609584360188519,7.821794898263096,1.4339597426689434,0.0240965843310565,0.0646902412531356,0.9739045133718645,,,,,0.0306834973140714
SDSS J130037.31+275441.0,1,5,522.3311459565182,2089.3245838260727,522.3311459565182,2089.3245838260727,1.0,1.0,1.0,1.0,1.0,1.0,True,True,True,True,True,1,5,1.294335265,-0.6642694850000002,-0.6642694850000002,1,5,0.7619971045762088,0.6362259798043757,1.294335265,1.5668838,1.294335265,1.6622890674000002,0.25,0.25,-0.25,-0.25,-0.25,-0.25,0.7619971045762088,3.181129899021878,,0.2078459055915199,,0.376021613503737,False,True,10,,,,,,,,,,,,,,195.155462,27.911388,G,0.0203,18.97,,,20.28,19.632,19.355,19.39,0.6480007,0.92500114,,,,,,,,-16.03,False,,Regular galaxies,,,False,1.2376674440487247e+18,1.772235,1.6117884458133198,20.04689,19.62288,19.24647,0.03853008,0.03399298,0.04356273,0.03153339,0.02181465,0.01621062,20.01535661,19.60106535,19.23025938,True,0.4142912600000024,0.7850972300000016,20.27356,19.62292,19.3539,0.03907331,0.03399298,0.04277908,20.24202661,19.60110535,19.33768938,19.760924766599995,0.0255302403383215,"SDSS(cModelMag g,r)",19.760924766599995,SDSS,Vmag_sdss,0.7850972300000016,0.4142912600000024,SDSS(cModel extcorr),-15.239075233400005,,1.6117884458133198,SDSS,False,3.2,5.157723026602624,,,,0.7850972300000016,g-i,,1.0,0.0,13.90561130259767,7.558888727070661,7.558888727070661,NGC 4889,10.5909997825847,4434199.458158128,12.61511511368559,11.109554650255715,11.689102575963512,12.61511511368559,1.4373336171237925,-0.1429983521237923,0.0834493949487737,-0.747718879948774,,,,,0.0027721809914556
LEDA 44652,47,231,903.290910772001,3613.163643088004,903.290910772001,3613.163643088004,1.0,1.0,1.0,1.0,1.0,1.0,True,True,True,True,True,47,231,1.524528394,-0.3178294862925532,-0.3178294862925532,46,228,0.582717978775477,0.5752410502256374,1.524528394,1.499408145,1.5510191031489364,1.5105445317532464,0.25,0.25,-10.75,-11.0,-10.75,-11.0,26.805027023671943,131.15495945144534,0.2179749676066132,0.2356540846805839,0.2346491979735502,0.2995259668365512,True,True,10,0.580345109311198,0.0313692955183611,-0.1324535833597006,-0.1324535833597006,0.580345109311198,0.0313692955183611,-0.1324535833597006,,,,,,,194.93419145873,27.958426533770005,G,0.02303,15.65,16.982,1.3320007,16.086,15.334,14.98,14.705,0.7520008,1.1060009,29.214000701904297,0.245933,17.0,SIMBAD,B,2023ApJS..269....3M,,-19.35,False,3.651750087738037,Regular galaxies,,14034.977986785983,False,1.2376674440486584e+18,4.470431,2.9823621949387413,16.39336,15.69551,15.2701,0.00375288,0.003144176,0.003308895,0.02879819,0.01992246,0.01480452,16.36456181,15.67558754,15.25529548,True,0.688974270000001,1.1092663300000023,16.56185,15.82116,15.46881,0.003718602,0.00312167,0.003297646,16.53305181,15.80123754,15.45400548,15.9480669907,0.0024101453181839,"SDSS(cModelMag g,r)",15.9480669907,SDSS,Vmag_sdss,1.1092663300000023,0.688974270000001,SDSS(cModel extcorr),-19.0519330093,3.651750087738037,2.9823621949387413,SDSS,False,3.2,9.543559023803972,,,,1.1092663300000023,g-i,14.75598,0.5050995976404609,17.0,1.8768710136025093,5.391951496346297,1.8768710136025093,NGC 4874,1.796724117447937,176670435.0904041,0.821417422941886,1.7766252611808269,2.755925318296296,0.821417422941886,1.5187800152811506,0.0057483787188494,0.5363013079161554,-0.8541307942087086,0.565707704618152,0.0146374046930459,0.1784188959053316,-0.3108724792650322,0.0996669162152474
2MASX J12594422+2752037,0,0,1242.6695657531527,4970.67826301261,0.0,0.0,0.0,0.0,0.0,0.0,0.0,0.0,False,False,False,False,False,0,0,,,,0,0,,,,,,,,0.25,,,0.0,0.0,,,,,,,False,False,10,,,,,,,,,,,,,,194.93420593099,27.86768975075,GiC,0.02081,16.24,17.6,1.3600006,17.176,16.454,16.107,15.839,0.7220001,1.0690002,10.379999160766602,0.149,125.0,SIMBAD,C,2006AJ....131.1163S,,-18.76,False,1.2974998950958252,Members of systems,Sa,4518.207037945425,False,1.2376674440486587e+18,3.182949,2.6788155270063365,16.93554,16.21725,15.87043,0.005330642,0.004340208,0.005006252,0.03389742,0.02345008,0.01742592,16.90164258,16.19379992,15.85300408,True,0.7078426600000007,1.048638500000001,17.16968,16.44698,16.10516,0.005197311,0.004230452,0.004858051,17.13578258,16.42352992,16.08773408,16.4740154106,0.0033665987936403,"SDSS(cModelMag g,r)",16.4740154106,SDSS,Vmag_sdss,1.048638500000001,0.7078426600000007,SDSS(cModel extcorr),-18.5259845894,1.2974998950958252,2.6788155270063365,SDSS,False,3.0,8.03644658101901,,,,1.048638500000001,g-i,8.94,0.8612717459352615,125.0,5.805578152393829,8.418923553850055,5.805578152393829,NGC 4874,6.261876044369649,8509225.385867087,6.186097053081873,3.865562478183184,2.688944706987111,6.186097053081873,,,,,,,,,
LEDA 44651,212,774,1559.7725873521435,6239.090349408572,1559.7725873521435,6239.090349408572,1.0,1.0,1.0,1.0,1.0,1.0,True,True,True,True,True,212,774,1.584760327,0.1779718981155658,0.1779718981155658,205,751,0.5121125051213259,0.5434453468872861,1.584760327,1.541287581,1.5786280094103775,1.5563776411149872,0.25,0.25,18.499999999999943,17.24999999999997,18.499999999999943,17.24999999999997,104.98306354987182,408.12745551235184,0.2632422666823873,0.2555883275304619,0.3332545485951277,0.2966449057795618,True,True,10,0.5126161927629092,0.0183933975290221,0.0148997836015043,0.0148997836015043,0.5126161927629092,0.0183933975290221,0.0148997836015043,,,,,,,194.91780643067,27.96824372093,EmG,0.02527,16.02,17.375,1.3549995,16.524,15.713,15.343,15.066,0.8109999,1.1809998,15.59999942779541,0.17,,SIMBAD,E,2003A&A...412...45P,,-18.98,False,1.9499999284744265,Regular galaxies,,8201.208355040244,False,1.2376674440486584e+18,4.562069,3.4445137577959444,16.52127,15.65185,15.38442,0.004146011,0.003265507,0.003529765,0.02833875,0.01960462,0.01456833,16.49293125,15.63224538,15.36985167,True,0.8606858700000029,1.1230795800000006,16.48264,15.65183,15.30425,0.004147299,0.003265507,0.003532375,16.45430125,15.63222538,15.28968167,15.975126586699998,0.0025693415931882,"SDSS(cModelMag g,r)",15.975126586699998,SDSS,Vmag_sdss,1.1230795800000006,0.8606858700000029,SDSS(cModel extcorr),-19.0248734133,1.9499999284744265,3.4445137577959444,SDSS,False,3.2,11.022444024947022,,,,1.1230795800000006,g-i,10.2,0.6538461778290888,0.0,1.143241826114986,6.165774818373137,1.143241826114986,NGC 4874,2.567857154960452,740049702.939747,0.5123744718224101,2.716126832407561,3.4665675174659327,0.5123744718224101,1.5182019956540551,0.066558331345945,0.5330874482515806,-0.3551155501360148,0.5659161211245074,-0.0532999283615982,0.1775035297246509,-0.1626037461231465,0.1525231343841317
LEDA 44692,55,217,1759.5311113829184,7038.124445531674,2029.5830833781688,10045.704616680954,1.153479509539903,1.4273269383661888,1.0,1.0,1.153479509539903,1.4273269383661888,True,True,True,True,True,55,217,1.476637314,0.2829560287068635,-0.0004356987681819,54,214,0.6164624922516578,0.5693417853103618,1.476637314,1.497493377,1.512406258418182,1.4886088415391705,0.2020349155009031,0.25,11.158423336304011,10.76452808280672,0.75,0.5,33.28897458158952,121.83914205641744,0.2130604283749392,0.2492619562454983,0.2397353431846508,0.3306901674399653,True,True,10,0.6153927152666768,0.026636806918009,0.1595452935986984,0.0513226131536331,0.6153927152666768,0.026636806918009,0.1595452935986984,,,,,,,194.997788,27.940571,AG?,0.02037,17.0,18.426,1.4260006,17.949,17.251,16.93,16.753,0.69799995,1.0189991,15.0,0.19,152.0,SIMBAD,E,2003A&A...412...45P,,-18.0,False,1.875,Other,,6394.566526569033,False,1.237667444048659e+18,3.603683,3.39333514899597,17.77126,17.03383,16.77582,0.01014868,0.008201313,0.01231581,0.03052491,0.02111699,0.01569219,17.74073509,17.01271301,16.76012781,True,0.7280220800000023,0.980607280000001,17.94316,17.24211,16.92641,0.009819054,0.007915523,0.01199781,17.91263509,17.22099301,16.91071781,17.301202062799998,0.0063817958634173,"SDSS(cModelMag g,r)",17.301202062799998,SDSS,Vmag_sdss,0.980607280000001,0.7280220800000023,SDSS(cModel extcorr),-17.698797937200002,1.875,3.39333514899597,SDSS,False,3.2,10.858672476787106,,,,0.980607280000001,g-i,11.4,0.76,152.0,5.365422707671368,2.9006686586244066,2.9006686586244066,NGC 4889,2.350966696447629,78351167.74373455,4.157109190852259,2.7463224734333567,3.730435362824387,4.157109190852259,1.4898757171613686,-0.0132384031613685,0.3755898830691848,-0.0926338543623213,0.5761297258617071,0.0392629894049697,0.1326453343601656,0.0268999592385327,0.0762362720040775
NGC 4871,418,1523,4264.003538064057,17056.014152256226,4264.003538064057,17056.014152256226,1.0,1.0,1.0,1.0,1.0,1.0,True,True,True,True,True,418,1523,1.548327115,0.1229975832147127,0.1229975832147127,410,1476,0.5498585751270049,0.5306941330635243,1.548327115,1.564774115,1.5591528960861245,1.573740401118188,0.25,0.25,37.25,41.0,37.25,41.0,225.442015802072,783.3045404017619,0.2514466198135024,0.2603676101016475,0.2846364428955295,0.3099136279139795,True,True,10,0.5508106783378464,0.0131621121407169,0.0731859585806745,0.0731859585806745,0.5508106783378464,0.0131621121407169,0.0731859585806745,,,,,,,194.87484625967,27.95643601638,LIN,0.02267,14.07,15.1,1.0300007,14.941,14.106,13.714,13.427,0.83500004,1.2270002,52.43561935424805,0.50443,173.0,SIMBAD,B,2023ApJS..269....3M,,-20.93,True,6.554452419281006,Active (AGN/Seyfert/QSO),,24808.144936631103,False,1.2376674440486584e+18,7.112396,6.061512107483321,14.75373,13.95491,13.51942,0.00225232,0.001986918,0.002022592,0.03223551,0.02230038,0.01657157,14.72149449,13.93260962,13.50284843,True,0.7888848700000004,1.2186460599999993,14.78072,13.95487,13.55432,0.002252901,0.001986918,0.002023563,14.74848449,13.93256962,13.53774843,14.246052416699998,0.0014923157559214,"SDSS(cModelMag g,r)",14.246052416699998,SDSS,Vmag_sdss,1.2186460599999993,0.7888848700000004,SDSS(cModel extcorr),-20.753947583300004,6.554452419281006,6.061512107483321,SDSS,False,3.2,19.39683874394663,,,,1.2186460599999993,g-i,30.2658,0.5771992468617239,173.0,1.2800806234345117,8.510292224237439,1.2800806234345117,NGC 4874,4.895281890110502,524721496.4463904,2.8966461809391744,4.120441608021069,4.137281695045918,2.8966461809391744,1.5551367232443554,-0.0068096082443553,0.7384490409383588,-0.6154514577236461,0.5525985683517044,-0.001787890013858,0.2359942780383587,-0.1628083194576842,0.1323226007854637
LEDA 44636,1074,2840,13152.60498333862,52610.41993335448,13152.60498333862,52610.41993335448,1.0,1.0,1.0,1.0,1.0,1.0,True,True,True,True,True,1074,2840,1.515487399,0.5003622216256984,0.5003622216256984,1048,2772,0.5574139365160536,0.5527014804802418,1.515487399,1.53555555,1.526250128319367,1.549082162936972,0.25,0.25,364.0,355.0,364.0,355.0,584.1698054688242,1532.0885038912304,0.2527989587081733,0.2528915039761087,0.3095531508562448,0.3007657952811724,True,True,10,0.557532859535454,0.007794498139108,0.1920537316988054,0.1920537316988054,0.557532859535454,0.007794498139108,0.1920537316988054,,,,,,,194.90967227334,27.9872092223,G,0.02274,15.89,17.13,1.2399988,16.067,15.302,14.949,14.69,0.7649994,1.1179991,16.380001068115234,0.191,40.0,SIMBAD,C,2006AJ....131.1163S,,-19.11,False,2.0475001335144043,Regular galaxies,,7772.914363365936,False,1.2376674440486584e+18,11.87046,9.669535656718242,15.95328,15.08686,14.78829,0.004022595,0.003141123,0.003505534,0.02670622,0.01847524,0.01372908,15.92657378,15.06838476,14.77456092,True,0.8581890200000011,1.1520128599999993,15.88893,15.08683,14.75734,0.004017561,0.003141123,0.003505975,15.86222378,15.06835476,14.74361092,15.410242258199998,0.0024808574586486,"SDSS(cModelMag g,r)",15.410242258199998,SDSS,Vmag_sdss,1.1520128599999993,0.8581890200000011,SDSS(cModel extcorr),-19.5897577418,2.0475001335144043,9.669535656718242,SDSS,False,3.2,30.94251410149837,,,,1.1520128599999993,g-i,11.46,0.6996336540116384,40.0,1.7740098519987533,6.602014748429761,1.7740098519987533,NGC 4874,3.209572672402764,202123181.63643128,1.3586289450693565,3.907450396804947,4.67924577881494,1.3586289450693565,1.5302684813810248,-0.0147810823810248,0.6001785814124914,-0.0998163597867929,0.561565309004442,-0.004032449468988,0.1966123150260074,-0.0045585833272019,0.0731253163881032
LEDA 44635,4,22,137.98582725295074,551.9433090118031,137.98582725295074,551.9433090118031,1.0,1.0,1.0,1.0,1.0,1.0,True,True,True,True,True,4,22,1.555104644,-0.5381739493124993,-0.5381739493124993,4,22,0.6091399067034751,0.5920388684734561,1.555104644,1.5223844315,1.4674179275,1.4818163736818184,0.2499999999999999,0.2499999999999999,-1.4999999999999991,-1.4999999999999991,-1.4999999999999991,-1.4999999999999991,2.4365596268139003,13.024855106416034,0.0800875847236101,0.2050220827804499,0.2210903758393382,0.3064948910840815,False,True,10,,,,,,,,,,,,,,194.90829870729,28.00101128048,AG?,0.01659,16.6,18.097,1.4969997,17.174,16.488,16.137,15.894,0.6859989,1.0370007,15.59999942779541,0.22,160.0,SIMBAD,E,2003A&A...412...45P,,-18.4,False,1.9499999284744265,Other,,5441.222914766356,False,1.2376673243345715e+18,0.9128454,0.9005910840236022,18.52368,17.80939,17.44767,0.007781437,0.006436219,0.006889253,0.0264065,0.01826789,0.013575,18.4972735,17.79112211,17.434095,True,0.7061513899999987,1.0631784999999994,18.51647,17.80939,17.44732,0.00778239,0.006436219,0.006888817,18.4900635,17.79112211,17.433745000000002,18.0706441799,0.0049596971654637,"SDSS(cModelMag g,r)",18.0706441799,SDSS,Vmag_sdss,1.0631784999999994,0.7061513899999987,SDSS(cModel extcorr),-16.929355820100003,1.9499999284744265,0.9005910840236022,SDSS,False,3.2,2.881891468875528,,,,1.0631784999999994,g-i,13.2,0.8461538771905853,160.0,2.5559392034720934,6.800069018774756,2.5559392034720934,NGC 4874,3.650077139964449,71092609.43666686,2.078891357354849,4.671546174956523,5.495984536306576,2.078891357354849,1.4734396755590629,0.0816649684409371,0.2842034860079516,-0.8223774353204509,,,,,0.0441774312087067
LEDA 44708,3981,1883,31481.600505502665,125926.40202201066,54666.974861890216,134131.70564931387,1.736473812769938,1.065159517746477,0.9722,0.9652,1.736473812769938,1.065159517746477,True,True,True,True,True,3981,1883,1.604324676,1.3239243224526789,1.4323260526035544,3813,1836,0.4996994219658693,0.5998450811634539,1.604324676,1.454543855,1.6144240355594073,1.4747673060631972,0.407561915337277,0.25,3213.560913419908,3064.7163234407594,3510.25,3354.0,1905.35389595586,1101.315569016101,0.2782741572488569,0.2349004977066647,0.3616497614529012,0.3158478118266684,True,True,10,0.5002222144654513,0.0043878153978623,0.3825053818667193,0.4280142699980961,0.5002222144654513,0.0043878153978623,0.3825053818667193,,,,,,,195.02544773316,27.97831516639,GiC,0.02546,15.994,16.9,0.9059992,15.673,15.063,14.668,14.47,0.6100006,1.0050001,33.0,0.19,141.0,SIMBAD,E,2003A&A...412...45P,,-19.006,False,4.125,Members of systems,,17475.131767561055,True,1.237667444048724e+18,29.67596,21.289625536295947,14.9193,14.1867,14.21833,0.003678388,0.002947346,0.003564937,0.03112322,0.0215309,0.01599977,14.88817678,14.1651691,14.20233023,True,0.7230076800000003,0.6858465500000008,14.86612,14.16533,13.99254,0.003643368,0.0029113,0.003584315,14.83499678,14.1437991,13.97654023,14.4516022488,0.0023018200250846,"SDSS(cModelMag g,r)",14.4516022488,SDSS,Vmag_sdss,0.6858465500000008,0.7230076800000003,SDSS(cModel extcorr),-20.5483977512,4.125,21.289625536295947,SDSS,False,4.8,102.19020257422056,,,,0.6858465500000008,g-i,11.4,0.3454545454545454,141.0,6.808717792229988,0.4460255600518625,0.4460255600518625,NGC 4889,3.195093429759157,19604608378.98008,5.231906951641359,5.026675708751676,6.211031601618863,5.231906951641359,1.5507459763425926,0.0535786996574074,0.7140359523450821,0.6098883701075966,0.5541817397297331,-0.0539595252642817,0.2290409826251918,0.1534643992415275,0.0694387531018002
NGC 4867,53,66,858.6837952120765,3434.7351808483063,858.6837952120765,2465.4529128129143,1.0,0.7178,1.0,0.7178,1.0,0.7178,True,False,False,True,True,53,66,1.526505348,0.8655243313256228,1.052053174231132,46,66,0.5734966203421676,0.5922696384103585,1.526505348,1.5239978915,1.55329737790566,1.523952575530303,0.3482864307606575,0.2499999999999999,30.013095569796604,23.013095569796604,36.5,29.500000000000004,26.380844535739712,39.08979613508366,0.2528942222258655,0.2307930564507758,0.3216419068406193,0.3152209084034955,True,True,10,0.5803483413999571,0.0353974316404981,0.2843821332466955,0.3679037971875459,0.5803483413999571,0.0353974316404981,0.2843821332466955,,,,,,,194.81354404998,27.970726764919995,GiG,0.01608,14.14,15.5,1.3599997,15.032,14.241,13.841,13.55,0.7909994,1.191,40.27842330932617,0.416479,29.0,SIMBAD,B,2023ApJS..269....3M,,-20.86,True,5.034802913665772,Members of systems,,13625.543880861853,False,1.2376674440485932e+18,3.110425,2.6237095855033408,15.11597,14.36658,13.93513,0.002393813,0.002170279,0.002220664,0.03611428,0.02498369,0.01856556,15.07985572,14.341596310000002,13.916564439999998,True,0.7382594099999995,1.1632912800000028,15.12918,14.34617,13.94233,0.002383182,0.002156744,0.002211281,15.09306572,14.321186310000002,13.92376444,14.6342826681,0.0016133381188074,"SDSS(cModelMag g,r)",14.6342826681,SDSS,Vmag_sdss,1.1632912800000028,0.7382594099999995,SDSS(cModel extcorr),-20.3657173319,5.034802913665772,2.6237095855033408,SDSS,False,3.2,8.395870673610691,,,,1.1632912800000028,g-i,24.98874,0.6204001534045659,29.0,4.569675982565631,11.674099701382229,4.569675982565631,NGC 4874,8.094370235768503,12565299.208565678,6.017478753601243,7.467228679649561,7.324685765794328,6.017478753601243,1.546843742627004,-0.0203383946270039,0.6923390566820486,0.1731852746435741,0.5555887679340729,0.0247595734658842,0.2228613087786275,0.0615208244680679,0.023831011415295
LEDA 93586,134,383,8287.461924212645,33149.84769685058,8287.461924212645,34775.9182779724,1.0,1.0490521282629093,1.0,0.972,1.0,1.0490521282629093,True,True,True,True,True,134,383,1.4573219265,0.4478263605899335,0.3983084546100748,133,370,0.572707366342047,0.5985657719220928,1.4573219265,1.482065851,1.4530411739104478,1.4735087411174934,0.238310369203451,0.25,42.72712859507824,44.82516339472311,38.25,40.5,76.17007972349225,221.4693356111744,0.250077036452697,0.231263008351406,0.342732140864261,0.3211121598835285,True,True,10,0.5735980284995155,0.0202157944930782,0.1767676590503277,0.1573022848694885,0.5735980284995155,0.0202157944930782,0.1767676590503277,,,,,,,195.07823815868,27.93707411511,AG?,0.01762,15.44,17.014,1.5740004,16.015,15.328,14.969,14.712,0.6869993,1.0459995,24.275821685791016,0.351716,21.0,SIMBAD,B,2023ApJS..269....3M,,-19.560001,False,3.034477710723877,Other,,8981.746748780071,False,1.237667444048724e+18,8.799917,6.885906656543145,16.25826,15.61518,15.28695,0.004178265,0.003474837,0.003990825,0.03321066,0.02297498,0.01707287,16.225049339999998,15.59220502,15.26987713,True,0.6328443199999985,0.9551722099999987,16.10304,15.43026,15.09065,0.004094635,0.003405106,0.003888506,16.06982934,15.40728502,15.07357713,15.841671191199998,0.0026716667923643,"SDSS(cModelMag g,r)",15.841671191199998,SDSS,Vmag_sdss,0.9551722099999987,0.6328443199999985,SDSS(cModel extcorr),-19.1583288088,3.034477710723877,6.885906656543145,SDSS,False,3.2,22.034901300938063,,,,0.9551722099999987,g-i,21.10296,0.8692995142715133,21.0,9.603819551299852,3.3627549725350083,3.3627549725350083,NGC 4889,6.220453361781339,46973884.432992496,8.258962992383225,6.960767149064751,7.735418800697746,8.258962992383225,1.5210527343694733,-0.0637308078694731,0.5489379033957487,-0.1011115428058151,0.5648882304167384,0.008709798082777,0.1820180300767652,-0.0052503710264374,0.0290843476047155
2MASX J12595140+2804232,0,2,2672.3505352407565,10689.402140963028,0.0,1259.2115722054448,0.0,0.1178,0.0,0.1178,0.0,0.1178,False,False,False,False,True,0,2,,,,0,2,,0.6543558849423907,,1.3797878345,,1.3797878345,,0.2499999999999999,,,-0.4999999999999999,-0.4999999999999999,,1.3087117698847814,,0.0573923473069703,,0.2573183730393301,False,True,10,,,,,,,,,,,,,,194.9642041666666,28.073136111111115,GiC,0.02499,16.23,17.71,1.4799995,17.094,16.332,15.956,15.696,0.76199913,1.1379995,12.420000076293944,0.157,30.0,SIMBAD,C,2006AJ....131.1163S,,-18.77,False,1.5525000095367432,Members of systems,dE,6459.265286761224,False,1.2376673243345718e+18,4.428126,4.186172657629508,16.98375,16.17769,15.80135,0.005579471,0.004649387,0.005074465,0.03171808,0.02194242,0.01630557,16.95203192,16.15574758,15.78504443,True,0.7962843399999997,1.1669874900000003,17.08994,16.32525,15.95608,0.005424786,0.004500934,0.004899067,17.058221919999998,16.303307580000002,15.93977443,16.472224159399996,0.0035718124786545,"SDSS(cModelMag g,r)",16.472224159399996,SDSS,Vmag_sdss,1.1669874900000003,0.7962843399999997,SDSS(cModel extcorr),-18.527775840600004,1.5525000095367432,4.186172657629508,SDSS,False,3.2,13.395752504414428,,,,1.1669874900000003,g-i,9.42,0.7584541016211389,30.0,7.661562179920471,6.842327918477881,6.842327918477881,NGC 4889,6.300911554447308,7863550.58902267,6.458437236064703,8.570201520041481,9.761569045536197,6.458437236064703,,,,,,,,,0.0071620159342069
2MASX J12595178+2805542,0,0,3291.997539811927,13167.990159247707,0.0,0.0,0.0,0.0,0.0,0.0,0.0,0.0,False,False,False,False,False,0,0,,,,0,0,,,,,,,,0.2499999999999999,,,0.0,0.0,,,,,,,False,False,10,,,,,,,,,,,,,,194.96569290311,28.09852632739,GiC,0.02551,16.63,,,17.5469,16.7776,16.029,16.2132,0.76930046,1.5179005,16.158000946044922,0.200117,33.0,SIMBAD,B,2023ApJS..269....3M,,-18.37,False,2.0197501182556152,Members of systems,,8572.745285400755,False,1.2376673243345718e+18,5.830349,4.693977734701383,17.34017,16.58586,16.18467,0.00583099,0.004898649,0.005221633,0.03414907,0.02362417,0.01755529,17.30602093,16.56223583,16.16711471,True,0.7437851000000002,1.138906219999999,17.13472,16.4033,16.01762,0.005725819,0.00479839,0.005104617,17.10057093,16.37967583,16.00006471,16.857187720999995,0.0037508329156691,"SDSS(cModelMag g,r)",16.857187720999995,SDSS,Vmag_sdss,1.138906219999999,0.7437851000000002,SDSS(cModel extcorr),-18.142812279000005,2.0197501182556152,4.693977734701383,SDSS,False,3.2,15.020728751044423,,,,1.138906219999999,g-i,12.00702,0.7431005877579813,33.0,9.076884162328206,8.132074719274469,8.132074719274469,NGC 4889,7.823438860335195,4697969.392061481,7.943043660473657,10.09374135696854,11.279384077077344,7.943043660473657,,,,,,,,,
LEDA 1822111,30,162,5755.339186786747,23021.35674714699,5755.339186786747,23021.35674714699,1.0,1.0,1.0,1.0,1.0,1.0,True,True,True,True,True,30,162,1.443263098,-0.6145423616749999,-0.6145423616749999,26,149,0.6386519738430655,0.5793015180207193,1.443263098,1.5243003405,1.3898111074666666,1.5830880415000002,0.2499999999999999,0.2499999999999999,-10.499999999999991,-11.249999999999991,-10.499999999999991,-11.249999999999991,16.604951319919703,86.31592618508716,0.2068294836559778,0.244238779124189,0.2986182942624644,0.3228761144968728,True,True,10,0.6425967041931651,0.0390401442148468,-0.1873641245095961,-0.1873641245095961,0.6425967041931651,0.0390401442148468,-0.1873641245095961,,,,,,,195.147592,27.942744,G,0.02325,16.79,18.66,1.8699989,17.396,16.709,16.413,16.809,0.6870003,0.9829998,15.59999942779541,0.16,106.0,SIMBAD,E,2003A&A...412...45P,,-18.21,False,1.9499999284744265,Regular galaxies,Ep,7564.120773938286,False,1.2376674440487245e+18,9.370414,6.820201613629062,17.77633,16.9329,16.86924,0.009347812,0.007510891,0.009751973,0.03400051,0.02352139,0.01747892,17.742329490000003,16.90937861,16.851761080000003,True,0.8329508800000021,0.8905684100000002,17.38996,16.70088,16.4093,0.009112361,0.007235961,0.009469623,17.35595949,16.677358610000002,16.391821080000003,17.240888470799998,0.0058588718016683,"SDSS(cModelMag g,r)",17.240888470799998,SDSS,Vmag_sdss,0.8905684100000002,0.8329508800000021,SDSS(cModel extcorr),-17.759111529200002,1.9499999284744265,6.820201613629062,SDSS,False,3.2,21.824645163613,,,,0.8905684100000002,g-i,9.6,0.6153846379567893,106.0,13.223913206359375,6.374840056939515,6.374840056939515,NGC 4889,9.730213424055975,7186990.201818213,11.804583787926733,10.65058436073202,11.4151669972896,11.804583787926733,1.491164074901692,-0.0479009769016918,0.3827533093285569,-0.9972956710035568,0.5756651827794532,0.0669315214137118,0.1346856095494987,-0.3220497340590948,0.0113980650641885
IC 4042,91,92,3980.883723845103,15923.534895380404,3980.883723845103,15910.7960674641,1.0,0.9992,1.0,0.9992,1.0,0.9992,True,True,True,True,True,91,92,1.560125663,1.2077806276255465,1.2080625036538462,85,91,0.5501243644825242,0.6590156671357023,1.560125663,1.3929455435,1.6064577293076925,1.4810853111304347,0.2502001601281026,0.2500000000000001,67.98158526821456,62.23178542834266,67.99999999999999,62.24999999999999,46.76057098101456,59.97042570934891,0.2590595839176963,0.2301159633153771,0.2724242853132913,0.331287812921854,True,True,10,0.5475639567621388,0.0296948128585694,0.371039131874732,0.3711803517346419,0.5475639567621388,0.0296948128585694,0.371039131874732,,,,,,,195.17816482645,27.97127198246,AGN,0.02126,14.01,15.272,1.2620001,14.831,14.014,13.615,13.303,0.8170004,1.2160006,45.97157669067383,0.541699,176.0,SIMBAD,B,2023ApJS..269....3M,,-20.99,True,5.7464470863342285,Active (AGN/Seyfert/QSO),SB0...,20432.05701533376,False,1.2376673243347026e+18,5.549952,5.291939620488159,14.70794,13.9173,13.5144,0.002069553,0.001892664,0.001908793,0.03447001,0.02384619,0.01772028,14.67346999,13.89345381,13.49667972,True,0.7800161800000023,1.1767902700000017,14.72069,13.91728,13.50959,0.002069884,0.001892664,0.001908852,14.68621999,13.89343381,13.49186972,14.2032604438,0.0014024751194482,"SDSS(cModelMag g,r)",14.2032604438,SDSS,Vmag_sdss,1.1767902700000017,0.7800161800000023,SDSS(cModel extcorr),-20.7967395562,5.7464470863342285,5.291939620488159,SDSS,False,3.0,15.875818861464476,,,,1.1767902700000017,g-i,32.501940000000005,0.7070007674240508,176.0,14.822780767650086,7.660920391671334,7.660920391671334,NGC 4889,11.230606207253237,4204435.732815439,13.304269486704335,12.481566228943471,13.362724946682183,13.304269486704335,1.556050801940073,0.004074861059927,0.7435314300350349,0.4642491975905116,0.5522689790447587,-0.0047050222826199,0.2374418356736338,0.1335972962010981,0.0075574689722375
LEDA 126748,0,0,4918.9468552812805,19675.78742112513,0.0,0.0,0.0,0.0,0.0,0.0,0.0,0.0,False,False,False,False,False,0,0,,,,0,0,,,,,,,,0.2499999999999999,,,0.0,0.0,,,,,,,False,False,10,,,,,,,,,,,,,,195.270102,27.891744,GiC,0.01936,16.82,,,17.232,16.521,16.149,15.88,0.71100044,1.0830002,17.399999618530273,0.2,169.0,SIMBAD,E,2003A&A...412...45P,,-18.18,False,2.174999952316284,Members of systems,,7058.565227306851,False,1.2376674440487898e+18,7.376378,5.956006159773696,17.39137,16.69682,16.33549,0.00752236,0.006143379,0.00718639,0.02832137,0.01959259,0.0145594,17.363048629999998,16.67722741,16.3209306,True,0.6858212199999976,1.0421180299999977,17.22411,16.5117,16.14762,0.007333662,0.005960906,0.006964068,17.19578863,16.492107410000003,16.1330606,16.948414110199995,0.0047591773052222,"SDSS(cModelMag g,r)",16.948414110199995,SDSS,Vmag_sdss,1.0421180299999977,0.6858212199999976,SDSS(cModel extcorr),-18.051585889800005,2.174999952316284,5.956006159773696,SDSS,False,3.2,19.059219711275823,,,,1.0421180299999977,g-i,12.0,0.6896551875334813,169.0,20.09693317071727,13.534017713242957,13.534017713242957,NGC 4889,16.746347856621753,836458.1768533494,18.78824748180232,17.287700861850595,17.81233201275046,18.78824748180232,,,,,,,,,
CAIRNS J125935.95+275421.4,67,128,2272.042714108341,9088.170856433366,2272.042714108341,8857.331316679958,1.0,0.9746,1.0,0.9746,1.0,0.9746,True,True,True,True,True,67,128,1.5052881,0.7749670593587574,0.7935172137910449,65,127,0.5777954355492634,0.5848239134466682,1.5052881,1.490270293,1.5296842637462689,1.5004656492812498,0.2565154935358095,0.2499999999999999,34.166016827416385,32.42253232095219,35.00000000000001,33.25000000000001,37.55670331070212,74.27263700772686,0.2440970083299575,0.2353757505946071,0.2999185547756183,0.278318998752373,True,True,10,0.5810554513710884,0.0281658770658888,0.2879464953981179,0.2953914628798313,0.5810554513710884,0.0281658770658888,0.2879464953981179,,,,,,,194.89954166666664,27.906166666666664,GiC,0.0302008931792406,18.345,19.184,0.8390007,,,,16.71,,,,,,,,,,-16.655,False,,Members of systems,,,False,1.2376674440486587e+18,3.673451,3.361579004288147,18.60003,17.70458,17.3414,0.01309603,0.009878217,0.01165858,0.03478783,0.02406606,0.01788366,18.56524217,17.68051394,17.32351634,True,0.8847282300000003,1.24172583,18.37535,17.63023,17.30597,0.01289362,0.009743822,0.01164009,18.34056217,17.606163940000002,17.28808634,18.0332525143,0.0079244853685018,"SDSS(cModelMag g,r)",18.0332525143,SDSS,Vmag_sdss,1.24172583,0.8847282300000003,SDSS(cModel extcorr),-16.9667474857,,3.361579004288147,SDSS,False,3.2,10.757052813722073,,,,1.24172583,g-i,,1.0,0.0,3.185148063971962,8.28684203781493,3.185148063971962,NGC 4874,5.131635212573402,36933752.36205925,4.132778316254597,2.9317959650935865,1.9180680144259377,4.132778316254597,1.4742383983709846,0.0310497016290154,0.2886444823134064,0.486322577045351,0.5817680730704943,-0.0007126216994058,0.1078816894833107,0.1800648059148071,0.0202112474603541
CAIRNS J125947.21+280315.7,0,0,,,,,,,,,,,False,False,False,False,False,0,0,,,,0,0,,,,,,,,,,,,,,,,,,,False,False,10,,,,,,,,,,,,,,194.94695,28.054459,GiC,0.0317986651952398,18.03,,,,,,,,,,,,,,,,-16.97,False,,Members of systems,,,False,,,,,,,,,,,,,,,,False,,,,,,,,,,,,,,,18.030000686645508,SIMBAD,,,,,-16.969999313354492,,,,False,3.2,,,,,,,,1.0,0.0,6.256449660615467,6.535947827432121,6.256449660615467,NGC 4874,5.2794130940595,10699362.558612954,5.140231508165897,7.40154426638988,8.541041628389193,5.140231508165897,,,,,,,,,
SDSS J130036.58+275552.1,6,11,454.2842836230812,1817.1371344923248,454.2842836230812,1817.1371344923248,1.0,1.0,1.0,1.0,1.0,1.0,True,True,True,True,True,6,11,1.3929373305,0.7816233685416668,0.7816233685416668,5,11,0.7146187568109037,0.6782773067002978,1.3929373305,1.333775917,1.3366270043333337,1.3476741032727275,0.25,0.25,3.25,2.25,3.25,2.25,3.5730937840545183,7.4610503737032765,0.0758766774473598,0.2134028016911032,0.2662620244671398,0.2622933420428424,False,True,10,,,,,,,,,,,,,,195.152442,27.931156,AG?,0.0197,18.28,19.872,1.591999,19.608,18.992,18.668,18.531,0.6159992,0.94000053,,,,,,,,-16.72,False,,Other,dE...,,False,1.2376674440487247e+18,1.65558,1.503138272369407,19.21104,18.89862,18.36751,0.02216524,0.01941225,0.02387727,0.03313286,0.02292116,0.01703288,19.17790714,18.87569884,18.35047712,True,0.3022083000000002,0.8274300200000013,19.60176,18.98243,18.66691,0.0216376,0.01820901,0.02320841,19.56862714,18.95950884,18.649877120000003,18.989604243,0.014620656317295,"SDSS(cModelMag g,r)",18.989604243,SDSS,Vmag_sdss,0.8274300200000013,0.3022083000000002,SDSS(cModel extcorr),-16.010395757,,1.503138272369407,SDSS,False,3.2,4.8100424715821015,,,,0.8274300200000013,g-i,,1.0,0.0,13.549805019257818,6.866900684013097,6.866900684013097,NGC 4889,10.11415187299367,5811368.519951561,12.175569785497828,10.885317634820336,11.581955986277356,12.175569785497828,1.453809783339365,-0.0608724528393649,0.1750588897563298,0.6065644787853369,,,,,0.0086098435067411
[EDG2007] 34,1,39,457.3849444144288,1829.539777657715,161.54836236717628,842.3201136336119,0.3532,0.4604,0.3532,0.4604,0.3532,0.4604,False,False,False,True,True,1,39,1.541511219,-9.325384602052782,-12.623604398250002,1,38,0.6361557696125202,0.5762880397557875,1.541511219,1.452832371,1.541511219,1.511293723512821,0.1917897480451781,0.25,-6.479800173761949,-6.288010425716771,-8.750000000000002,-8.500000000000002,0.6361557696125202,21.898945510719923,,0.26093211606909,,0.3249486380756953,False,True,10,,,,,,,,,,,,,,194.80575,27.975861111111108,G,0.0228191197525055,14.252,15.27,1.0180006,,,,12.63,,,,,,,,,,-20.748001,False,,Regular galaxies,,,False,1.2376674440485932e+18,1.874306,1.5082592905333798,15.20173,16.55465,13.40318,0.003546592,0.01594048,0.003034608,0.03614368,0.02500403,0.01858068,15.16558632,16.529645969999997,13.38459932,True,-1.364059649999998,1.780986999999998,15.91572,16.55469,14.28355,0.00379974,0.01588495,0.003907721,15.87957632,16.52968597,14.26496932,15.960381513499998,0.0095166297987235,"SDSS(cModelMag g,r)",15.960381513499998,SDSS,Vmag_sdss,1.780986999999998,-1.364059649999998,SDSS(cModel extcorr),-19.039618486500004,,1.5082592905333798,SDSS,False,3.2,4.826429729706816,,,,1.780986999999998,g-i,,1.0,0.0,5.030148675168308,12.080900309922097,5.030148675168308,NGC 4874,8.518314691045559,9587593.424793923,6.43808090825853,7.958360248145907,7.834931272556568,6.43808090825853,1.518516964943048,0.0229942540569518,0.5348387159352777,-9.86022331798806,,,,,0.0628699055894121
GMP 3397,0,0,,,,,,,,,,,False,False,False,False,False,0,0,,,,0,0,,,,,,,,,,,,,,,,,,,False,False,10,,,,,,,,,,,,,,194.87816666666663,28.04208333333333,G,0.0218451125945269,18.44,18.999,0.559,19.59,,,16.56,,,,,,,,,,-16.56,False,,Regular galaxies,E,,False,,,,,,,,,,,,,,,,False,,,,,,,,,,,,,,,18.440000534057617,SIMBAD,,,,,-16.559999465942383,,,,False,3.2,,,,,0.5590000152587891,B-V,,1.0,0.0,5.088759655690014,9.118667492967456,5.088759655690014,NGC 4874,6.439315345305412,10601249.55098387,5.0114792738270415,7.59485054817386,8.337845219251948,5.0114792738270415,,,,,,,,,
ECO 11254,4,30,39.62069174725331,158.4827669890132,39.62069174725331,158.4827669890132,1.0,1.0,1.0,1.0,1.0,1.0,True,True,True,True,True,4,30,1.692872387,-1.1882416630000003,-1.1882416630000003,4,30,0.4653524141829858,0.5415807131678513,1.692872387,1.53659416,1.70166756325,1.5549775192000002,0.25,0.25,-3.5000000000000018,-3.5000000000000018,-3.5000000000000018,-3.5000000000000018,1.8614096567319431,16.247421395035538,0.1717011730615992,0.2436896804438166,0.079561252914219,0.3547101615358176,False,True,10,,,,,,,,,,,,,,194.87958333333333,27.955111111111105,G,0.0236,17.445,18.295,0.8500004,,,,15.98,,,,,,,,,,-17.555,False,,Regular galaxies,dGs...,,False,1.2376674440486584e+18,0.5111978,0.4439112010123628,20.70378,20.05525,19.53803,0.04878202,0.03635725,0.05091146,0.0319505,0.02210321,0.01642505,20.6718295,20.03314679,19.52160495,True,0.6386827099999977,1.1502245499999972,20.67104,20.05523,19.59675,0.03549877,0.0281784,0.02956194,20.6390895,20.03312679,19.58032495,20.2850067011,0.0293285012189361,"SDSS(cModelMag g,r)",20.2850067011,SDSS,Vmag_sdss,1.1502245499999972,0.6386827099999977,SDSS(cModel extcorr),-14.7149932989,,0.4439112010123628,SDSS,False,3.2,1.420515843239561,,,,1.1502245499999972,g-i,,1.0,0.0,1.0476950734204786,8.27430763384251,1.0476950734204786,NGC 4874,4.659673315018867,954976212.3827528,2.684165348152892,3.8578059481156526,3.894361354592446,2.684165348152892,1.4261387107272927,0.2667336762727073,0.0212043492274045,-1.2094460122274049,,,,,0.1927322233422709
CAIRNS J125930.08+274933.2,0,0,1080.3875444959278,4321.550177983711,0.0,0.0,0.0,0.0,0.0,0.0,0.0,0.0,False,False,False,False,False,0,0,,,,0,0,,,,,,,,0.25,,,0.0,0.0,,,,,,,False,False,10,,,,,,,,,,,,,,194.8750833333333,27.825972222222216,GiC,0.029600477807884,18.04,19.535,1.4949989,,,,17.27,,,,,,,,,,-16.96,False,,Members of systems,,,False,1.237667444048659e+18,3.081825,2.3180610038446057,18.86981,18.20312,17.98181,0.01722863,0.01497491,0.02224523,0.03373774,0.02333961,0.01734383,18.83607226,18.17978039,17.964466169999998,True,0.656291870000004,0.8716060900000038,18.93217,18.2976,17.9555,0.01688243,0.01457615,0.02232136,18.89843226,18.27426039,17.93815617,18.4388600567,0.011311812544091,"SDSS(cModelMag g,r)",18.4388600567,SDSS,Vmag_sdss,0.8716060900000038,0.656291870000004,SDSS(cModel extcorr),-16.561139943300002,,2.3180610038446057,SDSS,False,3.2,7.417795212302739,,,,0.8716060900000038,g-i,,1.0,0.0,8.094773656240456,12.365836493345244,8.094773656240456,NGC 4874,9.804903910716964,2983685.0013163555,9.105491689501813,7.373960654628299,6.087145360107121,9.105491689501813,,,,,,,,,
CAIRNS J130005.15+275835.8,0,0,,,,,,,,,,,False,False,False,False,False,0,0,,,,0,0,,,,,,,,,,,,,,,,,,,False,False,10,,,,,,,,,,,,,,195.02141666666665,27.976666666666667,GiC,0.025991,17.075,17.925,0.8499985,,,,15.28,,,,,,,,,,-17.925,False,,Members of systems,E...,,False,,,,,,,,,,,,,,,,False,,,,,,,,,,,,,,,17.075000762939453,SIMBAD,,,,,-17.924999237060547,,,,False,3.2,,,,,0.8499984741210938,B-V,,1.0,0.0,6.581858039223303,0.6532131295581806,0.6532131295581806,NGC 4889,2.9670751973535388,6244014566.559483,5.011060203901075,4.794630509341119,5.98355115978951,5.011060203901075,,,,,,,,,
SDSS J130048.04+280557.3,5,47,550.2125368947623,2200.850147579049,550.2125368947623,2200.850147579049,1.0,1.0,1.0,1.0,1.0,1.0,True,True,True,True,True,5,47,1.417774133,-2.4916168992,-2.4916168992,5,44,0.7003826208516158,0.4972828746803305,1.417774133,1.663570652,1.3815633716,1.6546211077446809,0.25,0.25,-6.75,-6.0,-6.75,-6.0,3.501913104258079,21.88044648593454,0.1145047173086623,0.269333555737562,0.2186915326025764,0.3228979781040673,False,True,10,,,,,,,,,,,,,,195.200181,28.099257,AG?,0.0208,18.54,,,19.581,18.913,18.525,18.348,0.66799927,1.0559998,,,,,,,,-16.46,False,,Other,,,False,1.2376673243347026e+18,1.705709,1.6542468546699474,19.43671,18.77347,18.25432,0.02015175,0.01774632,0.02004323,0.03673762,0.02541492,0.01888601,19.39997238,18.74805508,18.23543399,True,0.6519173000000009,1.1645383900000006,19.57783,18.90742,18.51773,0.01975505,0.01729138,0.01946131,19.54109238,18.88200508,18.49884399,19.005341173,0.0133376168485009,"SDSS(cModelMag g,r)",19.005341173,SDSS,Vmag_sdss,1.1645383900000006,0.6519173000000009,SDSS(cModel extcorr),-15.994658827000002,,1.6542468546699474,SDSS,False,3.2,5.293589934943832,,,,1.1645383900000006,g-i,,1.0,0.0,18.03797495888864,11.46657141852454,11.46657141852454,NGC 4889,14.675290569606592,1340144.4521215544,16.393497427501117,16.778103941679902,17.96937965482964,16.393497427501117,1.4534736270120412,-0.0356994940120412,0.1731898195539798,-2.6648067187539795,,,,,0.0670289531529433
LEDA 44707,71,191,3768.594166202645,15074.376664810576,3768.594166202645,15212.502511803705,1.0,1.009162955793427,1.0,1.0,1.0,1.009162955793427,True,True,True,True,True,71,191,1.440526625,0.4817715943498963,0.4729865643873235,68,187,0.5969401917781604,0.630033465140904,1.440526625,1.438645954,1.4555401672394364,1.4619305310000004,0.2477300604077805,0.25,23.683558462113915,21.67447870374504,23.25,21.25,40.5919330409149,117.81625798134904,0.2378226939752513,0.205371404485191,0.3136773130161405,0.3032680034965882,True,True,10,0.5942674784300003,0.0291489704651753,0.1650523503897318,0.1611194711456287,0.5942674784300003,0.0291489704651753,0.1650523503897318,,,,,,,195.02249754606,28.02444605387,AG?,0.01969,15.42,17.106,1.6860008,16.097,15.42,15.058,14.808,0.67700005,1.0390005,30.13859939575196,0.259443,158.0,SIMBAD,B,2023ApJS..269....3M,,-19.58,False,3.767324924468994,Other,,12429.57926006816,False,1.237667324334637e+18,8.0829,6.024065583983504,16.20411,15.57045,15.21019,0.003592683,0.003169328,0.003341872,0.03196341,0.02211214,0.01643169,16.17214659,15.548337859999998,15.193758310000002,True,0.6238087300000021,0.978388279999999,16.08733,15.42348,15.05789,0.003533961,0.00310904,0.003277407,16.055366590000002,15.40136786,15.04145831,15.794099439299998,0.0023803924597612,"SDSS(cModelMag g,r)",15.794099439299998,SDSS,Vmag_sdss,0.978388279999999,0.6238087300000021,SDSS(cModel extcorr),-19.2059005607,3.767324924468994,6.024065583983504,SDSS,False,3.2,19.27700986874721,,,,0.978388279999999,g-i,15.566579999999998,0.5164997814130046,158.0,7.632822317137605,2.9069034241405785,2.9069034241405785,NGC 4889,4.504489693213677,73267944.5386993,5.998376595945934,6.879662300447626,8.16173295125818,5.998376595945934,1.5220689138532135,-0.0815422888532138,0.5545879853335778,-0.0728163909836814,0.5645218266340579,0.0297456517959423,0.1836272770457515,-0.0185749266560197,0.0763644191661429
LEDA 44542,0,0,90.59379319230352,362.37517276921415,0.0,0.0,0.0,0.0,0.0,0.0,0.0,0.0,False,False,False,False,False,0,0,,,,0,0,,,,,,,,0.2499999999999999,,,0.0,0.0,,,,,,,False,False,10,,,,,,,,,,,,,,194.77366666666663,28.07111111111111,GiC,0.0213681159383936,17.67,18.7,1.0300007,,,,16.77,,,5.37,,,NED,,,2007SDSS6.C...0000:,-17.33,False,0.67125,Members of systems,,2398.517812510782,False,,,,,,,,,,,,,,,,False,,,,,,,,,,,,,,,17.670000076293945,SIMBAD,,,,,-17.329999923706055,0.67125,0.67125,SIMBAD_proxy(maj/8),True,3.2,2.148,,,,1.0300006866455078,B-V,,1.0,0.0,9.432584430337522,14.886534733300534,9.432584430337522,NGC 4874,11.92644126207614,1831599.62889463,10.120002882325116,12.449411644348194,12.791716667136953,10.120002882325116,,,,,,,,,
LEDA 126789,11,64,2021.767797951054,8087.071191804214,2021.767797951054,8087.071191804214,1.0,1.0,1.0,1.0,1.0,1.0,True,True,True,True,True,11,64,1.427259102,-1.0656152121818188,-1.0656152121818188,11,54,0.6530435956060084,0.5317143752390717,1.427259102,1.713851091,1.4837660066363634,1.69252988775,0.25,0.25,-5.000000000000004,-2.500000000000004,-5.000000000000004,-2.500000000000004,7.1834795516660925,28.71257626290987,0.2220172387040765,0.2542426297073001,0.2120848155218667,0.3313854233099622,True,True,10,0.658768543812742,0.0654053622083864,0.0062099923829719,0.0062099923829719,0.658768543812742,0.0654053622083864,0.0062099923829719,,,,,,,194.88287520245,27.861306842710004,GiC,0.01555,17.13,18.479,1.3490009,17.686,16.979,16.646,16.472,0.70700073,1.0400009,,,,,,,,-17.87,False,,Members of systems,,,False,1.2376674440486587e+18,3.297948,3.171032653312278,17.89645,17.14692,16.83727,0.007679672,0.006103572,0.007099581,0.03661212,0.02532809,0.01882149,17.85983788,17.121591910000003,16.81844851,True,0.7382459699999977,1.041389370000001,17.67802,16.97291,16.64441,0.007588045,0.006003326,0.006955452,17.64140788,16.94758191,16.62558851,17.4142727577,0.0047835206322695,"SDSS(cModelMag g,r)",17.4142727577,SDSS,Vmag_sdss,1.041389370000001,0.7382459699999977,SDSS(cModel extcorr),-17.5857272423,,3.171032653312278,SDSS,False,3.2,10.14730449059929,,,,1.041389370000001,g-i,,1.0,0.0,5.93675418757412,10.591393033331608,5.93675418757412,NGC 4874,7.786640119064498,6695692.997993048,6.964170238328738,5.397656169603307,4.132314006874767,6.964170238328738,1.487460415731831,-0.0602013137318309,0.3621605123725733,-1.427775724554392,0.5770006109703478,0.0817679328423941,0.1288204032659419,-0.1226104108829699,0.0193438283121596
SDSS J130026.15+280032.0,9,33,918.3506047036088,3673.402418814436,918.3506047036088,3673.402418814436,1.0,1.0,1.0,1.0,1.0,1.0,True,True,True,True,True,9,33,1.403183247,0.052043125166667,0.052043125166667,9,33,0.7230963507209557,0.5727012672591187,1.403183247,1.473971042,1.409839702111111,1.5272236583030303,0.2499999999999999,0.2499999999999999,0.7500000000000018,0.7500000000000018,0.7500000000000018,0.7500000000000018,6.507867156488601,18.89914181955092,0.0618872266419309,0.2604587663438702,0.1468920197736235,0.2968427224484015,False,True,10,,,,,,,,,,,,,,195.108997,28.008893,AG?,0.0185,17.57,19.263,1.6930008,18.77,18.096,17.755,17.479,0.6739998,1.0150013,,,,,,,,-17.43,False,,Other,,,False,1.2376673243346373e+18,2.34063,2.137171306818391,18.59731,17.98395,17.6853,0.01273419,0.01097699,0.01271677,0.03480448,0.02407758,0.01789222,18.56250552,17.95987242,17.66740778,True,0.602633100000002,0.8950977400000006,18.75998,18.08744,17.75028,0.01241237,0.01072785,0.01238956,18.72517552,18.06336242,17.73238778,18.196951991,0.0083188398851751,"SDSS(cModelMag g,r)",18.196951991,SDSS,Vmag_sdss,0.8950977400000006,0.602633100000002,SDSS(cModel extcorr),-16.803048009,,2.137171306818391,SDSS,False,3.2,6.838948181818852,,,,0.8950977400000006,g-i,,1.0,0.0,11.529228576925936,4.4220343555978525,4.4220343555978525,NGC 4889,7.947931031136703,20828257.24634969,9.90734055338408,9.766709586074011,10.884842388263737,9.90734055338408,1.470741616287548,-0.0675583692875478,0.2692019472039355,-0.2171588220372684,,,,,0.0127639583331354
LEDA 126768,1867,2210,14799.118759126264,59196.47503650506,29623.61599674524,70730.76502305013,2.001714864168993,1.1948475813708863,0.989,0.9008,2.001714864168993,1.1948475813708863,True,True,True,True,True,1867,2210,1.56269278,0.8153821535967327,1.116614114914301,1825,2150,0.5211919736015301,0.5534220037815415,1.56269278,1.507382566,1.570760505237279,1.5341462737067872,0.4188222195404125,0.2499999999999999,941.4028948156882,924.532227988113,1314.5,1287.5,951.1753518227924,1189.8573081303143,0.2712529992525638,0.2612889514868401,0.3620538449152136,0.3368806620728438,True,True,10,0.5207526395853581,0.0066447827102257,0.2476903498716491,0.3577584877866849,0.5207526395853581,0.0066447827102257,0.2476903498716491,,,,,,,195.031143,27.958069,GiC,0.02072,17.58,18.963,1.3829994,17.473,17.07,16.516,16.448,0.40299988,0.9569988,13.800000190734863,0.21,,SIMBAD,E,2003A&A...412...45P,,-17.42,False,1.725000023841858,Members of systems,,5981.540402364631,False,1.237667444048724e+18,9.742112,8.97857217169769,16.64061,17.30416,16.22615,0.01173625,0.01412255,0.01469685,0.03165467,0.02189856,0.01627298,16.608955329999997,17.28226144,16.20987702,True,-0.6733061100000022,0.3990783099999966,17.468,17.05945,16.51539,0.01225075,0.01342484,0.01481177,17.436345329999998,17.037551439999998,16.49911702,16.996205934899997,0.0096219186755878,"SDSS(cModelMag g,r)",16.996205934899997,SDSS,Vmag_sdss,0.3990783099999966,-0.6733061100000022,SDSS(cModel extcorr),-18.003794065100003,1.725000023841858,8.97857217169769,SDSS,False,3.2,28.73143094943261,,,,0.3990783099999966,g-i,12.6,0.9130434656413609,0.0,7.014739872319045,1.1456400923274943,1.1456400923274943,NGC 4889,3.490958415183414,1159863549.2002096,5.564720607584505,4.739412184215819,5.783503014713256,5.564720607584505,1.4963907349064332,0.0663020450935667,0.4118141767840371,0.4035679768126956,0.5737806062581167,-0.0530279666727585,0.1429626776315965,0.1047276722400526,0.0881404045817454
LEDA 1821555,19,40,451.466866645449,1805.8674665817969,451.466866645449,1805.8674665817969,1.0,1.0,1.0,1.0,1.0,1.0,True,True,True,True,True,19,40,1.558767868,0.8120919974736842,0.8120919974736842,19,40,0.5258541918709821,0.68370630532844,1.558767868,1.418684154,1.5681127885789474,1.40946551435,0.2499999999999999,0.2499999999999999,9.000000000000002,9.000000000000002,9.000000000000002,9.000000000000002,9.99122964554866,27.3482522131376,0.2684166231960371,0.1460610702009634,0.3332455263169857,0.1864917989645634,True,True,10,0.5287767318255794,0.0644077691844579,0.1689313079685058,0.1689313079685058,0.5287767318255794,0.0644077691844579,0.1689313079685058,,,,,,,194.8837708333333,27.92104166666667,GiC,0.022732393087754,17.59,19.13,1.539999,18.177,17.48,17.162,16.891,0.6970005,1.0149994,15.59999942779541,0.16,144.0,SIMBAD,E,2003A&A...412...45P,,-17.41,False,1.9499999284744265,Members of systems,dE,7400.366751639261,False,1.2376674440486584e+18,1.967855,1.9101817555378544,18.68619,17.98285,17.64005,0.01504857,0.01222034,0.01481054,0.03477307,0.02405585,0.01787608,18.65141693,17.95879415,17.622173919999998,True,0.6926227800000007,1.0292430100000018,18.89739,18.22351,17.88339,0.01461084,0.01181884,0.01428423,18.86261693,18.19945415,17.865513919999998,18.232769489799995,0.0094895702598931,"SDSS(cModelMag g,r)",18.232769489799995,SDSS,Vmag_sdss,1.0292430100000018,0.6926227800000007,SDSS(cModel extcorr),-16.767230510200005,1.9499999284744265,1.9101817555378544,SDSS,False,3.2,6.112581617721134,,,,1.0292430100000018,g-i,9.6,0.6153846379567893,144.0,2.426685310337878,8.629124278288334,2.426685310337878,NGC 4874,5.206031873740555,79312192.1938589,3.757133910481079,3.411089956610184,2.763983118116543,3.757133910481079,1.4699765192291934,0.0887913487708065,0.2649479141917923,0.5471440832818919,0.5833047786071291,-0.0545280467815497,0.1011324722428019,0.0677988357257038,0.0223814771034678
GMP 2399,8,16,980.076615504346,3920.306462017384,980.076615504346,3920.306462017384,1.0,1.0,1.0,1.0,1.0,1.0,True,True,True,True,True,8,16,1.4274830315,0.74460798775,0.74460798775,7,14,0.7084697200274813,0.7101022031062032,1.4274830315,1.3657500875,1.37233520525,1.3756445735,0.25,0.25,4.0,3.5,4.0,3.5,4.959288040192369,9.941430843486843,0.1025138368113466,0.0951445638880295,0.1952253443553403,0.1886760267694125,False,True,10,,,,,,,,,,,,,,195.22406,27.968243,GiC,0.0197,17.63,18.73,1.1000004,,,,,,,,,,,,,,-17.37,False,,Members of systems,,,False,1.2376673243347028e+18,2.670293,2.207827254666137,18.35245,17.66619,17.35618,0.01003664,0.008795105,0.01022614,0.0319718,0.02211794,0.016436,18.3204782,17.64407206,17.339744,True,0.676406140000001,0.9807342000000006,18.43203,17.75506,17.43065,0.009826553,0.008598464,0.009989215,18.4000582,17.73294206,17.414214,17.911398577399996,0.0066227103350618,"SDSS(cModelMag g,r)",17.911398577399996,SDSS,Vmag_sdss,0.9807342000000006,0.676406140000001,SDSS(cModel extcorr),-17.088601422600004,,2.207827254666137,SDSS,False,3.2,7.065047214931639,,,,0.9807342000000006,g-i,,1.0,0.0,17.246066332897517,10.099001505374988,10.099001505374988,NGC 4889,13.661287865208626,1902022.32665694,15.737100641511054,14.847518729279855,15.682741770377577,15.737100641511054,1.4768413185020552,-0.0493582870020552,0.3031170358863619,0.441490951863638,,,,,0.0047566602337734
SDSS J125948.57+275857.7,2,3,59.77552874621144,239.1021149848457,59.77552874621144,239.1021149848457,1.0,1.0,1.0,1.0,1.0,1.0,True,True,True,True,True,2,3,1.541391245,0.9749304155,0.9749304155,2,3,0.6358153990066353,0.5876171465075352,1.541391245,1.510562212,1.541391245,1.5587948386666666,0.25,0.25,1.2499999999999998,1.2499999999999998,1.2499999999999998,1.2499999999999998,1.2716307980132706,1.7628514395226054,0.0209721705639649,0.2269572769011258,0.0198277535628684,0.1700769453345194,False,True,10,,,,,,,,,,,,,,194.952406,27.982695,AG?,0.018,17.69,18.83,1.1399994,20.81,20.26,20.02,16.99,0.54999924,0.789999,,,,,,,,-17.31,False,,Other,dE,,False,1.2376674440486587e+18,0.7712224,0.5452514006140664,20.80794,20.24769,19.96783,0.03960525,0.03740309,0.04404699,0.02726468,0.01886158,0.01401617,20.78067532,20.22882842,19.95381383,True,0.551846900000001,0.8268614900000024,20.80585,20.24771,20.01403,0.03964962,0.03383691,0.04418748,20.77858532,20.22884842,20.00001383,20.445085649,0.0273982921545513,"SDSS(cModelMag g,r)",20.445085649,SDSS,Vmag_sdss,0.8268614900000024,0.551846900000001,SDSS(cModel extcorr),-14.554914351000004,,0.5452514006140664,SDSS,False,3.2,1.7448044819650126,,,,0.8268614900000024,g-i,,1.0,0.0,3.170430437528054,4.322899258764681,3.170430437528054,NGC 4874,1.1411288210228172,55881131.24374011,1.5247013591054364,3.108445940951461,4.311558827744364,1.5247013591054364,1.422719266705624,0.1186719782943759,0.0021918231792208,0.9727385923207792,,,,,0.0301057375071914
SDSS J125953.93+275813.6,23,103,980.7351674930616,3922.940669972244,1300.1620126799792,5029.088875555585,1.3257014286572706,1.281969139643187,1.0,1.0,1.3257014286572706,1.281969139643187,True,True,True,True,True,23,103,1.533636426,-0.1806377568780739,-0.1240872151086964,23,102,0.5890924405448319,0.6262711598679135,1.533636426,1.480685194,1.5123587465652175,1.5016188347669903,0.2585283427778644,0.2500000000000001,-3.628419306120041,-3.369890963342176,-2.7500000000000107,-2.5000000000000107,13.549126132531134,63.879658306527176,0.1987656359758524,0.2027121758885119,0.2443651192491803,0.2261075385879239,True,True,10,0.5889932258990517,0.0409432270206359,-0.1290373045010664,-0.1053508861284179,0.5889932258990517,0.0409432270206359,-0.1290373045010664,,,,,,,194.974723,27.970469,G,0.0225,17.78,18.93,1.1499996,18.658,17.963,17.541,17.474,0.6950016,1.1170006,,,,,,,,-17.22,False,,Regular galaxies,S,,False,1.237667444048659e+18,2.250723,2.2085688930460337,18.55435,17.84544,17.52467,0.01273515,0.01070446,0.01284431,0.02852804,0.01973557,0.01466564,18.52582196,17.82570443,17.51000436,True,0.70011753,1.0158175999999983,18.59274,17.8912,17.54356,0.01265617,0.01054027,0.01279576,18.56421196,17.87146443,17.52889436,18.102752617299995,0.0081945309831007,"SDSS(cModelMag g,r)",18.102752617299995,SDSS,Vmag_sdss,1.0158175999999983,0.70011753,SDSS(cModel extcorr),-16.897247382700005,,2.2085688930460337,SDSS,False,3.0,6.625706679138101,,,,1.0158175999999983,g-i,,1.0,0.0,4.079981463054035,3.151806872879507,3.151806872879507,NGC 4889,0.4696311623195278,71668547.49220352,2.523618555490392,2.779053850233632,4.0658038844913404,2.523618555490392,1.472753807706026,0.0608826182939739,0.2803899770460154,-0.4610277339240893,0.582303371848,0.0066898540510517,0.10553065498006,-0.2345679594811265,0.0321193296142879
SDSS J125930.25+280115.0,12,15,289.68485855899246,1158.7394342359703,289.68485855899246,1158.7394342359703,1.0,1.0,1.0,1.0,1.0,1.0,True,True,True,True,True,12,15,1.4743126085,1.0184171866250002,1.0184171866250002,12,15,0.5982340637110649,0.5845984900190236,1.4743126085,1.45886535,1.4822104091666668,1.4595106553333332,0.2499999999999999,0.2499999999999999,8.250000000000002,8.250000000000002,8.250000000000002,8.250000000000002,7.1788087645327785,8.768977350285354,0.2162531738066787,0.2233559865075936,0.2617708255179048,0.3827876321205217,True,True,10,0.6031135568783579,0.0597694803247014,0.420426528747413,0.420426528747413,0.6031135568783579,0.0597694803247014,0.420426528747413,,,,,,,194.87607,28.020844,G,0.024,17.82,19.182,1.3619995,18.391,18.414,18.057,17.044,-0.02299881,0.33400154,7.04,,,NED,,,2007SDSS6.C...0000:,-17.18,False,0.88,Regular galaxies,dGs...,3520.464821604657,False,1.2376673243345715e+18,1.462938,1.2003225761558354,19.04043,18.3196,18.02032,0.01254655,0.01038284,0.01157475,0.02727084,0.01886584,0.01401934,19.01315916,18.30073416,18.00630066,True,0.7124249999999996,1.0068585,19.12647,18.40746,18.0529,0.01245072,0.01025749,0.01148795,19.09919916,18.38859416,18.03888066,18.58282841,0.0079992479332738,"SDSS(cModelMag g,r)",18.58282841,SDSS,Vmag_sdss,1.0068585,0.7124249999999996,SDSS(cModel extcorr),-16.417171590000002,0.88,1.2003225761558354,SDSS,False,3.2,3.8410322436986735,,,,1.0068585,g-i,,1.0,0.0,3.886822757535111,8.756815184632249,3.886822757535111,NGC 4874,5.730108495663906,21233135.033039395,4.049327538680103,6.569658904254445,7.211848856611635,4.049327538680103,1.462498915849032,0.0118136926509679,0.2233715268778311,0.7950456597471691,0.5860009776622304,0.0171125792161275,0.089290754546917,0.331135774200496,0.0162521865375903
[EDG2007] 474,0,0,95.03317777109125,380.132711084365,0.0,0.0,0.0,0.0,0.0,0.0,0.0,0.0,False,False,False,False,False,0,0,,,,0,0,,,,,,,,0.25,,,0.0,0.0,,,,,,,False,False,10,,,,,,,,,,,,,,194.85670833333333,28.08158333333333,GiC,0.0256644214845458,17.9,19.322,1.4220009,,,,16.92,,,5.5,,,NED,,,2007SDSS6.C...0000:,-17.1,False,0.6875,Members of systems,,2935.180535298088,False,,,,,,,,,,,,,,,,False,,,,,,,,,,,,,,,17.899999618530273,SIMBAD,,,,,-17.100000381469727,0.6875,0.6875,SIMBAD_proxy(maj/8),True,3.2,2.2,,,,1.4220008850097656,B-V,,1.0,0.0,7.671050001945094,11.281142903182737,7.671050001945094,NGC 4874,8.944381191801774,3636578.168269682,7.631640740652824,10.22014877377248,10.960151269285896,7.631640740652824,,,,,,,,,
SDSS J130008.39+275716.7,528,2333,5501.469662700382,22005.87865080153,11229.847312496247,36829.745122257285,2.041244976525801,1.6736321101596106,1.0,0.971,2.041244976525801,1.6736321101596106,True,True,True,True,True,528,2333,1.5095904655,-0.6833647967048457,-0.288430049027462,523,2203,0.5493731307418906,0.485310673368297,1.5095904655,1.627697954,1.537503641410985,1.634774853311616,0.304912436271782,0.25,-183.3607138220674,-148.72209710673576,-55.25,-27.75,287.3221473780088,1069.1394134303582,0.2607746698679062,0.2795581668702752,0.3197482955164087,0.3763739915159472,True,True,10,0.5487810781918232,0.0116983188612506,-0.0745342244147436,0.03772017311039,0.5487810781918232,0.0116983188612506,-0.0745342244147436,,,,,,,195.03466666666665,27.95491666666668,GiC,0.0207009877479973,18.03,19.21,1.1799984,18.238,,17.431,17.267,,0.8070011,4.84,,,NED,,,2007SDSS6.C...0000:,-16.97,False,0.605,Members of systems,dE,2095.996991048066,False,1.237667444048724e+18,5.592635,5.230876154768637,18.41567,24.81021,17.79011,0.01423217,25.80334,0.01490458,0.03191571,0.02207914,0.01640717,18.38375429,24.788130860000003,17.773702829999998,True,-6.404376570000004,0.6100514600000011,18.23765,24.81021,17.43091,0.01861826,6.193195,0.02166967,18.20573429,24.788130860000003,17.41450283,22.1523364663,15.22397171828374,"SDSS(cModelMag g,r)",22.1523364663,SDSS,Vmag_sdss,0.6100514600000011,-6.404376570000004,SDSS(cModel extcorr),-12.847663533700004,0.605,5.230876154768637,SDSS,False,3.2,16.73880369525964,,,,0.6100514600000011,g-i,,1.0,0.0,7.20592089397856,1.3274135806833522,1.3274135806833522,NGC 4889,3.7108537413778473,746533184.4416767,5.777656592054801,4.856456594727542,5.864296781402549,5.777656592054801,1.3862507074272834,0.1233397580727166,-0.2005778168047776,-0.4827869799000681,0.6134937901381236,-0.0647127119463003,-0.0314577945594495,-0.043076429855294,0.2482285751093858
SDSS J130025.97+280344.6,28,27,1204.6920277205172,4818.768110882066,1204.6920277205172,4818.768110882066,1.0,1.0,1.0,1.0,1.0,1.0,True,True,True,True,True,28,27,1.4017667495,1.0603855060089284,1.0603855060089284,28,27,0.5218688505481887,0.6734582071372276,1.4017667495,1.416099973,1.5316133971785717,1.3805088228518525,0.2500000000000001,0.2500000000000001,21.25,21.25,21.25,21.25,14.612327815349282,18.183371592705143,0.3068319974260566,0.1803384041673225,0.3921676000211574,0.2656967508175355,True,True,10,0.5280145273561199,0.0564798602416322,0.3656629952783952,0.3656629952783952,0.5280145273561199,0.0564798602416322,0.3656629952783952,,,,,,,195.108242,28.062409,G,0.025,18.05,19.63,1.5799999,19.342,18.652,18.296,18.034,0.6899986,1.0459995,5.22,,,NED,,,2007SDSS6.C...0000:,-16.95,False,0.6525,Regular galaxies,,2715.8171061192106,False,1.2376673243346378e+18,2.475626,2.4477840177081527,19.13984,18.47298,18.20935,0.02169704,0.01877794,0.02210723,0.03545551,0.02452796,0.0182269,19.10438449,18.44845204,18.1911231,True,0.6559324500000017,0.9132613899999988,19.33166,18.64641,18.28921,0.02094592,0.01813107,0.0215745,19.29620449,18.62188204,18.2709831,18.7073843445,0.0142084100251035,"SDSS(cModelMag g,r)",18.7073843445,SDSS,Vmag_sdss,0.9132613899999988,0.6559324500000017,SDSS(cModel extcorr),-16.292615655500004,0.6525,2.4477840177081527,SDSS,False,3.2,7.832908856666089,,,,0.9132613899999988,g-i,,1.0,0.0,12.704784165362682,6.466741929014019,6.466741929014019,NGC 4889,9.41022727466008,6965241.482342461,11.063695705733316,11.616910369142364,12.85120894324086,11.063695705733316,1.4598382783874748,-0.0580715288874746,0.2085780579039065,0.851807448105022,0.5869603235709542,-0.0589457962148343,0.0850773032431952,0.2805856920351999,0.0082908612053818
LEDA 44637,3,7,789.0039232927007,3156.015693170802,789.0039232927007,2167.551578069707,1.0,0.6868000000000001,1.0,0.6868,1.0,0.6868,True,False,False,True,True,3,7,1.736867629,0.4506040665849347,0.8534618143333332,2,6,0.5230123488210516,0.6624752036202408,1.736867629,1.514409968,1.8705972536666664,1.5086074951428574,0.3640069889341876,0.25,0.4519510774606865,-0.1840419336051257,1.2499999999999996,0.4999999999999995,1.0460246976421033,3.974851221721445,0.1808237627927114,0.1154380268660447,0.3485490402744671,0.1158055203432093,False,True,10,,,,,,,,,,,,,,194.905032,27.870463,AG?,0.0211,18.14,19.283,1.1430016,18.971,18.092,17.764,17.521,0.8790016,1.2070007,10.4,,,NED,,,20032MASX.C.......:,-16.86,False,1.3,Other,,4588.382250133997,False,1.237667444048659e+18,2.401519,1.980955218692897,18.61829,17.98405,17.71473,0.01376807,0.01096297,0.01380794,0.03536076,0.02446241,0.01817819,18.58292924,17.959587589999998,17.69655181,True,0.6233416500000004,0.8863774299999996,18.75309,18.05203,17.71051,0.01342186,0.01073602,0.01360451,18.71772924,18.02756759,17.69233181,18.2051576665,0.0085849862205673,"SDSS(cModelMag g,r)",18.2051576665,SDSS,Vmag_sdss,0.8863774299999996,0.6233416500000004,SDSS(cModel extcorr),-16.794842333500004,1.3,1.980955218692897,SDSS,False,3.2,6.33905669981727,,,,0.8863774299999996,g-i,,1.0,0.0,5.337391114872821,9.350728221171543,5.337391114872821,NGC 4874,6.6994594269974,9326963.292387102,6.121070166776896,4.2676191079995975,2.9811357603545683,6.121070166776896,1.4705663349754183,0.2663012940245817,0.2682273617182531,0.1823767048666815,,,,,0.0058901693297183
SDSS J125915.58+275356.9,11,49,1598.4307921428915,6393.723168571568,1470.5563287714604,3930.8610040378,0.9200000000000002,0.6148,0.92,0.6148,0.92,0.6148,True,False,False,True,True,11,49,1.339253419,-1.1228665570350735,-0.3060850171590901,11,47,0.5509007799623918,0.6030364766837291,1.339253419,1.477446759,1.3874860883636364,1.5011387902653062,0.3741054001301235,0.2499999999999999,-7.331164606376053,-6.582953806115807,-1.2499999999999964,-0.7499999999999964,6.05990857958631,28.342714404135265,0.3068624551318346,0.2231525976953821,0.3524074102949717,0.3178405391460221,True,True,10,0.5538731886535277,0.0872254361008217,-0.4100506761585486,-0.0902794114404552,0.5538731886535277,0.0872254361008217,-0.4100506761585486,,,,,,,194.8147083333333,27.89930555555555,GiC,0.0175629147433489,18.18,19.362,1.1819992,18.135,17.429,17.163,17.058,0.7059994,0.9720001,6.21,,,NED,,,2007SDSS6.C...0000:,-16.82,False,0.77625,Members of systems,SBa,2290.336679764223,False,1.2376674440485934e+18,3.466226,2.819564249134048,18.76148,17.78226,17.80239,0.01765995,0.01494199,0.02021308,0.04119965,0.02850172,0.02117984,18.72028035,17.75375828,17.78121016,True,0.96652207,0.9390701899999988,18.13526,17.42892,17.16264,0.01751236,0.01418745,0.02014331,18.09406035,17.40041828,17.14146016,18.1400323287,0.0114080613812361,"SDSS(cModelMag g,r)",18.1400323287,SDSS,Vmag_sdss,0.9390701899999988,0.96652207,SDSS(cModel extcorr),-16.8599676713,0.77625,2.819564249134048,SDSS,False,3.0,8.458692747402145,,,,0.9390701899999988,g-i,,1.0,0.0,5.727336133549141,12.511599665563155,5.727336133549141,NGC 4874,9.033178703840244,6714980.752737872,7.334383120512385,7.273818436554839,6.427173278794688,7.334383120512385,1.471957476346103,-0.1327040573461029,0.2759622775055106,-1.3988288345405842,0.582590505004309,-0.0287173163507812,0.104269564938616,-0.5143202410971647,0.0109124344536706
SDSS J130000.97+275929.5,16,63,318.7218128156442,1274.887251262577,605.1898271654535,2076.148110676594,1.898802663737072,1.6284954678309735,1.0,1.0,1.8988026637370712,1.6284954678309735,True,True,True,True,True,16,63,1.674958171,0.0283028357623007,0.2627151813906252,13,63,0.5153872258023168,0.6381729724353485,1.674958171,1.434659545,1.65999610475,1.463867310603175,0.2914964611885173,0.25,-2.364277054876592,-5.364277054876592,0.25,-2.75,6.700033935430119,40.20489726342696,0.3355381324733602,0.2083386314038227,0.3850997455731752,0.2386017077068001,True,True,10,0.5354742770268104,0.0860938232897769,-0.3660322825683328,-0.2376968241929388,0.5354742770268104,0.0860938232897769,-0.3660322825683328,,,,,,,195.004049,27.991542,G,0.0251,18.23,19.666,1.4360008,20.99,19.25,18.73,18.39,1.7399998,2.2600002,5.39,,,NED,,,2007SDSS6.C...0000:,-16.77,False,0.67375,Regular galaxies,dE...,2815.1393916964907,False,1.237667324334637e+18,1.270285,1.2590441808771493,21.19089,19.08823,18.61287,0.1205734,0.02314668,0.0315757,0.02965461,0.02051492,0.01524479,21.16123539,19.06771508,18.59762521,True,2.093520309999999,2.5636101799999977,20.98026,19.23927,18.72824,0.05403992,0.01973615,0.02014627,20.95060539,19.21875508,18.71299521,19.9160584071,0.0512867393810147,"SDSS(cModelMag g,r)",19.9160584071,SDSS,Vmag_sdss,2.5636101799999977,2.093520309999999,SDSS(cModel extcorr),-15.083941592900004,0.67375,1.2590441808771493,SDSS,False,3.2,4.028941378806878,,,,2.5636101799999977,g-i,,1.0,0.0,5.904586438136475,1.7980844571372088,1.7980844571372088,NGC 4889,2.445545509755977,304497760.25243115,4.266457759903924,4.718086361929905,5.990355299049678,4.266457759903924,1.4340198097398331,0.240938361260167,0.0650242214974936,-0.0367213857351929,0.5962696874450288,-0.0607954104182184,0.0441905375882303,-0.4102228201565632,0.090856419641913
SDSS J130022.65+275754.8,1,5,104.37387522631946,417.4955009052778,104.37387522631946,417.4955009052778,1.0,1.0,1.0,1.0,1.0,1.0,True,True,True,True,True,1,5,1.23808622,-0.3720210237499999,-0.3720210237499999,1,5,0.7299133417963991,0.7410471686837548,1.23808622,1.288085795,1.23808622,1.341035934,0.25,0.25,-0.25,-0.25,-0.25,-0.25,0.7299133417963991,3.7052358434187735,,0.1188258698190321,,0.2029983413042514,False,True,10,,,,,,,,,,,,,,195.094378,27.965247,G,0.0214,18.3,20.122,1.8220005,21.37,20.09,19.76,17.5,1.2800007,1.6100006,,,,,,,,-16.7,False,,Regular galaxies,,,False,1.237667444048724e+18,0.7301825,0.720495015855537,21.60657,20.07719,19.73829,0.06104267,0.02998838,0.03839239,0.03425521,0.0236976,0.01760986,21.57231479,20.053492400000003,19.72068014,True,1.5188223899999969,1.8516346500000007,21.36275,20.07721,19.76054,0.06320942,0.02998838,0.03841232,21.32849479,20.0535124,19.74293014,20.6662095799,0.0306500055895675,"SDSS(cModelMag g,r)",20.6662095799,SDSS,Vmag_sdss,1.8516346500000007,1.5188223899999969,SDSS(cModel extcorr),-14.333790420099998,,0.720495015855537,SDSS,False,3.2,2.3055840507377185,,,,1.8516346500000007,g-i,,1.0,0.0,10.37156039822592,3.2901908643050426,3.2901908643050426,NGC 4889,6.791424717909634,49812695.692581646,8.870314907391709,8.0704680755758,9.021472577522427,8.870314907391709,1.4179958417113752,-0.1799096217113751,-0.0240709962062461,-0.3479500275437537,,,,,0.0078961571327719
SDSS J130042.87+280313.7,8,35,1219.3429673924888,4877.3718695699545,1219.3429673924888,4877.3718695699545,1.0,1.0,1.0,1.0,1.0,1.0,True,True,True,True,True,8,35,1.4667531075,-0.0225136400000003,-0.0225136400000003,8,34,0.7183472933690703,0.5662374515822629,1.4667531075,1.361615312,1.346096410625,1.4162453859999995,0.25,0.25,-0.7500000000000018,-0.5000000000000018,-0.7500000000000018,-0.5000000000000018,5.746778346952563,19.252073353796938,0.0661083392190583,0.2817911247685617,0.2690008931711773,0.3817543014276596,False,True,10,,,,,,,,,,,,,,195.178632,28.053822,G,0.0226,18.34,19.505,1.164999,19.257,18.571,18.194,18.057,0.6860008,1.0629997,,,,,,,,-16.66,False,,Regular galaxies,,,False,1.237667324334703e+18,3.361696,2.4626234777725764,19.22061,18.56256,18.24216,0.01990558,0.01770487,0.02046511,0.03574946,0.02473131,0.01837802,19.18486054,18.53782869,18.22378198,True,0.6470318499999976,0.9610785600000008,19.24647,18.56495,18.1867,0.01957542,0.01768835,0.0205074,19.21072054,18.54021869,18.16832198,18.7931117485,0.0132560509788579,"SDSS(cModelMag g,r)",18.7931117485,SDSS,Vmag_sdss,0.9610785600000008,0.6470318499999976,SDSS(cModel extcorr),-16.2068882515,,2.4626234777725764,SDSS,False,3.2,7.880395128872244,,,,0.9610785600000008,g-i,,1.0,0.0,15.873207804504696,8.951923374208246,8.951923374208246,NGC 4889,12.368583374097746,2698175.4252773672,14.228790495067251,14.30699637422826,15.444664935300308,14.228790495067251,1.4580070565875658,0.0087460509124341,0.1983962412254793,-0.2209098812254797,,,,,0.0078101504992472
SDSS J130032.48+275833.2,15,58,2749.6210353838333,10998.484141535337,2749.6210353838333,10998.484141535337,1.0,1.0,1.0,1.0,1.0,1.0,True,True,True,True,True,15,58,1.432087373,0.0455433730666672,0.0455433730666672,14,54,0.6350992787377604,0.6418543147227064,1.432087373,1.434355862,1.446883244333333,1.4911097028620688,0.2499999999999999,0.2499999999999999,0.5000000000000053,0.5000000000000053,0.5000000000000053,0.5000000000000053,8.891389902328646,34.660132995026146,0.1883570924534897,0.2192650007185571,0.2189761715542793,0.3185767910617689,True,True,10,0.6350077567557475,0.0465072884599276,0.0160768104159951,0.0160768104159951,0.6350077567557475,0.0465072884599276,0.0160768104159951,,,,,,,195.135345,27.975893,G,0.0281361314299641,18.52,,,19.6,19.0,18.65,18.5,0.6000004,0.95000076,5.6881,,,NED,,,2007SDSS6.C...0000:,-16.48,False,0.7110125,Regular galaxies,dE,3317.9816163301944,False,1.2376673243346378e+18,4.940214,3.698039089380649,19.29109,18.99175,18.63312,0.03968271,0.06515902,0.04513678,0.03495927,0.02418466,0.0179718,19.25613073,18.96756534,18.6151482,True,0.2885653899999987,0.6409825299999987,19.58894,18.99175,18.64226,0.03764711,0.0527066,0.04052578,19.55398073,18.96756534,18.6242882,19.0758771499,0.041744909172162,"SDSS(cModelMag g,r)",19.0758771499,SDSS,Vmag_sdss,0.6409825299999987,0.2885653899999987,SDSS(cModel extcorr),-15.924122850100002,0.7110125,3.698039089380649,SDSS,False,3.2,11.833725086018076,,,,0.6409825299999987,g-i,,1.0,0.0,12.575474735129946,5.384449583914499,5.384449583914499,NGC 4889,8.971820232963056,11691849.54205354,11.039470714821793,10.332577720279088,11.2797738385707,11.039470714821793,1.4519669090601346,-0.0198795360601344,0.1648122838708796,-0.1192689108042124,0.5897985027927933,0.0452092539629541,0.0726120080522645,-0.0565351976362693,0.0061347021467164
SDSS J130022.65+275754.9,5,1,63.3348220556356,253.33928822254245,63.3348220556356,253.33928822254245,1.0,1.0,1.0,1.0,1.0,1.0,True,True,True,True,True,5,1,1.61477134,1.5443643157500002,1.5443643157500002,5,1,0.5596563534238443,0.7381228507403949,1.61477134,1.408140485,1.6382596162000005,1.408140485,0.2499999999999999,0.2499999999999999,4.75,4.75,4.75,4.75,2.7982817671192217,0.7381228507403949,0.2833114193713572,,0.1966222572869113,,False,True,10,,,,,,,,,,,,,,194.8884583333333,28.031333333333333,G,0.0237,18.59,19.771,1.1809998,,,,17.75,,,4.49,,,NED,,,2007SDSS6.C...0000:,-16.41,False,0.56125,Regular galaxies,,2218.036527386589,False,,,,,,,,,,,,,,,,False,,,,,,,,,,,,,,,18.59000015258789,SIMBAD,,,,,-16.40999984741211,0.56125,0.56125,SIMBAD_proxy(maj/8),True,3.2,1.7960000000000005,,,,1.180999755859375,B-V,,1.0,0.0,4.3595937711144,8.357529524023352,4.3595937711144,NGC 4874,5.600676502770355,16191194.737635065,4.17963344763517,6.769256699218017,7.544494719721517,4.17963344763517,1.4623457203624373,0.1524256196375628,0.2225197412773387,1.3218445744726617,,,,,0.0106250110467781
SDSS J130020.39+280413.9,7,23,660.9370029686424,2643.74801187457,660.9370029686424,2643.74801187457,1.0,1.0,1.0,1.0,1.0,1.0,True,True,True,True,True,7,23,1.288421673,0.1644290889285715,0.1644290889285715,7,23,0.4201943931352744,0.5934280851628038,1.288421673,1.368338798,1.235872702857143,1.3536602664347828,0.25,0.25,1.25,1.25,1.25,1.25,2.941360751946921,13.648845958744486,0.3371374235669349,0.2324723008995442,0.452020257078278,0.3814127055614619,False,True,10,,,,,,,,,,,,,,195.084967,28.070544,G,0.0235,18.59,,,19.91,19.29,18.91,18.86,0.61999893,1.0,4.11,,,NED,,,2007SDSS6.C...0000:,-16.41,False,0.51375,Regular galaxies,,2013.6731285631995,False,1.2376673243346378e+18,1.8881,1.8130722466886329,19.91841,19.17591,18.71256,0.02778827,0.02579221,0.02969451,0.0352913,0.02441436,0.01814248,19.8831187,19.15149564,18.69441752,True,0.731623060000004,1.1887011800000025,19.90314,19.28362,18.90176,0.02759279,0.02524135,0.02888741,19.8678487,19.25920564,18.88361752,19.4414610946,0.0190098441809053,"SDSS(cModelMag g,r)",19.4414610946,SDSS,Vmag_sdss,1.1887011800000025,0.731623060000004,SDSS(cModel extcorr),-15.558538905400004,0.51375,1.8130722466886329,SDSS,False,3.2,5.801831189403625,,,,1.1887011800000025,g-i,,1.0,0.0,11.909929601496849,6.23276119744283,6.23276119744283,NGC 4889,8.791233640761428,7831259.952389191,10.289687897614844,11.106066314244837,12.371331430591102,10.289687897614844,1.444157675862879,-0.1557360028628787,0.1213919943038299,0.0430370946247415,,,,,0.0079616728639172
LEDA 126785,11,38,479.73884725082337,1918.955389003293,479.73884725082337,1918.955389003293,1.0,1.0,1.0,1.0,1.0,1.0,True,True,True,True,True,11,38,1.323788155,0.0564601382045448,0.0564601382045448,11,38,0.7548141848031764,0.5967984250188096,1.323788155,1.4674324405,1.3303102783636362,1.481067918263158,0.25,0.25,1.4999999999999982,1.4999999999999982,1.4999999999999982,1.4999999999999982,8.30295603283494,22.678340150714767,0.071587760278912,0.2061030520984018,0.1618236134803233,0.2622071733346724,True,True,10,0.7577833837554846,0.0204543211874037,0.2423665621483307,0.2423665621483307,0.7577833837554846,0.0204543211874037,0.2423665621483307,,,,,,,194.93366666666665,28.013,GiC,0.044067,18.62,19.718,1.0979996,,,,17.31,,,4.51,,,NED,,,2007SDSS6.C...0000:,-16.38,False,0.56375,Members of systems,,4042.1782468143897,False,1.237667324334572e+18,1.802485,1.544676431865832,19.29103,18.51719,18.1263,0.01700943,0.01532389,0.0173158,0.02599423,0.01798269,0.01336307,19.26503577,18.49920731,18.11293693,True,0.7658284600000016,1.1520988400000007,19.38072,18.73537,18.38664,0.0167432,0.01488413,0.01694963,19.35472577,18.71738731,18.37327693,18.8031969786,0.0114182403100267,"SDSS(cModelMag g,r)",18.8031969786,SDSS,Vmag_sdss,1.1520988400000007,0.7658284600000016,SDSS(cModel extcorr),-16.196803021400004,0.56375,1.544676431865832,SDSS,False,3.2,4.942964581970664,,,,1.1520988400000007,g-i,,1.0,0.0,3.7170116708140366,5.724243727208095,3.7170116708140366,NGC 4874,3.1981840096625103,30589355.53688435,2.5676790767970163,4.965290766963612,6.030413987689951,2.5676790767970163,1.4577916261376225,-0.1340034711376223,0.1971984216339994,-0.1407382834294546,0.5876982848643832,0.1700850988911013,0.081836174109668,0.1605303880386627,0.0178527424604969
SDSS J125915.81+275309.7,15,279,9194.950240718374,36779.80096287349,1594.404371740566,18169.2216756595,0.1734,0.4939999999999999,0.1734,0.494,0.1734,0.494,False,False,False,True,True,15,279,1.427624596,-1.0112658120758098,-5.520540695750001,15,267,0.545654302998314,0.5937910630821668,1.427624596,1.494229095,1.4540259806666664,1.523472170874552,0.0877530364372469,0.25,-9.483097165991907,-8.430060728744944,-54.750000000000014,-51.750000000000014,8.18481454497471,158.54221384293854,0.2911092803573786,0.2340597464374192,0.3274006796192308,0.2961269489143837,True,True,10,0.5535020464751581,0.0716250881503961,-0.3740019980715877,-2.088868184240485,0.5535020464751581,0.0716250881503961,-0.3740019980715877,,,,,,,194.815375,27.88605555555556,AG?,0.0219764618341702,18.78,20.136,1.355999,18.782,18.089,17.784,17.732,0.6929989,0.9979992,4.54,,,NED,,,2007SDSS6.C...0000:,-16.22,False,0.5675,Other,dE...,2083.9888841031925,False,1.237667444048594e+18,7.512209,6.762538775984814,19.53027,18.37165,18.37387,0.02616941,0.02266169,0.02920226,0.04164869,0.02881237,0.02141068,19.488621310000003,18.34283763,18.35245932,True,1.1457836800000043,1.1361619900000015,18.78214,18.08875,17.78445,0.02606315,0.02153244,0.02844043,18.74049131,18.05993763,17.76303932,18.8026089388,0.0171431849354588,"SDSS(cModelMag g,r)",18.8026089388,SDSS,Vmag_sdss,1.1361619900000015,1.1457836800000043,SDSS(cModel extcorr),-16.1973910612,0.5675,6.762538775984814,SDSS,False,3.2,21.64012408315141,,,,1.1361619900000015,g-i,,1.0,0.0,6.232298025271222,12.797800217231767,6.232298025271222,NGC 4874,9.393513238796247,5352025.630985823,7.798150616346147,7.488970246346225,6.538698855631585,7.798150616346147,1.457804187247031,-0.030179591247031,0.1972682629351916,-1.2085340750110014,0.5876937557058284,-0.0341917092306702,0.0818560661932679,-0.4558580642648556,0.0213012613999067
SDSS J130005.34+275628.8,16,62,416.3822249225139,1665.5288996900554,849.9381249377177,3399.7524997508704,2.041244976525801,2.041244976525801,1.0,1.0,2.041244976525801,2.041244976525801,True,True,True,True,True,16,62,1.409981576,0.0211307592499998,0.0211307592499998,16,62,0.6344701994461853,0.6274120570278696,1.409981576,1.433652456,1.395059866375,1.4516654273225809,0.25,0.25,0.4999999999999964,0.4999999999999964,0.4999999999999964,0.4999999999999964,10.151523191138963,38.89954753572792,0.2104440797323757,0.2199850341208222,0.2364425551829478,0.2951919871800954,True,True,10,0.6371449645673284,0.0507757914738697,0.0293395343215795,0.0293395343215795,0.6371449645673284,0.0507757914738697,0.0293395343215795,,,,,,,195.022289,27.941354,G,0.0237,18.91,19.995,1.085001,19.759,19.106,18.827,18.586,0.6529999,0.9320011,,,,,,,,-16.09,False,,Regular galaxies,,,False,1.2376674440487245e+18,1.657888,1.4390675074507826,19.70556,19.05372,18.94292,0.0256307,0.01995626,0.02691429,0.03154751,0.02182442,0.01621789,19.67401249,19.03189558,18.92670211,True,0.6421169100000022,0.7473103799999983,19.75329,19.09629,18.82524,0.02376873,0.01972249,0.02715298,19.72174249,19.07446558,18.80902211,19.285163513099995,0.0157816992417538,"SDSS(cModelMag g,r)",19.285163513099995,SDSS,Vmag_sdss,0.7473103799999983,0.6421169100000022,SDSS(cModel extcorr),-15.714836486900005,,1.4390675074507826,SDSS,False,3.2,4.605016023842505,,,,0.7473103799999983,g-i,,1.0,0.0,6.633122354117643,2.224598907121029,2.224598907121029,NGC 4889,3.3762597307846978,161733041.95716122,5.341340639113377,4.0328376795424985,4.940676851447108,5.341340639113377,1.4474963461732016,-0.0375147701732014,0.1399554086598093,-0.1188246494098095,0.5914104534163712,0.0457345111509571,0.0655323140704718,-0.0361927797488923,0.0499580816489714
ECO 11482,0,0,673.3695374170043,2693.4781496680166,0.0,0.0,0.0,0.0,0.0,0.0,0.0,0.0,False,False,False,False,False,0,0,,,,0,0,,,,,,,,0.25,,,0.0,0.0,,,,,,,False,False,10,,,,,,,,,,,,,,195.22821669836,27.842038408099995,GiC,0.02363,16.59,17.47,0.87999916,16.974,16.253,15.896,15.647,0.7210007,1.078001,4.199999809265137,0.07,0.0,SIMBAD,E,2022ApJS..262...36S,,-18.41,False,0.5249999761581421,Members of systems,Sa,2068.825434747248,False,1.2376674440487898e+18,2.63184,1.8300451702709009,16.97714,16.29624,15.9477,0.004498697,0.003730387,0.004007728,0.02746416,0.01899958,0.01411872,16.949675839999998,16.277240420000002,15.93358128,True,0.6724354199999958,1.016094559999999,16.9657,16.24574,15.89333,0.004474238,0.003703904,0.003977473,16.938235839999997,16.226740420000002,15.87921128,16.5429389422,0.0028716092161884,"SDSS(cModelMag g,r)",16.5429389422,SDSS,Vmag_sdss,1.016094559999999,0.6724354199999958,SDSS(cModel extcorr),-18.4570610578,0.5249999761581421,1.8300451702709009,SDSS,False,3.0,5.490135510812702,,,,1.016094559999999,g-i,4.2,1.0,0.0,18.83060520313208,13.112001211343856,13.112001211343856,NGC 4889,15.816622342789286,935484.8357294695,17.73177754088469,15.8370797140024,16.115765114648877,17.73177754088469,,,,,,,,,
2MASX J13001036+2757332,101,335,829.6063770701861,3318.4255082807445,1693.4298496882868,6773.719398753147,2.041244976525801,2.041244976525801,1.0,1.0,2.041244976525801,2.041244976525801,True,True,True,True,True,101,335,1.559757905,0.282781192970297,0.282781192970297,99,329,0.5451378310706426,0.5366227628139731,1.559757905,1.539995796,1.5659592406633664,1.5441971452537313,0.25,0.25,17.25,16.75,17.25,16.75,53.968645275993616,176.54888896579718,0.2402071753574868,0.2673454638335451,0.2784508375346126,0.3390168017857885,True,True,10,0.5460870892980463,0.0244128305109294,0.1002565616066392,0.1002565616066392,0.5460870892980463,0.0244128305109294,0.1002565616066392,,,,,,,195.04316666666665,27.959241666666667,GiC,0.02111,17.406,18.211,0.8050003,17.846,17.167,16.815,16.683,0.67900085,1.0310001,10.019999504089355,0.127,35.0,SIMBAD,C,2006AJ....131.1163S,,-17.594,False,1.2524999380111694,Members of systems,dG,4422.771035867883,False,1.237667444048724e+18,3.635255,2.3293110229189824,17.34061,17.45125,17.22457,0.009019969,0.008283022,0.01234929,0.03225569,0.02231434,0.01658195,17.308354310000002,17.42893566,17.20798805,True,-0.1205813499999983,0.1003662600000012,18.02295,17.50024,17.23492,0.008862869,0.008156103,0.0121892,17.990694310000002,17.47792566,17.21833805,17.369497306499998,0.0061285554479605,"SDSS(cModelMag g,r)",17.369497306499998,SDSS,Vmag_sdss,0.1003662600000012,-0.1205813499999983,SDSS(cModel extcorr),-17.630502693500002,1.2524999380111694,2.3293110229189824,SDSS,False,3.2,7.453795273340744,,,,0.1003662600000012,g-i,7.62,0.7604790795538593,35.0,7.651561601119317,1.1782038651879938,1.1782038651879938,NGC 4889,4.110267789121622,1065854498.4658695,6.188486481802898,5.364554628550224,6.3828637377170185,6.188486481802898,1.4884168634779706,0.0713410415220292,0.3674784785600515,-0.0846972855897545,0.5766557446571334,-0.0305686553590871,0.1303350575776029,-0.0300784959709636,0.1886820187045767
2MASX J13002014+2750365,0,0,1312.0894270699446,5248.357708279777,0.0,0.0,0.0,0.0,0.0,0.0,0.0,0.0,False,False,False,False,False,0,0,,,,0,0,,,,,,,,0.25,,,0.0,0.0,,,,,,,False,False,10,,,,,,,,,,,,,,195.084042,27.843505,GiC,0.02625,16.41,18.139,1.7290001,17.593,16.893,16.544,16.329,0.70000076,1.0489998,10.019999504089355,0.167,90.0,SIMBAD,C,2006AJ....131.1163S,,-18.59,False,1.2524999380111694,Members of systems,0.68,5465.499831533646,False,1.2376674440487242e+18,3.253954,2.5545640411868384,17.46451,16.71094,16.39165,0.007043297,0.005895666,0.007878879,0.02920661,0.020205,0.01501448,17.43530339,16.690735,16.376635519999997,True,0.7445683900000013,1.0586678700000045,17.57266,16.88955,16.54452,0.006854549,0.005707774,0.007635425,17.54345339,16.869345,16.529505519999997,16.986008039899996,0.004520915346694,"SDSS(cModelMag g,r)",16.986008039899996,SDSS,Vmag_sdss,1.0586678700000045,0.7445683900000013,SDSS(cModel extcorr),-18.013991960100004,1.2524999380111694,2.5545640411868384,SDSS,False,3.2,8.174604931797884,,,,1.0586678700000045,g-i,10.02,1.0,90.0,12.02997810711324,8.443531432205637,8.443531432205637,NGC 4889,9.74263079542453,3518078.567787376,11.287065182535155,8.964585482371623,8.923079147707838,11.287065182535155,,,,,,,,,
GMP 2913,0,0,3078.032683798583,12312.130735194334,0.0,0.0,0.0,0.0,0.0,0.0,0.0,0.0,False,False,False,False,False,0,0,,,,0,0,,,,,,,,0.2499999999999999,,,0.0,0.0,,,,,,,False,False,10,,,,,,,,,,,,,,195.03670265369,27.861825508330003,GiC,0.0174,18.437,19.175,0.73799896,,,,16.85,,,,,,,,,,-16.563,False,,Members of systems,S...,,False,1.2376674440487242e+18,5.912287,3.912656213434796,19.13227,18.36162,17.84997,0.02770943,0.02298616,0.02534881,0.03119805,0.02158266,0.01603823,19.10107195,18.34003734,17.83393177,True,0.7610346099999994,1.2671401799999984,19.03784,18.40429,17.99546,0.02777988,0.02254004,0.02706396,19.00664195,18.38270734,17.979421770000002,18.6420615301,0.0176915978752485,"SDSS(cModelMag g,r)",18.6420615301,SDSS,Vmag_sdss,1.2671401799999984,0.7610346099999994,SDSS(cModel extcorr),-16.357938469900002,,3.912656213434796,SDSS,False,3.0,11.737968640304388,,,,1.2671401799999984,g-i,,1.0,0.0,9.361506607494006,6.9137569214670105,6.9137569214670105,NGC 4889,7.391523231470502,6597178.068909254,8.738506028075252,6.312861874385418,6.191485143892582,8.738506028075252,,,,,,,,,
2MASX J12592022+2804278,0,5,2741.72130342782,10966.88521371128,0.0,1425.6950777824666,0.0,0.13,0.0,0.13,0.0,0.13,False,False,False,False,True,0,5,,,,0,5,,0.7032789478821942,,1.475268928,,1.368378273,,0.25,,,-1.25,-1.25,,3.516394739410971,,0.1705760816257658,,0.2937409191603692,False,True,10,,,,,,,,,,,,,,194.83417052457,28.0742983473,GiC,0.02389,15.94,17.487,1.5469999,16.8259,16.0755,15.72,15.526,0.75039864,1.1058989,19.042800903320312,0.306557,180.0,SIMBAD,B,2023ApJS..269....3M,,-19.060001,False,2.380350112915039,Members of systems,SB0p,9480.275913636968,False,1.2376673243345715e+18,3.843837,3.757343491019975,16.9151,16.04711,15.85105,0.004489343,0.003661211,0.004021861,0.03252118,0.022498,0.01671843,16.88257882,16.024612,15.834331570000002,True,0.8579668199999979,1.0482472499999975,16.79081,16.01027,15.71214,0.004453185,0.003636962,0.004005511,16.75828882,15.987771999999998,15.69542157,16.3663783962,0.0028379597823087,"SDSS(cModelMag g,r)",16.3663783962,SDSS,Vmag_sdss,1.0482472499999975,0.8579668199999979,SDSS(cModel extcorr),-18.6336216038,2.380350112915039,3.757343491019975,SDSS,False,3.0,11.272030473059925,,,,1.0482472499999975,g-i,18.393420000000003,0.9658988766086882,180.0,7.704977906023236,12.074209724900625,7.704977906023236,NGC 4874,9.461702361895744,3381305.615294291,7.933407918309556,10.46952783436178,11.08060436242012,7.933407918309556,,,,,,,,,0.0024983545467936
LEDA 44656,146,350,2247.973736094919,8991.894944379676,2247.973736094919,8991.894944379676,1.0,1.0,1.0,1.0,1.0,1.0,True,True,True,True,True,146,350,1.507133703,0.6223871646010274,0.6223871646010274,137,340,0.5444058190571576,0.5807247316514463,1.507133703,1.4762627955,1.5216180036027398,1.5121463639257149,0.25,0.25,58.5,52.0,58.5,52.0,74.58359721083059,197.4464087614917,0.2662445350722555,0.244314120148626,0.3179636913471087,0.3013558129152669,True,True,10,0.5468900665252112,0.0216018260589143,0.186586400902051,0.186586400902051,0.5468900665252112,0.0216018260589143,0.186586400902051,,,,,,,194.93220379569,27.994682930960007,G,0.02225,15.15,16.384,1.2340012,15.8571,15.0374,14.58,14.277,0.8196993,1.2770996,23.4192008972168,0.37541,38.0,SIMBAD,B,2023ApJS..269....3M,,-19.85,False,2.9274001121521,Regular galaxies,,10880.271193358436,False,1.2376673243345715e+18,3.425483,3.409480300504473,15.72131,14.94977,14.54996,0.002742767,0.002407566,0.00243534,0.02641274,0.01827221,0.01357821,15.69489726,14.93149779,14.53638179,True,0.7633994700000013,1.158515470000001,15.72696,14.93492,14.52778,0.002730727,0.002398475,0.002432398,15.70054726,14.91664779,14.51420179,15.2344915727,0.0018117106775251,"SDSS(cModelMag g,r)",15.2344915727,SDSS,Vmag_sdss,1.158515470000001,0.7633994700000013,SDSS(cModel extcorr),-19.7655084273,2.9274001121521,3.409480300504473,SDSS,False,3.2,10.910336961614314,,,,1.158515470000001,g-i,22.5246,0.961800537040394,38.0,2.7667993742539423,5.482977187375842,2.7667993742539423,NGC 4874,2.407029787069425,62236733.52219954,1.4700631849743762,3.89579690792044,4.9332023582323234,1.4700631849743762,1.534022689156132,-0.0268889861561318,0.6210524347822821,0.0013347298187452,0.5602116545056286,-0.0133215879804173,0.2025575713313179,-0.0159711704292668,0.0598156882111176
2MASX J12592016+2753098,5,94,3266.065182563795,13064.26073025518,718.5343401640349,7261.116113875828,0.22,0.5558,0.22,0.5558,0.22,0.5558,False,False,False,True,True,5,94,1.501899743,-1.269233972662109,-5.498991707750001,5,92,0.5859792773844922,0.5977506449340303,1.501899743,1.4895513725,1.520666178,1.5126922251702126,0.0989564591579705,0.25,-4.301907160849227,-4.103994242533286,-18.500000000000004,-18.000000000000004,2.929896386922461,54.99305933393079,0.2148396374943705,0.2328462719489765,0.2074919044397773,0.2494379670118271,False,True,10,,,,,,,,,,,,,,194.834049763,27.885987371239995,GiC,0.02162,15.38,16.657,1.2769995,15.779,15.06,14.679,14.403,0.71899986,1.1000004,29.204219818115234,0.327136,44.0,SIMBAD,B,2023ApJS..269....3M,,-19.619999,False,3.650527477264404,Members of systems,-1.86,13193.831865445569,False,1.2376674440485932e+18,6.905388,4.916210954931332,16.04926,15.30652,14.94658,0.003408959,0.002863199,0.003092049,0.03977113,0.02751349,0.02044547,16.009488870000002,15.27900651,14.92613453,True,0.7304823600000017,1.0833543400000014,15.89968,15.17129,14.8176,0.003362945,0.002820483,0.003038891,15.85990887,15.14377651,14.79715453,15.5685042776,0.002192528745451,"SDSS(cModelMag g,r)",15.5685042776,SDSS,Vmag_sdss,1.0833543400000014,0.7304823600000017,SDSS(cModel extcorr),-19.4314957224,3.650527477264404,4.916210954931332,SDSS,False,3.2,15.731875055780264,,,,1.0833543400000014,g-i,19.62816,0.6721001321810606,44.0,5.576863312936564,11.911757005768564,5.576863312936564,NGC 4874,8.568579975084994,7340507.859035641,7.07854727161373,6.576931179443289,5.584381217004642,7.07854727161373,1.526887848741981,-0.0249881057419809,0.5813818513880011,-1.85061582405011,,,,,0.0255527417212826
LEDA 1820946,0,0,1381.957174715583,5527.828698862331,0.0,0.0,0.0,0.0,0.0,0.0,0.0,0.0,False,False,False,False,False,0,0,,,,0,0,,,,,,,,0.25,,,0.0,0.0,,,,,,,False,False,10,,,,,,,,,,,,,,195.233046,27.898499,GiC,0.02008,16.88,18.511,1.6310005,17.8705,17.1642,16.025,16.6473,0.70630074,1.845501,21.069780349731445,0.17962,142.0,SIMBAD,B,2023ApJS..269....3M,,-18.12,False,2.6337225437164307,Members of systems,,8857.385489570715,False,1.2376674440487898e+18,5.026748,3.665720953583065,17.33229,16.72034,16.38687,0.009437196,0.008089937,0.009884069,0.0289356,0.02001752,0.01487516,17.3033544,16.70032248,16.37199484,True,0.6030319199999994,0.9313595600000006,17.06194,16.37935,16.02368,0.00900143,0.007676336,0.009369091,17.0330044,16.35933248,16.00880484,16.9375655672,0.0061443654780203,"SDSS(cModelMag g,r)",16.9375655672,SDSS,Vmag_sdss,0.9313595600000006,0.6030319199999994,SDSS(cModel extcorr),-18.0624344328,2.6337225437164307,3.665720953583065,SDSS,False,3.2,11.730307051465807,,,,0.9313595600000006,g-i,10.7772,0.5115003488936403,142.0,18.09055354269622,11.56781613748748,11.56781613748748,NGC 4889,14.7463616639554,1308496.767834759,16.784951093473385,15.286144960227762,15.82567322904998,16.784951093473385,,,,,,,,,
LEDA 126800,30,23,807.6366611300253,3230.5466445201023,807.6366611300253,3230.5466445201023,1.0,1.0,1.0,1.0,1.0,1.0,True,True,True,True,True,30,23,1.6835630145,1.4098947861250002,1.4098947861250002,25,23,0.5209715451804728,0.6410878753583986,1.6835630145,1.427834235,1.6151023443333334,1.4710950884347826,0.2499999999999999,0.2499999999999999,24.25,19.25,24.25,19.25,13.02428862951182,14.745021133243169,0.2192426100199024,0.1674621884057864,0.2626997252850971,0.1899240161141198,True,True,10,0.5211568110629876,0.0420282831250869,0.373706599730556,0.373706599730556,0.5211568110629876,0.0420282831250869,0.373706599730556,,,,,,,194.79814608712,28.009279335850003,G,0.02299,16.76,18.12,1.3600006,17.305,16.574,16.204,15.94,0.7310009,1.1009998,13.199999809265137,0.21,,SIMBAD,E,2003A&A...412...45P,,-18.24,False,1.649999976158142,Regular galaxies,,6330.831049976618,False,1.2376673243345062e+18,2.320151,2.051373679435748,17.4938,16.75879,16.37698,0.006093453,0.005099151,0.005449634,0.03288055,0.02274661,0.01690317,17.46091945,16.736043390000003,16.36007683,True,0.7248760599999962,1.100842619999998,17.2971,16.56852,16.19925,0.005992664,0.005003454,0.005335718,17.26421945,16.54577339,16.18234683,17.023242574599998,0.0039105815758396,"SDSS(cModelMag g,r)",17.023242574599998,SDSS,Vmag_sdss,1.100842619999998,0.7248760599999962,SDSS(cModel extcorr),-17.976757425400002,1.649999976158142,2.051373679435748,SDSS,False,3.2,6.564395774194392,,,,1.100842619999998,g-i,12.6,0.954545468338265,0.0,6.11939665651458,12.630821191487428,6.11939665651458,NGC 4874,9.242994182591325,5640321.120413978,7.215609507040487,9.181898598248504,9.290876047089526,7.215609507040487,1.4958132056485205,0.1877498088514797,0.4086030436319576,1.0012917424930423,0.5739888459520819,-0.0528320348890942,0.1420480880116839,0.231658511718872,0.0061755201462607
LEDA 44616,45,66,2528.467843524292,10113.871374097173,2353.497868752411,6464.786582322912,0.9308,0.6392,0.9308,0.6392,0.9308,0.6392,True,False,False,True,True,45,66,1.557417313,0.731847197378244,0.990480894966667,45,64,0.510691810802192,0.5561441431583003,1.557417313,1.546190231,1.5692559086666664,1.5300385783030306,0.364048811013767,0.2499999999999998,20.97277847309137,21.700876095118907,28.50000000000001,29.000000000000007,22.98113148609864,35.59322516213122,0.2857932962456185,0.2599093872258023,0.3685810671170065,0.3548077087944558,True,True,10,0.5075432855448802,0.042075422623661,0.2195950344244542,0.3098031457552623,0.5075432855448802,0.042075422623661,0.2195950344244542,,,,,,,194.88102275683,28.046604796320004,EmG,0.02308,15.014,15.931,0.9169998,15.404,14.632,14.279,13.957,0.7720003,1.125,23.21999931335449,0.209,115.0,SIMBAD,C,2006AJ....131.1163S,,-19.986,False,2.9024999141693115,Regular galaxies,,11178.88372644241,False,1.2376673243345715e+18,6.934854,4.825542301445216,15.24406,14.39429,14.36976,0.002597582,0.002240397,0.002432704,0.02720708,0.01882173,0.01398656,15.21685292,14.37546827,14.35577344,True,0.8413846500000002,0.861079479999999,15.22128,14.39429,14.13101,0.002598232,0.002240398,0.002434631,15.19407292,14.37546827,14.11702344,14.7104359765,0.0016974949461703,"SDSS(cModelMag g,r)",14.7104359765,SDSS,Vmag_sdss,0.861079479999999,0.8413846500000002,SDSS(cModel extcorr),-20.2895640235,2.9024999141693115,4.825542301445216,SDSS,False,3.2,15.44173536462469,,,,0.861079479999999,g-i,12.54,0.5400516955565923,115.0,5.325221117073914,9.103196544208911,5.325221117073914,NGC 4874,6.523459754669351,9554733.184665523,5.172415927468721,7.764365270610436,8.53948698197187,5.172415927468721,1.5452170329405974,0.0122002800594025,0.6832943523120842,0.0485528450661597,0.5561753105596218,-0.0486320250147416,0.2202852110772313,-0.000690176652777,0.011894142364594
2MASX J12590459+2754389,0,0,881.4969803459139,3525.987921383656,0.0,0.0,0.0,0.0,0.0,0.0,0.0,0.0,False,False,False,False,False,0,0,,,,0,0,,,,,,,,0.2499999999999999,,,0.0,0.0,,,,,,,False,False,10,,,,,,,,,,,,,,194.76933243666,27.91098112536,GiC,0.02136,15.46,16.836,1.3760004,16.031,15.266,14.878,14.586,0.76500034,1.1529999,30.323999404907227,0.265638,39.0,SIMBAD,B,2023ApJS..269....3M,,-19.54,False,3.7904999256134033,Members of systems,S0,13539.24470315163,False,1.2376674440485934e+18,4.291782,2.8881384260928527,15.97731,15.25162,14.87028,0.003181499,0.002726208,0.002848987,0.04436432,0.03069103,0.02280673,15.93294568,15.22092897,14.84747327,True,0.7120167099999986,1.0854724099999995,16.01041,15.24325,14.86925,0.003173799,0.002720876,0.002848636,15.96604568,15.21255897,14.84644327,15.5028558211,0.0020709055372553,"SDSS(cModelMag g,r)",15.5028558211,SDSS,Vmag_sdss,1.0854724099999995,0.7120167099999986,SDSS(cModel extcorr),-19.4971441789,3.7904999256134033,2.8881384260928527,SDSS,False,3.0,8.664415278278558,,,,1.0854724099999995,g-i,15.93828,0.5255995354432292,39.0,7.448393380007165,14.56406351047053,7.448393380007165,NGC 4874,10.987498569653363,3212192.871613098,9.09556076563282,9.501450723408729,8.784196704619301,9.09556076563282,,,,,,,,,
LEDA 126761,13,19,1113.6920585333846,4454.768234133539,1113.6920585333846,4454.768234133539,1.0,1.0,1.0,1.0,1.0,1.0,True,True,True,True,True,13,19,1.61109036,1.1089020889423078,1.1089020889423078,13,19,0.5527830874082157,0.5333569995944764,1.61109036,1.374410005,1.4775351344615386,1.4079871273684208,0.2499999999999999,0.2499999999999999,8.25,8.25,8.25,8.25,7.186180136306803,10.133782992295052,0.1877817960062523,0.3058339841162314,0.2946753642272108,0.4029409488676112,True,True,10,0.5546859846159009,0.0501284333850367,0.3598055424563807,0.3598055424563807,0.5546859846159009,0.0501284333850367,0.3598055424563807,,,,,,,195.077274,28.097154,G,0.02608,17.04,,,18.0271,17.2866,16.345,16.7547,0.7404995,1.6821003,15.10818099975586,0.185831,172.0,SIMBAD,B,2023ApJS..269....3M,,-17.96,False,1.8885226249694824,Regular galaxies,,8189.209491651887,False,1.2376673243346373e+18,2.984147,2.7396117517756293,17.64105,16.9884,16.65755,0.008058333,0.006885627,0.00771767,0.0354602,0.0245312,0.01822931,17.6055898,16.9638688,16.63932069,True,0.6417210000000004,0.9662691099999988,17.38926,16.69533,16.33616,0.007796423,0.006673062,0.007489364,17.3537998,16.6707988,16.31793069,17.21697441,0.005236404550725,"SDSS(cModelMag g,r)",17.21697441,SDSS,Vmag_sdss,0.9662691099999988,0.6417210000000004,SDSS(cModel extcorr),-17.78302559,1.8885226249694824,2.7396117517756293,SDSS,False,3.2,8.766757605682015,,,,0.9662691099999988,g-i,11.14986,0.7380014841085222,172.0,12.56286733068016,7.567526255014786,7.567526255014786,NGC 4889,9.720538364282955,4565419.131852934,10.995968567563509,12.116571910577022,13.39978339508907,10.995968567563509,1.4916749027982337,0.1194154572017662,0.3855935747715924,0.7233085141707154,0.5754809935918281,-0.0207950089759272,0.1354945692434669,0.2243109732129138,0.0044845263626975
Z 160-A14,18,380,35462.05664966246,141848.2265986498,4014.30481274179,47320.56839330958,0.1132,0.3336,0.1132,0.3336,0.1132,0.3336,False,False,False,True,True,18,380,1.4625256285,-1.1320012101477483,-6.183535797055557,18,370,0.6292851213382886,0.5954076563480285,1.4625256285,1.448727428,1.503644549222222,1.4704047846789472,0.0848321342925659,0.25,-14.23621103117506,-13.387889688249402,-77.00000000000001,-74.50000000000001,11.327132184089196,220.3008328487705,0.2128709736624092,0.2365681541416723,0.2234530025869781,0.3193276660490313,True,True,10,0.6335029599453681,0.0475729937792544,-0.4047520309985777,-2.42623082962089,0.6335029599453681,0.0475729937792544,-0.4047520309985777,,,,,,,194.80802541595,28.076247957130004,GiC,0.02605,14.89,15.731,0.8409996,15.2864,14.5088,13.987,13.729,0.7776003,1.2993994,42.6622200012207,0.687217,72.0,SIMBAD,B,2023ApJS..269....3M,,-20.11,False,5.332777500152588,Members of systems,E1,23098.786248398344,False,1.2376673243345062e+18,14.07311,13.50878188094863,14.74425,14.0919,13.69844,0.002372164,0.002136026,0.00219536,0.03440632,0.02380214,0.01768754,14.70984368,14.06809786,13.68075246,True,0.6417458199999988,1.0290912199999998,14.81942,14.09186,13.70161,0.002373725,0.002136026,0.002195365,14.78501368,14.06805786,13.68392246,14.3212136462,0.0015919074914734,"SDSS(cModelMag g,r)",14.3212136462,SDSS,Vmag_sdss,1.0290912199999998,0.6417458199999988,SDSS(cModel extcorr),-20.6787863538,5.332777500152588,13.50878188094863,SDSS,False,3.2,43.22810201903562,,,,1.0290912199999998,g-i,41.23302,0.966499633606038,72.0,8.508403185891346,13.354927439395158,8.508403185891346,NGC 4874,10.598195894782828,2507474.1811365327,8.941889504576512,11.407203484410354,11.907206387730954,8.941889504576512,1.5535312053405543,-0.0910055768405544,0.7295221654657948,-1.8615233756135432,0.5531774698573206,0.0803254900880474,0.2334517401681448,-0.6382037711667226,0.0107508486288164
LEDA 44654,0,1,1310.0402687166772,5240.161074866707,0.0,526.1121719166174,0.0,0.1004,0.0,0.1004,0.0,0.1004,False,False,False,False,True,0,1,,,,0,1,,0.6684055305842985,,1.594658143,,1.594658143,,0.2500000000000001,,,-0.2500000000000001,-0.2500000000000001,,0.6684055305842985,,,,,False,True,10,,,,,,,,,,,,,,194.91709818857,27.854942862280005,GiC,0.01267,16.34,17.112,0.77199936,16.475,15.712,15.338,15.056,0.7630005,1.1370001,19.979999542236328,0.207,90.0,SIMBAD,C,2006AJ....131.1163S,,-18.66,False,2.497499942779541,Members of systems,,5347.782336170842,False,1.2376674440486587e+18,4.427285,3.2375340032278377,16.47558,15.7564,15.36265,0.003993998,0.003255572,0.003452432,0.03462779,0.02395535,0.01780139,16.440952210000003,15.73244465,15.34484861,True,0.7085075600000028,1.0961036000000028,16.47495,15.7117,15.33763,0.003966227,0.003229247,0.003432823,16.44032221,15.68774465,15.31982861,16.012932749599997,0.0025240758921553,"SDSS(cModelMag g,r)",16.012932749599997,SDSS,Vmag_sdss,1.0961036000000028,0.7085075600000028,SDSS(cModel extcorr),-18.987067250400003,2.497499942779541,3.2375340032278377,SDSS,False,3.2,10.36010881032908,,,,1.0961036000000028,g-i,12.42,0.6216216358636538,90.0,6.333173914566013,9.58625784932954,6.333173914566013,NGC 4874,7.274704755144369,6283899.296861078,6.959660546582788,4.838479206817263,3.5815545330176044,6.959660546582788,,,,,,,,,0.0026294257446807
NGC 4894,57,299,2271.664052014381,9086.656208057524,2911.055883033216,10736.307469171108,1.2814640793614966,1.1815465693145482,0.987,0.885,1.2814640793614966,1.1815465693145482,True,True,True,True,True,57,299,1.502251353,-0.6863390702556476,-0.5156916762894739,54,288,0.6025881823488907,0.5544259678022576,1.502251353,1.538765922,1.530472846210526,1.5530776303143812,0.2711412551654468,0.25,-24.0712352944686,-24.08868148764867,-17.75,-18.0,32.53976184684009,159.6746787270502,0.2144598863681106,0.242109105510848,0.3076382820952825,0.2856315790267494,True,True,10,0.6057076819252253,0.0271441762013734,-0.1960403330412906,-0.1335269418111182,0.6057076819252253,0.0271441762013734,-0.1960403330412906,,,,,,,195.06883071401,27.967522811130003,AG?,0.01547,15.04,16.106,1.0660009,15.602,14.896,14.534,14.267,0.7060003,1.0679998,36.62639999389648,0.272928,35.0,SIMBAD,B,2023ApJS..269....3M,,-19.96,True,4.5782999992370605,Other,,11928.963265800565,False,1.237667444048724e+18,7.417125,5.026950107692628,15.47466,14.59419,14.4706,0.002852344,0.002355901,0.002581416,0.03352223,0.02319052,0.01723304,15.44113777,14.57099948,14.45336696,True,0.8701382899999999,0.9877708100000008,15.34952,14.59441,14.31139,0.002860983,0.002355902,0.002606179,15.31599777,14.57121948,14.29415696,14.9177561789,0.0018165043200105,"SDSS(cModelMag g,r)",14.9177561789,SDSS,Vmag_sdss,0.9877708100000008,0.8701382899999999,SDSS(cModel extcorr),-20.0822438211,4.5782999992370605,5.026950107692628,SDSS,False,3.2,16.08624034461641,,,,0.9877708100000008,g-i,16.37568,0.4471004522073937,35.0,9.024995908507307,1.945041173130947,1.945041173130947,NGC 4889,5.4354458715513445,237850552.8189464,7.512870849978578,6.812002554574852,7.824452941874135,7.512870849978578,1.5407884691852267,-0.0385371161852268,0.6586709973978129,-1.3450100676534604,0.5577721175585547,0.0479355643666705,0.2132720279591669,-0.4093123610004575,0.1775564029671651
NGC 4886,990,2081,5816.59389665746,23266.375586629827,11873.093072042677,34157.81857845355,2.041244976525801,1.4681194520938865,1.0,0.94,2.041244976525801,1.4681194520938865,True,True,True,True,True,990,2081,1.5790044945,0.4027289305906816,0.7329948012699489,954,1972,0.5047378644408868,0.5022203554345288,1.5790044945,1.609898311,1.600671592651515,1.6164310768971648,0.3475951792639392,0.2500000000000001,266.6544319517426,268.5423064915119,469.74999999999966,460.99999999999966,481.5199226766059,990.3785409168908,0.2793257405084829,0.2781187434268359,0.3543578855159354,0.3769147111446047,True,True,10,0.5054676508775896,0.0093520340280576,0.1446177489182969,0.2459344902599555,0.5054676508775896,0.0093520340280576,0.1446177489182969,,,,,,,195.01853930586,27.98758513112,EmG,0.02125,14.294,15.1,0.8060007,14.837,14.07,13.673,13.374,0.7670002,1.1639996,52.4088020324707,0.575012,58.0,SIMBAD,B,2023ApJS..269....3M,,-20.706001,True,6.551100254058838,Regular galaxies,,23282.406744504948,False,1.237667324334637e+18,6.733684,6.629144494245015,14.71528,13.93851,13.60319,0.002147604,0.001930202,0.001987001,0.0307274,0.02125707,0.01579629,14.6845526,13.91725293,13.58739371,True,0.7672996699999999,1.097158890000001,14.70607,13.93849,13.5616,0.002147679,0.001930202,0.001988238,14.6753426,13.91723293,13.54580371,14.2218457947,0.0014395209060958,"SDSS(cModelMag g,r)",14.2218457947,SDSS,Vmag_sdss,1.097158890000001,0.7672996699999999,SDSS(cModel extcorr),-20.7781542053,6.551100254058838,6.629144494245015,SDSS,False,3.2,21.213262381584048,,,,1.097158890000001,g-i,34.50072,0.6583001072725252,58.0,6.569382104886389,1.024666966590929,1.024666966590929,NGC 4889,3.005746076700202,1620503836.8985834,4.951124720564601,5.081365527295721,6.316685581679086,4.951124720564601,1.5556538005363325,0.0233506939636674,0.7413240537826524,-0.3385951231919708,0.5524121258198977,-0.0469444749423081,0.2368131344295375,-0.0921953855112405,0.1442593534852356
NGC 4872,176,742,1522.974951960899,6091.899807843597,1522.974951960899,6091.899807843597,1.0,1.0,1.0,1.0,1.0,1.0,True,True,True,True,True,176,742,1.5918893239999998,-0.0376743857428976,-0.0376743857428976,167,717,0.5261277351249276,0.5485566281976965,1.5918893239999998,1.5461089645,1.587762523375,1.5582608164407008,0.2499999999999999,0.2499999999999999,-9.499999999999972,-12.249999999999972,-9.499999999999972,-12.249999999999972,87.86333176586291,393.31510241774834,0.2606649814997205,0.2477940926776309,0.2915629268476267,0.2966296663336127,True,True,10,0.526135665566506,0.0196207744624971,-0.0626593979331171,-0.0626593979331171,0.526135665566506,0.0196207744624971,-0.0626593979331171,,,,,,,194.89217171503,27.94685519906,AGN,0.02395,14.1,14.7,0.5999994,15.141,14.305,13.908,13.583,0.8359995,1.2329998,34.20000076293945,0.4,171.0,SIMBAD,D,2008ApJS..175...86P,,-20.9,True,4.275000095367432,Active (AGN/Seyfert/QSO),,17067.662871420504,False,1.2376674440486584e+18,3.66361,3.2854048505957945,15.09876,14.28353,13.83417,0.002393065,0.002126852,0.002146294,0.03174773,0.02196293,0.01632081,15.06701227,14.26156707,13.81784919,True,0.8054452000000012,1.2491630800000006,15.09115,14.2712,13.86226,0.002384469,0.002119282,0.002147931,15.05940227,14.24923707,13.84593919,14.581799602,0.0015928899909877,"SDSS(cModelMag g,r)",14.581799602,SDSS,Vmag_sdss,1.2491630800000006,0.8054452000000012,SDSS(cModel extcorr),-20.418200398,4.275000095367432,3.2854048505957945,SDSS,False,3.2,10.513295521906542,,,,1.2491630800000006,g-i,24.0,0.7017543703100557,171.0,0.8221462634038075,7.717651089955757,0.8221462634038075,NGC 4874,4.129079699002495,1973715313.1549392,2.335873126069854,3.061188955350869,3.0665392548997885,2.335873126069854,1.5479648326202151,0.0439244913797844,0.6985724538551621,-0.7362468395980597,0.555184536574544,-0.0290488710080379,0.2246366946257174,-0.2872960925588346,0.178345894047543
NGC 4865,0,0,1910.27405349458,7641.096213978318,0.0,0.0,0.0,0.0,0.0,0.0,0.0,0.0,False,False,False,False,False,0,0,,,,0,0,,,,,,,,0.25,,,0.0,0.0,,,,,,,False,False,10,,,,,,,,,,,,,,194.83280739129,28.08430245029,EmG,0.01528,13.692,14.6,0.908,14.261,13.468,13.037,12.729,0.79299927,1.224,73.39920043945312,0.624383,115.0,SIMBAD,B,2023ApJS..269....3M,,-21.307999,True,9.17490005493164,Regular galaxies,,23617.47217651173,False,1.2376673243345715e+18,6.145326,4.314469660766079,14.35781,13.49159,13.13639,0.002000163,0.001844716,0.001876281,0.03386509,0.02342771,0.0174093,14.32394491,13.46816229,13.1189807,True,0.8557826199999994,1.20496421,14.30048,13.45579,13.07131,0.001977089,0.001821732,0.001855465,14.26661491,13.43236229,13.0539007,13.8090331642,0.0013627494051976,"SDSS(cModelMag g,r)",13.8090331642,SDSS,Vmag_sdss,1.20496421,0.8557826199999994,SDSS(cModel extcorr),-21.1909668358,9.17490005493164,4.314469660766079,SDSS,False,3.2,13.806302914451454,,,,1.20496421,g-i,37.46298,0.5104003827794167,115.0,8.277217331995425,12.436812404650697,8.277217331995425,NGC 4874,9.9268194754727,2834538.6060434026,8.454716833636692,11.006890990480466,11.643385210055836,8.454716833636692,,,,,,,,,
NGC 4873,589,1933,5928.15145370987,23712.60581483948,5928.15145370987,23712.60581483948,1.0,1.0,1.0,1.0,1.0,1.0,True,True,True,True,True,589,1933,1.553290566,0.2820011727784377,0.2820011727784377,577,1884,0.5376708616345675,0.5371179148749514,1.553290566,1.54948671,1.560869867730051,1.5614155925075013,0.25,0.25,105.74999999999989,105.99999999999989,105.74999999999989,105.99999999999989,310.23608716314544,1011.9301516244084,0.2574945936271456,0.2606177851785288,0.3143804353460361,0.3112608921636521,True,True,10,0.5360717504509784,0.0102529351422651,0.0976271440279243,0.0976271440279243,0.5360717504509784,0.0102529351422651,0.0976271440279243,,,,,,,194.88664867224,27.98361769396,EmG,0.01943,14.36,15.4,1.04,14.94,14.138,13.737,13.444,0.80200005,1.2029991,24.18000030517578,0.339,85.0,SIMBAD,C,2006AJ....131.1163S,,-20.64,True,3.0225000381469727,Regular galaxies,,9843.600725478636,False,1.2376674440486584e+18,6.776,5.920350224852851,14.79966,14.0643,13.58516,0.002274498,0.002038532,0.002055469,0.02887073,0.01997264,0.01484181,14.77078927,14.04432736,13.57031819,True,0.7264619100000012,1.2004710799999998,14.83407,14.04072,13.6358,0.002263589,0.002025374,0.002055678,14.80519927,14.02074736,13.62095819,14.332176743099998,0.001521909141096,"SDSS(cModelMag g,r)",14.332176743099998,SDSS,Vmag_sdss,1.2004710799999998,0.7264619100000012,SDSS(cModel extcorr),-20.6678232569,3.0225000381469727,5.920350224852851,SDSS,False,3.2,18.945120719529125,,,,1.2004710799999998,g-i,20.34,0.8411910563808462,85.0,1.5974341779075851,7.803757355433282,1.5974341779075851,NGC 4874,4.319723223776247,272212924.176568,2.281312971202051,4.493711521141899,4.977491715173646,2.281312971202051,1.553297022790972,-6.456790972109161e-06,0.7282200819119333,-0.4462189091334956,0.5532619090468316,-0.0171901585958531,0.2330808828893522,-0.1354537388614278,0.1522581274179757
NGC 4898A,99,274,3334.513990825004,13338.055963300018,3334.513990825004,14352.121568109384,1.0,1.076027991455396,1.0,0.9188,1.0,1.076027991455396,True,True,True,True,True,99,274,1.613224031,0.6564571013675666,0.5837160334166667,90,264,0.5017952327822469,0.5765843882440008,1.613224031,1.4879020695,1.6114474658888889,1.5161684138613138,0.2323359633626808,0.2499999999999999,35.33994603862544,28.66330567225225,30.50000000000001,24.00000000000001,45.16157095040222,152.21827849641622,0.2795887221972489,0.246003385632971,0.3714844065459994,0.3188644012304166,True,True,10,0.5051497006339625,0.0287766678441676,0.1121965853464768,0.0823211492550285,0.5051497006339625,0.0287766678441676,0.1121965853464768,,,,,,,195.07366377992,27.95526275171,GiC,0.02291,13.862,15.0,1.1379995,14.544,13.772,13.361,13.057,0.77199936,1.1829996,31.6200008392334,0.432,85.0,SIMBAD,C,2006AJ....131.1163S,,-21.138,True,3.952500104904175,Members of systems,,15113.913266434003,False,1.237667444048724e+18,5.481787,4.4979517106256175,14.56954,13.79776,13.41057,0.002162378,0.001929308,0.001974395,0.03344134,0.02313457,0.01719146,14.53609866,13.77462543,13.39337854,True,0.76147323,1.14272012,14.53884,13.76106,13.36086,0.002137342,0.00190748,0.001956161,14.50539866,13.73792543,13.34366854,14.0768294543,0.0014428178107379,"SDSS(cModelMag g,r)",14.0768294543,SDSS,Vmag_sdss,1.14272012,0.76147323,SDSS(cModel extcorr),-20.9231705457,3.952500104904175,4.4979517106256175,SDSS,False,3.2,14.393445474001975,,,,1.14272012,g-i,25.92,0.819734323594294,85.0,9.27106840502208,2.4863009828800005,2.4863009828800005,NGC 4889,5.743936092994074,114536085.6124651,7.821480735838882,6.863349057626816,7.785409517046283,7.821480735838882,1.5587514924235557,0.0544725385764441,0.7585475986986878,-0.1020904973311211,0.5512951912200386,-0.046145490586076,0.2417187159337198,-0.129522130587243,0.0616039972414995
NGC 4898B,81,192,2156.619001437156,8626.476005748624,2156.619001437156,10011.43933101592,1.0,1.1605479832488224,1.0,0.9498,1.0,1.1605479832488224,True,True,True,True,True,81,192,1.610607648,0.8499569186310111,0.7278359780740742,72,185,0.5090262881748644,0.582702009288754,1.610607648,1.489677193,1.6068630616049384,1.514919944192708,0.2154154792464103,0.25,39.64022798468922,32.148136339414094,33.0,25.75,36.64989274859023,107.7998717184195,0.2865730245810326,0.2423288320089918,0.3864747442715122,0.3323188534082986,True,True,10,0.5135913645093673,0.0332121073380694,0.1910669057742993,0.1392862543759662,0.5135913645093673,0.0332121073380694,0.1910669057742993,,,,,,,195.07540991934,27.956592492190005,GiC,0.02124,14.333,15.284,0.9510002,15.528,14.72,14.257,14.034,0.8079996,1.2709999,23.71422004699707,0.229277,143.0,SIMBAD,B,2023ApJS..269....3M,,-20.667,True,2.964277505874634,Members of systems,,10530.1203642135,False,1.237667444048724e+18,4.745432,4.300018683606119,15.44832,14.66071,14.28996,0.002791024,0.002316615,0.002410867,0.03351657,0.02318661,0.01723013,15.41480343,14.63752339,14.27272987,True,0.7772800400000008,1.14207356,15.41488,14.63501,14.2501,0.002757302,0.002302538,0.002399149,15.38136343,14.61182339,14.23286987,14.9462082064,0.0017825874247805,"SDSS(cModelMag g,r)",14.9462082064,SDSS,Vmag_sdss,1.14207356,0.7772800400000008,SDSS(cModel extcorr),-20.0537917936,2.964277505874634,4.300018683606119,SDSS,False,3.2,13.760059787539582,,,,1.14207356,g-i,13.75662,0.5801000400914302,143.0,9.361824069433174,2.525822445468637,2.525822445468637,NGC 4889,5.825587395626785,109267261.53099062,7.904453350781524,6.970871504804305,7.899177969894845,7.904453350781524,1.5401807058496009,0.0704269421503993,0.6552917590840692,0.1946651595469418,0.5579912587523211,-0.0443998942429538,0.2123095589058484,-0.0212426531315491,0.0509129485961509
NGC 4908,139,225,4521.805099126582,18087.220396506324,4521.805099126582,17530.134008293928,1.0,0.9692,1.0,0.9692,1.0,0.9692,True,True,True,True,True,139,225,1.594549909,1.0081602164051282,1.0262210189370502,135,223,0.5204623062746998,0.6370512575084222,1.594549909,1.404403835,1.60533564976259,1.434939014622222,0.2579446966570368,0.25,80.96244325216672,77.4783326454808,82.74999999999999,79.24999999999999,70.26241134708448,142.06243042437814,0.2645940246403819,0.2182540352434342,0.3376627511610064,0.2843856942940389,True,True,10,0.5208173096322799,0.0219771104820076,0.2493784168754086,0.2577387347723203,0.5208173096322799,0.0219771104820076,0.2493784168754086,,,,,,,195.21476199117,28.04287393961,LIN,0.0291601732022224,13.58,14.9,1.3199997,14.4498,13.6108,13.173,12.884,0.83899975,1.2767992,57.34199905395508,0.666983,57.0,SIMBAD,B,2023ApJS..269....3M,,-21.42,True,7.167749881744385,Active (AGN/Seyfert/QSO),,34623.26656031884,False,1.2376673243347026e+18,6.996706,5.6766798692894485,14.39785,13.60594,13.14518,0.001954095,0.001809066,0.001801665,0.03499835,0.0242117,0.01799189,14.36285165,13.5817283,13.12718811,True,0.7811233499999997,1.2356635399999991,14.41202,13.59609,13.16484,0.001948188,0.001803014,0.001802313,14.37702165,13.5718783,13.14684811,13.8919888735,0.0013345866287514,"SDSS(cModelMag g,r)",13.8919888735,SDSS,Vmag_sdss,1.2356635399999991,0.7811233499999997,SDSS(cModel extcorr),-21.108011126500003,7.167749881744385,5.6766798692894485,SDSS,False,3.2,18.165375581726234,,,,1.2356635399999991,g-i,40.01898,0.6978999801235523,57.0,17.474909905471062,10.371261002423465,10.371261002423465,NGC 4889,13.90681024752937,1764223.2490023563,15.843472882463004,15.687381709728466,16.761282024874784,15.843472882463004,1.5626998693167695,0.0318500396832304,0.7805010560603451,0.227659160344783,0.5498715251725841,-0.0290542155403041,0.2479714632578745,0.0014069536175341,0.0476153254192334
NGC 4906,108,60,5695.179993967298,22780.71997586919,5695.179993967298,17090.096125897064,1.0,0.7501999999999999,1.0,0.7502,1.0,0.7502,True,False,False,True,True,108,60,1.622993674,1.346125363604994,1.4152870675416669,99,53,0.5460283089206311,0.562149015802541,1.622993674,1.4954875665,1.6369588818888887,1.55372305175,0.3332444681418289,0.25,88.00533191149026,81.33804318848307,93.0,85.75,54.056802583142485,29.793897837534672,0.2404900802936889,0.2756947332861967,0.2939658245104472,0.3821334240973983,True,True,10,0.5469628506029274,0.0231248877372449,0.4466734401105917,0.4717257348515772,0.5469628506029274,0.0231248877372449,0.4466734401105917,,,,,,,195.16566822405,27.923956527790004,G,0.02502,14.08,15.2,1.1199999,14.8718,14.015,13.613,13.304,0.8568001,1.2588005,40.18302154541016,0.581649,10.0,SIMBAD,B,2023ApJS..269....3M,,-20.92,True,5.0228776931762695,Regular galaxies,,20922.29806972467,False,1.2376674440487242e+18,6.121517,5.710892442779653,14.70623,14.02911,13.55231,0.00223731,0.001985066,0.002017172,0.03238968,0.02240703,0.01665082,14.67384032,14.00670297,13.53565918,True,0.6671373500000009,1.1381811400000004,14.76267,14.00413,13.58521,0.00222274,0.001970411,0.002009759,14.73028032,13.98172297,13.56855918,14.2702292835,0.0014876550348944,"SDSS(cModelMag g,r)",14.2702292835,SDSS,Vmag_sdss,1.1381811400000004,0.6671373500000009,SDSS(cModel extcorr),-20.7297707165,5.0228776931762695,5.710892442779653,SDSS,False,3.2,18.27485581689489,,,,1.1381811400000004,g-i,34.89894,0.8684996463135876,10.0,14.303675424398635,7.683317025303405,7.683317025303405,NGC 4889,10.896480183182728,4208647.047333927,12.950768903990348,11.59475844941888,12.248639443753294,12.950768903990348,1.554620281552762,0.068373392447238,0.735577562109764,0.6105478014952301,0.5527847817051142,-0.0058219311021868,0.2351764281996712,0.2114970119109205,0.0036854151444139
IC 3968,31,113,737.8700913065138,2951.480365226056,737.8700913065138,2951.480365226056,1.0,1.0,1.0,1.0,1.0,1.0,True,True,True,True,True,31,113,1.674211738,0.2661161845645159,0.2661161845645159,30,112,0.4534247596648977,0.5829406106666184,1.674211738,1.545166802,1.6627505766129032,1.5400549146902651,0.25,0.25,2.75,2.0,2.75,2.0,13.602742789946932,65.28934839466126,0.2857624024474651,0.2291372370803636,0.3355090300565679,0.2621353303485597,True,True,10,0.4523769998866357,0.0505587807212691,-0.0917009034022081,-0.0917009034022081,0.4523769998866357,0.0505587807212691,-0.0917009034022081,,,,,,,194.85620569633,27.97320929685,EmG,0.02033,15.32,16.795,1.4750004,16.049,15.263,14.883,14.595,0.78600025,1.1659994,25.70639991760254,0.234956,46.0,SIMBAD,B,2023ApJS..269....3M,,-19.68,True,3.2132999897003174,Regular galaxies,Sa:,10937.764362427635,False,1.2376674440486584e+18,3.370826,2.58688286920158,16.11325,15.32203,14.93424,0.003265347,0.002761985,0.002858132,0.03228942,0.02233767,0.01659928,16.08096058,15.29969233,14.91764072,True,0.7812682500000001,1.163319859999998,16.08525,15.28769,14.91323,0.003244352,0.002744535,0.002842484,16.052960579999997,15.26535233,14.89663072,15.6100123125,0.0021089966512832,"SDSS(cModelMag g,r)",15.6100123125,SDSS,Vmag_sdss,1.163319859999998,0.7812682500000001,SDSS(cModel extcorr),-19.389987687500003,3.2132999897003174,2.58688286920158,SDSS,False,3.0,7.760648607604738,,,,1.163319859999998,g-i,14.09736,0.5483988440694407,46.0,2.4070929719197043,9.410032222679204,2.4070929719197043,NGC 4874,5.840027155534421,80578508.25872569,3.75999678076209,5.439773011723768,5.541774035298311,3.75999678076209,1.5260011962267566,0.1482105417732433,0.5764519552017886,-0.3103357706372727,0.5631039637867096,-0.1107269639000738,0.1898545366904043,-0.2815554400926124,0.0406088325502135
IC 3955,4,77,4881.61264482038,19526.450579281514,1258.479739834694,8525.248322914309,0.2578,0.4366,0.2578,0.4366,0.2578,0.4366,False,False,False,True,True,4,77,1.6930430325,-2.6827832211289526,-5.717685215500003,4,72,0.4482254322166178,0.5690341182789488,1.6930430325,1.539891584,1.6267834465,1.5371378893376624,0.1476179569399908,0.2500000000000001,-7.366582684379297,-6.628492899679344,-15.250000000000009,-14.000000000000009,1.7929017288664717,40.97045651608431,0.3159023594113518,0.2495004617269698,0.3834697330442743,0.3341916761903421,False,True,10,,,,,,,,,,,,,,194.77512315877,27.99670897925,GiC,0.02557,14.31,15.591,1.2809992,15.059,14.2273,13.806,13.5935,0.8317003,1.2530003,43.19741821289063,0.520313,37.0,SIMBAD,B,2023ApJS..269....3M,,-20.689999,True,5.399677276611328,Members of systems,SB0,22970.942107715884,False,1.237667444048593e+18,6.792245,5.796123975447121,14.9788,14.17417,13.7218,0.00237146,0.002062952,0.002107351,0.03477185,0.024055,0.01787545,14.94402815,14.150115,13.70392455,True,0.7939131499999998,1.2401035999999994,14.98426,14.16541,13.76454,0.002362423,0.002057863,0.002108699,14.94948815,14.141355,13.74666455,14.465619391499995,0.0015578184864595,"SDSS(cModelMag g,r)",14.465619391499995,SDSS,Vmag_sdss,1.2401035999999994,0.7939131499999998,SDSS(cModel extcorr),-20.5343806085,5.399677276611328,5.796123975447121,SDSS,False,3.0,17.388371926341364,,,,1.2401035999999994,g-i,31.21878,0.7227001355993988,37.0,6.927529747294869,13.753045835834664,6.927529747294869,NGC 4874,10.271723935975638,3961395.0487366505,8.20343859811122,9.927659769217453,9.86537209817872,8.20343859811122,1.5504465563661671,0.1425964761338325,0.7123711407368043,-3.3951543618657567,,,,,0.0090856502356822
IC 3998,115,579,3084.466585706263,12337.86634282505,3084.466585706263,12337.86634282505,1.0,1.0,1.0,1.0,1.0,1.0,True,True,True,True,True,115,579,1.468775555,-0.4275207790586961,-0.4275207790586961,111,564,0.6186182767476608,0.5760512961544436,1.468775555,1.506556673,1.511263899756522,1.5362212222452505,0.25,0.25,-29.75000000000003,-30.00000000000003,-29.75000000000003,-30.00000000000003,68.66662871899035,324.8929310311062,0.2160407256945526,0.2374841840140114,0.2919727243845557,0.2809150623936101,True,True,10,0.6201298258292783,0.0212034081566948,-0.1116110098263662,-0.1116110098263662,0.6201298258292783,0.0212034081566948,-0.1116110098263662,,,,,,,194.94492123014,27.97385772552,G,0.03142,14.61,15.909,1.2990007,15.3933,14.5528,14.139,13.854,0.8404999,1.2543001,35.339820861816406,0.43574,7.0,SIMBAD,B,2023ApJS..269....3M,,-20.39,True,4.417477607727051,Regular galaxies,SB0,22929.32790588228,False,1.2376674440486584e+18,5.116478,4.553736992641008,15.48041,14.66306,14.27212,0.002716808,0.002324977,0.002409557,0.02731829,0.01889867,0.01404374,15.45309171,14.64416133,14.25807626,True,0.8089303799999996,1.1950154499999996,15.44581,14.62817,14.25422,0.002696275,0.002306417,0.002395132,15.41849171,14.60927133,14.24017626,14.9658227858,0.0017670355449308,"SDSS(cModelMag g,r)",14.9658227858,SDSS,Vmag_sdss,1.1950154499999996,0.8089303799999996,SDSS(cModel extcorr),-20.0341772142,4.417477607727051,4.553736992641008,SDSS,False,3.0,13.661210977923025,,,,1.1950154499999996,g-i,26.1444,0.7398000148961769,7.0,2.5970946098972965,4.710113721038631,2.5970946098972965,NGC 4874,1.1818856405573146,79138128.74996634,0.9643724024103008,2.5680610700511366,3.718832549865224,0.9643724024103008,1.539761719111202,-0.0709861641112021,0.6529621416880353,-1.0804829207467317,0.5581423327784145,0.0619874930508638,0.2116460411419085,-0.3232570509682748,0.0749524625293783
IC 4011,52,58,178.65830649883225,714.633225995329,322.0479675506748,1126.1369909352345,1.802591627906088,1.5758251225539788,1.0,0.9794,1.802591627906088,1.5758251225539788,True,True,True,True,True,52,58,1.8014719075,1.3304678905290843,1.3897203209086535,33,58,0.4043178570799345,0.5804627408364765,1.8014719075,1.4766263795,1.7944156447307695,1.5127850225517243,0.2859758361042916,0.25,35.413401505951086,16.413401505951082,37.5,18.5,13.34248928363784,33.66683896851564,0.2636220788277563,0.2359825917519039,0.3078670629106552,0.3623735594049969,True,True,10,0.4067824072653772,0.0450861250513056,0.115027788386292,0.1517305968978344,0.4067824072653772,0.0450861250513056,0.115027788386292,,,,,,,195.02664187002,28.004124776700003,G,0.02425,15.05,16.207,1.1570005,15.678,14.916,14.517,14.233,0.7620001,1.1610003,17.219999313354492,0.258,15.0,SIMBAD,C,2006AJ....131.1163S,,-19.95,True,2.1524999141693115,Regular galaxies,E1,8698.200669748132,False,1.237667324334637e+18,1.014002,0.9942091823348834,16.62321,15.84426,15.45266,0.00354938,0.003090188,0.003090666,0.03155479,0.02182946,0.01622163,16.59165521,15.82243054,15.43643837,True,0.7692246699999981,1.1552168399999996,16.62722,15.84291,15.44673,0.003547512,0.003078342,0.003082022,16.59566521,15.82108054,15.43050837,16.127812654699998,0.0023327748278016,"SDSS(cModelMag g,r)",16.127812654699998,SDSS,Vmag_sdss,1.1552168399999996,0.7692246699999981,SDSS(cModel extcorr),-18.8721873453,2.1524999141693115,0.9942091823348834,SDSS,False,3.2,3.181469383471627,,,,1.1552168399999996,g-i,15.48,0.8989547396784688,15.0,7.289882437924954,1.6688801879551816,1.6688801879551816,NGC 4889,3.859615205478872,377011525.4284291,5.6445996976052095,6.079873254215437,7.335571695374009,5.6445996976052095,1.514940470829811,0.2865314366701887,0.5149529722125561,0.8155149183165282,0.5670921289577988,-0.1603097216924216,0.172338498328457,-0.0573107099421649,0.1089654377472485
IC 4021,25,34,1382.2037624070351,5528.8150496281405,1382.2037624070351,5528.8150496281405,1.0,1.0,1.0,1.0,1.0,1.0,True,True,True,True,True,25,34,1.569936331,1.0865229361500002,1.0865229361500002,18,34,0.6032563728093032,0.6702145768177619,1.569936331,1.4218041025,1.6070287549600002,1.4526065402941175,0.25,0.25,16.5,9.5,16.5,9.5,10.858614710567458,22.787295611803906,0.1873124360694406,0.1933418408789378,0.2911412664820602,0.2265058170572267,True,True,10,0.599920414597013,0.0458579482014457,0.2834301977664032,0.2834301977664032,0.599920414597013,0.0458579482014457,0.2834301977664032,,,,,,,195.06145537668,28.04129991474,LIN,0.01912,14.75,15.974,1.224,15.4985,14.6876,14.269,13.968,0.81089973,1.2294998,25.3218002319336,0.362693,49.0,SIMBAD,B,2023ApJS..269....3M,,-20.25,True,3.165225028991699,Active (AGN/Seyfert/QSO),E3,10147.779409867928,False,1.237667324334637e+18,3.041007,2.828285123050337,15.40342,14.66715,14.24484,0.002457547,0.002221335,0.002240282,0.03434348,0.02375866,0.01765523,15.36907652,14.64339134,14.22718477,True,0.725685180000001,1.141891750000001,15.42407,14.66149,14.24243,0.002453489,0.002217651,0.002239004,15.38972652,14.63773134,14.22477477,14.930922263799998,0.0016531443376999,"SDSS(cModelMag g,r)",14.930922263799998,SDSS,Vmag_sdss,1.141891750000001,0.725685180000001,SDSS(cModel extcorr),-20.0690777362,3.165225028991699,2.828285123050337,SDSS,False,3.2,9.05051239376108,,,,1.141891750000001,g-i,21.76158,0.859400982579281,49.0,9.924647517951785,4.126548397941443,4.126548397941443,NGC 4889,6.68578316531927,25871383.722603098,8.285585263395243,8.96824937381079,10.228415969778473,8.285585263395243,1.540507228641791,0.0294291023582093,0.6571072656554591,0.4294156704945411,0.5578735244464195,0.0420468901505934,0.2128266484771734,0.0706035492892297,0.0060848480402835
IC 4030,11,8,1020.7239285461352,4082.895714184543,1020.7239285461352,4082.895714184543,1.0,1.0,1.0,1.0,1.0,1.0,True,True,True,True,True,11,8,1.621557588,1.362257139181818,1.362257139181818,10,7,0.4797944404383186,0.7483998986814928,1.621557588,1.4261524685,1.6675771067272729,1.528489997,0.2499999999999999,0.2499999999999999,9.0,8.25,9.0,8.25,4.797944404383187,5.23879929077045,0.3009963740285098,0.0284760680359256,0.2852198028984817,0.3543343957450101,True,True,10,0.479332391370431,0.0877451102302295,0.3483624091011698,0.3483624091011698,0.479332391370431,0.0877451102302295,0.3483624091011698,,,,,,,195.1165418506,27.95599470558,G,0.02336,15.27,16.5,1.2299995,15.909,15.116,14.736,14.44,0.7930002,1.1730003,26.8411808013916,0.290645,12.0,SIMBAD,B,2023ApJS..269....3M,,-19.73,True,3.35514760017395,Regular galaxies,SB0,13074.57116618589,False,1.2376674440487242e+18,3.214207,2.7953293218139783,15.75536,15.07075,14.72363,0.00295596,0.002528128,0.00266926,0.03450034,0.02386717,0.01773587,15.72085966,15.04688283,14.70589413,True,0.6739768300000009,1.0149655299999996,15.83601,15.07099,14.70557,0.002963471,0.002528128,0.002669879,15.80150966,15.04712283,14.68783413,15.3132133303,0.0019218908618506,"SDSS(cModelMag g,r)",15.3132133303,SDSS,Vmag_sdss,1.0149655299999996,0.6739768300000009,SDSS(cModel extcorr),-19.6867866697,3.35514760017395,2.7953293218139783,SDSS,False,3.0,8.385987965441934,,,,1.0149655299999996,g-i,17.4387,0.6496994349479542,12.0,11.542040785274944,4.565895315467575,4.565895315467575,NGC 4889,7.99733748320981,18983923.76721572,10.077621936173257,9.104555489358455,9.970949398224786,10.077621936173257,1.5323411148646222,0.0892164731353777,0.6117026765126072,0.7505544626692109,0.5608179796589364,-0.0814855882885053,0.1998945886840238,0.1484678204171459,0.0045953489277287
IC 4040,21,104,2465.3466584469743,9861.386633787895,2465.3466584469743,9861.386633787895,1.0,1.0,1.0,1.0,1.0,1.0,True,True,True,True,True,21,104,1.389583181,-0.3377024217142861,-0.3377024217142861,21,101,0.5795888480216358,0.6205452443009867,1.389583181,1.3951152945,1.3677356080476193,1.438114740173077,0.25,0.25,-5.0,-4.25,-5.0,-4.25,12.171365808454352,62.67506967439966,0.2119904458364782,0.2307488857395155,0.3247877926113705,0.3499880300821659,True,True,10,0.5815966986485532,0.0440154397746029,-0.1645350831895378,-0.1645350831895378,0.5815966986485532,0.0440154397746029,-0.1645350831895378,,,,,,,195.15820968252208,28.05746747143528,EmG,0.02553,15.04,15.1,0.06000042,15.2684,14.7118,14.641,14.302,0.5566006,0.6274004,44.41517639160156,0.294473,152.0,SIMBAD,B,2023ApJS..269....3M,,-19.96,True,5.551897048950195,Regular galaxies,Scd,23582.69984675301,False,,,,,,,,,,,,,,,,False,,,,,,,,,,,,,,,15.039999961853027,SIMBAD,,,,,-19.960000038146973,5.551897048950195,5.551897048950195,SIMBAD_proxy(maj/8),True,3.0,16.655691146850586,,,,0.0600004196166992,B-V,17.66838,0.3978005140454851,152.0,14.952516011317968,8.170947078353194,8.170947078353194,NGC 4889,11.49374385752144,3515663.4381460515,13.30521384728729,13.512247316411145,14.680742678674878,13.30521384728729,1.5381772215584244,-0.1485940405584245,0.6441521419323528,-0.9818545636466388,0.5587136549771745,0.0228830436713787,0.2091367916195823,-0.3736718748091201,0.0080766771104081
2MASX J12592529+2758048,61,153,1096.7342654406837,4386.937061762734,1096.7342654406837,4386.937061762734,1.0,1.0,1.0,1.0,1.0,1.0,True,True,True,True,True,61,153,1.617165705,0.6593680454139341,0.6593680454139341,60,148,0.5124854541448614,0.575623392021124,1.617165705,1.527468163,1.629756378622951,1.5252452253267974,0.25,0.25,22.75,23.0,22.75,23.0,30.74912724869168,85.19226201912636,0.2550642040035746,0.2272621392366113,0.2540481391169129,0.2953961196487253,True,True,10,0.5145476732566931,0.0318221790264693,0.1595799148436666,0.1595799148436666,0.5145476732566931,0.0318221790264693,0.1595799148436666,,,,,,,194.85554288412,27.96793530272,GiC,0.02571,15.59,17.055,1.4650002,16.205,15.399,15.024,14.746,0.80599976,1.1809998,27.22559928894043,0.252018,69.0,SIMBAD,B,2023ApJS..269....3M,,-19.41,False,3.4031999111175537,Members of systems,S...,14554.46396629703,False,1.2376674440486584e+18,3.895401,3.1338853299605423,16.22602,15.44426,15.08308,0.003544416,0.002906817,0.003070116,0.03289751,0.02275835,0.01691189,16.193122489999997,15.42150165,15.06616811,True,0.7716208399999971,1.1269543799999957,16.25363,15.44428,15.07672,0.003545425,0.002906817,0.003070455,16.22073249,15.42152165,15.05980811,15.727866194399995,0.0022479149216731,"SDSS(cModelMag g,r)",15.727866194399995,SDSS,Vmag_sdss,1.1269543799999957,0.7716208399999971,SDSS(cModel extcorr),-19.272133805600003,3.4031999111175537,3.1338853299605423,SDSS,False,3.0,9.401655989881627,,,,1.1269543799999957,g-i,15.12108,0.5553993445478528,69.0,2.350342798744093,9.458336239252912,2.350342798744093,NGC 4874,5.867369879702429,86370699.46573423,3.795320634065584,5.332270504159892,5.366717249647854,3.795320634065584,1.523483721210959,0.0936819837890408,0.5624544868969423,0.0969135585169918,0.5640116896199414,-0.0494640163632482,0.1858678009773803,-0.0262878861337136,0.0458069491250671
LEDA 44602,17,43,1061.3312672933298,4245.325069173319,1061.3312672933298,4245.325069173319,1.0,1.0,1.0,1.0,1.0,1.0,True,True,True,True,True,17,43,1.458649905,0.5054572684411763,0.5054572684411763,14,43,0.6250812894104097,0.5226278436182434,1.458649905,1.507374402,1.516542612117647,1.512850308767442,0.25,0.25,6.25,3.25,6.25,3.25,8.751138051745736,22.47299727558447,0.2274384411163398,0.282202566403842,0.3085632256760341,0.415336524983816,True,True,10,0.6359708497163687,0.0582982867536154,0.2346673269380746,0.2346673269380746,0.6359708497163687,0.0582982867536154,0.2346673269380746,,,,,,,194.86970481719,28.04052671511,AG?,0.01876,16.033,16.995,0.9619999,16.142,15.367,14.989,14.695,0.7750006,1.1529999,16.979999542236328,0.159,10.0,SIMBAD,C,2006AJ....131.1163S,,-18.967,False,2.122499942779541,Other,,6679.580151249703,False,1.2376673243345715e+18,4.108369,3.0651745140028503,16.32349,15.46277,15.20181,0.003432369,0.002888707,0.002987799,0.0276596,0.01913479,0.0142192,16.2958304,15.44363521,15.1875908,True,0.8521951899999998,1.1082395999999992,16.24869,15.42865,15.09022,0.003410304,0.002870681,0.002968471,16.2210304,15.40951521,15.0760008,15.7830352379,0.0022102437730609,"SDSS(cModelMag g,r)",15.7830352379,SDSS,Vmag_sdss,1.1082395999999992,0.8521951899999998,SDSS(cModel extcorr),-19.2169647621,2.122499942779541,3.0651745140028503,SDSS,False,3.2,9.808558444809124,,,,1.1082395999999992,g-i,9.54,0.5618374709769602,10.0,5.114322390000249,9.48786280045,5.114322390000249,NGC 4874,6.710439138827572,10219808.521643868,5.181454843642449,7.740982843002722,8.424834279947602,5.181454843642449,1.5223052560945147,-0.0636553510945148,0.5559020770369496,-0.0504448085957732,0.5644366087246184,0.0715342409917503,0.1840015544657766,0.050665772472298,0.0123017359476514
GMP 3308,1,11,11.990301377524158,47.96120551009663,11.990301377524158,47.96120551009663,1.0,1.0,1.0,1.0,1.0,1.0,True,True,True,True,True,1,11,1.916477955,-2.2162800315000006,-2.2162800315000006,0,11,,0.5316032530387902,1.916477955,1.502821086,1.916477955,1.500905810909091,0.25,0.25,-1.7500000000000004,-2.7500000000000004,-1.7500000000000004,-2.7500000000000004,,5.847635783426692,,0.2653722586429332,,0.3169922016368386,False,True,10,,,,,,,,,,,,,,194.904625,27.97233333333333,G,0.0254,18.842,19.827,0.9850006,,,,17.18,,,1.63,,,NED,,,2007SDSS6.C...0000:,-16.158,False,0.20375,Regular galaxies,,861.1939840015141,False,1.2376674440486584e+18,0.244203,0.2442025115935115,19.70403,18.79249,18.31042,0.02178344,0.01549438,0.01698046,0.02840151,0.01964803,0.01460059,19.67562849,18.77284197,18.29581941,True,0.9027865199999994,1.3798090800000011,19.65594,18.79245,18.32617,0.01530694,0.0103765,0.01030636,19.627538490000003,18.77280197,18.31156941,19.1329844432,0.0127803329073071,"SDSS(cModelMag g,r)",19.1329844432,SDSS,Vmag_sdss,1.3798090800000011,0.9027865199999994,SDSS(cModel extcorr),-15.867015556800002,0.20375,0.2442025115935115,SDSS,False,3.2,0.7814480370992372,,,,1.3798090800000011,g-i,,1.0,0.0,0.8438193844712493,6.847369302714706,0.8438193844712493,NGC 4874,3.275995326230869,1827424138.854424,1.1955021679819942,3.3449326223621503,3.934501192612019,1.1955021679819942,1.4507470410185832,0.4657309139814167,0.1580296686947366,-2.374309700194737,,,,,0.1305189284383018
GMP 3424,8,26,96.53461304324856,386.1384521729942,96.53461304324856,386.1384521729942,1.0,1.0,1.0,1.0,1.0,1.0,True,True,True,True,True,8,26,1.632925686,0.4334015846562498,0.4334015846562498,5,26,0.4996485168624658,0.5896909436875197,1.632925686,1.4763373555,1.623465690125,1.515776344846154,0.25,0.25,1.4999999999999982,-1.5000000000000018,1.4999999999999982,-1.5000000000000018,2.498242584312329,15.331964535875514,0.1946325650341561,0.2521235093484791,0.1554543316509264,0.239196514564774,False,True,10,,,,,,,,,,,,,,194.87218854122,27.942225323719995,GiC,0.018723,18.773,19.713,0.9399986,,,,16.6,,,4.07,,,NED,,,2007SDSS6.C...0000:,-16.227,False,0.50875,Members of systems,dE,1597.9678781737423,False,1.2376674440486587e+18,0.7651168,0.6929096452031184,19.4459,18.66516,18.09538,0.01389681,0.01033258,0.01118378,0.03378501,0.02337231,0.01736813,19.412114990000003,18.64178769,18.07801187,True,0.7703273000000017,1.3341031200000053,19.42248,18.66515,18.23525,0.01390406,0.01033258,0.01111262,19.38869499,18.64177769,18.21788187,18.947621883,0.0083443166513606,"SDSS(cModelMag g,r)",18.947621883,SDSS,Vmag_sdss,1.3341031200000053,0.7703273000000017,SDSS(cModel extcorr),-16.052378117,0.50875,0.6929096452031184,SDSS,False,3.2,2.217310864649979,,,,1.3341031200000053,g-i,,1.0,0.0,1.740950474354002,8.812489114538266,1.740950474354002,NGC 4874,5.222622061718022,210004062.8417536,3.371613128889898,4.02661869197651,3.7773626433075527,3.371613128889898,1.4547065679059854,0.1782191180940147,0.1800451213847564,0.2533564632714933,,,,,0.0778862171913591
GMP 3016,0,0,2839.932948698577,11359.731794794308,0.0,0.0,0.0,0.0,0.0,0.0,0.0,0.0,False,False,False,False,False,0,0,,,,0,0,,,,,,,,0.25,,,0.0,0.0,,,,,,,False,False,10,,,,,,,,,,,,,,195.00431,28.081882,GiC,0.0259012519921365,17.69,,,18.097,17.801,17.62,17.598,0.29599953,0.47699928,,,,,,,,-17.31,False,,Members of systems,Sm,,False,1.2376673243346376e+18,4.326953,3.758279887606998,18.15024,17.79452,17.61773,0.01102482,0.01418379,0.02078182,0.03413647,0.02361546,0.01754881,18.11610353,17.77090454,17.60018119,True,0.3451989900000001,0.5159223399999995,18.08871,17.79452,17.61286,0.01104497,0.01418379,0.0207957,18.05457353,17.77090454,17.59531119,17.9024361259,0.0095111889708295,"SDSS(cModelMag g,r)",17.9024361259,SDSS,Vmag_sdss,0.5159223399999995,0.3451989900000001,SDSS(cModel extcorr),-17.0975638741,,3.758279887606998,SDSS,False,3.0,11.274839662820996,,,,0.5159223399999995,g-i,,1.0,0.0,9.240048633938718,6.481592608988784,6.481592608988784,NGC 4889,7.1160066883778645,7774952.545345972,7.829687434596076,9.54103921141628,10.805921175217025,7.829687434596076,,,,,,,,,
LEDA 44644,119,440,766.5836020182493,3066.334408072998,766.5836020182493,3066.334408072998,1.0,1.0,1.0,1.0,1.0,1.0,True,True,True,True,True,119,440,1.637704373,0.2430143387983196,0.2430143387983196,112,433,0.4830659160297874,0.5436274789183402,1.637704373,1.508801037,1.6297005704957983,1.5316556384840907,0.2499999999999999,0.2499999999999999,9.000000000000043,3.750000000000042,9.000000000000043,3.750000000000042,54.103382595336186,235.3906983716413,0.2618978324441923,0.2598079060319967,0.2860772514188316,0.3225360904269722,True,True,10,0.4819418645690085,0.0263659350108924,-0.0434838014391191,-0.0434838014391191,0.4819418645690085,0.0263659350108924,-0.0434838014391191,,,,,,,194.91524614901,27.95392092257,G,0.02679,15.59,16.99,1.3999996,16.304,15.505,15.137,14.871,0.79900074,1.1670008,17.399999618530273,0.18,,SIMBAD,E,2003A&A...412...45P,,-19.41,False,2.174999952316284,Regular galaxies,,9679.905540903545,False,1.2376674440486584e+18,3.810511,2.4784352700918784,16.24508,15.46987,15.10929,0.003544283,0.002971435,0.003119395,0.0298651,0.02066054,0.01535299,16.215214900000003,15.44920946,15.09393701,True,0.7660054400000025,1.1212778900000036,16.24361,15.46985,15.10885,0.003544733,0.002971435,0.00311957,16.213744900000002,15.44918946,15.09349701,15.753271690400002,0.002277100266552,"SDSS(cModelMag g,r)",15.753271690400002,SDSS,Vmag_sdss,1.1212778900000036,0.7660054400000025,SDSS(cModel extcorr),-19.2467283096,2.174999952316284,2.4784352700918784,SDSS,False,3.2,7.930992864294011,,,,1.1212778900000036,g-i,10.8,0.6206896687801332,0.0,0.9289221466799672,6.430505146456908,0.9289221466799672,NGC 4874,2.835053695788021,1372257580.6332672,1.1815771307024896,2.1738467741859644,2.696851197784204,1.1815771307024896,1.5229410347893253,0.1147633382106747,0.5594370841665792,-0.3164227453682595,0.5642073660342732,-0.0822655014652646,0.1850083893349515,-0.2284921907740706,0.1608441983435519
IC 3973,43,27,1406.5553714063512,5626.221485625405,1406.5553714063512,5626.221485625405,1.0,1.0,1.0,1.0,1.0,1.0,True,True,True,True,True,43,27,1.62538705,1.4032995235697676,1.4032995235697676,40,27,0.5143031167246175,0.6479020837197412,1.62538705,1.414779798,1.6368300781860463,1.433900819814815,0.25,0.25,36.25,33.25,36.25,33.25,20.5721246689847,17.493356260433014,0.2564175916396078,0.1766759983297331,0.2935268703969143,0.2469069960568708,True,True,10,0.5142907826309528,0.0402401258431352,0.4049573060032465,0.4049573060032465,0.5142907826309528,0.0402401258431352,0.4049573060032465,,,,,,,194.87842956411,27.88420618177,AG?,0.01571,14.03,15.2,1.1700001,14.891,14.089,13.698,13.384,0.80200005,1.1929998,49.60697937011719,0.516492,137.0,SIMBAD,B,2023ApJS..269....3M,,-20.970001,True,6.200872421264648,Other,SBa,16402.50192279089,False,1.2376674440486587e+18,3.882846,3.346396984902192,14.89322,14.08936,13.69941,0.002220474,0.002004732,0.002069547,0.03677772,0.02544266,0.01890662,14.85644228,14.06391734,13.68050338,True,0.7925249399999998,1.1759388999999985,14.89146,14.08934,13.69809,0.002220656,0.002004732,0.002069685,14.85468228,14.06389734,13.67918338,14.3788525654,0.0014925865086144,"SDSS(cModelMag g,r)",14.3788525654,SDSS,Vmag_sdss,1.1759388999999985,0.7925249399999998,SDSS(cModel extcorr),-20.6211474346,6.200872421264648,3.346396984902192,SDSS,False,3.0,10.039190954706571,,,,1.1759388999999985,g-i,30.98952,0.6247008060859238,137.0,4.630095084965553,9.939705478723017,4.630095084965553,NGC 4874,6.858647504069512,12799943.130756486,5.790262446436393,4.601499854529899,3.44679858835706,5.790262446436393,1.552299981246072,0.073087068753928,0.7226764092495321,0.6806231143202355,0.5536214122639169,-0.039330629632964,0.2315019432337535,0.173455362769493,0.004553551532926
LEDA 126758,27,53,3019.629565623688,12078.51826249475,2851.1342358618863,7631.207838244183,0.9442,0.6318,0.9442,0.6318,0.9442,0.6318,True,False,False,True,True,27,53,1.379093223,0.3815049708863387,0.7115691203888888,26,50,0.5976529291687835,0.6221649450574409,1.379093223,1.360237794,1.514748757851852,1.3393910315660378,0.3736150680595125,0.25,7.198401392845835,7.319246597024371,13.749999999999996,13.499999999999996,15.538976158388373,31.108247252872047,0.2626894402580909,0.2300112812788372,0.4361964701476829,0.3145063602924218,True,True,10,0.6001787492496713,0.0521866562678199,0.1531591371499046,0.3010609872028246,0.6001787492496713,0.0521866562678199,0.1531591371499046,,,,,,,195.09029099217,27.89855164897,EmG,0.01626,16.81,18.205,1.3950005,17.331,16.638,16.31,16.046,0.6929989,1.0209999,8.819999694824219,0.147,90.0,SIMBAD,C,2006AJ....131.1163S,,-18.19,False,1.1024999618530271,Regular galaxies,,3016.4020063244934,False,1.2376674440487242e+18,4.537534,3.875358740150076,17.49151,16.7759,16.45208,0.00679767,0.005393971,0.006219325,0.03168688,0.02192084,0.01628953,17.459823120000003,16.75397916,16.435790469999997,True,0.7058439600000028,1.024032650000006,17.33054,16.6378,16.30969,0.006680677,0.005299928,0.006107788,17.29885312,16.61587916,16.293400469999998,17.0333751836,0.0042303145164289,"SDSS(cModelMag g,r)",17.0333751836,SDSS,Vmag_sdss,1.024032650000006,0.7058439600000028,SDSS(cModel extcorr),-17.9666248164,1.1024999618530271,3.875358740150076,SDSS,False,3.2,12.401147968480243,,,,1.024032650000006,g-i,8.82,1.0,90.0,10.785306699293509,5.581717257033833,5.581717257033833,NGC 4889,7.78829727836003,10873950.45529427,9.67058081100148,7.838952834924759,8.276451122264664,9.67058081100148,1.4955967631385991,-0.1165035401385994,0.4073995968634982,-0.0258946259771595,0.5740668886164308,0.0261118606332404,0.1417053242985573,0.0114538128513472,0.0079015400789044
IC 4051,1637,557,27799.4539116198,111197.81564647915,27799.4539116198,78261.02265199204,1.0,0.7038,1.0,0.7038,1.0,0.7038,True,False,False,True,True,1637,557,1.530655005,1.3568426090472674,1.408325840728467,1543,538,0.57622275872462,0.6328818927030425,1.530655005,1.43808145,1.5421197085809408,1.4609270897612208,0.3552145495879512,0.25,1439.1454958795111,1351.8945723216823,1497.75,1408.5,889.1117167120888,340.49045827423686,0.2365765695652665,0.2188011494693736,0.2838164916374676,0.2877376888090899,True,True,10,0.5763849856748043,0.0056338915370983,0.4980005626191477,0.5212180287282332,0.5763849856748043,0.0056338915370983,0.4980005626191477,,,,,,,195.22692933466,28.007639484250003,EmG,0.01662,13.5,14.8,1.3000002,13.83,13.045,12.617,12.289,0.78499985,1.2130003,79.12799835205078,0.915775,103.0,SIMBAD,B,2023ApJS..269....3M,,-21.5,True,9.890999794006348,Regular galaxies,E3,27648.45590073015,True,1.2376673243347028e+18,16.32261,14.110691012813476,13.7839,13.09279,12.65764,0.001822794,0.001708321,0.001716669,0.03332343,0.02305299,0.01713084,13.75057657,13.06973701,12.64050916,True,0.680839559999999,1.1100674099999992,13.83039,13.04475,12.61681,0.001806036,0.001684989,0.00169446,13.79706657,13.02169701,12.59967916,13.3388812296,0.0012547536390096,"SDSS(cModelMag g,r)",13.3388812296,SDSS,Vmag_sdss,1.1100674099999992,0.680839559999999,SDSS(cModel extcorr),-21.6611187704,9.890999794006348,14.110691012813476,SDSS,False,4.8,67.73131686150468,,,,1.1100674099999992,g-i,54.9465,0.694400226776063,103.0,17.627269946582405,10.398940718506523,10.398940718506523,NGC 4889,14.012721219897164,1746533.0058117365,16.040313843896875,15.523522290152426,16.490726894251296,16.040313843896875,1.574514793459416,-0.0438597884594158,0.846193476113404,0.5106491329338634,0.5456114185996666,0.0307735670751377,0.266681869411095,0.2313186932080526,0.0097939400397661
2MASX J12592265+2753488,29,40,746.8494357502033,2987.397743000814,746.8494357502033,2654.004154881923,1.0,0.8884,1.0,0.8884,1.0,0.8884,True,True,True,True,True,29,40,1.6335056,1.0339184015882874,1.1008323329310346,24,39,0.5646593630717309,0.5675999407407875,1.6335056,1.5447524745,1.5890761304137933,1.557394753975,0.2814047726249436,0.2499999999999999,17.743809095002256,13.0252138676272,19.000000000000004,14.250000000000004,13.551824713721542,22.13639768889071,0.2402870539976576,0.2318241535129244,0.2618638651148666,0.2342343638114086,True,True,10,0.5644423647029488,0.0490701874523648,0.3048886997705481,0.333854888777004,0.5644423647029488,0.0490701874523648,0.3048886997705481,,,,,,,194.84424989072,27.89687078928,GiC,0.01719,15.33,16.504,1.1739998,15.976,15.198,14.824,14.587,0.7779999,1.1519995,21.11699867248535,0.26625,28.0,SIMBAD,B,2023ApJS..269....3M,,-19.67,False,2.639624834060669,Members of systems,SB0,7626.343064574979,False,1.2376674440486584e+18,2.459718,2.2158852578663,15.96707,15.21206,14.84526,0.003031227,0.002621046,0.002734322,0.03866027,0.02674499,0.0198744,15.92840973,15.18531501,14.8253856,True,0.7430947200000002,1.1030241300000014,15.97594,15.19837,14.82378,0.003020651,0.002612454,0.002727866,15.93727973,15.17162501,14.803905599999998,15.479983845199998,0.0019839267732674,"SDSS(cModelMag g,r)",15.479983845199998,SDSS,Vmag_sdss,1.1030241300000014,0.7430947200000002,SDSS(cModel extcorr),-19.520016154800004,2.639624834060669,2.2158852578663,SDSS,False,3.0,6.6476557735989,,,,1.1030241300000014,g-i,15.975,0.756499550327425,28.0,4.729345314929385,11.136306999186456,4.729345314929385,NGC 4874,7.753571523239694,11608289.60366112,6.233601782469531,5.826946651820893,4.902425177798315,6.233601782469531,1.5287787323799396,0.1047268676200603,0.5918953951667432,0.4420230064215442,0.562102467722932,0.0023398969800167,0.1942531116540575,0.1106355881164905,0.0323117187397944
LEDA 126754,17,45,2963.278366462337,11853.113465849348,2163.7858631907984,6654.337899727824,0.7302,0.5614,0.7302,0.5614,0.7302,0.5614,False,False,False,True,True,17,45,1.451863357,0.3226062865582473,0.5836561269999999,17,45,0.5591048990522404,0.60715754885414,1.451863357,1.311957592,1.475225073176471,1.3849524100888888,0.3251692198076237,0.25,2.367385108656931,2.367385108656931,5.75,5.75,9.504783283888086,27.322089698436297,0.2483711316206081,0.2398181542685056,0.3738904846530033,0.3346678854945709,True,True,10,0.5623827917610451,0.053954569920757,0.0397767570107836,0.1605873550193348,0.5623827917610451,0.053954569920757,0.0397767570107836,,,,,,,195.1289845,28.10839552777778,AG?,0.01728,17.15,,,17.9,17.218,16.847,16.635,0.6819992,1.0529995,8.66,,,NED,,,2007SDSS6.C...0000:,-17.85,False,1.0825,Other,,3143.5640787654274,False,1.2376673243346373e+18,5.398847,3.839028196447303,18.08316,17.40036,16.98393,0.008912189,0.007605135,0.008446744,0.03684132,0.02548665,0.01893931,18.04631868,17.374873349999998,16.96499069,True,0.671445330000001,1.0813279899999984,17.89953,17.21823,16.84739,0.008727153,0.007435316,0.008246869,17.862688679999998,17.192743349999997,16.82845069,17.640165935299994,0.0057866339729505,"SDSS(cModelMag g,r)",17.640165935299994,SDSS,Vmag_sdss,1.0813279899999984,0.671445330000001,SDSS(cModel extcorr),-17.359834064700006,1.0825,3.839028196447303,SDSS,False,3.2,12.28489022863137,,,,1.0813279899999984,g-i,,1.0,0.0,15.12305481286862,9.357902117020313,9.357902117020313,NGC 4889,12.044941203348692,2438908.625594933,13.515132093288132,14.351768452649818,15.612169853305703,13.515132093288132,1.482635114929863,-0.0307717579298631,0.3353312510638979,-0.0127249645056506,0.5787404694251786,-0.0163576776641335,0.1211789375462933,-0.0814021805355097,0.0072303759505483
LEDA 126792,90,401,4459.412757329486,17837.65102931794,4459.412757329486,17837.65102931794,1.0,1.0,1.0,1.0,1.0,1.0,True,True,True,True,True,90,401,1.464079822,-0.1985658175888893,-0.1985658175888893,88,392,0.6351980764227915,0.5798940443127079,1.464079822,1.492649452,1.469927756888889,1.5044626177356606,0.25,0.25,-10.250000000000028,-10.000000000000028,-10.250000000000028,-10.000000000000028,55.89743072520565,227.31846537058144,0.1787315978476221,0.2441078011735144,0.2241225843543095,0.3014854215976825,True,True,10,0.6355317279303649,0.0180995585792728,-0.0102593668724235,-0.0102593668724235,0.6355317279303649,0.0180995585792728,-0.0102593668724235,,,,,,,194.854351875,27.996733611111114,GiC,0.01828,17.17,18.55,1.3799992,17.599,16.871,16.498,16.262,0.72800064,1.1010017,22.81999969482422,0.375,0.0,SIMBAD,D,2019MNRAS.490..718B,,-17.83,False,2.852499961853028,Members of systems,,8752.33694498333,False,1.2376673243345715e+18,5.284765,4.742861806254429,17.77216,17.03003,16.68697,0.007943758,0.006591271,0.007141294,0.03034168,0.02099024,0.01559799,17.74181832,17.00903976,16.67137201,True,0.7327785599999999,1.0704463100000012,17.59938,16.87102,16.49768,0.00776324,0.006439277,0.006969848,17.56903832,16.85002976,16.48208201,17.2994789696,0.0050725552447834,"SDSS(cModelMag g,r)",17.2994789696,SDSS,Vmag_sdss,1.0704463100000012,0.7327785599999999,SDSS(cModel extcorr),-17.7005210304,2.852499961853028,4.742861806254429,SDSS,False,3.2,15.177157780014172,,,,1.0704463100000012,g-i,22.5,0.9859772261567208,0.0,3.2561917831787897,9.577722529803417,3.2561917831787897,NGC 4874,6.172936022397606,33687657.17964756,4.16127842076191,6.298146761148597,6.619106090820979,4.16127842076191,1.4899125241295477,-0.0258327021295476,0.3757945343039546,-0.574360351892844,0.5761164543751385,0.0594152735552264,0.1327036227855154,-0.1429629896579389,0.0309573115832625
2MASX J12595760+2803543,0,10,1749.2135091698435,6996.854036679372,0.0,2328.553023406895,0.0,0.3328,0.0,0.3328,0.0,0.3328,False,False,False,False,True,0,10,,,,0,10,,0.6605727160531585,,1.3531008,,1.3870802906999995,,0.25,,,-2.5000000000000004,-2.5000000000000004,,6.605727160531584,,0.1555052277708001,,0.2496550733266498,False,True,10,,,,,,,,,,,,,,194.990029,28.065089,GiC,0.01948,16.59,17.914,1.3239994,17.274,16.6,16.246,16.007,0.6739998,1.0279999,10.199999809265137,0.133,60.0,SIMBAD,C,2006AJ....131.1163S,,-18.41,False,1.274999976158142,Members of systems,1.48,4162.819773722052,False,1.2376673243345718e+18,3.773793,3.3346873663249745,17.14562,16.48442,16.16053,0.005768645,0.005163962,0.005571181,0.03240118,0.02241499,0.01665674,17.11321882,16.46200501,16.143873260000003,True,0.6512138100000016,0.9693455599999972,17.27383,16.60032,16.2458,0.00557226,0.005000859,0.00540826,17.24142882,16.57790501,16.22914326,16.719002672099997,0.0038570089643077,"SDSS(cModelMag g,r)",16.719002672099997,SDSS,Vmag_sdss,0.9693455599999972,0.6512138100000016,SDSS(cModel extcorr),-18.280997327900003,1.274999976158142,3.3346873663249745,SDSS,False,3.2,10.67099957223992,,,,0.9693455599999972,g-i,7.98,0.7823529558060769,60.0,7.980385598524684,5.768759615553481,5.768759615553481,NGC 4889,5.951789856016251,11213657.705951585,6.576611751099073,8.354839874898461,9.608369736829276,6.576611751099073,,,,,,,,,0.0033628004945444
2MASX J12592136+2758248,4,33,385.5606271648452,1542.2425086593807,385.5606271648452,1542.2425086593807,1.0,1.0,1.0,1.0,1.0,1.0,True,True,True,True,True,4,33,1.743083573,-1.3632738026874998,-1.3632738026874998,3,33,0.52201678766682,0.6148766162221042,1.743083573,1.506112667,1.77981045125,1.4556243999090912,0.25,0.25,-4.25,-5.25,-4.25,-5.25,1.56605036300046,20.29092833532944,0.3032123423772125,0.1567076888679895,0.4142975718581397,0.2562047846787315,False,True,10,,,,,,,,,,,,,,194.83922998562,27.973574061,GiC,0.02021,16.12,17.608,1.487999,17.073,16.364,16.025,15.774,0.70899963,1.0480003,25.45439910888672,0.188872,84.0,SIMBAD,B,2023ApJS..269....3M,,-18.88,False,3.18179988861084,Members of systems,S...,10768.182295021958,False,1.2376674440485934e+18,3.18385,2.0754077089170355,16.91346,16.20368,15.84402,0.004764859,0.003991485,0.00444435,0.03376154,0.02335608,0.01735607,16.87969846,16.18032392,15.82666393,True,0.6993745400000009,1.0530345299999997,17.07322,16.36368,16.02497,0.004689825,0.003921284,0.004350529,17.03945846,16.34032392,16.007613929999998,16.457067481399996,0.0030598096528865,"SDSS(cModelMag g,r)",16.457067481399996,SDSS,Vmag_sdss,1.0530345299999997,0.6993745400000009,SDSS(cModel extcorr),-18.542932518600004,3.18179988861084,2.0754077089170355,SDSS,False,3.0,6.226223126751107,,,,1.0530345299999997,g-i,11.33232,0.4452008453047169,84.0,3.271183755412217,10.308836052079489,3.271183755412217,NGC 4874,6.739544688015576,32861673.78261265,4.659700245061834,6.259412783660264,6.260726507532487,4.659700245061834,1.5079072633810204,0.2351763096189796,0.4758474805083337,-1.8391212831958328,,,,,0.0351048477763997
2MASX J13001702+2803502,6,30,917.2577163192284,3669.030865276914,917.2577163192284,3669.030865276914,1.0,1.0,1.0,1.0,1.0,1.0,True,True,True,True,True,6,30,1.291909275,-0.4835813018749999,-0.4835813018749999,6,30,0.7572508495989796,0.6048844561812634,1.291909275,1.4203924615,1.4246018319999998,1.3400679335333334,0.25,0.25,-1.5,-1.5,-1.5,-1.5,4.5435050975938776,18.146533685437905,0.0973040963956694,0.2319542761695346,0.4048085688113848,0.345452379682638,False,True,10,,,,,,,,,,,,,,195.07096562464,28.06391252495,GiC,0.02047,15.52,16.855,1.3349991,16.03,15.268,14.864,14.573,0.76200104,1.1660004,25.399019241333008,0.28413,76.0,SIMBAD,B,2023ApJS..269....3M,,-19.48,False,3.174877405166626,Members of systems,SB0,10879.548116232978,False,1.2376673243346373e+18,3.127286,2.6070842519428004,15.99801,15.2678,14.86028,0.002968892,0.00259522,0.002638458,0.03496073,0.02418567,0.01797255,15.96304927,15.24361433,14.84230745,True,0.7194349400000011,1.120741820000001,16.02991,15.26779,14.86429,0.002970163,0.002595221,0.002638689,15.99494927,15.24360433,14.84631745,15.5285826554,0.0019560671570235,"SDSS(cModelMag g,r)",15.5285826554,SDSS,Vmag_sdss,1.120741820000001,0.7194349400000011,SDSS(cModel extcorr),-19.4714173446,3.174877405166626,2.6070842519428004,SDSS,False,3.0,7.821252755828401,,,,1.120741820000001,g-i,17.0478,0.671199145054283,76.0,11.07330362433684,5.57370602554676,5.57370602554676,NGC 4889,7.986281714570146,10850811.214546127,9.455970600789993,10.322933033857463,11.59429443118251,9.455970600789993,1.5277406139191507,-0.2358313389191506,0.5861233298392301,-1.06970463171423,,,,,0.0072131015967016
LEDA 126759,1,3,140.92452760518103,563.6981104207242,140.92452760518103,563.6981104207242,1.0,1.0,1.0,1.0,1.0,1.0,True,True,True,True,True,1,3,1.453631689,0.44978705425,0.44978705425,1,3,0.7694371025349833,0.7615665859209586,1.453631689,1.338459513,1.453631689,1.3592334756666666,0.25,0.25,0.25,0.25,0.25,0.25,0.7694371025349833,2.284699757762876,,0.0220588549486103,,0.0460871261445787,False,True,10,,,,,,,,,,,,,,195.07869072274,28.0093126217,AG?,0.02068,17.36,18.301,0.941,17.783,17.041,16.655,16.382,0.7420006,1.1280003,7.199999809265137,0.12,90.0,SIMBAD,C,2006AJ....131.1163S,,-17.64,False,0.8999999761581421,Other,,3114.9301629568845,False,1.2376673243346373e+18,0.9153376,0.8371983630548457,17.7664,17.04928,16.6611,0.005538598,0.004612247,0.004750346,0.03410693,0.02359502,0.01753363,17.73229307,17.02568498,16.643566370000002,True,0.7066080899999996,1.0887266999999987,17.78336,17.04129,16.65547,0.005534069,0.00460787,0.004746385,17.749253069999998,17.01769498,16.637936370000002,17.3053942969,0.0035442511863207,"SDSS(cModelMag g,r)",17.3053942969,SDSS,Vmag_sdss,1.0887266999999987,0.7066080899999996,SDSS(cModel extcorr),-17.6946057031,0.8999999761581421,0.8371983630548457,SDSS,False,3.2,2.6790347617755064,,,,1.0887266999999987,g-i,7.199999999999999,1.0,90.0,9.994119850176435,3.070038007499891,3.070038007499891,NGC 4889,6.44869233562492,61204581.57660031,8.360679129256683,8.40519604943308,9.577604222373392,8.360679129256683,1.489786166911203,-0.0361544779112028,0.3750919727501076,0.0746950814998923,,,,,0.0065073730687945
2MASX J12593697+2749327,0,0,547.6907837012761,2190.7631348051045,0.0,2.6289157617661254,0.0,0.0012,0.0,0.0012,0.0,0.0012,False,False,False,False,True,0,0,,,,0,0,,,,,,,,0.25,,,0.0,0.0,,,,,,,False,False,10,,,,,,,,,,,,,,194.90404155527,27.825811902120005,GiC,0.02087,16.43,17.56,1.1299992,16.947,16.215,15.867,15.585,0.73200035,1.0800009,9.420000076293944,0.157,90.0,SIMBAD,C,2006AJ....131.1163S,,-18.57,False,1.1775000095367432,Members of systems,E/S0,4111.861149033748,False,1.2376674440486587e+18,1.923623,1.6504516069275927,16.91373,16.22208,15.89493,0.004322707,0.003604603,0.003867843,0.03279377,0.02268658,0.01685856,16.88093623,16.19939342,15.87807144,True,0.6815428099999998,1.0028647899999985,16.94714,16.21544,15.8668,0.00431943,0.003600004,0.003863313,16.91434623,16.192753420000003,15.84994144,16.468825972099996,0.0027683934405474,"SDSS(cModelMag g,r)",16.468825972099996,SDSS,Vmag_sdss,1.0028647899999985,0.6815428099999998,SDSS(cModel extcorr),-18.531174027900004,1.1775000095367432,1.6504516069275927,SDSS,False,3.0,4.951354820782778,,,,1.0028647899999985,g-i,9.42,0.9999999919008552,90.0,8.011027799500402,11.384669681317918,8.011027799500402,NGC 4874,9.15473728299137,3307988.3005194208,8.772911067802326,6.717383516002637,5.454334226680289,8.772911067802326,,,,,,,,,
LEDA 2816216,8,13,651.4299996487028,2605.719998594812,651.4299996487028,2605.719998594812,1.0,1.0,1.0,1.0,1.0,1.0,True,True,True,True,True,8,13,1.5222154655,0.8743855949062501,0.8743855949062501,7,12,0.6034389698264341,0.5820334042882138,1.5222154655,1.594658143,1.53590673275,1.642056445,0.2499999999999999,0.2499999999999999,4.750000000000001,4.000000000000001,4.750000000000001,4.000000000000001,4.224072788785039,6.984400851458566,0.2058082932664477,0.2335128008234084,0.164599443837148,0.3652960821662289,False,True,10,,,,,,,,,,,,,,194.89701825286,27.863645236110003,AG?,0.02099,16.37,17.721,1.3509998,17.252,16.514,16.18,15.8223,0.73800087,1.0720005,16.157819747924805,0.237143,60.0,SIMBAD,B,2023ApJS..269....3M,,-18.63,False,2.0197274684906006,Other,S0...,7092.461702966269,False,1.2376674440486587e+18,2.057261,1.9181366942285152,17.05988,16.33126,15.99901,0.005030076,0.00404873,0.005326854,0.03587027,0.02481489,0.01844012,17.02400973,16.306445110000002,15.98056988,True,0.7175646199999974,1.0434398499999986,17.2523,16.51428,16.17959,0.004940682,0.003976932,0.005225486,17.21642973,16.48946511,16.16114988,16.5906466042,0.0031558421570568,"SDSS(cModelMag g,r)",16.5906466042,SDSS,Vmag_sdss,1.0434398499999986,0.7175646199999974,SDSS(cModel extcorr),-18.4093533958,2.0197274684906006,1.9181366942285152,SDSS,False,3.0,5.7544100826855455,,,,1.0434398499999986,g-i,14.22858,0.8806002432244868,60.0,5.736952369196935,9.940611734089536,5.736952369196935,NGC 4874,7.265291606303399,7568318.763181637,6.612498449431425,4.840789471929196,3.556627299146496,6.612498449431425,1.50505388172859,0.01716158377141,0.4599823303118493,0.4144032645944008,,,,,0.0032006304456719
SDSS J130051.15+280249.7,504,1220,40118.10878324807,160472.43513299228,38986.77811556048,108030.0433315304,0.9718,0.6732,0.9718,0.6732,0.9718,0.6732,True,False,False,True,True,504,1220,1.4464460195000002,0.1887041547376342,0.5751640444454367,494,1177,0.6053163032370733,0.6242546816763779,1.4464460195000002,1.4397577555,1.4777417751825397,1.4680828285426228,0.3608882947118241,0.25,63.71628045157462,69.23447712418306,199.0,199.75,299.0262537991142,734.7477603330967,0.2345907696545045,0.2203486792401142,0.3014880496705276,0.2903276997153866,True,True,10,0.6045899400619303,0.0110521071733685,0.0678250285843123,0.232754028962185,0.6045899400619303,0.0110521071733685,0.0678250285843123,,,,,,,195.2131504583333,28.047138916666665,GiC,0.02116,17.077,17.804,0.7270012,16.54,15.845,15.509,15.338,0.69500065,1.0310011,15.45,,,NED,,,2007SDSS6.C...0000:,-17.923,False,1.93125,Members of systems,,6835.279943101027,False,1.2376673243347026e+18,16.10263,14.125547910116966,16.62414,15.84471,15.56184,0.007099308,0.005981592,0.006733094,0.0350979,0.02428056,0.01804306,16.5890421,15.82042944,15.54379694,True,0.7686126600000005,1.0452451600000003,16.54006,15.84471,15.50868,0.007014956,0.005981592,0.006731189,16.5049621,15.82042944,15.49063694,16.125560630599995,0.004574614007793,"SDSS(cModelMag g,r)",16.125560630599995,SDSS,Vmag_sdss,1.0452451600000003,0.7686126600000005,SDSS(cModel extcorr),-18.874439369400005,1.93125,14.125547910116966,SDSS,False,3.2,45.20175331237429,,,,1.0452451600000003,g-i,,1.0,0.0,17.468374056075092,10.393129377674237,10.393129377674237,NGC 4889,13.910886998325816,1754632.819818562,15.833411246856118,15.721622625323963,16.80703925006569,15.833411246856118,1.5149885762830668,-0.0685425567830666,0.5152204444031481,-0.3265162896655138,0.567074783577064,0.0375151564848663,0.172414679314279,-0.1045896507299666,0.0169136251781869
2MASS J12594779+2805520,0,0,662.6678547706426,2650.67141908257,0.0,0.0,0.0,0.0,0.0,0.0,0.0,0.0,False,False,False,False,False,0,0,,,,0,0,,,,,,,,0.25,,,0.0,0.0,,,,,,,False,False,10,,,,,,,,,,,,,,194.949151,28.09779,AG?,0.02126,17.63,,,18.436,17.746,17.39,17.174,0.69000053,1.0460014,6.42,,,NED,,,2007SDSS6.C...0000:,-17.37,False,0.8025,Other,,2853.3675692931747,False,1.2376673243345718e+18,2.145145,1.8154447175111288,18.34495,17.66656,17.26984,0.009136708,0.007851311,0.00881276,0.03338294,0.02309416,0.01716144,18.31156706,17.64346584,17.25267856,True,0.6681012200000005,1.058888500000002,18.43615,17.74564,17.38951,0.009006577,0.00770586,0.008611602,18.40276706,17.722545840000002,17.372348560000002,17.9073873402,0.0059574197759134,"SDSS(cModelMag g,r)",17.9073873402,SDSS,Vmag_sdss,1.058888500000002,0.6681012200000005,SDSS(cModel extcorr),-17.0926126598,0.8025,1.8154447175111288,SDSS,False,3.2,5.809423096035614,,,,1.058888500000002,g-i,,1.0,0.0,8.729961281699477,8.518779360276742,8.518779360276742,NGC 4889,7.831813643749098,4458765.876157449,7.720237853218514,10.001990042147588,11.142645175769475,7.720237853218514,,,,,,,,,
LEDA 126799,1,6,539.2021976351052,2156.808790540421,289.87510144863256,1096.5215891107498,0.5376,0.5084,0.5376,0.5084,0.5376,0.5084,False,False,False,True,True,1,6,1.43334951,-0.6770860866514561,-0.5624567722500002,1,6,0.7243697695986725,0.4893934195813986,1.43334951,1.3305375215000002,1.43334951,1.3469317830000005,0.2643587726199843,0.25,-0.5861526357199058,-0.5861526357199058,-0.5,-0.5,0.7243697695986725,2.936360517488392,,0.3277751648395507,,0.3941674364424735,False,True,10,,,,,,,,,,,,,,194.81092502101,27.89558741444,GiC,0.02138,17.66,18.903,1.243,18.078,17.31,16.94,16.647,0.76799965,1.1379986,4.82,,,NED,,,2007SDSS6.C...0000:,-17.34,False,0.6025,Members of systems,,2154.02581969888,False,1.2376674440485934e+18,1.815053,1.637611590469105,18.21153,17.42055,17.07506,0.007988362,0.006070899,0.006700076,0.04185935,0.0289581,0.02151897,18.16967065,17.391591899999998,17.05354103,True,0.7780787500000024,1.1161296199999988,18.07813,17.30966,16.93989,0.007958545,0.006025441,0.0066502,18.03627065,17.2807019,16.91837103,17.700604187499998,0.0048535173111029,"SDSS(cModelMag g,r)",17.700604187499998,SDSS,Vmag_sdss,1.1161296199999988,0.7780787500000024,SDSS(cModel extcorr),-17.299395812500002,0.6025,1.637611590469105,SDSS,False,3.2,5.2403570895011375,,,,1.1161296199999988,g-i,,1.0,0.0,6.023762050355562,12.781711915299352,6.023762050355562,NGC 4874,9.314272804510257,5841276.25483598,7.627758655471216,7.527767730735031,6.656745261141685,7.627758655471216,1.4813440943248644,-0.0479945843248643,0.3281530189519703,-1.0052391056034264,,,,,0.0071965370575776
IC 3960,0,0,2932.0358315918884,11728.143326367555,0.0,0.0,0.0,0.0,0.0,0.0,0.0,0.0,False,False,False,False,False,0,0,,,,0,0,,,,,,,,0.2499999999999999,,,0.0,0.0,,,,,,,False,False,10,,,,,,,,,,,,,,194.78310775251,27.85497013762,AGN,0.02193,14.47,15.5,1.0299997,15.258,14.441,14.011,13.684,0.8170004,1.2470007,27.792598724365234,0.455752,127.0,SIMBAD,B,2023ApJS..269....3M,,-20.529999,True,3.4740748405456543,Active (AGN/Seyfert/QSO),SB0,12731.337939964027,False,1.2376674440485932e+18,4.008224,3.849855021639004,15.21182,14.44691,14.01859,0.002464609,0.002157941,0.002203102,0.04592069,0.03176772,0.02360682,15.16589931,14.41514228,13.99498318,True,0.7507570299999973,1.1709161299999984,15.25751,14.44068,14.01121,0.002458372,0.002153396,0.002203247,15.21158931,14.40891228,13.98760318,14.7129526623,0.0016254506887726,"SDSS(cModelMag g,r)",14.7129526623,SDSS,Vmag_sdss,1.1709161299999984,0.7507570299999973,SDSS(cModel extcorr),-20.2870473377,3.4740748405456543,3.849855021639004,SDSS,False,3.0,11.549565064917012,,,,1.1709161299999984,g-i,27.34512,0.9838993564868428,127.0,8.761764177551566,15.17231121134076,8.761764177551566,NGC 4874,11.849328345355172,2125491.430812512,10.315876377677634,9.823039415549454,8.763843194514774,10.315876377677634,,,,,,,,,
LEDA 44815,13,3,499.616291492002,1998.465165968008,499.616291492002,1998.465165968008,1.0,1.0,1.0,1.0,1.0,1.0,True,True,True,True,True,13,3,1.52044981,1.4380679861153844,1.4380679861153844,13,3,0.5499177047777012,0.7335078090873551,1.52044981,1.427951614,1.545562941307692,1.3779534196666667,0.2500000000000001,0.2500000000000001,12.25,12.25,12.25,12.25,7.148930162110116,2.2005234272620653,0.2440640890098108,0.0755623386122908,0.2989919945684691,0.1535389504776848,True,True,10,0.5535941741611526,0.0653361925210736,0.5112764159445744,0.5112764159445744,0.5535941741611526,0.0653361925210736,0.5112764159445744,,,,,,,195.18600176463,28.100633416780003,AG?,0.02201,15.59,15.0,-0.59000015,16.075,15.316,14.929,14.644,0.7590008,1.1460009,28.14881896972656,0.177947,124.0,SIMBAD,B,2023ApJS..269....3M,,-19.41,False,3.5186023712158203,Other,,12940.29921511066,False,1.2376673243347028e+18,4.463411,2.5595434173924447,16.10457,15.36007,14.95219,0.003107573,0.002744932,0.002789071,0.03689124,0.02552119,0.01896498,16.06767876,15.33454881,14.93322502,True,0.7331299499999986,1.1344537399999997,16.07537,15.31628,14.92948,0.003089029,0.002728006,0.002772608,16.03847876,15.290758810000002,14.91051502,15.6251320895,0.0020606202037415,"SDSS(cModelMag g,r)",15.6251320895,SDSS,Vmag_sdss,1.1344537399999997,0.7331299499999986,SDSS(cModel extcorr),-19.3748679105,3.5186023712158203,2.5595434173924447,SDSS,False,3.2,8.190538935655823,,,,1.1344537399999997,g-i,10.67682,0.3792990395612223,124.0,17.416926733921628,10.955624493616314,10.955624493616314,NGC 4889,14.093504842993564,1529869.308590911,15.775609612384615,16.235863507972066,17.441757851417496,15.775609612384615,1.525678222895473,-0.0052284128954731,0.5746561840661932,0.8634118020491912,0.5632204182636801,-0.0096262441025274,0.1893430681331784,0.3219333478113959,0.0061554695347346
LEDA 44594,51,139,1767.4540847741353,7069.816339096542,1767.4540847741353,7069.816339096542,1.0,1.0,1.0,1.0,1.0,1.0,True,True,True,True,True,51,139,1.453575303,0.4608942834607845,0.4608942834607845,50,138,0.6420695832517146,0.5987364340890452,1.453575303,1.456884374,1.4703359772156863,1.472427634676259,0.2499999999999999,0.2499999999999999,16.250000000000007,15.500000000000009,16.250000000000007,15.500000000000009,32.10347916258573,82.62562790428824,0.1717162850371167,0.2322261798120769,0.2152601537439026,0.2895761142116295,True,True,10,0.6443186695051586,0.0252880053455051,0.2311905299837174,0.2311905299837174,0.6443186695051586,0.0252880053455051,0.2311905299837174,,,,,,,194.86082575781,27.99848141603,EmG,0.02224,15.87,17.181,1.3109999,16.321,15.564,15.186,14.902,0.756999,1.1349993,20.88377952575684,0.264876,152.0,SIMBAD,B,2023ApJS..269....3M,,-19.130001,False,2.6104724407196045,Regular galaxies,,9698.10282510237,False,1.2376673243345715e+18,4.021479,3.3987307971420755,16.35921,15.61571,15.25638,0.003492939,0.002992923,0.003078346,0.02968151,0.02053353,0.01525862,16.32952849,15.59517647,15.24112138,True,0.7343520200000011,1.088407110000002,16.32059,15.5644,15.18556,0.003459516,0.002966559,0.003051536,16.29090849,15.54386647,15.170301380000002,15.8862607982,0.0022735569300984,"SDSS(cModelMag g,r)",15.8862607982,SDSS,Vmag_sdss,1.088407110000002,0.7343520200000011,SDSS(cModel extcorr),-19.1137392018,2.6104724407196045,3.3987307971420755,SDSS,False,3.2,10.875938550854642,,,,1.088407110000002,g-i,15.89256,0.7610001810447692,152.0,3.096396588393586,9.25137202932538,3.096396588393586,NGC 4874,5.875810145954458,39071384.47490165,3.889628182971125,6.10314487445162,6.485981040148003,3.889628182971125,1.5201002564385215,-0.0665249534385215,0.5436420098651678,-0.0827477264043832,0.5652316653339005,0.0790870041712581,0.1805096624626425,0.0506808675210749,0.0251533214145868
NGC 4876,25,153,2855.852862258699,11423.411449034793,2855.852862258699,10504.969168532396,1.0,0.9196,1.0,0.9196,1.0,0.9196,True,True,True,True,True,25,153,1.469393536,-0.9979607626842112,-0.7995854770700006,25,150,0.609572459738067,0.593031999285011,1.469393536,1.482992819,1.4991017700400002,1.509526988568627,0.2718573292735973,0.25,-16.594171378860388,-15.778599391039592,-13.250000000000009,-12.500000000000009,15.239311493451671,88.95479989275165,0.1940782497528718,0.2482090429816293,0.2455166277029276,0.3206580110439842,True,True,10,0.6133273369317518,0.0400394035792886,-0.3539932360646779,-0.2762206619957649,0.6133273369317518,0.0400394035792886,-0.3539932360646779,,,,,,,194.93501805293,27.91246772362,LIN,0.02235,14.18,15.1,0.9200001,14.952,14.155,13.761,13.463,0.79699993,1.191,36.99737930297852,0.421215,22.0,SIMBAD,B,2023ApJS..269....3M,,-20.82,True,4.6246724128723145,Active (AGN/Seyfert/QSO),,17263.682282364145,False,1.2376674440486587e+18,5.504371,4.55995894226145,14.99974,14.20316,13.77287,0.002342492,0.002081028,0.002123126,0.03254221,0.02251255,0.01672924,14.967197789999998,14.18064745,13.75614076,True,0.786550339999998,1.2110570299999992,14.95233,14.15514,13.76129,0.002319187,0.00205877,0.002101916,14.91978779,14.13262745,13.74456076,14.4931330894,0.0015588196594867,"SDSS(cModelMag g,r)",14.4931330894,SDSS,Vmag_sdss,1.2110570299999992,0.786550339999998,SDSS(cModel extcorr),-20.506866910600003,4.6246724128723145,4.55995894226145,SDSS,False,3.2,14.591868615236642,,,,1.2110570299999992,g-i,25.2729,0.6830997350659745,22.0,3.400942041714428,6.510209143461234,3.400942041714428,NGC 4874,3.728199572819825,34132730.2668044,3.5130969872231628,1.2884322842469462,0.002160211589768,3.5130969872231628,1.54985883667515,-0.0804653006751501,0.7091033475330886,-1.7070641102172996,0.554501615632679,0.0588257212990728,0.2276360863015187,-0.5816293223661967,0.0269574578336099
NGC 4864,0,0,83.14180711560329,332.5672284624131,0.0,96.0454155799449,0.0,0.2888,0.0,0.2888,0.0,0.2888,False,False,False,False,True,0,0,,,,0,0,,,,,,,,0.25,,,0.0,0.0,,,,,,,False,False,10,,,,,,,,,,,,,,194.80470416666665,27.97691944444444,GiG,0.0226,13.872,14.8,0.92800045,16.692,15.813,15.395,15.088,0.8789997,1.296999,49.880218505859375,0.770732,137.0,SIMBAD,B,2023ApJS..269....3M,,-21.128,True,6.235027313232422,Members of systems,,23528.271761111053,False,1.2376674440485932e+18,0.6945562,0.6678541970788108,16.72558,15.81313,15.37613,0.00428332,0.003468532,0.003437714,0.03611832,0.02498649,0.01856764,16.68946168,15.78814351,15.35756236,True,0.9013181700000016,1.3318993200000016,16.6917,15.81319,15.39479,0.004292545,0.003468532,0.003444804,16.65558168,15.78820351,15.37622236,16.147683959699997,0.0026966634542703,"SDSS(cModelMag g,r)",16.147683959699997,SDSS,Vmag_sdss,1.3318993200000016,0.9013181700000016,SDSS(cModel extcorr),-18.852316040300003,6.235027313232422,0.6678541970788108,SDSS,False,3.2,2.1371334306521947,,,,1.3318993200000016,g-i,46.24392,0.9270993869958244,137.0,5.097288190766676,12.136057632486144,5.097288190766676,NGC 4874,8.577277557017746,9238788.165942028,6.496798309920575,8.032036784238091,7.914235696951442,6.496798309920575,,,,,,,,,
IC 3976,33,13,554.5258457501473,2218.10338300059,554.5258457501473,2218.10338300059,1.0,1.0,1.0,1.0,1.0,1.0,True,True,True,True,True,33,13,1.848713119,1.6966025671363636,1.6966025671363636,26,13,0.486275426998328,0.6083885262540941,1.848713119,1.544507142,1.8325379230606056,1.5711972134615388,0.2499999999999999,0.2499999999999999,29.75,22.75,29.75,22.75,12.64316110195653,7.909050841303223,0.2574585757276847,0.2094324744817351,0.3370364533066356,0.1753976916853127,True,True,10,0.4942508314584714,0.0485557468590072,0.4182022656767096,0.4182022656767096,0.4942508314584714,0.0485557468590072,0.4182022656767096,,,,,,,194.87250749055,27.85014087383,G,0.02264,14.42,15.5,1.0799999,15.275,14.429,14.001,13.72,0.8459997,1.2739992,36.413818359375,0.296348,154.0,SIMBAD,B,2023ApJS..269....3M,,-20.58,True,4.551727294921875,Regular galaxies,-2.39,17205.797800512744,False,1.2376674440486587e+18,3.589266,2.37658011132202,15.24133,14.42877,14.01754,0.002484288,0.002230985,0.002283173,0.03603545,0.02492916,0.01852504,15.20529455,14.40384084,13.99901496,True,0.8014537099999988,1.2062795899999994,15.27506,14.42877,14.00097,0.002486606,0.002230985,0.002283882,15.23902455,14.40384084,13.98244496,14.722436861099998,0.0016643487099098,"SDSS(cModelMag g,r)",14.722436861099998,SDSS,Vmag_sdss,1.2062795899999994,0.8014537099999988,SDSS(cModel extcorr),-20.2775631389,4.551727294921875,2.37658011132202,SDSS,False,3.2,7.605056356230465,,,,1.2062795899999994,g-i,17.78088,0.4883003431421847,154.0,6.693124713669252,11.446914216975696,6.693124713669252,NGC 4874,8.650683346052322,4810583.382440318,7.785615505308623,6.26443706480355,4.998372968350366,7.785615505308623,1.5449606822234137,0.3037524367765862,0.681869011041093,1.0147335560952706,0.5562677429241518,-0.0620169114656804,0.2198792477398226,0.198323017936887,0.0043812513740038
GMP 3196,0,14,2501.4353632263524,10005.741452905408,145.5835381397737,3774.16567603592,0.0582,0.3772,0.0582,0.3772,0.0582,0.3772,False,False,False,True,True,0,14,,,,0,12,,0.734726167971559,,1.3946907265,,1.4740349117142857,0.0385737009544008,0.25,-0.540031813361612,-0.4628844114528103,-3.500000000000001,-3.000000000000001,,8.816714015658707,,0.0686757290238884,,0.3158538755075445,False,True,10,,,,,,,,,,,,,,194.93624720683,27.88975882822,GiC,0.02271,17.19,18.5,1.3099995,17.757,17.048,16.718,16.44,0.70899963,1.0389996,7.81,,,NED,,,2007SDSS6.C...0000:,-17.81,False,0.97625,Members of systems,S0,3701.378234184791,False,1.2376674440486587e+18,4.185131,3.527197023143628,17.92125,17.1966,16.84549,0.008459692,0.006717516,0.007866166,0.03361544,0.02325501,0.01728096,17.887634560000002,17.17334499,16.82820904,True,0.7142895700000018,1.0594255200000011,17.75659,17.04805,16.71803,0.008311094,0.006580545,0.007696064,17.72297456,17.02479499,16.700749039999998,17.4562037137,0.0052667190763909,"SDSS(cModelMag g,r)",17.4562037137,SDSS,Vmag_sdss,1.0594255200000011,0.7142895700000018,SDSS(cModel extcorr),-17.5437962863,0.97625,3.527197023143628,SDSS,False,3.0,10.581591069430884,,,,1.0594255200000011,g-i,,1.0,0.0,4.618121510862816,7.356816715676457,4.618121510862816,NGC 4874,4.964577640631892,15482960.920664232,4.874648079493075,2.546339680318003,1.3660720602999314,4.874648079493075,,,,,,,,,0.0036001911832452
LEDA 44693,239,641,3458.289821316918,13833.159285267677,6184.191487506047,21910.758515908965,1.7882224472300317,1.583930182835669,1.0,1.0,1.7882224472300317,1.583930182835669,True,True,True,True,True,239,641,1.493582611,0.3702568468936276,0.4985891829278244,235,628,0.5703661525742814,0.5758121379463521,1.493582611,1.483952757,1.507962602225941,1.4963920168424336,0.2822445185097462,0.2499999999999999,58.08126363525267,57.75044237587935,78.75000000000003,78.00000000000003,134.03604585495611,361.6100226303091,0.2471133157844683,0.2469167544435643,0.3296973341013164,0.3246451895669632,True,True,10,0.5721063578520164,0.0160616678726482,0.1377980739133353,0.1874148444155173,0.5721063578520164,0.0160616678726482,0.1377980739133353,,,,,,,195.00404093837,27.945440098500004,G,0.02282,16.92,18.329,1.4090004,17.561,16.867,16.552,16.332,0.69400024,1.0090008,10.199999809265137,0.16,,SIMBAD,E,2003A&A...412...45P,,-18.08,False,1.274999976158142,Regular galaxies,,4856.832924966436,False,1.237667444048659e+18,4.386122,4.274942082038647,17.59844,16.97189,16.62116,0.007980323,0.006489073,0.007581428,0.03067976,0.02122412,0.01577179,17.56776024,16.95066588,16.60538821,True,0.6170943599999994,0.9623720299999974,17.56062,16.867,16.55209,0.007917869,0.006374494,0.007529764,17.52994024,16.84577588,16.53631821,17.193674567599995,0.0050362049636896,"SDSS(cModelMag g,r)",17.193674567599995,SDSS,Vmag_sdss,0.9623720299999974,0.6170943599999994,SDSS(cModel extcorr),-17.806325432400005,1.274999976158142,4.274942082038647,SDSS,False,3.2,13.679814662523672,,,,0.9623720299999974,g-i,9.6,0.9411764881877616,0.0,5.639564580810199,2.463374842306604,2.463374842306604,NGC 4889,2.421375312768657,122454636.44596568,4.348139085518254,3.1385189537537834,4.159523110040409,4.348139085518254,1.492172610384682,0.0014100006153179,0.3883608896893877,-0.0181040427957601,0.575301535193719,-0.0031951773417026,0.1362827512897974,0.0015153226235379,0.0982988596359803
Z 160-261,0,0,1288.6125070115047,5154.45002804602,0.0,0.0,0.0,0.0,0.0,0.0,0.0,0.0,False,False,False,False,False,0,0,,,,0,0,,,,,,,,0.2499999999999999,,,0.0,0.0,,,,,,,False,False,10,,,,,,,,,,,,,,195.24690929998,27.89984733525,EmG,0.02296,14.61,15.6,0.9900007,15.223,14.451,14.073,13.789,0.77199936,1.1499996,43.78242111206055,0.277726,172.0,SIMBAD,B,2023ApJS..269....3M,,-20.39,False,5.472802639007568,Regular galaxies,Sa,20971.779567161822,False,1.2376674440487898e+18,6.601604,4.103573720301582,15.20598,14.4749,14.0864,0.002555124,0.002263519,0.002344405,0.02868793,0.01984618,0.01474784,15.17729207,14.45505382,14.07165216,True,0.7222382500000002,1.1056399100000007,15.2234,14.45095,14.07295,0.002540023,0.002249465,0.002330177,15.19471207,14.43110382,14.05820216,14.7411715025,0.0016973403393087,"SDSS(cModelMag g,r)",14.7411715025,SDSS,Vmag_sdss,1.1056399100000007,0.7222382500000002,SDSS(cModel extcorr),-20.2588284975,5.472802639007568,4.103573720301582,SDSS,False,3.0,12.310721160904745,,,,1.1056399100000007,g-i,16.663559999999997,0.3805993267788875,172.0,18.795360770604773,12.211645678657089,12.211645678657089,NGC 4889,15.43076803099586,1119954.7160465424,17.476097919895025,16.005614126996957,16.555749631024337,17.476097919895025,,,,,,,,,
Z 160-233,18,25,358.46318621317675,1433.8527448527066,358.46318621317675,1433.8527448527066,1.0,1.0,1.0,1.0,1.0,1.0,True,True,True,True,True,18,25,1.5300439305,0.995451096472222,0.995451096472222,17,25,0.5771351457623415,0.5211190286508028,1.5300439305,1.539627362,1.5924883245555554,1.6194264829600002,0.25,0.25,11.749999999999998,10.749999999999998,11.749999999999998,10.749999999999998,9.811297477959805,13.027975716270072,0.251070236376341,0.2827857971197539,0.2387556762536607,0.2823264606992514,True,True,10,0.5746385051611071,0.0580976937786185,0.3830506269806649,0.3830506269806649,0.5746385051611071,0.0580976937786185,0.3830506269806649,,,,,,,194.92626325622,27.92474257327,G,0.02304,15.42,16.553,1.1329994,16.061,15.26,14.906,14.614,0.8010006,1.1550007,12.179999351501465,0.159,135.0,SIMBAD,C,2006AJ....131.1163S,,-19.58,False,1.522499918937683,Regular galaxies,S0,5853.980025356828,False,1.2376674440486587e+18,1.628152,1.5087135896926172,16.03603,15.2603,14.90978,0.003075702,0.00274076,0.002914357,0.03189583,0.02206539,0.01639695,16.00413417,15.23823461,14.89338305,True,0.7658995599999994,1.1107511200000015,16.06121,15.26031,14.90636,0.003077073,0.00274076,0.002914458,16.02931417,15.23824461,14.88996305,15.5422534296,0.0020506247612405,"SDSS(cModelMag g,r)",15.5422534296,SDSS,Vmag_sdss,1.1107511200000015,0.7658995599999994,SDSS(cModel extcorr),-19.4577465704,1.522499918937683,1.5087135896926172,SDSS,False,3.0,4.526140769077852,,,,1.1107511200000015,g-i,9.54,0.7832512732296637,135.0,2.531219333405591,6.502889986809576,2.531219333405591,NGC 4874,3.357664111995029,73825753.3618029,2.751803007874973,1.1686093390818428,0.8684003151984409,2.751803007874973,1.527448592715095,0.002595337784905,0.5844996563082254,0.4109514401639966,0.5625820761114997,0.0120564290496074,0.1921466695754394,0.1909039574052254,0.0167876938496932
IC 3960A,0,0,299.2771460287521,1197.1085841150084,0.0,0.0,0.0,0.0,0.0,0.0,0.0,0.0,False,False,False,False,False,0,0,,,,0,0,,,,,,,,0.25,,,0.0,0.0,,,,,,,False,False,10,,,,,,,,,,,,,,194.79017032975,27.86739742141,GiC,0.02306,16.53,17.637,1.1069984,17.035,16.281,15.91,15.624,0.7539997,1.125,9.779999732971191,0.163,90.0,SIMBAD,C,2006AJ....131.1163S,,-18.47,True,1.222499966621399,Members of systems,SB0,4704.452738832449,False,1.2376674440485934e+18,1.398571,1.2200337744417018,17.03168,16.29244,15.9277,0.00436742,0.003640158,0.003829222,0.04555633,0.03151566,0.02341951,16.98612367,16.26092434,15.90428049,True,0.7251993300000024,1.0818431800000017,17.03507,16.28125,15.91047,0.004359642,0.003632857,0.003821475,16.98951367,16.24973434,15.88705049,16.5482560653,0.0027962449205416,"SDSS(cModelMag g,r)",16.5482560653,SDSS,Vmag_sdss,1.0818431800000017,0.7251993300000024,SDSS(cModel extcorr),-18.4517439347,1.222499966621399,1.2200337744417018,SDSS,False,3.0,3.6601013233251054,,,,1.0818431800000017,g-i,9.78,1.0,90.0,7.970986907509402,14.491510548499049,7.970986907509402,NGC 4874,11.121794614601402,2733049.581889163,9.541687488113354,9.157213210025166,8.143245957531246,9.541687488113354,,,,,,,,,
SDSS J125923.41+275510.4,1,3,18.19937997368689,72.79751989474758,18.19937997368689,72.79751989474758,1.0,1.0,1.0,1.0,1.0,1.0,True,True,True,True,True,1,3,1.629347573,0.55142284175,0.55142284175,1,3,0.4816289813231246,0.5679865489247028,1.629347573,1.437232975,1.629347573,1.510206459666667,0.25,0.25,0.25,0.25,0.25,0.25,0.4816289813231246,1.7039596467741085,,0.3165982649491702,,0.2884781628992998,False,True,10,,,,,,,,,,,,,,194.84755666233,27.91957249925,GiC,0.02311,17.692,18.699,1.007,18.515,17.648,17.315,17.029,0.8669987,1.1999989,4.46,,,NED,,,2007SDSS6.C...0000:,-17.308,False,0.5575,Members of systems,E...,2149.9058342825188,False,1.2376674440486584e+18,0.3008961,0.3008592530164602,18.56569,17.65307,17.33895,0.008009547,0.00590124,0.006418677,0.03758528,0.02600133,0.01932177,18.52810472,17.62706867,17.31962823,True,0.901036050000002,1.2084764900000025,18.51517,17.6477,17.31539,0.008038871,0.005900831,0.00642233,18.477584720000003,17.62169867,17.29606823,17.9864934505,0.0047860785479501,"SDSS(cModelMag g,r)",17.9864934505,SDSS,Vmag_sdss,1.2084764900000025,0.901036050000002,SDSS(cModel extcorr),-17.0135065495,0.5575,0.3008592530164602,SDSS,False,3.2,0.9627496096526728,,,,1.2084764900000025,g-i,,1.0,0.0,3.611343066468633,10.452765451607544,3.611343066468633,NGC 4874,6.93393727298965,24765960.068006214,5.210490324902926,5.32227495915478,4.655457884239831,5.210490324902926,1.4752372180363262,0.1541103549636737,0.2941980415424534,0.2572248002075465,,,,,0.0671976386872049
IC 4045,103,65,2684.395683824964,10737.582735299857,2684.395683824964,10086.885221540684,1.0,0.9394,1.0,0.9394,1.0,0.9394,True,True,True,True,True,103,65,1.684348138,1.4364555432896808,1.4514778345291264,95,63,0.4887952951428639,0.6189675617162568,1.684348138,1.476039462,1.6717511690291265,1.4819412976615385,0.2661273153076431,0.25,85.7017245050032,78.23397913561848,86.75,79.25,46.43555303857208,38.99495638812418,0.2589237701503317,0.216471718542444,0.2840287579093893,0.2764854037519286,True,True,10,0.4911551980946805,0.0251507947973459,0.381917060682995,0.3885368918101431,0.4911551980946805,0.0251507947973459,0.381917060682995,,,,,,,195.20271749883,28.09074310012999,AGN,0.02324,13.77,15.1,1.3299999,14.662,13.846,13.414,13.087,0.816,1.2480001,44.33838272094727,0.489865,107.0,SIMBAD,B,2023ApJS..269....3M,,-21.23,True,5.542297840118408,Active (AGN/Seyfert/QSO),E4,21489.78902215048,False,1.2376673243347026e+18,5.502081,4.487809729906217,14.68412,13.88333,13.44538,0.002087751,0.001924474,0.001926547,0.03643563,0.025206,0.01873076,14.64768437,13.858124,13.42664924,True,0.7895603700000002,1.2210351300000006,14.66235,13.84622,13.41367,0.002066555,0.001902932,0.001907154,14.62591437,13.821014,13.39493924,14.1718437517,0.0014219428272293,"SDSS(cModelMag g,r)",14.1718437517,SDSS,Vmag_sdss,1.2210351300000006,0.7895603700000002,SDSS(cModel extcorr),-20.8281562483,5.542297840118408,4.487809729906217,SDSS,False,3.2,14.360991135699894,,,,1.2210351300000006,g-i,29.3919,0.6628996863729552,107.0,17.926914966794676,11.253570340414583,11.253570340414583,NGC 4889,14.523987937328394,1410385.420436005,16.280093408251062,16.5859127028359,17.762894982087342,16.280093408251062,1.5567218934320604,0.1276262445679397,0.7472627806263208,0.68919276266336,0.5520270036210042,-0.0608718055263237,0.2385045927619954,0.1434124679209996,0.006249104710145
IC 4041,58,239,5209.202604724607,20836.81041889844,5209.202604724607,20836.81041889844,1.0,1.0,1.0,1.0,1.0,1.0,True,True,True,True,True,58,239,1.462828965,0.0045343966034485,0.0045343966034485,53,235,0.6041347247717185,0.6354857509201145,1.462828965,1.415583012,1.5012198510344823,1.447688339083682,0.2499999999999999,0.2499999999999999,-1.7499999999999858,-5.749999999999986,-1.7499999999999858,-5.749999999999986,32.01914041290108,149.3391514662269,0.2360169446140194,0.2182626105063271,0.3250276041575316,0.2841706271998812,True,True,10,0.605884706067557,0.0313729076829089,-0.0985452536787961,-0.0985452536787961,0.605884706067557,0.0313729076829089,-0.0985452536787961,,,,,,,195.17022562979,27.99661329542,EmG,0.02364,14.77,15.88,1.1099997,15.211,14.424,14.029,13.716,0.78700066,1.1820002,37.85297775268555,0.427613,46.0,SIMBAD,B,2023ApJS..269....3M,,-20.23,True,4.731622219085693,Regular galaxies,SB0,18653.18992812199,False,1.2376673243347028e+18,8.122255,6.18257866402919,15.20113,14.45026,14.03753,0.002461462,0.002187198,0.002222568,0.03503172,0.02423478,0.01800904,15.16609828,14.42602522,14.01952096,True,0.7400730600000003,1.1465773200000005,15.21078,14.42402,14.02894,0.002449258,0.00217353,0.002211044,15.17574828,14.39978522,14.01093096,14.719455174599998,0.0016382113613866,"SDSS(cModelMag g,r)",14.719455174599998,SDSS,Vmag_sdss,1.1465773200000005,0.7400730600000003,SDSS(cModel extcorr),-20.2805448254,4.731622219085693,6.18257866402919,SDSS,False,3.0,18.54773599208757,,,,1.1465773200000005,g-i,25.65678,0.6778008369019194,46.0,14.556474023159591,7.326479510101546,7.326479510101546,NGC 4889,10.941280504545706,4777517.0532554295,12.976197584332814,12.460693364664875,13.44954686405998,12.976197584332814,1.545024373984327,-0.082195408984327,0.6822231450043181,-0.6776887484008696,0.5562447775892895,0.0496399284782674,0.2199801115880297,-0.3185253652668259,0.0184523315666899
LEDA 93697,15,23,1458.949973754559,5835.799895018236,1458.949973754559,5719.083897117871,1.0,0.98,1.0,0.98,1.0,0.98,True,True,True,True,True,15,23,1.403461542,0.8818562101972789,0.8922883168333333,14,22,0.5431384566843446,0.5828727669572037,1.403461542,1.33349537,1.5273357174,1.297052995826087,0.2551020408163266,0.25,9.132653061224488,8.387755102040815,9.25,8.5,7.603938393580823,12.82320087305848,0.2787191292366059,0.2691801364555191,0.3303259040654175,0.3900768601217465,True,True,10,0.5338606421497603,0.0715704026925642,0.3002017341129803,0.3048749122737159,0.5338606421497603,0.0715704026925642,0.3002017341129803,,,,,,,194.78946173427,28.040939888210005,G,0.02405,16.31,17.918,1.6079998,17.043,16.281,15.894,15.9247,0.76199913,1.1489992,19.48542022705078,0.178551,104.0,SIMBAD,B,2023ApJS..269....3M,,-18.69,False,2.435677528381348,Regular galaxies,,9763.705057692605,False,1.2376673243345062e+18,5.6618,3.6328996062065686,17.1439,16.39382,16.00554,0.005157129,0.004285455,0.004461778,0.03241689,0.02242585,0.01666481,17.111483109999998,16.37139415,15.98887519,True,0.7400889599999978,1.1226079199999983,17.04341,16.28146,15.89397,0.005082193,0.004223837,0.004397622,17.01099311,16.259034149999998,15.87730519,16.664830623599997,0.0032960103179535,"SDSS(cModelMag g,r)",16.664830623599997,SDSS,Vmag_sdss,1.1226079199999983,0.7400889599999978,SDSS(cModel extcorr),-18.335169376400003,2.435677528381348,3.6328996062065686,SDSS,False,3.2,11.62527873986102,,,,1.1226079199999983,g-i,10.71306,0.5497987662143161,104.0,7.587472772618228,13.496180661054373,7.587472772618228,NGC 4874,10.334551676290827,3213664.769495788,8.424610261686864,10.63924476111486,10.90232478082048,8.424610261686864,1.5034692379951795,-0.1000076959951794,0.4511715177740101,0.4306846924232688,0.5712283107739723,-0.037367668624212,0.1541723702329409,0.1460293638800394,0.0126465068199847
LEDA 1822852,102,324,4094.1771659710566,16376.708663884228,4094.1771659710566,16376.708663884228,1.0,1.0,1.0,1.0,1.0,1.0,True,True,True,True,True,102,324,1.4931406109999998,0.3206604194558824,0.3206604194558824,100,313,0.5900308793685366,0.5916181721376617,1.4931406109999998,1.4764565374999998,1.497483669794118,1.4994079108456788,0.25,0.25,21.0,21.75,21.0,21.75,59.00308793685366,185.1764878790881,0.2224934468831684,0.2340023564725846,0.3024132003361104,0.3064455758553802,True,True,10,0.5910522570600987,0.0219335938339007,0.1281110373623784,0.1281110373623784,0.5910522570600987,0.0219335938339007,0.1281110373623784,,,,,,,194.8321465,27.9734965,GiC,0.02413,17.13,18.677,1.5470009,17.467,16.764,16.417,16.253,0.7029991,1.0499992,18.0,0.15,65.0,SIMBAD,E,2003A&A...412...45P,,-17.87,False,2.25,Members of systems,E,9048.519406200978,False,1.2376674440485934e+18,8.52919,6.381656004999118,17.6732,16.96056,16.56978,0.009480073,0.007693281,0.009048044,0.03435463,0.02376637,0.01766096,17.638845370000002,16.93679363,16.55211904,True,0.7020517400000017,1.0867263300000012,17.46698,16.76352,16.41689,0.009182482,0.007446554,0.008720091,17.43262537,16.73975363,16.399229039999998,17.2146348434,0.0059758089667964,"SDSS(cModelMag g,r)",17.2146348434,SDSS,Vmag_sdss,1.0867263300000012,0.7020517400000017,SDSS(cModel extcorr),-17.7853651566,2.25,6.381656004999118,SDSS,False,3.2,20.42129921599718,,,,1.0867263300000012,g-i,9.0,0.5,65.0,3.63361296207342,10.684204687228403,3.63361296207342,NGC 4874,7.114280701002311,24244376.11935149,5.034642379475296,6.602291650877369,6.566236874225625,5.034642379475296,1.4917248782455277,0.0014157327544721,0.3858714443572408,-0.0652110249013584,0.5754629739474417,0.0155892831126569,0.1355737115981085,-0.00746267423573,0.0307835080979681
IC 4012,12,9,916.4742356641656,3665.896942656661,751.3255783974829,2161.412837390368,0.8198,0.5896,0.8198,0.5896,0.8198,0.5896,True,False,False,True,True,12,9,1.735062004,1.37195504167391,1.4739155475625,8,9,0.5648983154752669,0.5538433204517673,1.735062004,1.392781101,1.6373488302500003,1.5216109683333334,0.3476085481682497,0.25,8.871523066485754,4.871523066485753,9.75,5.75,4.519186523802135,4.9845898840659055,0.2690616095333878,0.2980439835162302,0.4172898194621208,0.3509007822092185,False,True,10,,,,,,,,,,,,,,195.03331660634,28.0785590405,G,0.02414,14.64,15.948,1.3079996,15.391,14.596,14.158,13.837,0.7950001,1.2329998,24.15780067443848,0.320614,132.0,SIMBAD,B,2023ApJS..269....3M,,-20.36,True,3.0197250843048096,Regular galaxies,E4,12148.90377340918,False,1.237667324334637e+18,2.751892,2.392528045022787,15.394,14.61975,14.17422,0.002454048,0.002219175,0.002220835,0.03471521,0.02401582,0.01784633,15.35928479,14.59573418,14.15637367,True,0.7635506100000011,1.2029111199999996,15.39131,14.59633,14.15753,0.002441914,0.002206201,0.002208593,15.35659479,14.57231418,14.13968367,14.8987899301,0.0016512596671278,"SDSS(cModelMag g,r)",14.8987899301,SDSS,Vmag_sdss,1.2029111199999996,0.7635506100000011,SDSS(cModel extcorr),-20.1012100699,3.0197250843048096,2.392528045022787,SDSS,False,3.2,7.6560897440729185,,,,1.2029111199999996,g-i,19.23684,0.796299309661687,132.0,10.100507741245288,6.092083214805208,6.092083214805208,NGC 4889,7.517203517879746,8754826.317242624,8.579479127153098,9.956858505697204,11.242904995612884,8.579479127153098,1.5411936069433356,0.1938683970566643,0.6609236127733935,0.7110314289005166,,,,,0.0048653131337452
LEDA 1821341,7,26,1139.5762685970317,4558.305074388126,1139.5762685970317,4558.305074388126,1.0,1.0,1.0,1.0,1.0,1.0,True,True,True,True,True,7,26,1.283853963,-0.05032174025,-0.05032174025,7,26,0.7183792735253505,0.67927169543228,1.283853963,1.4368046035,1.230153919857143,1.3912655045000002,0.25,0.25,0.5,0.5,0.5,0.5,5.028654914677453,17.66106408123928,0.2610032480452746,0.1920153915641097,0.4097674952155984,0.264312208803514,False,True,10,,,,,,,,,,,,,,194.95908929166663,27.912638694444446,G,0.02417,17.4,18.68,1.2800007,18.175,17.473,17.133,16.908,0.70199966,1.0419998,13.800000190734863,0.16,130.0,SIMBAD,E,2003A&A...412...45P,,-17.6,False,1.725000023841858,Regular galaxies,dE,6948.361240074922,False,1.237667444048659e+18,3.069375,2.854372868449746,18.11478,17.37046,17.04203,0.01087559,0.01067839,0.01393049,0.03210047,0.02220696,0.01650215,18.08267953,17.348253040000003,17.02552785,True,0.734426489999997,1.0571516800000005,18.17536,17.47263,17.1335,0.0106127,0.01036232,0.01358298,18.14325953,17.45042304,17.11699785,17.639367900899998,0.0077185335450988,"SDSS(cModelMag g,r)",17.639367900899998,SDSS,Vmag_sdss,1.0571516800000005,0.734426489999997,SDSS(cModel extcorr),-17.360632099100002,1.725000023841858,2.854372868449746,SDSS,False,3.2,9.133993179039187,,,,1.0571516800000005,g-i,9.6,0.6956521642981797,130.0,4.247104473861549,5.529848434385949,4.247104473861549,NGC 4874,3.351519900976496,24575083.01502584,3.8690227693063854,1.277089500927224,1.277235988555259,3.8690227693063854,1.4826521617307944,-0.1987981987307943,0.3354260333573615,-0.3857477736073615,,,,,0.0062154050051043
LEDA 126764,22,39,1071.712878555509,4286.851514222036,1071.712878555509,4286.851514222036,1.0,1.0,1.0,1.0,1.0,1.0,True,True,True,True,True,22,39,1.4270047125,0.7265820754772728,0.7265820754772728,22,35,0.5586677973323059,0.533502017896562,1.4270047125,1.580440822,1.4436137575454544,1.5856233507435895,0.25,0.25,12.25,13.25,12.25,13.25,12.290691541310728,18.67257062637967,0.2670141628641557,0.2826065849001294,0.3195008751293126,0.3564943317069241,True,True,10,0.5615128524716966,0.0501480362427082,0.3493245498992003,0.3493245498992003,0.5615128524716966,0.0501480362427082,0.3493245498992003,,,,,,,195.04644368118,28.065228974859995,G,0.02454,16.72,18.181,1.4610004,17.686,16.979,16.617,16.369,0.70700073,1.0690002,6.138000011444092,0.1023,0.0,SIMBAD,E,2022ApJS..262...36S,,-18.28,False,0.7672500014305115,Regular galaxies,,3136.4142146897498,False,1.2376673243346373e+18,2.413485,2.308736143132295,17.48973,16.76482,16.42676,0.006291914,0.005274798,0.005756008,0.03473548,0.02402985,0.01785675,17.454994520000003,16.74079015,16.40890325,True,0.7142043700000045,1.0460912700000016,17.68551,16.97856,16.61703,0.006164982,0.005166061,0.005631373,17.650774520000002,16.95453015,16.59917325,17.0236139417,0.0040422928640293,"SDSS(cModelMag g,r)",17.0236139417,SDSS,Vmag_sdss,1.0460912700000016,0.7142043700000045,SDSS(cModel extcorr),-17.9763860583,0.7672500014305115,2.308736143132295,SDSS,False,3.2,7.387955658023344,,,,1.0460912700000016,g-i,6.138,0.999999998135534,0.0,10.080125400252957,5.33485886520026,5.33485886520026,NGC 4889,7.209321264235895,12523796.877554407,8.49687072085895,9.61588772570229,10.90127165161599,8.49687072085895,1.4958052728814286,-0.0688005603814285,0.4085589364788633,0.3180231389984095,0.5739917062694924,-0.0124788537977957,0.1420355254854747,0.2072890244137256,0.0101618323839642
LEDA 126762,0,52,9692.874440352489,38771.49776140996,0.0,8777.867093183213,0.0,0.2264,0.0,0.2264,0.0,0.2264,False,False,False,False,True,0,52,,,,0,52,,0.5657313654083144,,1.4427278495,,1.4230302358846154,,0.2499999999999999,,,-12.999999999999996,-12.999999999999996,,29.418031001232347,,0.270500969281898,,0.3900842813026089,False,True,10,,,,,,,,,,,,,,195.056824875,27.86717180555556,GiC,0.02468,16.35,17.985,1.6350002,16.852,16.131,15.772,15.538,0.72099876,1.079999,18.0,0.21,109.0,SIMBAD,E,2003A&A...412...45P,,-18.65,False,2.25,Members of systems,,9248.599687448155,False,1.2376674440487242e+18,9.405168,8.298743665543133,17.05794,16.29811,15.9368,0.007025983,0.005478811,0.006279691,0.03100745,0.02145081,0.01594025,17.026932549999998,16.27665919,15.92085975,True,0.7502733599999978,1.106072799999998,16.85216,16.13064,15.77173,0.006788294,0.005314642,0.006120022,16.82115255,16.10918919,15.75578975,16.574271267599997,0.0043298046569216,"SDSS(cModelMag g,r)",16.574271267599997,SDSS,Vmag_sdss,1.106072799999998,0.7502733599999978,SDSS(cModel extcorr),-18.425728732400003,2.25,8.298743665543133,SDSS,False,3.2,26.555979729738027,,,,1.106072799999998,g-i,12.6,0.7,109.0,10.036346692059166,6.703874464785301,6.703874464785301,NGC 4889,7.729863816758485,6855650.505560423,9.263461484388236,6.96887817762234,7.009606297712635,9.263461484388236,,,,,,,,,0.0083024076141295
LEDA 126790,0,0,1529.094799260639,6116.379197042555,0.0,0.0,0.0,0.0,0.0,0.0,0.0,0.0,False,False,False,False,False,0,0,,,,0,0,,,,,,,,0.25,,,0.0,0.0,,,,,,,False,False,10,,,,,,,,,,,,,,194.88166679166665,28.10054077777778,GiC,0.02478,17.15,18.71,1.5599995,18.346,17.604,17.34,17.948,0.7420006,1.0060005,,,,,,,,-17.85,False,,Members of systems,,,False,1.2376673243345715e+18,2.817489,2.7577334203021246,18.24314,17.44118,17.22931,0.01075226,0.008930437,0.01085025,0.03427516,0.0237114,0.01762011,18.20886484,17.4174686,17.211689890000002,True,0.791396240000001,0.997174949999998,18.34628,17.60409,17.34026,0.01048076,0.008677593,0.01055335,18.31200484,17.5803786,17.32263989,17.731941058399997,0.0068699448106885,"SDSS(cModelMag g,r)",17.731941058399997,SDSS,Vmag_sdss,0.997174949999998,0.791396240000001,SDSS(cModel extcorr),-17.268058941600003,,2.7577334203021246,SDSS,False,3.2,8.8247469449668,,,,0.997174949999998,g-i,,1.0,0.0,8.525911831846972,10.944320215131466,8.525911831846972,NGC 4874,9.120498226867308,3093126.542168448,8.159286631814357,10.741011947741686,11.630806226720008,8.159286631814357,,,,,,,,,
LEDA 126747,0,0,722.892601337379,2891.570405349516,0.0,0.0,0.0,0.0,0.0,0.0,0.0,0.0,False,False,False,False,False,0,0,,,,0,0,,,,,,,,0.25,,,0.0,0.0,,,,,,,False,False,10,,,,,,,,,,,,,,195.2735663333333,28.06205241666667,GiC,0.02479,17.24,18.35,1.1100006,17.699,17.174,16.906,16.761,0.5249996,0.79299927,15.295379638671877,0.115863,146.0,SIMBAD,B,2023ApJS..269....3M,,-17.76,False,1.9119224548339844,Members of systems,,7892.911754406793,False,1.2376673243347028e+18,4.505288,2.8125748380841693,17.84722,17.31416,17.0314,0.006973567,0.006562028,0.007597563,0.03369695,0.02331139,0.01732286,17.81352305,17.29084861,17.01407714,True,0.5226744399999994,0.7994459099999993,17.69851,17.17393,16.90626,0.006896334,0.006468179,0.00748832,17.66481305,17.15061861,16.88893714,17.495145130399997,0.0048129065691671,"SDSS(cModelMag g,r)",17.495145130399997,SDSS,Vmag_sdss,0.7994459099999993,0.5226744399999994,SDSS(cModel extcorr),-17.504854869600003,1.9119224548339844,2.8125748380841693,SDSS,False,3.2,9.000239481869341,,,,0.7994459099999993,g-i,6.951779999999999,0.4545019583837956,146.0,20.78871895869716,13.689219773714356,13.689219773714356,NGC 4889,17.22541285176701,799843.8254829817,19.15466510837211,18.99673308887874,20.05739994845535,19.15466510837211,,,,,,,,,0.0006514182211609
LEDA 44723,30,28,995.5514655162556,3982.205862065021,995.5514655162556,3982.205862065021,1.0,1.0,1.0,1.0,1.0,1.0,True,True,True,True,True,30,28,1.5889598765,1.2392374398,1.2392374398,26,28,0.5192500173040737,0.5233205734043473,1.5889598765,1.498810443,1.543558386433333,1.515672077142857,0.25,0.25,23.0,19.0,23.0,19.0,13.500500449905916,14.652976055321728,0.2605147990826536,0.299684196276385,0.3915851465018133,0.3917345197466994,True,True,10,0.5235127010332041,0.0488076255841179,0.3826187005012644,0.3826187005012644,0.5235127010332041,0.0488076255841179,0.3826187005012644,,,,,,,195.05362670104,28.07549425166,G,0.02503,15.17,16.272,1.1019993,15.71,14.941,14.538,14.255,0.76900005,1.1719999,32.3455810546875,0.329009,141.0,SIMBAD,B,2023ApJS..269....3M,,-19.83,False,4.0431976318359375,Regular galaxies,,16848.06529826377,False,1.237667324334637e+18,3.693606,2.8483601358201445,15.68578,14.9407,14.52751,0.002688938,0.002380718,0.002415233,0.03489778,0.02414212,0.01794018,15.65088222,14.91655788,14.50956982,True,0.7343243400000006,1.1413124000000003,15.70972,14.9407,14.53802,0.002689929,0.002380718,0.002415377,15.67482222,14.91655788,14.52007982,15.207630859399998,0.0017856079256142,"SDSS(cModelMag g,r)",15.207630859399998,SDSS,Vmag_sdss,1.1413124000000003,0.7343243400000006,SDSS(cModel extcorr),-19.7923691406,4.0431976318359375,2.8483601358201445,SDSS,False,3.2,9.114752434624462,,,,1.1413124000000003,g-i,19.74054,0.6103009856778941,141.0,10.766224514631908,6.001330664989362,6.001330664989362,NGC 4889,7.9312208886153295,8923974.057392621,9.193523506772758,10.339509730627752,11.624997193098944,9.193523506772758,1.5345964604528353,0.0543634160471648,0.6242426732114363,0.6149947665885638,0.560004769819538,-0.0364920687863338,0.2034662097508931,0.1791524907503713,0.0118104912314363
LEDA 44792,109,188,6707.21600350093,26828.864014003728,6707.21600350093,26828.864014003728,1.0,1.0,1.0,1.0,1.0,1.0,True,True,True,True,True,109,188,1.40535561,0.8126975188944955,0.8126975188944955,105,182,0.617506971719789,0.6531392670065549,1.40535561,1.3744623815,1.4519313663669726,1.4405101778031917,0.2499999999999999,0.2499999999999999,62.00000000000001,59.50000000000001,62.00000000000001,59.50000000000001,64.83823203057784,118.871346595193,0.2260483334890114,0.2142839403824442,0.3113758291608475,0.2849406002466763,True,True,10,0.6161672157028721,0.0213433890688522,0.3331402000000317,0.3331402000000317,0.6161672157028721,0.0213433890688522,0.3331402000000317,,,,,,,195.16152855812,28.014533048270003,G,0.02535,14.844,15.75,0.90600014,15.348,14.657,14.19,14.01,0.691,1.158,37.79082107543945,0.478809,86.0,SIMBAD,B,2023ApJS..269....3M,,-20.156,False,4.723852634429932,Regular galaxies,,19928.299771655613,False,1.2376673243347026e+18,8.492435,6.624339914621609,15.29,14.676,14.0979,0.002666358,0.002396727,0.002344526,0.03537844,0.02447464,0.01818728,15.25462156,14.65152536,14.07971272,True,0.6030961999999978,1.1749088399999987,15.34815,14.65673,14.19015,0.002652036,0.00238594,0.002335772,15.31277156,14.63225536,14.17196272,14.888794801999998,0.0017873701358782,"SDSS(cModelMag g,r)",14.888794801999998,SDSS,Vmag_sdss,1.1749088399999987,0.6030961999999978,SDSS(cModel extcorr),-20.111205198,4.723852634429932,6.624339914621609,SDSS,False,3.2,21.197887726789148,,,,1.1749088399999987,g-i,28.72854,0.7601988838149616,86.0,14.310547135940766,7.1344746840721545,7.1344746840721545,NGC 4889,10.713362638896784,5162893.025077918,12.696784374505777,12.416473425471562,13.475701807894415,12.696784374505777,1.5414071127257991,-0.1360515027257993,0.6621107309788117,0.1505867879156838,0.5575490532898665,0.0586181624130056,0.2142517271741961,0.1188884728258355,0.0098829570434752
2MASX J12595670+2755483,40,615,5579.487990484856,22317.951961939427,5579.487990484856,28727.6702541219,1.0,1.2872001115117315,1.0,0.9994,1.0,1.2872001115117315,True,True,True,True,True,40,615,1.448900919,-2.9333243718827067,-4.19189996409375,38,605,0.6403135629378526,0.5781895834995976,1.448900919,1.467525433,1.4770655349,1.475840327998374,0.1942199956045618,0.2499999999999999,-79.4452972968055,-79.5030973407599,-113.74999999999996,-113.24999999999996,24.3319153916384,349.80469801725656,0.2286909971269108,0.2502826843600685,0.2597051986781168,0.3411496310773994,True,True,10,0.6455839884709971,0.0391315453553957,-1.1422861934070725,-1.6557627090109537,0.6455839884709971,0.0391315453553957,-1.1422861934070725,,,,,,,194.98605391892,27.93003702706,GiC,0.02571,15.32,16.765,1.4449997,15.814,15.043,14.676,14.39,0.7709999,1.1380005,31.542781829833984,0.331515,58.0,SIMBAD,B,2023ApJS..269....3M,,-19.68,False,3.942847728729248,Members of systems,SB0,16862.375614467303,False,1.237667444048659e+18,8.262528,6.633687811045823,15.93959,15.16513,14.76233,0.003439481,0.00282651,0.00302959,0.0309996,0.02144538,0.01593621,15.9085904,15.14368462,14.74639379,True,0.7649057800000012,1.1621966100000003,15.81388,15.04323,14.67614,0.003382762,0.002782559,0.002975706,15.7828804,15.02178462,14.66020379,15.4472959898,0.0021839537858206,"SDSS(cModelMag g,r)",15.4472959898,SDSS,Vmag_sdss,1.1621966100000003,0.7649057800000012,SDSS(cModel extcorr),-19.5527040102,3.942847728729248,6.633687811045823,SDSS,False,3.0,19.901063433137463,,,,1.1621966100000003,g-i,19.8909,0.6306006904307556,58.0,4.946322630784332,3.786178024082734,3.786178024082734,NGC 4889,2.515147953862152,41090897.67710551,3.960631449791072,2.065968970769727,2.903983908380136,3.960631449791072,1.5294769771722436,-0.0805760581722436,0.5957777214214104,-3.5291020933041173,0.5618507016351192,0.0837332868358778,0.1953588693805269,-1.337645062787599,0.0669362245868788
IC 4033,27,70,4842.6106894493605,19370.44275779745,4842.6106894493605,19370.44275779745,1.0,1.0,1.0,1.0,1.0,1.0,True,True,True,True,True,27,70,1.440665179,0.5156303699722224,0.5156303699722224,25,66,0.6261945942249787,0.6513785469054589,1.440665179,1.4271965625,1.4862659573703705,1.4439412409,0.2499999999999999,0.2499999999999999,9.500000000000009,8.500000000000007,9.500000000000009,8.500000000000007,15.654864855624467,42.99098409576029,0.2109061045503877,0.2102117852046136,0.2811548474568411,0.2834792103089744,True,True,10,0.6290171071969024,0.0364061587217971,0.1991072662392996,0.1991072662392996,0.6290171071969024,0.0364061587217971,0.1991072662392996,,,,,,,195.11830877411,27.97241464842,EmG,0.02574,15.23,16.741,1.5109997,15.527,14.794,14.436,14.153,0.73300076,1.0910006,35.63478088378906,0.359436,97.0,SIMBAD,B,2023ApJS..269....3M,,-19.77,True,4.454347610473633,Regular galaxies,S...,19071.443057095606,False,1.2376674440487242e+18,8.827339,6.308491027635609,15.48044,14.81165,14.44996,0.003040772,0.002536087,0.002700216,0.03497763,0.02419736,0.01798123,15.44546237,14.78745264,14.43197877,True,0.6580097299999998,1.013483599999999,15.52668,14.79415,14.43624,0.003012475,0.002525534,0.002695346,15.49170237,14.76995264,14.41825877,15.0472366293,0.00194761131273,"SDSS(cModelMag g,r)",15.0472366293,SDSS,Vmag_sdss,1.013483599999999,0.6580097299999998,SDSS(cModel extcorr),-19.9527633707,4.454347610473633,6.308491027635609,SDSS,False,3.0,18.925473082906827,,,,1.013483599999999,g-i,21.56616,0.6051997364690085,97.0,11.659939657279867,4.489900101982722,4.489900101982722,NGC 4889,8.061199803991885,19906140.829717465,10.132900717572817,9.406657165658928,10.360003406512774,10.132900717572817,1.538022639212882,-0.0973574602128819,0.6432926452268675,-0.127662275254645,0.558769392725327,0.0702477144715754,0.2088919911930796,-0.00978472495378,0.0064049251932775
LEDA 126801,11,32,3366.9373954745524,13467.74958189821,815.4722371839366,3453.1309927987013,0.2422,0.2564,0.2422,0.2564,0.2422,0.2564,False,False,False,True,True,11,32,1.435963294,0.5020908330279393,0.4473386078181818,11,31,0.6702907361039202,0.6594974257039473,1.435963294,1.3593589435,1.5002125050909092,1.39869875334375,0.2361544461778471,0.25,3.443057722308893,3.6792121684867407,3.0,3.25,7.373198097143122,20.444420196822367,0.2361379255640708,0.1979751392531076,0.3061819231281472,0.2965334305616872,True,True,10,0.676420501699534,0.0672525411693733,0.2375077081533724,0.2117745881353893,0.676420501699534,0.0672525411693733,0.2375077081533724,,,,,,,194.78782038806,27.8975533285,GiC,0.02615,17.18,18.36,1.1800003,17.569,16.822,16.457,16.193,0.74699974,1.1119995,13.199999809265137,0.2,,SIMBAD,E,2003A&A...412...45P,,-17.82,False,1.649999976158142,Members of systems,,7173.49906142318,False,1.2376674440485934e+18,4.594318,4.291893499706958,17.64809,16.89255,16.50446,0.008106869,0.006181642,0.007094086,0.04454578,0.03081656,0.02290001,17.60354422,16.86173344,16.48155999,True,0.7418107800000016,1.121984229999999,17.56895,16.82227,16.45729,0.007975766,0.006101303,0.006990657,17.52440422,16.791453439999998,16.43438999,17.155875859799995,0.0049345308631597,"SDSS(cModelMag g,r)",17.155875859799995,SDSS,Vmag_sdss,1.121984229999999,0.7418107800000016,SDSS(cModel extcorr),-17.844124140200005,1.649999976158142,4.291893499706958,SDSS,False,3.2,13.734059199062267,,,,1.121984229999999,g-i,12.0,0.9090909222269192,0.0,6.950425040230947,13.880221918296847,6.950425040230947,NGC 4874,10.363985001425442,3910751.813217066,8.58598618713295,8.68139070211671,7.855333165697257,8.58598618713295,1.492980028018975,-0.0570167340189748,0.3928502302682888,0.1092406027596505,0.5750104046600472,0.1014100970394868,0.1375613978295887,0.0999463103237837,0.0106403985786531
2MASX J12595104+2749592,0,0,566.8338145305454,2267.3352581221825,0.0,0.0,0.0,0.0,0.0,0.0,0.0,0.0,False,False,False,False,False,0,0,,,,0,0,,,,,,,,0.2499999999999999,,,0.0,0.0,,,,,,,False,False,10,,,,,,,,,,,,,,194.9625044108,27.83295082283,GiC,0.02634,16.29,17.78,1.4899998,17.144,16.395,16.049,15.765,0.74899864,1.0949993,24.960420608520508,0.191321,17.0,SIMBAD,B,2023ApJS..269....3M,,-18.71,False,3.1200525760650635,Members of systems,SBa,13660.080393049311,False,1.237667444048659e+18,3.982427,2.4758934744040366,16.97805,16.21085,15.85805,0.005321739,0.00428197,0.00481274,0.03088952,0.02136923,0.01587963,16.94716048,16.18948077,15.84217037,True,0.7576797100000014,1.104990110000001,17.1438,16.39516,16.04923,0.005189636,0.004178458,0.004684424,17.11291048,16.37379077,16.03335037,16.4901294511,0.003338150800487,"SDSS(cModelMag g,r)",16.4901294511,SDSS,Vmag_sdss,1.104990110000001,0.7576797100000014,SDSS(cModel extcorr),-18.5098705489,3.1200525760650635,2.4758934744040366,SDSS,False,3.0,7.427680423212109,,,,1.104990110000001,g-i,11.47926,0.4598985001110691,17.0,8.296946049062022,9.433580826854312,8.296946049062022,NGC 4874,8.11359828441877,3988392.194052256,8.46962794736223,5.945349234362124,4.990911453497621,8.46962794736223,,,,,,,,,
LEDA 126756,41,142,3408.8641625258983,13635.456650103584,3408.8641625258983,13635.456650103584,1.0,1.0,1.0,1.0,1.0,1.0,True,True,True,True,True,41,142,1.532036775,0.2905158961707306,0.2905158961707306,41,138,0.6073228057219408,0.6070700337872851,1.532036775,1.4338691840000002,1.463552832,1.444095620478873,0.2500000000000001,0.2500000000000001,5.499999999999979,6.499999999999979,5.499999999999979,6.499999999999979,24.90023503459957,83.77566466264534,0.1909000893655532,0.2290153846515867,0.2817910088601308,0.2974630204772743,True,True,10,0.608328624371921,0.0281156454373004,0.0975014008192052,0.0975014008192052,0.608328624371921,0.0281156454373004,0.0975014008192052,,,,,,,195.10342316666663,27.92662455555556,G,0.02653,16.57,18.52,1.9500008,17.209,16.542,16.214,15.947,0.6669998,0.99499893,23.97917938232422,0.156264,159.0,SIMBAD,B,2023ApJS..269....3M,,-18.43,False,2.997397422790528,Regular galaxies,,13214.700421836067,False,1.2376674440487242e+18,10.60795,6.584942530563399,17.43762,16.78736,16.51007,0.008155019,0.006782672,0.007871005,0.03299034,0.02282256,0.01695961,17.404629659999998,16.764537439999998,16.49311039,True,0.6400922199999997,0.9115192699999994,17.20902,16.54179,16.21383,0.007910382,0.006540264,0.007601303,17.176029659999998,16.518967439999997,16.19687039,17.016975250199994,0.0052147477111506,"SDSS(cModelMag g,r)",17.016975250199994,SDSS,Vmag_sdss,0.9115192699999994,0.6400922199999997,SDSS(cModel extcorr),-17.983024749800006,2.997397422790528,6.584942530563399,SDSS,False,3.2,21.07181609780288,,,,0.9115192699999994,g-i,9.375839999999998,0.39099920187057,159.0,11.021812546914266,4.77344387144913,4.77344387144913,NGC 4889,7.684682376730175,16808310.510826156,9.710825311160958,8.291319481255403,8.96930753292957,9.710825311160958,1.495947081871675,0.0360896931283249,0.4093474117701212,-0.1188315155993906,0.5739405742093832,0.0343880501625378,0.1422600977105396,-0.0447586968913343,0.013713342049659
LEDA 126770,14,63,1210.9782439260568,4843.912975704227,1537.557822337098,6141.152629253567,1.2696824489201826,1.267808207962436,1.0,1.0,1.2696824489201826,1.267808207962436,True,True,True,True,True,14,63,1.4453967680000002,-0.1722943163135624,-0.1699063626249999,14,63,0.6357079696069645,0.6341479154994047,1.4453967680000002,1.435825005,1.3473895632142856,1.4345230822539683,0.2503695829041757,0.25,-1.7732837229630736,-1.7732837229630736,-1.75,-1.75,8.899911574497503,39.9513186764625,0.2205161532045133,0.2040950626516846,0.3523123039887845,0.2884450620249953,True,True,10,0.6418584683213551,0.0555168245933989,-0.072612602642768,-0.0715579366154752,0.6418584683213551,0.0555168245933989,-0.072612602642768,,,,,,,195.0236725,27.926465555555552,G,0.02653,18.057,18.784,0.7270012,18.307,17.735,17.433,17.266,0.5719986,0.87399864,12.0,0.17,155.0,SIMBAD,E,2003A&A...412...45P,,-16.943,False,1.5,Regular galaxies,,6613.087234291442,False,1.237667444048724e+18,3.483352,2.661912552547668,18.32106,17.7197,17.45893,0.01153686,0.0106469,0.01440574,0.0318165,0.02201051,0.01635617,18.2892435,17.69768949,17.442573829999997,True,0.5915540099999994,0.8466696700000007,18.30723,17.73506,17.43327,0.01153755,0.01057839,0.01439955,18.2754135,17.71304949,17.41691383,17.930226634099995,0.007863418834128,"SDSS(cModelMag g,r)",17.930226634099995,SDSS,Vmag_sdss,0.8466696700000007,0.5915540099999994,SDSS(cModel extcorr),-17.069773365900005,1.5,2.661912552547668,SDSS,False,3.2,8.518120168152539,,,,0.8466696700000007,g-i,10.2,0.8500000000000001,155.0,6.905496776299876,3.080113028894752,3.080113028894752,NGC 4889,3.9383040374325753,62844439.643469065,5.762967630263122,4.068760980576809,4.775189154304871,5.762967630263122,1.476439132663336,-0.0310423646633357,0.3008808335428219,-0.4731751498563843,0.5809745544231548,0.0608839138982002,0.1113668267510641,-0.1839794293938321,0.0145099667689012
NGC 4875,61,90,1408.2132526067537,5632.853010427014,1408.2132526067537,5124.769668886497,1.0,0.9098,1.0,0.9098,1.0,0.9098,True,True,True,True,True,61,90,1.612053876,1.0153566184735756,1.069178711102459,60,87,0.5131789937304677,0.614441380849215,1.612053876,1.4717948915,1.6356447548360658,1.4924140752222224,0.2747856671795999,0.25,36.26928995383601,36.09364695537481,38.5,38.25,30.79073962382806,53.4564001338817,0.2708554033841633,0.2155956248930282,0.3036739841083827,0.2586526412683811,True,True,10,0.5124906787641614,0.0364047571201704,0.2676731358340225,0.289755678206321,0.5124906787641614,0.0364047571201704,0.2676731358340225,,,,,,,194.90795580391,27.90733340062,GiC,0.02671,14.57,15.92,1.3500004,15.367,14.541,14.153,13.833,0.82599926,1.2139997,29.86680030822754,0.383589,115.0,SIMBAD,B,2023ApJS..269....3M,,-20.43,True,3.7333500385284415,Members of systems,,16567.377877547176,False,1.2376674440486587e+18,3.47767,3.014775254107091,15.39778,14.56522,14.16586,0.002560771,0.002236889,0.002306748,0.03416076,0.02363226,0.0175613,15.363619239999998,14.54158774,14.1482987,True,0.8220314999999978,1.215320539999999,15.36718,14.54056,14.15294,0.002544876,0.002222457,0.002294919,15.33301924,14.51692774,14.1353787,14.868620655,0.0016864466193428,"SDSS(cModelMag g,r)",14.868620655,SDSS,Vmag_sdss,1.215320539999999,0.8220314999999978,SDSS(cModel extcorr),-20.131379345,3.7333500385284415,3.014775254107091,SDSS,False,3.2,9.647280813142691,,,,1.215320539999999,g-i,23.01534,0.7705994536569043,115.0,3.1525686136990174,7.869878982823536,3.1525686136990174,NGC 4874,4.78141583304099,38506918.90996041,3.929293797283165,2.517992996236803,1.4670386222069929,3.929293797283165,1.5418380523793664,0.0702158236206336,0.6645068080418428,0.3508498104317328,0.5573936694017834,-0.0449029906376219,0.2149341738702916,0.0527389619637308,0.0226837678510748
LEDA 93696,34,36,4477.733076568523,17910.93230627409,3985.1824381459855,8242.611047347336,0.89,0.4602,0.89,0.4602,0.89,0.4602,True,False,False,True,True,34,36,1.4892503465,0.7528778242254774,1.1084878355441177,34,33,0.5382603642968067,0.5941882756949733,1.4892503465,1.4384361525,1.462854229147059,1.4779695585555557,0.4834854411125598,0.25,16.594524119947845,18.044980443285525,25.0,25.75,18.300852386091428,19.60821309793412,0.2592652104324435,0.2425929990699515,0.412099779860498,0.2864123634378689,True,True,10,0.5440779725354299,0.0462182741814218,0.2652460443270843,0.3998999350506201,0.5440779725354299,0.0462182741814218,0.2652460443270843,,,,,,,194.76993002245,28.050391403130003,G,0.02689,16.53,18.06,1.5299988,17.005,16.29,15.933,15.654,0.71499825,1.0719995,10.979999542236328,0.121,125.0,SIMBAD,C,2006AJ....131.1163S,,-18.47,False,1.372499942779541,Regular galaxies,,6130.413423194526,False,1.2376673243345062e+18,7.938399,5.803594064877603,17.20397,16.49918,16.14204,0.005875899,0.004978854,0.005413767,0.0328658,0.02273641,0.01689559,17.171104200000002,16.47644359,16.12514441,True,0.6946606100000032,1.0459597900000013,17.00517,16.29045,15.93348,0.005735601,0.004852596,0.005270808,16.9723042,16.26771359,15.91658441,16.751254440099995,0.0037990655178284,"SDSS(cModelMag g,r)",16.751254440099995,SDSS,Vmag_sdss,1.0459597900000013,0.6946606100000032,SDSS(cModel extcorr),-18.248745559900005,1.372499942779541,5.803594064877603,SDSS,False,3.2,18.57150100760833,,,,1.0459597900000013,g-i,7.26,0.66120221335832,125.0,8.746598536574846,14.650855454897236,8.746598536574846,NGC 4874,11.51180486839094,2189058.9906040514,9.603901547815774,11.804232723247267,12.039512553593994,9.603901547815774,1.5016231401382312,-0.0123727936382311,0.4409069884030636,0.3119708358224138,0.5718939581805643,-0.0278159856451344,0.1512488439973883,0.1139972003296959,0.0067505205111528
Z 160-235,0,0,825.4151466155173,3301.660586462069,0.0,0.0,0.0,0.0,0.0,0.0,0.0,0.0,False,False,False,False,False,0,0,,,,0,0,,,,,,,,0.25,,,0.0,0.0,,,,,,,False,False,10,,,,,,,,,,,,,,194.94217517401,27.85723506096,GiC,0.02699,15.0,16.258,1.2579994,15.598,14.813,14.451,14.165,0.78499985,1.1469994,35.63898086547852,0.241217,153.0,SIMBAD,B,2023ApJS..269....3M,,-20.0,False,4.454872608184815,Members of systems,S0...,19969.73381437064,False,1.2376674440486587e+18,4.439259,3.1794672124307453,15.60991,14.83156,14.4557,0.002780801,0.002415345,0.002514627,0.03319907,0.02296696,0.01706691,15.57671093,14.80859304,14.43863309,True,0.7681178899999992,1.1380778399999991,15.59794,14.81347,14.45058,0.002767158,0.002404923,0.002506799,15.56474093,14.79050304,14.43351309,15.113521374899998,0.0018250124415073,"SDSS(cModelMag g,r)",15.113521374899998,SDSS,Vmag_sdss,1.1380778399999991,0.7681178899999992,SDSS(cModel extcorr),-19.886478625100004,4.454872608184815,3.1794672124307453,SDSS,False,3.0,9.538401637292235,,,,1.1380778399999991,g-i,14.47302,0.4061008381420693,153.0,6.538809249956871,8.673173585012453,6.538809249956871,NGC 4874,6.775550475184559,6581459.73053908,6.848695485084608,4.439584266507969,3.337658862729874,6.848695485084608,,,,,,,,,
LEDA 126763,1,10,365.4627759593878,1461.851103837551,365.4627759593878,1461.851103837551,1.0,1.0,1.0,1.0,1.0,1.0,True,True,True,True,True,1,10,1.318238307,-1.971038445500001,-1.971038445500001,1,10,0.7705134335045867,0.66918292789229,1.318238307,1.315710701,1.318238307,1.3854230958,0.25,0.25,-1.5000000000000004,-1.5000000000000004,-1.5000000000000004,-1.5000000000000004,0.7705134335045867,6.691829278922899,,0.1931830693072474,,0.2238958769054589,False,True,10,,,,,,,,,,,,,,195.0558333333333,28.053416666666667,GiC,0.02716,17.31,18.735,1.4250011,18.066,17.576,17.288,17.118,0.48999977,0.7779999,23.923620223999023,0.110128,81.0,SIMBAD,B,2023ApJS..269....3M,,-17.69,False,2.990452527999878,Members of systems,,13486.880114119487,False,1.2376673243346373e+18,5.57706,2.5653439373339,17.77352,17.37881,17.08642,0.009343303,0.009583651,0.01136317,0.03462406,0.02395277,0.01779947,17.738895940000003,17.35485723,17.06862053,True,0.3840387100000022,0.6702754100000021,18.06555,17.57608,17.28782,0.00910119,0.009323749,0.01100583,18.030925940000003,17.55212723,17.27002053,17.502313101099997,0.0068298168456967,"SDSS(cModelMag g,r)",17.502313101099997,SDSS,Vmag_sdss,0.6702754100000021,0.3840387100000022,SDSS(cModel extcorr),-17.497686898900003,2.990452527999878,2.5653439373339,SDSS,False,3.2,8.20910059946848,,,,0.6702754100000021,g-i,6.60768,0.2761990007420153,81.0,10.056494062975387,4.730572229394344,4.730572229394344,NGC 4889,6.978071934432116,17505784.60585937,8.437501738526649,9.32991404387002,10.605540081525024,8.437501738526649,1.4855797872678504,-0.1673414802678503,0.3517039886126276,-2.3227424341126284,,,,,0.0101957462035099
NGC 4883,54,182,5735.775817301432,22943.103269205727,5735.775817301432,19887.081913747523,1.0,0.8667999999999999,1.0,0.8668,1.0,0.8668,True,True,True,True,True,54,182,1.5231993309999998,0.1538932284078771,0.3362848012731481,47,176,0.5965562279530998,0.6193240542946118,1.5231993309999998,1.4086458155,1.5786137276666663,1.4491782335769232,0.2884171665897554,0.25,1.508075680664504,-3.761421319796966,8.5,3.0,28.038142713795693,109.00103355585168,0.2330202391116353,0.243414336001159,0.3772057465483676,0.3011207375383032,True,True,10,0.6018926996695237,0.0331315186662235,-0.0669960078524677,0.0220999679894616,0.6018926996695237,0.0331315186662235,-0.0669960078524677,,,,,,,194.98340521471,28.034715581050005,GiG,0.02719,14.27,15.2,0.92999935,14.821,14.007,13.584,13.254,0.8140001,1.2370005,38.738399505615234,0.533751,80.0,SIMBAD,B,2023ApJS..269....3M,,-20.73,True,4.842299938201904,Members of systems,,21862.00344133771,False,1.2376673243345718e+18,6.498521,5.874312168409293,14.84764,14.04769,13.60803,0.002187753,0.001979091,0.001982934,0.03000656,0.0207584,0.01542571,14.81763344,14.0269316,13.59260429,True,0.7907018400000005,1.225029150000001,14.82103,14.0069,13.58407,0.002165257,0.001957995,0.001964019,14.79102344,13.9861416,13.56864429,14.341119354399998,0.0014724161555133,"SDSS(cModelMag g,r)",14.341119354399998,SDSS,Vmag_sdss,1.225029150000001,0.7907018400000005,SDSS(cModel extcorr),-20.6588806456,4.842299938201904,5.874312168409293,SDSS,False,3.2,18.79779893890974,,,,1.225029150000001,g-i,32.02506,0.8267006486769769,80.0,6.371719626894357,4.36928950469581,4.36928950469581,NGC 4889,4.096655204134222,25083030.479686186,4.86785370959485,6.50773941549859,7.768595190392093,4.86785370959485,1.5531059998041956,-0.0299066688041957,0.7271579707941977,-0.5732647423863206,0.5533307861950654,0.0485619134744583,0.2327783741619125,-0.2997743820143802,0.0104648888010327
IC 4026,64,196,5272.322683211792,21089.290732847167,5272.322683211792,21089.290732847167,1.0,1.0,1.0,1.0,1.0,1.0,True,True,True,True,True,64,196,1.5586240335,0.4614271771718752,0.4614271771718752,59,193,0.5399073750060986,0.6102833257868896,1.5586240335,1.433073445,1.54157943478125,1.4588353892193875,0.25,0.25,15.0,10.75,15.0,10.75,31.854535125359817,117.78468187686968,0.2393035937542502,0.237721408217185,0.29868104496911,0.3225711942106672,True,True,10,0.5420680311491863,0.0286970509741511,0.0429803960777045,0.0429803960777045,0.5420680311491863,0.0286970509741511,0.0429803960777045,,,,,,,195.09225412222,28.04701061643,EmG,0.02727,14.63,15.5,0.8699999,15.128,14.365,13.958,13.671,0.7630005,1.1700001,38.0908203125,0.505528,73.0,SIMBAD,B,2023ApJS..269....3M,,-20.369999,True,4.7613525390625,Regular galaxies,SB0,21557.70523275521,False,1.2376673243346373e+18,6.247734,5.73849487368473,15.10569,14.36515,13.95655,0.002351962,0.002099375,0.002134596,0.03497309,0.02419422,0.0179789,15.07071691,14.34095578,13.9385711,True,0.72976113,1.132145809999999,15.12822,14.36483,13.95826,0.002345893,0.002099178,0.002134811,15.09324691,14.34063578,13.9402811,14.6301578433,0.0015697421405785,"SDSS(cModelMag g,r)",14.6301578433,SDSS,Vmag_sdss,1.132145809999999,0.72976113,SDSS(cModel extcorr),-20.369842156700003,4.7613525390625,5.73849487368473,SDSS,False,3.0,17.21548462105419,,,,1.132145809999999,g-i,30.33168,0.7962989442379181,73.0,11.52247080190528,5.219269139559637,5.219269139559637,NGC 4889,8.181683973547786,12948621.650616655,9.877115397745982,10.3688043585137,11.600167881128444,9.877115397745982,1.5469318529481164,0.0116921805518837,0.6928289608198697,-0.2314017836479944,0.5555569980002518,-0.0134889668510654,0.2230008424628391,-0.1800204463851346,0.0107909752930707
LEDA 126781,24,179,1321.9838271786136,5287.935308714456,1321.9838271786136,5287.935308714456,1.0,1.0,1.0,1.0,1.0,1.0,True,True,True,True,True,24,179,1.4975593445,-1.215220802895833,-1.215220802895833,24,172,0.6306504366940304,0.6164415583909977,1.4975593445,1.45489885,1.520803166625,1.4722509810055866,0.2499999999999999,0.2499999999999999,-20.75,-19.0,-20.75,-19.0,15.13561048065673,106.0279480432516,0.1819314561473613,0.2126544264773825,0.1792696647949587,0.2744344660846228,True,True,10,0.6314540087973382,0.0369451015442325,-0.4730037833198657,-0.4730037833198657,0.6314540087973382,0.0369451015442325,-0.4730037833198657,,,,,,,194.945554,27.991910222222227,G,0.02806,17.43,18.62,1.1900005,18.251,17.563,17.235,17.037,0.6879997,1.0159988,7.31,,,NED,,,2007SDSS6.C...0000:,-17.57,False,0.91375,Regular galaxies,,4252.921520533966,False,1.2376673243345718e+18,2.776629,2.564177870091956,18.14186,17.46356,17.15899,0.009592406,0.008309748,0.009472908,0.02683427,0.01856383,0.01379491,18.115025730000003,17.44499617,17.145195089999998,True,0.6700295600000032,0.969830640000005,18.25128,17.56304,17.23544,0.009388872,0.008102566,0.009229952,18.224445730000003,17.54447617,17.22164509,17.709708289599998,0.0062852658188029,"SDSS(cModelMag g,r)",17.709708289599998,SDSS,Vmag_sdss,0.969830640000005,0.6700295600000032,SDSS(cModel extcorr),-17.290291710400002,0.91375,2.564177870091956,SDSS,False,3.2,8.205369184294259,,,,0.969830640000005,g-i,,1.0,0.0,3.1592827355387763,4.756950415681944,3.1592827355387763,NGC 4874,1.7996555516984636,50873973.30364028,1.6096442042332475,3.649533123418309,4.797335710604216,1.6096442042332475,1.4811496217355145,0.0164097227644854,0.3270717276229586,-1.5422925305187916,0.5792760936276588,0.0521779151696794,0.1188264737751734,-0.5918302570950391,0.0579322546553366
LEDA 44809,77,48,2601.039475169593,10404.157900678372,2601.039475169593,10404.157900678372,1.0,1.0,1.0,1.0,1.0,1.0,True,True,True,True,True,77,48,1.578724986,1.3592429874545455,1.3592429874545455,70,47,0.5459395879078084,0.6885369604540803,1.578724986,1.408342824,1.5993899796103896,1.4363360704166663,0.25,0.25,65.0,58.25,65.0,58.25,38.21577115354659,32.361237141341775,0.2583131716935811,0.1736064495010899,0.278365909665343,0.2526032774335607,True,True,10,0.5460638515048197,0.0312163168666115,0.4304880045714562,0.4304880045714562,0.5460638515048197,0.0312163168666115,0.4304880045714562,,,,,,,195.17849319377,27.963118502520004,EmG,0.02809,14.96,16.013,1.0530005,15.47,14.708,14.333,14.034,0.7620001,1.1370001,38.44841766357422,0.368079,93.0,SIMBAD,B,2023ApJS..269....3M,,-20.04,False,4.806052207946777,Regular galaxies,,22392.20132427161,False,1.2376674440487242e+18,5.390098,4.745714837436945,15.38528,14.70841,14.32423,0.00274017,0.002341676,0.002453262,0.03404471,0.02355197,0.01750164,15.35123529,14.68485803,14.30672836,True,0.6663772599999991,1.0445069300000007,15.46956,14.70831,14.33325,0.00273654,0.002341676,0.00245403,15.43551529,14.68475803,14.31574836,14.9480727066,0.0017807222943599,"SDSS(cModelMag g,r)",14.9480727066,SDSS,Vmag_sdss,1.0445069300000007,0.6663772599999991,SDSS(cModel extcorr),-20.0519272934,4.806052207946777,4.745714837436945,SDSS,False,3.2,15.186287479798224,,,,1.0445069300000007,g-i,22.08474,0.5743991909691238,93.0,14.824994851296887,7.716076510397371,7.716076510397371,NGC 4889,11.250885684039533,4121922.4246655065,13.32967281160282,12.414042853786256,13.259452735934262,13.32967281160282,1.5401408782886006,0.0385841077113995,0.6550703129846018,0.7041726744699437,0.5580056193738834,-0.0119417678690636,0.2122464869949835,0.2182415175764727,0.0072235841463782
2MASX J13004737+2755196,0,6,2488.405144478668,9953.620577914666,0.0,2400.813283393017,0.0,0.2411999999999999,0.0,0.2412,0.0,0.2412,False,False,False,False,True,0,6,,,,0,5,,0.6220072841601462,,1.2416014720000002,,1.404272687333333,,0.2500000000000001,,,-1.5000000000000009,-1.2500000000000004,,3.1100364208007307,,0.2585735057246353,,0.2785832935692313,False,True,10,,,,,,,,,,,,,,195.19752473185,27.92218747244999,GiC,0.02857,15.47,16.81,1.3399992,15.851,15.077,14.701,14.426,0.77400017,1.1499996,31.648378372192383,0.292167,45.0,SIMBAD,B,2023ApJS..269....3M,,-19.529999,False,3.956047296524048,Members of systems,Sa,18735.979374562656,False,1.2376674440487898e+18,6.373846,4.726940625399687,15.90804,15.14599,14.74369,0.003241365,0.002699972,0.002844043,0.03149147,0.02178566,0.01618908,15.87654853,15.12420434,14.72750092,True,0.7523441900000005,1.1490476099999984,15.85108,15.07733,14.70059,0.003198296,0.002668474,0.002810951,15.81958853,15.05554434,14.68440092,15.422665457899996,0.0020745433518924,"SDSS(cModelMag g,r)",15.422665457899996,SDSS,Vmag_sdss,1.1490476099999984,0.7523441900000005,SDSS(cModel extcorr),-19.577334542100004,3.956047296524048,4.726940625399687,SDSS,False,3.0,14.18082187619906,,,,1.1490476099999984,g-i,17.53002,0.5538994697877673,45.0,15.990139227927934,9.28360218270498,9.28360218270498,NGC 4889,12.563946363412294,2441529.4593276647,14.624740862878175,13.2864986118464,13.930517174191545,14.624740862878175,,,,,,,,,0.0080821323144983
SDSS J130041.19+280242.4,8,18,560.9960666617578,2243.984266647031,560.9960666617578,2243.984266647031,1.0,1.0,1.0,1.0,1.0,1.0,True,True,True,True,True,8,18,1.424550542,0.6736622247499997,0.6736622247499997,8,18,0.5499394287989816,0.6722023151673078,1.424550542,1.334912564,1.365377524125,1.3661323690555556,0.25,0.25,3.499999999999999,3.499999999999999,3.499999999999999,3.499999999999999,4.399515430391853,12.09964167301154,0.3024441104839848,0.1832506415773832,0.4062860512355882,0.2070256990243434,False,True,10,,,,,,,,,,,,,,195.17167543485,28.04512661346,G,0.02877,17.15,18.487,1.3369999,18.054,17.328,16.977,16.693,0.72600174,1.0770016,7.07,,,NED,,,2007SDSS6.C...0000:,-17.85,False,0.88375,Regular galaxies,E3,4213.752716134498,False,1.2376673243347028e+18,1.786883,1.6703788591993995,17.90871,17.17143,16.81345,0.006900973,0.005767426,0.00626357,0.03569281,0.02469212,0.01834889,17.87301719,17.14673788,16.79510111,True,0.7262793099999989,1.0779160799999978,18.05374,17.32846,16.9766,0.006820921,0.005682242,0.006168075,18.01804719,17.30376788,16.958251110000003,17.434512397099997,0.0044254286970797,"SDSS(cModelMag g,r)",17.434512397099997,SDSS,Vmag_sdss,1.0779160799999978,0.7262793099999989,SDSS(cModel extcorr),-17.565487602900003,0.88375,1.6703788591993995,SDSS,False,3.2,5.345212349438079,,,,1.0779160799999978,g-i,,1.0,0.0,15.347205718876296,8.371679110705964,8.371679110705964,NGC 4889,11.82133988688467,3267162.795549767,13.70584592135592,13.725316032854009,14.85242231244942,13.70584592135592,1.487028077096083,-0.0624775350960831,0.3597566567978936,0.3139055679521061,,,,,0.0089665304275766
LEDA 1821892,12,24,1927.368908032003,7709.475632128013,1927.368908032003,7709.475632128013,1.0,1.0,1.0,1.0,1.0,1.0,True,True,True,True,True,12,24,1.500584253,0.7857229202500001,0.7857229202500001,10,23,0.6032470856912833,0.654034638271558,1.500584253,1.4297226655,1.4868345144166668,1.4260299586666665,0.2499999999999999,0.2499999999999999,6.000000000000001,4.250000000000001,6.000000000000001,4.250000000000001,6.032470856912833,15.042796680245836,0.2358623071294424,0.2058655930405301,0.3275298965871799,0.3249257454642089,True,True,10,0.6136178700794455,0.0671907053077481,0.2375479530732996,0.2375479530732996,0.6136178700794455,0.0671907053077481,0.2375479530732996,,,,,,,195.14344216666663,27.934681972222226,G,0.02923,16.81,18.512,1.7019997,17.386,16.689,16.424,16.16,0.6970005,0.9619999,12.59999942779541,0.19,,SIMBAD,E,2003A&A...412...45P,,-18.19,False,1.5749999284744265,Regular galaxies,dG,7625.491314689721,False,1.2376674440487242e+18,3.510405,3.2549950920190702,17.75474,16.97528,16.84774,0.01036726,0.008362913,0.01274201,0.03349451,0.02317134,0.01721879,17.72124549,16.95210866,16.83052121,True,0.7691368300000008,0.8907242800000006,17.3859,16.68892,16.42357,0.01006553,0.008036132,0.01242769,17.35240549,16.66574866,16.40635121,17.2574547603,0.0065125209007042,"SDSS(cModelMag g,r)",17.2574547603,SDSS,Vmag_sdss,0.8907242800000006,0.7691368300000008,SDSS(cModel extcorr),-17.7425452397,1.5749999284744265,3.2549950920190702,SDSS,False,3.2,10.415984294461026,,,,0.8907242800000006,g-i,11.4,0.9047619458499158,0.0,13.050826799854024,6.345023801094404,6.345023801094404,NGC 4889,9.60274429844382,7301166.306122093,11.666926795841402,10.410278932454403,11.130289001241543,11.666926795841402,1.490810202638442,0.0097740503615579,0.3807857363605158,0.4049371838894843,0.5757927784826878,0.0378250915967576,0.1341252086792245,0.1034227443940751,0.0049905552908713
2MASX J13004540+2750076,0,0,638.9259900651186,2555.7039602604746,0.0,0.0,0.0,0.0,0.0,0.0,0.0,0.0,False,False,False,False,False,0,0,,,,0,0,,,,,,,,0.25,,,0.0,0.0,,,,,,,False,False,10,,,,,,,,,,,,,,195.1891958333333,27.835455555555555,GiC,0.02927,16.71,18.048,1.3380013,17.603,16.898,16.562,16.325,0.7049999,1.0410004,10.019999504089355,0.103,115.0,SIMBAD,C,2006AJ....131.1163S,,-18.29,False,1.2524999380111694,Members of systems,I,6072.086296415636,False,1.2376674440487898e+18,3.110505,2.269864676479541,17.50216,16.77746,16.45893,0.006669195,0.005489769,0.006412807,0.02759026,0.01908681,0.01418355,17.47456974,16.75837319,16.44474645,True,0.7161965499999994,1.0298232899999995,17.60312,16.89836,16.56232,0.006535726,0.005343677,0.006230035,17.57552974,16.87927319,16.54813645,17.042013775499996,0.0042388282506088,"SDSS(cModelMag g,r)",17.042013775499996,SDSS,Vmag_sdss,1.0298232899999995,0.7161965499999994,SDSS(cModel extcorr),-17.957986224500004,1.2524999380111694,2.269864676479541,SDSS,False,3.0,6.809594029438623,,,,1.0298232899999995,g-i,6.18,0.6167664975909253,115.0,17.097135710689983,11.836187983514154,11.836187983514154,NGC 4889,14.251720516392304,1267928.1230958253,16.090072171012523,14.06345865866405,14.25268333442153,16.090072171012523,,,,,,,,,
2MASX J12595013+2755292,16,39,1801.322964706774,7205.291858827096,1801.322964706774,7205.291858827096,1.0,1.0,1.0,1.0,1.0,1.0,True,True,True,True,True,16,39,1.475167892,0.6197741584062499,0.6197741584062499,15,39,0.611520278905458,0.6668880811118295,1.475167892,1.40372305,1.4688637681875,1.4034091641794872,0.25,0.25,6.25,5.25,6.25,5.25,9.17280418358187,26.00863516336135,0.2213498726704013,0.2015400395927472,0.408611895229279,0.2457584378507683,True,True,10,0.6140901085452117,0.0537902031724114,0.1806128558225225,0.1806128558225225,0.6140901085452117,0.0537902031724114,0.1806128558225225,,,,,,,194.95877298074,27.92484964126,GiC,0.0328,16.05,17.563,1.5130005,16.699,15.917,15.55,15.265,0.7819996,1.1489992,12.0,0.152,130.0,SIMBAD,C,2006AJ....131.1163S,,-18.95,False,1.5,Members of systems,S0...,8114.346440645568,False,1.237667444048659e+18,4.288744,3.4333973959291373,16.77092,15.98019,15.60941,0.004491246,0.003575742,0.003852796,0.03131631,0.02166448,0.01609903,16.73960369,15.95852552,15.59331097,True,0.7810781699999989,1.1462927199999982,16.69916,15.91709,15.54959,0.00444064,0.003537403,0.003809073,16.667843689999998,15.89542552,15.53349097,16.2687675697,0.0028002815009222,"SDSS(cModelMag g,r)",16.2687675697,SDSS,Vmag_sdss,1.1462927199999982,0.7810781699999989,SDSS(cModel extcorr),-18.7312324303,1.5,3.4333973959291373,SDSS,False,3.0,10.300192187787411,,,,1.1462927199999982,g-i,9.12,0.7599999999999999,130.0,3.790616106701856,5.058301216262191,3.790616106701856,NGC 4874,2.627388738047591,33537255.935967512,3.2176604041907355,0.7235798360625639,1.4620444673537998,3.2176604041907355,1.5119295349900612,-0.0367616429900612,0.4982118015076409,0.121562356898609,0.5681777819342113,0.0459123266110004,0.167570305847249,0.0130425499752734,0.0062509289769279
2MASX J13001027+2751502,0,0,1829.2649852047984,7317.059940819191,0.0,0.0,0.0,0.0,0.0,0.0,0.0,0.0,False,False,False,False,False,0,0,,,,0,0,,,,,,,,0.2500000000000001,,,0.0,0.0,,,,,,,False,False,10,,,,,,,,,,,,,,195.04265407771,27.863970120340003,GiC,0.03311,15.54,17.103,1.5630007,16.517,15.931,15.639,15.399,0.58600044,0.87800026,14.579999923706056,0.195,70.0,SIMBAD,C,2006AJ....131.1163S,,-19.46,False,1.8224999904632568,Members of systems,SB0,9948.394155911205,False,1.2376674440487242e+18,3.614824,3.3671248299694847,16.3652,15.76924,15.44841,0.004105712,0.003577852,0.004090663,0.03125388,0.02162129,0.01606693,16.33394612,15.74761871,15.432343070000002,True,0.5863274100000009,0.9016030499999984,16.51719,15.93079,15.63924,0.004031604,0.003498494,0.003979875,16.485936119999998,15.90916871,15.62317307,15.9780129481,0.002699940147322,"SDSS(cModelMag g,r)",15.9780129481,SDSS,Vmag_sdss,0.9016030499999984,0.5863274100000009,SDSS(cModel extcorr),-19.0219870519,1.8224999904632568,3.3671248299694847,SDSS,False,3.0,10.101374489908457,,,,0.9016030499999984,g-i,11.7,0.8024691400016143,70.0,9.53222029409924,6.799744501636793,6.799744501636793,NGC 4889,7.447525628401955,6795957.090384706,8.858008499642901,6.472803993154566,6.408752903972819,8.858008499642901,,,,,,,,,
SDSS J130018.34+280333.4,17,39,1256.0950430285177,5024.38017211407,1256.0950430285177,5024.38017211407,1.0,1.0,1.0,1.0,1.0,1.0,True,True,True,True,True,17,39,1.528124573,0.7331038801470587,0.7331038801470587,17,39,0.5828308194584686,0.6084675646630656,1.528124573,1.386189926,1.447426944235294,1.4147314893076923,0.25,0.25,7.25,7.25,7.25,7.25,9.908123930793966,23.73023502185956,0.1990565714722905,0.2299129705918008,0.3226593992042573,0.2950560969326078,True,True,10,0.5845756612325667,0.0447437176012541,0.2356016167934554,0.2356016167934554,0.5845756612325667,0.0447437176012541,0.2356016167934554,,,,,,,195.07642091666665,28.05928861111111,G,0.03325,17.34,18.559,1.2189999,18.024,17.445,17.147,17.005,0.5790005,0.8770008,7.19,,,NED,,,2007SDSS6.C...0000:,-17.66,False,0.89875,Regular galaxies,,4925.877325383879,False,1.2376673243346373e+18,2.885166,2.499460786169786,17.89298,17.3703,17.04342,0.008126638,0.007430765,0.008764295,0.03495962,0.0241849,0.01797197,17.858020380000003,17.3461151,17.02544803,True,0.5119052800000041,0.8325723500000031,18.02426,17.44511,17.14746,0.007932713,0.00728797,0.008557238,17.989300380000003,17.420925099999998,17.129488029999997,17.5459962648,0.0055065855550401,"SDSS(cModelMag g,r)",17.5459962648,SDSS,Vmag_sdss,0.8325723500000031,0.5119052800000041,SDSS(cModel extcorr),-17.4540037352,0.89875,2.499460786169786,SDSS,False,3.2,7.998274515743316,,,,0.8325723500000031,g-i,,1.0,0.0,11.161045014245286,5.428971965492022,5.428971965492022,NGC 4889,7.997448471531705,11656904.061614731,9.532883260229973,10.300335501594487,11.56347924397909,9.532883260229973,1.4846466718587283,0.0434779011412715,0.3465157530663003,0.3865881270807584,0.5780151624497809,0.0065604987827857,0.1243644888613072,0.1112371279321482,0.0087498402110915
SDSS J125939.47+275116.5,0,24,3685.7350646631057,14742.94025865242,330.9790088067469,5569.882829718885,0.0898,0.3778,0.0898,0.3778,0.0898,0.3778,False,False,False,True,True,0,24,,,,0,21,,0.5736578069824516,,1.5680770705,,1.6095653639166667,0.0594229751191106,0.25,-1.4261514028586555,-1.2478824775013235,-6.000000000000002,-5.250000000000001,,12.046813946631485,,0.2399304266248576,,0.3053890315613313,False,True,10,,,,,,,,,,,,,,194.914488,27.854598,G,0.03134,16.944,17.817,0.8729992,16.852,16.194,15.884,15.786,0.65799904,0.96799946,1.3,,,NED,,,2007SDSS6.C...0000:,-18.056,False,0.1625,Regular galaxies,,841.4049069157564,False,1.2376674440486587e+18,7.100106,4.281511687141951,17.10436,16.50766,16.2426,0.008723604,0.008380204,0.009606543,0.03476916,0.02405314,0.01787406,17.06959084,16.483606860000002,16.22472594,True,0.5859839799999982,0.844864900000001,16.84402,16.18769,15.88271,0.008331817,0.008050052,0.009112405,16.80925084,16.16363686,15.86483594,16.7138602918,0.0061023705855008,"SDSS(cModelMag g,r)",16.7138602918,SDSS,Vmag_sdss,0.844864900000001,0.5859839799999982,SDSS(cModel extcorr),-18.2861397082,0.1625,4.281511687141951,SDSS,False,3.2,13.700837398854246,,,,0.844864900000001,g-i,,1.0,0.0,6.33395251914865,9.691787640136402,6.33395251914865,NGC 4874,7.344624258083354,6218517.51404302,6.992167767907786,4.905100591038215,3.6404520281923394,6.992167767907786,,,,,,,,,0.0047058243400584
Z 160-243,0,0,992.0728534104376,3968.291413641752,0.0,0.0,0.0,0.0,0.0,0.0,0.0,0.0,False,False,False,False,False,0,0,,,,0,0,,,,,,,,0.2499999999999999,,,0.0,0.0,,,,,,,False,False,10,,,,,,,,,,,,,,195.03808781594,27.86648430942,AGN,0.01773,15.51,16.39,0.87999916,15.916,15.468,15.248,15.012,0.44799995,0.6680002,22.35378074645996,0.261167,169.0,SIMBAD,B,2023ApJS..269....3M,,-19.49,False,2.794222593307495,Active (AGN/Seyfert/QSO),SBa,8321.13461168583,False,1.2376674440487242e+18,3.132543,2.65306309039477,15.86195,15.37971,15.09212,0.00307231,0.002811671,0.003154876,0.03147462,0.021774,0.01618041,15.83047538,15.357936,15.07593959,True,0.4725393800000024,0.754535790000002,15.91562,15.46847,15.24831,0.003029629,0.002769403,0.003096362,15.88414538,15.446696,15.23212959,15.5416771458,0.0020829337993751,"SDSS(cModelMag g,r)",15.5416771458,SDSS,Vmag_sdss,0.754535790000002,0.4725393800000024,SDSS(cModel extcorr),-19.4583228542,2.794222593307495,2.65306309039477,SDSS,False,3.0,7.959189271184309,,,,0.754535790000002,g-i,15.67002,0.7010008811364749,169.0,9.24798151811349,6.63645018247312,6.63645018247312,NGC 4889,7.190272560852883,7334604.91579182,8.581861852077317,6.189431047367285,6.124486777387311,8.581861852077317,,,,,,,,,
NGC 4874,7653,6296,170033.22025329777,680132.8810131911,169829.18038899382,252949.405111923,0.9988,0.371911742798121,0.9988,0.3186,0.9988,0.371911742798121,True,False,False,True,True,7653,6296,1.520389567,0.6679007069709872,1.2029580315080362,7457,6045,0.5617879146981348,0.5330946582048568,1.520389567,1.54339488,1.53603221700588,1.5660846610729031,0.6713958481691198,0.25,3425.8917399272214,3398.4120978176707,6079.0,5945.75,4189.252479903991,3222.557208848359,0.2484133740898198,0.2689792192011895,0.2979575329567769,0.3565156809168768,True,True,10,0.5614510349177004,0.0029502556525874,0.2713059993124629,0.4534130434717986,0.5614510349177004,0.0029502556525874,0.2713059993124629,,,,,,,194.89878906845,27.959248303390005,LIN,0.02391,12.71,13.7,0.9899998,12.6472,11.7979,11.66,11.1535,0.84929943,0.9871998,140.40420532226562,2.26074,63.0,SIMBAD,B,2023ApJS..269....3M,,-22.29,True,17.550525665283203,Active (AGN/Seyfert/QSO),,69955.70961435766,True,1.2376674440486584e+18,29.67989,29.58632953200881,12.91115,12.10644,11.64227,0.001804969,0.001734343,0.001838514,0.03009333,0.02081842,0.01547032,12.88105667,12.08562158,11.62679968,True,0.7954350899999998,1.25425699,12.79304,11.98041,11.52575,0.001763336,0.001690713,0.001796031,12.76294667,11.95959158,11.51027968,12.4017499669,0.0012628226591444,"SDSS(cModelMag g,r)",12.4017499669,SDSS,Vmag_sdss,1.25425699,0.7954350899999998,SDSS(cModel extcorr),-22.5982500331,17.550525665283203,29.58632953200881,SDSS,False,4.8,142.0143817536423,,,,1.25425699,g-i,135.64440000000002,0.9660992680999791,63.0,0.0,7.230359733741266,7.230359733741236,NGC 4889,3.615325668910727,1.0947123389942932e+27,1.6476759061251465,3.067469305851432,3.3988032379001165,1.6476759061251465,1.5945328404031038,-0.0741432734031037,0.9574962599984024,-0.2895955530274152,0.5383935124724524,0.023057522445248,0.2983829437632107,-0.0270769444507477,0.1454036390400909
NGC 4869,371,607,9330.606280174236,37322.42512069693,9280.221006261296,31261.263281095748,0.9946000000000002,0.8376,0.9946,0.8376,0.9946,0.8376,True,True,True,True,True,371,607,1.532126527,0.8081732574666252,0.9224510207048514,359,588,0.553180492524453,0.6066029392533211,1.532126527,1.490541106,1.5634311531105125,1.5042696790741352,0.2968600764087871,0.2500000000000001,190.8059336198662,184.44627507163315,219.25,212.0,198.59179681627865,356.6825282809528,0.2523176895220373,0.2222866232505583,0.3079916166204056,0.2695463851543052,True,True,10,0.5534278182249563,0.0130539377145017,0.2584840783944186,0.305041656469418,0.5534278182249563,0.0130539377145017,0.2584840783944186,,,,,,,194.84732847876,27.9115921901,EmG,0.0228791612896412,13.52,14.9,1.3799992,14.429,13.624,13.195,12.914,0.8050003,1.2340002,49.683780670166016,0.690853,47.0,SIMBAD,B,2023ApJS..269....3M,,-21.48,True,6.210472583770752,Regular galaxies,,23717.064620554364,False,1.2376674440486584e+18,7.956479,7.458111597766792,14.35112,13.44835,13.10265,0.002026937,0.00177299,0.001854436,0.03790001,0.02621905,0.01948356,14.31321999,13.42213095,13.08316644,True,0.8910890400000007,1.2300535499999992,14.31396,13.44071,13.0601,0.00200983,0.001768293,0.001849584,14.27605999,13.41449095,13.04061644,13.7774774564,0.0013359957012654,"SDSS(cModelMag g,r)",13.7774774564,SDSS,Vmag_sdss,1.2300535499999992,0.8910890400000007,SDSS(cModel extcorr),-21.2225225436,6.210472583770752,7.458111597766792,SDSS,False,3.2,23.86595711285373,,,,1.2300535499999992,g-i,41.45118,0.8343000359650669,47.0,3.9518547463563447,10.63187370503541,3.9518547463563447,NGC 4874,7.159220890833464,19184895.842508864,5.514877770275918,5.417389790280318,4.648666042057671,5.514877770275918,1.5651459459917612,-0.0330194189917611,0.7941015408773009,0.0140717165893242,0.5489895434353185,0.0044382747896378,0.2518451307921261,0.0066389476022925,0.0276072730554884
NGC 4889,5409,1873,66254.73464254303,265018.938570172,100366.39866440544,208048.6113375052,1.514856246967124,0.7850329959812207,0.8924,0.7842,1.514856246967124,0.7850329959812207,True,False,False,True,True,5409,1873,1.569850574,1.3293647953190133,1.4452253683365686,5203,1819,0.5177258342417359,0.6157074265882508,1.569850574,1.439610758,1.585367996743021,1.4667247883037904,0.4824180176890816,0.2500000000000001,4505.43105286835,4325.4816258235605,4940.75,4748.25,2693.727515559752,1119.9718089640282,0.2737419080578582,0.2287426817600164,0.3610368522037196,0.310472491819016,True,True,10,0.5171879798167512,0.0038392594691684,0.4133450853427783,0.4633742277043147,0.5171879798167512,0.0038392594691684,0.4133450853427783,,,,,,,195.0337375,27.977025,EmG,0.0215,11.3,13.0,1.6999998,12.3528,11.5017,11.527,10.8346,0.85109997,0.82579994,175.40460205078125,1.8169,75.0,SIMBAD,B,2023ApJS..269....3M,,-23.7,True,21.925575256347656,Regular galaxies,,78815.62927836124,True,1.237667444048724e+18,29.67856,23.02623275480716,12.42321,11.59573,11.37449,0.001673849,0.001673236,0.001773992,0.0316632,0.02190446,0.01627736,12.3915468,11.57382554,11.35821264,True,0.817721259999999,1.033334159999999,12.34061,11.5143,11.21793,0.001639316,0.001640705,0.001737578,12.3089468,11.49239554,11.20165264,11.899091256599998,0.001202314310135,"SDSS(cModelMag g,r)",11.899091256599998,SDSS,Vmag_sdss,1.033334159999999,0.817721259999999,SDSS(cModel extcorr),-23.1009087434,21.925575256347656,23.02623275480716,SDSS,False,4.8,110.52591722307436,,,,1.033334159999999,g-i,109.014,0.6215002270489998,75.0,7.230359733741236,0.0,7.230359733741236,NGC 4874,3.6150343526425774,1.739255948418119e+27,5.663826045561618,5.355075206236344,6.509825718401151,5.663826045561618,1.6052701256265725,-0.0354195516265725,1.017196876152474,0.3121679191665392,0.5345219701075986,-0.0173339902908473,0.3153867742650857,0.0979583110776925,0.0696700539398295
SDSS J130042.56+280658.6,39,299,21450.22009034461,85800.88036137844,7807.880112885437,38061.27052830748,0.364,0.4436,0.364,0.4436,0.364,0.4436,False,False,False,True,True,39,299,1.52044981,-0.8110240024000597,-1.3208737701666664,37,288,0.5951160686739921,0.5755792718753582,1.52044981,1.482429694,1.5223603284871798,1.5115828622006688,0.2051397655545536,0.25,-22.33678990081153,-22.080252479711447,-35.75,-35.0,22.01929454093771,165.76683030010315,0.2190334137716444,0.2485992448777174,0.2997577354171399,0.3413124455049469,True,True,10,0.5981752590571947,0.0372186182359033,-0.3208887599829306,-0.5218708916191779,0.5981752590571947,0.0372186182359033,-0.3208887599829306,,,,,,,195.17736,28.11632,LSB,0.020701,18.24,,,17.648,17.011,16.672,16.539,0.63700104,0.97599983,19.49800109863281,0.32496667,0.0,SIMBAD,E,2022ApJS..262...36S,,-16.76,False,2.4372501373291016,LSB/BCD/Dwarf,,8443.75520948361,False,1.2376673243347028e+18,11.91151,10.328826039187028,17.68241,17.11709,16.79583,0.01207821,0.01098925,0.01302848,0.03757682,0.02599547,0.01931742,17.64483318,17.09109453,16.77651258,True,0.5537386499999997,0.8683206000000006,17.64823,17.01133,16.67162,0.01193298,0.01076021,0.01265084,17.61065318,16.98533453,16.65230258,17.308127376499996,0.0081584786103829,"SDSS(cModelMag g,r)",17.308127376499996,SDSS,Vmag_sdss,0.8683206000000006,0.5537386499999997,SDSS(cModel extcorr),-17.691872623500004,2.4372501373291016,10.328826039187028,SDSS,False,3.2,33.05224332539849,,,,0.8683206000000006,g-i,19.4980002,0.9999999539115416,0.0,17.505922735581176,11.300121635809452,11.300121635809452,NGC 4889,14.283435461421483,1409406.2808470242,15.876891870068407,16.49968578807866,17.730224698415352,15.876891870068407,1.4897277856385776,0.0307220243614223,0.374767365749822,-1.1857913681498815,0.576183065523052,0.0219921935341427,0.132411066341102,-0.4532998263240326,0.008512018034586
Coma cluster,0,0,,,,,,,,,,,False,False,False,False,False,0,0,,,,0,0,,,,,,,,,,,,,,,,,,,False,False,10,,,,,,,,,,,,,,195.01707133,27.977025,CLUSTER,0.0215,,,,,,,,,,,,,MANUAL,,,,,False,,Other,,,False,,,,,,,,,,,,,,,,False,,,,,,,,,,,,,,,,,,,,,,,,,False,3.0,,,,,,,,1.0,0.0,6.358175050921624,0.8831094568555958,0.8831094568555958,NGC 4889,2.7446453246900377,2529590562.3847885,4.783116072677927,4.6200981044769165,5.823396359669688,4.783116072677927,,,,,,,,,
