name,N_inner,N_annulus,A_ap_geom,A_ann_geom,A_ap_eff,A_ann_eff,A_ap_eff_over_geom,A_ann_eff_over_geom,f_cov_ap_geom,f_cov_ann_geom,cov_ap_depthw,cov_ann_depthw,coverage_ok_ap,coverage_ok_ann,coverage_ok_both,good_ap_area,good_ann_area,N_inner_color,N_annulus_color,median_color,N_inner_Pblue,N_annulus_Pblue,matched_color_Pblue_samples,Pblue_mean_inner,Pblue_mean_annulus,median_color_inner,median_color_annulus,mean_color_inner,mean_color_annulus,Pblue_mean_IE_contrast,mean_color_IE_contrast,median_color_IE_contrast,alpha_eff,alpha_geom,sum_Pblue_inner,sum_Pblue_annulus,Pblue_std_inner,Pblue_std_annulus,color_std_inner,color_std_annulus,Pblue_inner_meets_min,Pblue_annulus_nonzero,min_gc_for_Pblue,Pblue_mean,Pblue_mean_err,fb,fb_err,mu_blue,mu_blue_err,mu_red,mu_red_err,ra,dec,otype,z,Vmag_simbad_raw,Bmag_simbad_raw,BV_simbad_raw,gmag_simbad_raw,rmag_simbad_raw,imag_simbad_raw,zmag_simbad_raw,gr_simbad_raw,gi_simbad_raw,major_axis_arcsec,galdim_minaxis,galdim_angle,dim_source,galdim_qual,galdim_bibcode,dim_ref,MV_simbad_raw,show_label,Re_arcsec,otype_family,morph_type,major_kpc,is_large_E,sdss_objid,Re_r_arcsec,Re_r_arcsec_circ,g_cmodel_sdss,r_cmodel_sdss,i_cmodel_sdss,gerr_cmodel_sdss,rerr_cmodel_sdss,ierr_cmodel_sdss,Ag_sdss,Ar_sdss,Ai_sdss,g0_cmodel_sdss,r0_cmodel_sdss,i0_cmodel_sdss,sdss_phot_ok,gr0_sdss,gi0_sdss,g_model_sdss,r_model_sdss,i_model_sdss,gerr_model_sdss,rerr_model_sdss,ierr_model_sdss,g0_model_sdss,r0_model_sdss,i0_model_sdss,Vmag_sdss,Vmag_sdss_err,V_source,mV_app,mV_src,mV_app_col,gi_primary,gr_primary,color_src,MV_abs,Re_simbad_proxy_arcsec,Re_best_arcsec,Re_best_src,Re_best_is_proxy,Re_GCS_scale,Re_GCS_arcsec,n_gcs_prior,n_gcs_red_prior,n_gcs_blue_prior,gal_color,gal_color_src,minor_axis_arcsec,q_axis,pa_deg,R_NGC 4874_arcmin,R_NGC 4889_arcmin,R_nearBCG_arcmin,nearer_BCG,R_bcg_mid_arcmin,tidal_proxy,R_xray_peak_arcmin,R_sz_peak_arcmin,R_geom_arcmin,R_cluster_arcmin,median_color_inner_exp,Delta_median_color_inner,median_color_annulus_exp,Delta_median_color_annulus,median_color_IE_contrast_exp,Delta_median_color_IE_contrast,mean_color_inner_exp,Delta_mean_color_inner,mean_color_annulus_exp,Delta_mean_color_annulus,mean_color_IE_contrast_exp,Delta_mean_color_IE_contrast,Pblue_mean_inner_exp,Delta_Pblue_mean_inner,Pblue_mean_annulus_exp,Delta_Pblue_mean_annulus,Pblue_mean_IE_contrast_exp,Delta_Pblue_mean_IE_contrast,gc_voronoi_density_arcsec2_inv
LEDA 126771,1319,1427,12631.997217159436,50527.98886863774,25785.000863014597,63914.49796111948,2.041244976525801,1.2649325530704156,1.0,0.9132,2.041244976525801,1.2649325530704156,True,True,True,True,True,1288,1384,1.590618626,1288,1384,True,0.4787094986658637,0.5396999033647981,1.590618626,1.5160692745,1.6150391160186337,1.5536963141596822,-0.06099040469893441,0.06134280185895147,0.07454935149999997,0.403429608078908,0.25000000000000006,616.5778342816325,746.9446662568806,0.2700822609194085,0.2534516972554035,0.30863852261806907,0.2830523676330483,True,True,10,0.4785594463798889,0.007902651233841635,0.4785594463798889,0.007902651233841635,,,,,195.015438,27.964525,GiC,0.01778,17.26,18.49,1.2299995,17.207,16.401,16.026,15.919,0.80600166,1.1810017,7.15,,,NED,,,2007SDSS6.C...0000:,-17.74,False,0.89375,Members of systems,,2668.9116594673533,False,1.237667444048724e+18,9.422453,7.926310613697409,17.79433,16.6457,16.29974,0.0094071,0.006945321,0.008212235,0.03074882,0.02127189,0.0158073,17.76358118,16.62442811,16.2839327,True,1.139153069999999,1.479648479999998,17.20481,16.39346,16.02829,0.009123255,0.006616065,0.007813034,17.17406118,16.37218811,16.0124827,17.081480868699998,0.005627364442639,"SDSS(cModelMag g,r)",17.081480868699998,SDSS,Vmag_sdss,1.479648479999998,1.139153069999999,SDSS(cModel extcorr),-17.918519131300002,0.89375,7.926310613697409,SDSS,False,3.2,25.36419396383171,,,,1.479648479999998,g-i,,1.0,0.0,6.189979712058423,1.2259049075518114,1.2259049075518114,NGC 4889,2.6149297151740294,948659310.2687523,4.695446512465112,4.140232257504728,5.284277745147377,4.695446512465112,1.4971027320731085,0.09351589392689141,1.467320659197558,0.0487486153024419,0.03246226406282968,0.042087087437170295,1.5024623157358226,0.11257680028281114,1.4863310902243734,0.06736522393530886,0.016365443364677323,0.044977358494274144,0.5898875664825243,-0.11117806781666056,0.5944631008472973,-0.05476319748249914,-0.0043941178023126914,-0.05659628689662172,0.07221791769948768
SDSS J130033.33+275849.3,13,31,1666.705477008653,6666.82190803461,1666.705477008653,6666.82190803461,1.0,1.0,1.0,1.0,1.0,1.0,True,True,True,True,True,13,29,1.360935226,13,29,True,0.679577751912681,0.6499273733034796,1.360935226,1.451525561,1.4025198015384617,1.4714440594137932,0.02965037860920139,-0.06892425787533152,-0.09059033499999991,0.25000000000000006,0.25000000000000006,8.834510774864853,18.84789382580091,0.18873531436709326,0.21240911435653514,0.2308795904432459,0.32579254455220075,True,True,10,0.6889640028525781,0.05145935511156444,0.6889640028525781,0.05145935511156444,,,,,195.138894,27.980364,AG?,0.0172,17.93,19.883,1.9529991,19.081,18.425,18.046,17.767,0.65600014,1.0349998,5.6,,,NED,,,2007SDSS6.C...0000:,-17.07,False,0.7,Other,,2023.575699311731,False,1.2376673243346378e+18,2.985155,2.87915143393122,18.883,18.21784,17.98378,0.01951113,0.01799711,0.0203615,0.0350279,0.02423214,0.01800708,18.8479721,18.19360786,17.96577292,True,0.6543642399999996,0.8821991800000006,19.07247,18.41958,18.04261,0.01881794,0.01724832,0.01971573,19.0374421,18.39534786,18.02460292,18.4518971984,0.0132944048221074,"SDSS(cModelMag g,r)",18.4518971984,SDSS,Vmag_sdss,0.8821991800000006,0.6543642399999996,SDSS(cModel extcorr),-16.548102801600002,0.7,2.87915143393122,SDSS,False,3.2,9.213284588579905,,,,0.8821991800000006,g-i,,1.0,0.0,12.78648642089626,5.575562057885486,5.575562057885486,NGC 4889,9.176988092179405,10558192.339535872,11.238010979748395,10.585858629837155,11.548665794849926,11.238010979748395,1.4730286817589446,-0.11209345575894458,1.462788165760739,-0.011262604760738926,0.013866622337921852,-0.10445695733792176,1.4690570294026173,-0.06653722786415561,1.4801895696508411,-0.008745510237047949,-0.009525144153075149,-0.05939911372225637,0.6173527282016539,0.062225023711027116,0.596883221500375,0.05304415180310462,0.01788059032008965,0.011769788289111738,0.00512386135130631
2MASX J12592536+2756038,72,115,966.9935228760526,3867.9740915042103,966.9935228760526,3867.9740915042103,1.0,1.0,1.0,1.0,1.0,1.0,True,True,True,True,True,67,112,1.551891818,67,112,True,0.5645898801150189,0.5818670863699168,1.551891818,1.532532726,1.5476739163731346,1.5196948296160715,-0.017277206254897925,0.027979086757063065,0.01935909200000019,0.25,0.25,37.82752196770626,65.16911367343069,0.21875677609211727,0.2160276296968944,0.22641934106624764,0.2451823999431135,True,True,10,0.5667975318335852,0.026043966274552553,0.5667975318335852,0.026043966274552553,,,,,194.85557934601,27.93449232493,GiC,0.02531,17.02,18.094,1.0739994,17.578,16.871,16.55,16.316,0.7069988,1.0279999,8.579999923706055,0.143,90.0,SIMBAD,C,2006AJ....131.1163S,,-17.98,False,1.0724999904632568,Members of systems,E/S0,4517.585880691035,False,1.2376674440486584e+18,2.307695,2.193041545887024,17.54884,16.90173,16.5925,0.006365186,0.005119016,0.005765975,0.03608074,0.02496049,0.01854832,17.51275926,16.87676951,16.57395168,True,0.6359897500000002,0.9388075799999988,17.57126,16.86209,16.54906,0.006325855,0.005087877,0.005734589,17.53517926,16.837129509999997,16.53051168,17.127525307499997,0.0039915406321228,"SDSS(cModelMag g,r)",17.127525307499997,SDSS,Vmag_sdss,0.9388075799999988,0.6359897500000002,SDSS(cModel extcorr),-17.872474692500003,1.0724999904632568,2.193041545887024,SDSS,False,3.0,6.579124637661071,,,,0.9388075799999988,g-i,8.58,1.0,90.0,2.7297440817429175,9.780915934680483,2.7297440817429175,NGC 4874,6.203938961804454,55677532.40481717,4.366033477022266,4.8557645708570965,4.412367571661328,4.366033477022266,1.4962938712091978,0.05559794679080232,1.4671683725441227,0.06536435345587721,0.03183747153168942,-0.012478379531689232,1.5013399358948714,0.046333980478263204,1.4861247420788803,0.03357008753719115,0.015495548905146095,0.01248353785191697,0.5908103648544507,-0.026220484739431837,0.5945444141641953,-0.012677327794278548,-0.0036457128010716766,-0.013631493453826249,0.030365492295629216
GMP 2550,0,0,0.0763276446679605,0.30531057867184186,0.0763276446679605,0.30531057867184186,1.0,1.0,1.0,1.0,1.0,1.0,True,True,True,True,True,0,0,,0,0,True,,,,,,,,,,0.2500000000000001,0.2500000000000001,,,,,,,False,False,10,,,,,,,,,195.16241666666667,28.00980555555556,G,0.0197870221271543,18.45,19.149,0.6989994,18.84,,,17.14,,,5.64,,,NED,,,2007SDSS6.C...0000:,-16.55,False,0.705,Regular galaxies,Sa,2337.200564489691,False,1.2376673243347026e+18,0.03022349,0.0194839051715349,25.11438,24.80202,24.3618,0.9671926,0.9461214,1.06993,0.03529272,0.02441534,0.01814322,25.07908728,24.77760466,24.34365678,True,0.3014826200000016,0.7354304999999997,25.11438,24.80202,24.3618,0.7037622,0.7457531,0.7792174,25.07908728,24.77760466,24.34365678,24.8912125342,0.6847271732867282,"SDSS(cModelMag g,r)",24.8912125342,SDSS,Vmag_sdss,0.7354304999999997,0.3014826200000016,SDSS(cModel extcorr),-10.108787465800004,0.705,0.0194839051715349,SDSS,False,3.0,0.0584517155146048,,,,0.7354304999999997,g-i,,1.0,0.0,14.293750168346756,7.095479904962103,7.095479904962103,NGC 4889,10.68914735252012,5243609.097782694,12.687443740561982,12.348553607574654,13.39181096772086,12.687443740561982,,,,,,,,,,,,,,,,,,,
SDSS J125942.36+280158.5,6,9,154.3781771566678,617.512708626671,154.3781771566678,617.512708626671,1.0,1.0,1.0,1.0,1.0,1.0,True,True,True,True,True,6,9,1.45471303,6,9,True,0.685989512826476,0.6893142946185574,1.45471303,1.281611409,1.425609401666667,1.377887064111111,-0.0033247817920813993,0.047722337555555994,0.17310162100000004,0.25000000000000006,0.25000000000000006,4.115937076958856,6.203828651567017,0.0984651779931335,0.2541840459753039,0.1882804905129057,0.28298393232632946,False,True,10,,,,,,,,,194.92654,28.03292,G,0.0263,18.76,,,,,,,,,7.01,,,NED,,,2007SDSS6.C...0000:,-16.24,False,0.87625,Regular galaxies,,3830.719656152631,False,,,,,,,,,,,,,,,,False,,,,,,,,,,,,,,,18.76000022888184,SIMBAD,,,,,-16.239999771118164,0.87625,0.87625,SIMBAD_proxy(maj/8),True,3.2,2.8040000000000003,,,,,,,1.0,0.0,4.658388816802186,6.5950896621409445,4.658388816802186,NGC 4874,4.420100998732925,16892294.263873734,3.739317684323733,6.205568933008458,7.239094258789691,3.739317684323733,1.4676162478167791,-0.012903217816779167,1.461769150638649,-0.18015774163864906,0.009685868325414682,0.16341575267458536,1.4615467059116332,-0.03593730424496622,1.4788088059665045,-0.1009217418553936,-0.015345979983979907,0.0630683175395359,0.6235275667342552,0.06246194609222078,0.5974273236766152,0.0918869709419422,0.022888488231750548,-0.026213270023831947,0.01959893325074326
[EDG2007] 265,0,0,,,,,,,,,,,False,False,False,False,False,0,0,,0,0,True,,,,,,,,,,,,,,,,,,False,False,10,,,,,,,,,194.9585970391,27.926986743809994,G,0.0324991497951559,18.7,19.808,1.1079998,,,,16.79,,,,,,,,,,-16.3,False,,Regular galaxies,S0,,False,,,,,,,,,,,,,,,,False,,,,,,,,,,,,,,,18.700000762939453,SIMBAD,,,,,-16.299999237060547,,,,False,3.0,,,,,1.1079998016357422,B-V,,1.0,0.0,3.714364178304284,4.987373806968976,3.714364178304284,NGC 4874,2.502206745942982,35382194.38556053,3.1039547875919764,0.6575491425886265,1.5233465223901925,3.1039547875919764,,,,,,,,,,,,,,,,,,,
SDSS J125926.45+275124.7,7,10,522.1940241795347,2088.7760967181384,522.1940241795347,2088.7760967181384,1.0,1.0,1.0,1.0,1.0,1.0,True,True,True,True,True,7,10,1.535569439,7,10,True,0.6453754765802187,0.6299980691345175,1.535569439,1.516169606,1.5233003150000002,1.4991500976999999,0.015377407445701152,0.02415021730000033,0.019399833000000033,0.25000000000000006,0.25000000000000006,4.517628336061531,6.2999806913451755,0.09395142682294472,0.18299159720635472,0.1394301033975799,0.19358469959007854,False,True,10,,,,,,,,,194.860237,27.856882,AG?,0.0166,17.72,19.12,1.4000015,18.222,17.548,17.219,17.109,0.6739998,1.0030003,5.7,,,NED,,,2007SDSS6.C...0000:,-17.28,False,0.7125,Other,,1989.313383896663,False,1.2376674440486587e+18,1.636773,1.6115768694940298,18.40277,17.78439,17.48174,0.01155121,0.009478468,0.01134825,0.03713348,0.02568877,0.01908951,18.36563652,17.75870123,17.462650489999998,True,0.6069352899999991,0.902986030000001,18.21467,17.54108,17.2171,0.01133046,0.009241914,0.01105062,18.17753652,17.515391230000002,17.198010489999998,17.997544698899997,0.0073282627513608,"SDSS(cModelMag g,r)",17.997544698899997,SDSS,Vmag_sdss,0.902986030000001,0.6069352899999991,SDSS(cModel extcorr),-17.002455301100003,0.7125,1.6115768694940298,SDSS,False,3.2,5.157045982380896,,,,0.902986030000001,g-i,,1.0,0.0,6.473196152724098,11.686638514517263,6.473196152724098,NGC 4874,8.726999228596645,5125597.822852792,7.689057200125938,6.40682711892343,5.182358592542751,7.689057200125938,1.4810102744299278,0.05455916457007226,1.4642908840787823,0.051878721921217785,0.02003188475811496,-0.0006320517581149265,1.4801323318585706,0.043167983141429556,1.4822257503083833,0.016924347391616523,-0.0009412905479524447,0.025091507847952776,0.6082468349006087,0.03712864167960994,0.596080846452744,0.03391722268177355,0.010495557690434754,0.004881849755266399,0.00453373654790235
[EDG2007] 205,0,0,15.904312808798327,63.61725123519331,0.0,0.0,0.0,0.0,0.0,0.0,0.0,0.0,False,False,False,False,False,0,0,,0,0,True,,,,,,,,,,,0.25,,,,,,,False,False,10,,,,,,,,,194.95266666666663,28.06555555555555,G,0.0248738745789262,16.402,16.86,0.45800018,,,,15.43,,,2.25,,,NED,,,2007SDSS6.C...0000:,-18.598,False,0.28125,Regular galaxies,S0,1164.8829837900923,False,,,,,,,,,,,,,,,,False,,,,,,,,,,,,,,,16.402000427246094,SIMBAD,,,,,-18.597999572753903,0.28125,0.28125,SIMBAD_proxy(maj/8),True,3.0,0.84375,,,,0.4580001831054687,B-V,,1.0,0.0,6.987802776110886,6.83039169356473,6.83039169356473,NGC 4889,5.889335488482466,8666233.075343845,5.8560654656329945,8.072721870488818,9.230912364552152,5.8560654656329945,,,,,,,,,,,,,,,,,,,
SDSS J125928.50+280109.3,9,28,450.5119653627032,1802.0478614508127,450.5119653627032,1802.0478614508127,1.0,1.0,1.0,1.0,1.0,1.0,True,True,True,True,True,9,26,1.53265759,9,26,True,0.4879341245895086,0.6160019439525466,1.53265759,1.4476662505,1.614588094888889,1.450707575884615,-0.12806781936303802,0.16388051900427403,0.08499133949999993,0.25000000000000006,0.25000000000000006,4.391407121305577,16.016050542766212,0.2898076415764944,0.2054345903237691,0.35753953664423016,0.2646982081327632,False,True,10,,,,,,,,,194.868763,28.01926,AG?,0.02,18.07,19.32,1.25,18.957,18.273,17.981,17.7,0.684,0.97599983,,,,,,,,-16.93,False,,Other,dE...,,False,1.2376673243345715e+18,1.546279,1.4968843288803138,19.44061,18.70204,18.3377,0.01648695,0.01424145,0.01676991,0.02756381,0.01906852,0.01416995,19.41304619,18.68297148,18.32353005,True,0.7300747100000002,1.089516139999997,19.37617,18.70203,18.37457,0.01651298,0.01424145,0.0165647,19.34860619,18.68296148,18.36040005,18.9723021111,0.0107839751387107,"SDSS(cModelMag g,r)",18.9723021111,SDSS,Vmag_sdss,1.089516139999997,0.7300747100000002,SDSS(cModel extcorr),-16.027697888900004,,1.4968843288803138,SDSS,False,3.2,4.790029852417004,,,,1.089516139999997,g-i,,1.0,0.0,3.9364758003449736,9.099940169738574,3.9364758003449736,NGC 4874,6.007658358463847,20254446.138373286,4.251613668608372,6.723889558154812,7.304298487099928,4.251613668608372,1.4638867489166674,0.06877084108333253,1.4610669867290955,-0.013400736229095545,0.00680507242880074,0.07818626707119919,1.4563716324606852,0.15821646242820386,1.4778573751135695,-0.02714979922895444,-0.019356892830411143,0.18323741183468517,0.6277824091511387,-0.13984828456163012,0.5978022434427537,0.018199700509792915,0.026339236998938254,-0.15440705636197627,0.015285041034750178
LEDA 1821898,23,55,333.80440259420726,1335.2176103768288,333.80440259420726,1335.2176103768288,1.0,1.0,1.0,1.0,1.0,1.0,True,True,True,True,True,19,54,1.613631065,19,54,True,0.541637622707596,0.599940690135337,1.613631065,1.5186137245,1.5983722641052633,1.5315703084814818,-0.05830306742774105,0.06680195562378155,0.0950173405000001,0.25000000000000006,0.25000000000000006,10.291114831444323,32.3967972673082,0.18990480772138718,0.19667776164964,0.1589932022903437,0.21424637272222868,True,True,10,0.5422660933015242,0.043340085317153436,0.5422660933015242,0.043340085317153436,,,,,194.89658333333333,27.934722222222224,GiC,0.013986,18.055,18.894,0.8389988,19.052,18.382,18.634,17.93,0.6700001,0.41799927,18.0,0.22,140.0,SIMBAD,E,2003A&A...412...45P,,-16.945,False,2.25,Members of systems,dE,5309.701121044464,False,1.2376674440486584e+18,1.644091,1.504632345685636,19.03822,18.33431,18.69287,0.02135029,0.01277457,0.03714409,0.03265684,0.02259186,0.01678817,19.00556316,18.31171814,18.67608183,True,0.6938450199999977,0.3294813300000001,19.04652,18.37262,18.63309,0.01436916,0.01167669,0.0226659,19.01386316,18.350028140000003,18.61630183,18.586194598199995,0.0115512837846124,"SDSS(cModelMag g,r)",18.586194598199995,SDSS,Vmag_sdss,0.3294813300000001,0.6938450199999977,SDSS(cModel extcorr),-16.413805401800005,2.25,1.504632345685636,SDSS,False,3.2,4.814823506194036,,,,0.3294813300000001,g-i,13.2,0.7333333333333333,140.0,1.4762016110232756,7.699363667759468,1.4762016110232756,NGC 4874,4.202187406603415,344110770.7383304,2.6925663184285145,2.686683262469344,2.4342679199519517,2.6925663184285145,1.470669484564794,0.14296158043520601,1.4623439926507258,0.056269731849274196,0.012044295591557008,0.0829730449084431,1.465783394232854,0.13258886987240937,1.4795877158740227,0.05198259260745908,-0.012062357485675745,0.0788643131094573,0.6200442458988875,-0.07840662319129155,0.5971203873191607,0.00282030281617629,0.020063456444282313,-0.07836652387202336,0.04052982836252666
GMP 2710,0,0,810.9858477841534,3243.9433911366123,0.0,0.0,0.0,0.0,0.0,0.0,0.0,0.0,False,False,False,False,False,0,0,,0,0,True,,,,,,,,,,,0.2500000000000001,,,,,,,False,False,10,,,,,,,,,195.09645,27.87357,LSB,0.024180061260914,18.77,,,,,,,,,180.0,2.55,90.0,SIMBAD,D,2021ApJ...923..257K,,-16.23,False,22.5,LSB/BCD/Dwarf,,90667.41915678944,False,1.2376674440487247e+18,2.350547,2.178373030670072,20.02861,19.40042,19.08525,0.04244016,0.0454784,0.06293637,0.03027344,0.02094303,0.01556291,19.99833656,19.37947697,19.06968709,True,0.6188595900000031,0.9286494700000034,20.03835,19.40046,19.12771,0.04110111,0.03730221,0.05305912,20.008076560000003,19.37951697,19.11214709,19.6232094019,0.0319804028296442,"SDSS(cModelMag g,r)",19.6232094019,SDSS,Vmag_sdss,0.9286494700000034,0.6188595900000031,SDSS(cModel extcorr),-15.3767905981,22.5,2.178373030670072,SDSS,False,3.2,6.970793698144231,,,,0.9286494700000034,g-i,153.0,0.85,90.0,11.672533159808324,7.041562931608006,7.041562931608006,NGC 4889,8.93482197971644,5669796.369039666,10.700455674655702,8.638835140410078,8.874499731200157,10.700455674655702,,,,,,,,,,,,,,,,,,,
SDSS J130036.67+275427.4,6,14,1007.573752585911,4030.2950103436438,1007.573752585911,4030.2950103436438,1.0,1.0,1.0,1.0,1.0,1.0,True,True,True,True,True,6,12,1.5069088110000002,6,12,True,0.572664931259262,0.4275570341661805,1.5069088110000002,1.542976419,1.5518168881666667,1.61795113375,0.14510789709308147,-0.06613424558333336,-0.03606760799999975,0.25000000000000006,0.25000000000000006,3.435989587555572,5.130684409994166,0.30423276987942294,0.3448606805171231,0.31982771628819134,0.49315761935298646,False,True,10,,,,,,,,,195.152805,27.907624,AG?,0.0207,17.87,19.705,1.8349991,19.18,18.48,18.16,18.02,0.70000076,1.0200005,,,,,,,,-17.13,False,,Other,,,False,1.2376674440487242e+18,2.476099,2.238584536415381,18.94413,18.24794,17.93828,0.02049401,0.01608855,0.0209796,0.03127096,0.02163311,0.01607572,18.91285904,18.22630689,17.92220428,True,0.6865521500000007,0.9906547600000016,19.16911,18.46992,18.15826,0.01984765,0.01553743,0.0203259,19.13783904,18.44828689,18.14218428,18.4977932715,0.0126769654492005,"SDSS(cModelMag g,r)",18.4977932715,SDSS,Vmag_sdss,0.9906547600000016,0.6865521500000007,SDSS(cModel extcorr),-16.502206728500003,,2.238584536415381,SDSS,False,3.2,7.16347051652922,,,,0.9906547600000016,g-i,,1.0,0.0,13.816932530736219,7.5611217572675535,7.5611217572675535,NGC 4889,10.533593624750129,4438521.947148785,12.546399111194983,10.996333713749687,11.55194400556421,12.546399111194983,1.47222242722951,0.03468638377049027,1.4626363698096887,0.08034004919031124,0.01324384303104173,-0.04931145103104148,1.467938266125905,0.08387862204076169,1.4799838864062103,0.13796724734378985,-0.01039223561394298,-0.05574200996939038,0.618272553106426,-0.04560762184716405,0.5969642728071912,-0.1694072386410107,0.018626583789454365,0.1264813133036271,0.0035521779603427065
LEDA 44609,0,0,96.43120867809974,385.72483471239894,0.0,0.0,0.0,0.0,0.0,0.0,0.0,0.0,False,False,False,False,False,0,0,,0,0,True,,,,,,,,,,,0.25,,,,,,,False,False,10,,,,,,,,,194.8685896631961,28.0853875547228,EmG,0.01241,15.56,17.074,1.513999,16.4245,17.182,16.978,15.2565,-0.7574997,-0.5535011,22.258378982543945,0.320484,102.0,SIMBAD,B,2023ApJS..269....3M,,-19.439999,False,2.782297372817993,Regular galaxies,,5837.20361486106,False,1.2376673243345715e+18,0.8051003,0.7450953391098465,17.9676,17.18176,17.03503,0.006155745,0.004922047,0.00561561,0.03216669,0.02225277,0.01653619,17.93543331,17.15950723,17.01849381,True,0.7759260800000014,0.9169395000000016,17.90654,17.18175,16.97764,0.006204564,0.004922047,0.005642612,17.87437331,17.15949723,16.96110381,17.467636922799997,0.0038474806339206,"SDSS(cModelMag g,r)",17.467636922799997,SDSS,Vmag_sdss,0.9169395000000016,0.7759260800000014,SDSS(cModel extcorr),-17.532363077200003,2.782297372817993,0.7450953391098465,SDSS,False,3.2,2.384305085151509,,,,0.9169395000000016,g-i,19.229039999999998,0.863901185934533,102.0,7.735536095618524,10.89833112363583,7.735536095618524,NGC 4874,8.732325466574386,3708627.5204755715,7.552308173449165,10.148560091293891,10.953648526823315,7.552308173449165,,,,,,,,,,,,,,,,,,,
LEDA 1822726,22,48,564.444221629636,2257.7768865185444,564.444221629636,2257.7768865185444,1.0,1.0,1.0,1.0,1.0,1.0,True,True,True,True,True,21,48,1.39155106,21,48,True,0.6371314595008174,0.5621033948882013,1.39155106,1.5295069055,1.3843058809523807,1.4998913410000003,0.07502806461261613,-0.1155854600476196,-0.13795584549999984,0.24999999999999994,0.24999999999999994,13.379760649517165,26.98096295463366,0.21437795571470297,0.2489222299239786,0.3088172253598126,0.32977921201593535,True,True,10,0.643120032655812,0.04540439587814551,0.643120032655812,0.04540439587814551,,,,,194.8320833333333,27.96833333333333,GiC,0.0257,17.7,18.995,1.2950001,,,,16.74,,,15.0,0.15,132.0,SIMBAD,E,2003A&A...412...45P,,-17.3,False,1.875,Members of systems,E,8015.789974468368,False,1.2376674440485934e+18,2.898254,2.163066977359321,18.12296,17.42215,17.06719,0.0110812,0.008891906,0.01078947,0.03495746,0.02418341,0.01797086,18.08800254,17.39796659,17.04921914,True,0.6900359499999986,1.0387833999999962,17.85776,17.16272,16.83729,0.01077501,0.008615483,0.01038941,17.822802539999998,17.13853659,16.81931914,17.670881329499995,0.0069400557722083,"SDSS(cModelMag g,r)",17.670881329499995,SDSS,Vmag_sdss,1.0387833999999962,0.6900359499999986,SDSS(cModel extcorr),-17.329118670500005,1.875,2.163066977359321,SDSS,False,3.2,6.9218143275498285,,,,1.0387833999999962,g-i,9.0,0.6,132.0,3.576827064912382,10.69842772302969,3.576827064912382,NGC 4874,7.110535658130785,25342835.633193992,5.036946055865869,6.492513096829805,6.401706381937094,5.036946055865869,1.4867487571233233,-0.09519769712332327,1.4653712853741894,0.06413562012581053,0.02446449027394637,-0.1624203357739462,1.488095082413189,-0.10378920146080839,1.4836896921487646,0.01620164885123576,0.005230196445453472,-0.12081565649307308,0.6017000198387574,0.03543143966205997,0.5955039671863811,-0.03340057229817983,0.005185980556850489,0.06984208405576564,0.021089848532048747
SDSS J130027.87+275916.2,5,5,530.124360204021,2120.4974408160833,530.124360204021,2120.4974408160833,1.0,1.0,1.0,1.0,1.0,1.0,True,True,True,True,True,5,4,1.283527021,5,4,True,0.7783606831040165,0.5591099605600146,1.283527021,1.483405783,1.2991182183999999,1.61506327725,0.2192507225440019,-0.3159450588500001,-0.199878762,0.25000000000000006,0.25000000000000006,3.8918034155200827,2.2364398422400584,0.027947891649959172,0.3737721082101268,0.11601552192941991,0.48358602585081323,False,True,10,,,,,,,,,195.116153,27.98785,G,0.032,18.9,,,20.14,19.566,19.185,19.19,0.5739994,0.9549999,,,,,,,,-16.1,False,,Regular galaxies,,,False,1.2376673243346378e+18,1.865894,1.6237679211857292,19.9411,19.4771,18.96818,0.03339727,0.03077869,0.03457493,0.03492086,0.02415809,0.01795205,19.90617914,19.45294191,18.95022795,True,0.4532372299999991,0.9559511900000004,20.13209,19.56009,19.18021,0.03140876,0.03020178,0.03390007,20.09716914,19.53593191,19.16225795,19.6287691743,0.0227433457183556,"SDSS(cModelMag g,r)",19.6287691743,SDSS,Vmag_sdss,0.9559511900000004,0.4532372299999991,SDSS(cModel extcorr),-15.371230825700003,,1.6237679211857292,SDSS,False,3.2,5.1960573477943335,,,,0.9559511900000004,g-i,,1.0,0.0,11.645222236367355,4.414862824956863,4.414862824956863,NGC 4889,8.029897136732751,20905302.481369592,10.070689135422155,9.584486399185085,10.612507882737976,10.070689135422155,1.452354617573393,-0.16882759657339297,1.4588957978787018,0.024509985121298206,-0.0021027507245777455,-0.19777601127542224,1.440369582762901,-0.1412513643629012,1.4749154180694852,0.14014785918051476,-0.03175919538909583,-0.2841858634609043,0.6409389760011681,0.1374217071028484,0.5989615477091174,-0.03985158714910275,0.037009434009763226,0.18224128853423868,0.004155281880658341
SDSS J130044.10+280215.4,19,86,2267.074491032358,9068.297964129431,2267.074491032358,9068.297964129431,1.0,1.0,1.0,1.0,1.0,1.0,True,True,True,True,True,19,83,1.333623503,19,83,True,0.5865179467080397,0.6406582455646854,1.333623503,1.416404497,1.4827152770526315,1.4475629602650604,-0.05414029885664573,0.035152316787571136,-0.08278099399999994,0.25,0.25,11.143840987452753,53.17463438186889,0.30997337169472927,0.21014502573076768,0.3658757216406558,0.23449887041278603,True,True,10,0.5828653240008546,0.07597200129796235,0.5828653240008546,0.07597200129796235,,,,,195.183767,28.037623,G,0.0296505124221637,18.74,,,19.762,19.025,18.76,18.55,0.7369995,1.0019989,5.04,,,NED,,,2007SDSS6.C...0000:,-16.26,False,0.63,Regular galaxies,dE,3092.5072515577917,False,1.237667324334703e+18,3.67666,3.3579016494928724,19.80252,19.01752,18.73545,0.0376345,0.03206315,0.04505836,0.03542991,0.02451025,0.01821374,19.76709009,18.99300975,18.71723626,True,0.7740803399999976,1.04985383,19.75126,19.01752,18.75314,0.03781127,0.03206316,0.04085517,19.71583009,18.99300975,18.73492626,19.3003826894,0.0244121290320374,"SDSS(cModelMag g,r)",19.3003826894,SDSS,Vmag_sdss,1.04985383,0.7740803399999976,SDSS(cModel extcorr),-15.6996173106,0.63,3.3579016494928724,SDSS,False,3.2,10.745285278377192,,,,1.04985383,g-i,,1.0,0.0,15.812851724050395,8.739746534349745,8.739746534349745,NGC 4889,12.253434963310701,2882220.380588912,14.179099233631847,14.07456911019516,15.169843993491948,14.179099233631847,1.4581233701696967,-0.12449986716969663,1.4599818981792398,-0.043577401179239805,0.0023532363270644396,-0.08513423032706438,1.4483743360034296,0.034340941049201934,1.476387082051718,-0.02882412178665761,-0.02555515443986711,0.06070747122743825,0.6343576271667382,-0.047839680458698464,0.5983816254642679,0.04227662010041755,0.03167184940575429,-0.08581214826240002,0.010529530546034623
SDSS J130042.51+280325.4,2,10,442.60653181037446,1770.4261272414983,442.60653181037446,1770.4261272414983,1.0,1.0,1.0,1.0,1.0,1.0,True,True,True,True,True,2,10,1.404346796,2,10,True,0.6806305844452347,0.646151381390639,1.404346796,1.3637662975,1.404346796,1.4749332160999997,0.03447920305459573,-0.07058642009999971,0.040580498500000006,0.24999999999999994,0.24999999999999994,1.3612611688904694,6.4615138139063895,0.13057289885061094,0.2366682368069873,0.19915269057906065,0.34764191745447265,False,True,10,,,,,,,,,195.177164,28.057068,AG?,0.0194034234176765,18.89,19.9,1.0100002,19.963,19.353,19.001,18.796,0.6099987,0.9619999,4.38,,,NED,,,2007SDSS6.C...0000:,-16.11,False,0.5475,Other,E,1780.7025809747108,False,1.237667324334703e+18,1.652209,1.4836927893601883,19.82357,19.2173,18.97882,0.02552688,0.02375429,0.02733007,0.03578467,0.02475567,0.01839611,19.78778533,19.19254433,18.96042389,True,0.5952409999999979,0.8273614400000007,19.95295,19.34726,18.99389,0.02524754,0.02330548,0.02704838,19.91716533,19.32250433,18.97549389,19.42659314,0.0174916748231837,"SDSS(cModelMag g,r)",19.42659314,SDSS,Vmag_sdss,0.8273614400000007,0.5952409999999979,SDSS(cModel extcorr),-15.573406860000002,0.5475,1.4836927893601883,SDSS,False,3.2,4.747816925952603,,,,0.8273614400000007,g-i,,1.0,0.0,15.871383599883272,8.987792574235101,8.987792574235101,NGC 4889,12.380431045087843,2669358.374272354,14.225681179816473,14.341886663747886,15.487782306646693,14.225681179816473,1.4559062360973214,-0.051559440097321385,1.4595644717179486,-0.09579817421794856,0.0006406441239267813,0.039939854376073225,1.4452978284128795,-0.04095103241287945,1.475821469936512,-0.0008882538365122539,-0.027939585102357556,-0.04264683499764216,0.6368870704908205,0.043743513954414226,0.5986045099348566,0.0475468714557824,0.03372327048720569,0.0007559325673900386,0.005521271792183223
LEDA 126776,3,18,703.5410001737284,2814.164000694913,703.5410001737284,2814.164000694913,1.0,1.0,1.0,1.0,1.0,1.0,True,True,True,True,True,3,18,1.470548197,3,18,True,0.7018664320990426,0.6491682634162816,1.470548197,1.381962435,1.4482260660000001,1.4402544466111111,0.052698168682761004,0.007971619388889017,0.08858576200000012,0.25000000000000006,0.25000000000000006,2.105599296297128,11.68502874149307,0.07922783037925739,0.18832123144875565,0.11151458310866637,0.21083213347151758,False,True,10,,,,,,,,,194.982068,27.917708,AG?,0.0221,18.6,19.4,0.79999924,19.098,18.351,17.99,17.771,0.74699974,1.1079998,,,,,,,,-16.4,False,,Other,,,False,1.237667444048659e+18,1.914637,1.8705950577746049,18.97418,18.17768,17.90312,0.01600784,0.01249071,0.01526711,0.03164002,0.02188842,0.01626544,18.94253998,18.15579158,17.88685456,True,0.7867484000000005,1.0556854199999997,19.04726,18.29776,17.94525,0.01570451,0.01218498,0.01496806,19.01561998,18.27587158,17.92898456,18.468358424,0.0098684138582562,"SDSS(cModelMag g,r)",18.468358424,SDSS,Vmag_sdss,1.0556854199999997,0.7867484000000005,SDSS(cModel extcorr),-16.531641576000002,,1.8705950577746049,SDSS,False,3.2,5.985904184878735,,,,1.0556854199999997,g-i,,1.0,0.0,5.069401188463505,4.490732752015702,4.490732752015702,NGC 4889,3.1395482006302893,27607790.125222906,4.308124983811095,2.0204434136499447,2.5149644337801433,4.308124983811095,1.4727395080496575,-0.0021913110496574184,1.4627337221618286,-0.08077128716182869,0.013643254411711075,0.07494250758828905,1.4686557703526146,-0.020429704352614486,1.4801157986708136,-0.039861352059702426,-0.009836137821794488,0.017807757210683506,0.6176826354082456,0.08418379669079701,0.596912291609353,0.05225597180692865,0.018148150613724878,0.034550018069036126,0.011554510338871879
LEDA 126788,2,10,103.34172735362156,413.36690941448614,103.34172735362156,413.36690941448614,1.0,1.0,1.0,1.0,1.0,1.0,True,True,True,True,True,2,9,1.440586207,2,9,True,0.7130159481313797,0.5359411305690638,1.440586207,1.542079779,1.440586207,1.471263334222222,0.1770748175623159,-0.030677127222222156,-0.10149357200000009,0.25000000000000006,0.25000000000000006,1.4260318962627594,4.823470175121574,0.03952059554797723,0.2699521713235395,0.012690862594955799,0.3746238135214697,False,True,10,,,,,,,,,194.90421277709,28.01860403441,G,0.024,17.66,18.99,1.3299999,18.332,17.657,17.298,17.027,0.67500114,1.0340004,5.15,,,NED,,,2007SDSS6.C...0000:,-17.34,False,0.64375,Regular galaxies,,2575.340032849998,False,1.2376673243345715e+18,0.7451016,0.7169236957302317,19.00812,18.2928,17.92681,0.009992042,0.008145009,0.008788479,0.02636337,0.01823806,0.01355283,18.981756630000003,18.27456194,17.91325717,True,0.707194690000005,1.0684994600000015,18.99973,18.2928,17.92404,0.009992715,0.00814501,0.008789997,18.97336663,18.27456194,17.910487170000003,18.5545117629,0.0063147935585577,"SDSS(cModelMag g,r)",18.5545117629,SDSS,Vmag_sdss,1.0684994600000015,0.707194690000005,SDSS(cModel extcorr),-16.4454882371,0.64375,0.7169236957302317,SDSS,False,3.2,2.2941558263367416,,,,1.0684994600000015,g-i,,1.0,0.0,3.5729184388639337,7.301377327556016,3.5729184388639337,NGC 4874,4.4694881118384275,28469423.58169261,3.125072957755687,5.720976300699203,6.571980767793369,3.125072957755687,1.4712260556991108,-0.03063984869911085,1.4624487799623953,0.07963099903760473,0.012474210677432374,-0.11396778267743246,1.466555695439507,-0.02596948843950697,1.4797297024956104,-0.008466368273388314,-0.011463789588922302,-0.019213337633299854,0.6194092752141573,0.09360667291722236,0.5970644362316001,-0.06112330566253632,0.019548484538662925,0.157526333023653,0.01803413967232915
LEDA 126769,7,16,421.9324601292339,1687.7298405169354,459.27593976536673,2346.732422331042,1.0885058230046933,1.3904668661971755,1.0,1.0,1.0885058230046933,1.3904668661971755,True,True,True,True,True,7,16,1.302797765,7,16,True,0.6977466107705557,0.6822727894163335,1.302797765,1.4032288634999999,1.3589770394285716,1.4092974565625,0.01547382135422215,-0.05032041713392843,-0.10043109849999987,0.19570869494748852,0.25000000000000006,4.88422627539389,10.916364630661336,0.13737892435815516,0.1794049240429879,0.2445673516033375,0.23516734601264708,False,True,10,,,,,,,,,195.02969312757,27.93096707335,G,0.0259,17.68,18.96,1.2799988,18.51,17.799,17.474,17.206,0.71100044,1.0359993,4.76,,,NED,,,2007SDSS6.C...0000:,-17.32,False,0.595,Regular galaxies,,2562.852048345726,False,1.2376674440487242e+18,1.484421,1.448626900297438,18.4128,17.85435,17.59505,0.009880901,0.007790447,0.009046526,0.0320367,0.02216284,0.01646936,18.3807633,17.83218716,17.578580640000002,True,0.5485761400000015,0.8021826599999997,18.50375,17.78884,17.47232,0.009852035,0.007736923,0.008990379,18.4717133,17.76667716,17.45585064,18.0471033774,0.0061268697657922,"SDSS(cModelMag g,r)",18.0471033774,SDSS,Vmag_sdss,0.8021826599999997,0.5485761400000015,SDSS(cModel extcorr),-16.952896622600004,0.595,1.448626900297438,SDSS,False,3.2,4.635606080951802,,,,0.8021826599999997,g-i,,1.0,0.0,7.142896880814425,2.7717761643708396,2.7717761643708396,NGC 4889,4.034346597131883,84678729.59154405,5.93478082304757,4.378328599160347,5.141007148399312,5.93478082304757,1.480139679054015,-0.1773419140540149,1.4641269744841792,-0.0608981109841793,0.0193594063223482,-0.11979050482234807,1.4789242888648404,-0.11994724943626878,1.4820036530982081,-0.07270619653570809,-0.0018775777733456844,-0.048442839360582746,0.6092400638122102,0.08850654695834548,0.5961683658282635,0.08610442358807002,0.011301083044004567,0.004172738310217583,0.009785129554699998
SDSS J130004.03+280030.7,2,2,44.888332471552395,179.55332988620955,44.888332471552395,179.55332988620955,1.0,1.0,1.0,1.0,1.0,1.0,True,True,True,True,True,2,2,1.4891898575,2,2,True,0.5631157305156967,0.33677504119341595,1.4891898575,1.741979322,1.4891898575,1.741979322,0.2263406893222808,-0.25278946449999995,-0.25278946449999995,0.25000000000000006,0.25000000000000006,1.1262314610313935,0.6735500823868319,0.31465789786331533,0.39792884595737843,0.37377340810747156,0.32240463401786584,False,True,10,,,,,,,,,195.01666666666668,28.008638888888893,G,0.0213,18.79,20.05,1.2599983,,,,17.89,,,3.78,,,NED,,,2007SDSS6.C...0000:,-16.21,False,0.4725,Regular galaxies,dE,1683.0993269278852,False,,,,,,,,,,,,,,,,False,,,,,,,,,,,,,,,18.790000915527344,SIMBAD,,,,,-16.209999084472656,0.4725,0.4725,SIMBAD_proxy(maj/8),True,3.2,1.512,,,,1.2599983215332031,B-V,,1.0,0.0,6.913095764827263,2.101416376086782,2.101416376086782,NGC 4889,3.610695798679805,190738040.2727615,5.265741069605533,5.935835133340452,7.2114813800308895,5.265741069605533,1.4670892269223905,0.02210063057760947,1.4616699268390096,0.2803093951609903,0.009278778882396144,-0.2620682433823961,1.4608154087825298,0.02837444871747019,1.4786743578938564,0.26330496410614357,-0.01591276789094992,-0.23687669660905003,0.6241288246823301,-0.061013094166633364,0.5974803041321044,-0.26070526293868845,0.02337611854088928,0.20296457078139152,0.018643102933092848
2MASS J13001763+2759145,4,4,36.258631352481125,145.0345254099245,36.258631352481125,145.0345254099245,1.0,1.0,1.0,1.0,1.0,1.0,True,True,True,True,True,4,4,1.458056327,4,4,True,0.7438566974846776,0.4255468316269989,1.458056327,1.6778462895000001,1.43874413975,1.68010654875,0.31830986585767873,-0.24136240899999994,-0.21978996250000016,0.25,0.25,2.9754267899387106,1.7021873265079956,0.038006513547285396,0.3016300025191212,0.09318676523335932,0.3486421336370337,False,True,10,,,,,,,,,195.07346713314004,27.987527267230004,AG?,0.0199,17.86,19.1,1.2399998,18.441,17.759,17.42,17.162,0.6819992,1.0209999,,,,,,,,-17.14,False,,Other,dE,,False,1.237667324334637e+18,0.4946538,0.4246594374280313,20.32242,19.70241,18.56413,0.03321347,0.01990917,0.01458043,0.03390989,0.02345871,0.01743233,20.28851011,19.67895129,18.54669767,True,0.6095588200000002,1.7418124400000004,20.40423,19.75189,18.82401,0.02318501,0.0198409,0.01467887,20.37032011,19.72843129,18.806577670000003,19.9188704062,0.0179837448664331,"SDSS(cModelMag g,r)",19.9188704062,SDSS,Vmag_sdss,1.7418124400000004,0.6095588200000002,SDSS(cModel extcorr),-15.081129593800004,,0.4246594374280313,SDSS,False,3.2,1.3589101997697002,,,,1.7418124400000004,g-i,,1.0,0.0,9.410406514646391,2.1973860055077354,2.1973860055077354,NGC 4889,5.798409958374031,165238125.1709585,7.8217948982630965,7.504207123975578,8.609584360188519,7.8217948982630965,1.447258420526113,0.010797906473887009,1.4579363216223968,0.2199099678776033,-0.00603923225610456,-0.2137507302438956,1.4332980713490255,0.005446068400974502,1.4736153294427605,0.20649121930723946,-0.03723993227958439,-0.20412247672041556,0.6467530319755277,0.09710366550914995,0.5994738591633731,-0.17392702753637423,0.04172473119827266,0.27658513465940604,0.030683497314071467
SDSS J130037.31+275441.0,1,5,522.3311459565182,2089.3245838260727,522.3311459565182,2089.3245838260727,1.0,1.0,1.0,1.0,1.0,1.0,True,True,True,True,True,1,5,1.294335265,1,5,True,0.799655454127125,0.4528476381879064,1.294335265,1.5668838,1.294335265,1.6622890674000002,0.3468078159392186,-0.3679538024000002,-0.2725485350000001,0.25,0.25,0.799655454127125,2.264238190939532,,0.3931597684229771,,0.37602161350373703,False,True,10,,,,,,,,,195.155462,27.911388,G,0.0203,18.97,,,20.28,19.632,19.355,19.39,0.6480007,0.92500114,,,,,,,,-16.03,False,,Regular galaxies,,,False,1.2376674440487247e+18,1.772235,1.6117884458133198,20.04689,19.62288,19.24647,0.03853008,0.03399298,0.04356273,0.03153339,0.02181465,0.01621062,20.01535661,19.60106535,19.23025938,True,0.4142912600000024,0.7850972300000016,20.27356,19.62292,19.3539,0.03907331,0.03399298,0.04277908,20.24202661,19.60110535,19.33768938,19.760924766599995,0.0255302403383215,"SDSS(cModelMag g,r)",19.760924766599995,SDSS,Vmag_sdss,0.7850972300000016,0.4142912600000024,SDSS(cModel extcorr),-15.239075233400005,,1.6117884458133198,SDSS,False,3.2,5.157723026602624,,,,0.7850972300000016,g-i,,1.0,0.0,13.90561130259767,7.558888727070661,7.558888727070661,NGC 4889,10.5909997825847,4434199.458158128,12.61511511368559,11.109554650255717,11.689102575963513,12.61511511368559,1.4500330454282153,-0.15569778042821536,1.4584587085491623,0.10842509145083778,-0.003896014562065536,-0.2686525204379345,1.4371481563207027,-0.14281289132070274,1.474323162802653,0.1879659045973472,-0.03425594462817744,-0.33369785777182276,0.6435875687214558,0.15606788540566918,0.5991949311499108,-0.14634729296200444,0.03915748725564805,0.30765032868357056,0.0027721809914556133
LEDA 44652,46,220,903.290910772001,3613.163643088004,903.290910772001,3613.163643088004,1.0,1.0,1.0,1.0,1.0,1.0,True,True,True,True,True,45,217,1.524528394,45,217,True,0.561473574187136,0.5661149304628441,1.524528394,1.518581719,1.5582795604222226,1.5305117712580645,-0.004641356275708164,0.02776778916415812,0.005946675000000123,0.25,0.25,25.26631083842112,122.84693991043717,0.24122675374188363,0.2368745018266444,0.23193692211780748,0.2877318122750441,True,True,10,0.5615566011056857,0.03919720548352201,0.5615566011056857,0.03919720548352201,,,,,194.93419145873,27.958426533770005,G,0.02303,15.65,16.982,1.3320007,16.086,15.334,14.98,14.705,0.7520008,1.1060009,29.214000701904297,0.245933,17.0,SIMBAD,B,2023ApJS..269....3M,,-19.35,False,3.651750087738037,Regular galaxies,,14034.977986785983,False,1.2376674440486584e+18,4.470431,2.9823621949387413,16.39336,15.69551,15.2701,0.00375288,0.003144176,0.003308895,0.02879819,0.01992246,0.01480452,16.36456181,15.67558754,15.25529548,True,0.688974270000001,1.1092663300000023,16.56185,15.82116,15.46881,0.003718602,0.00312167,0.003297646,16.53305181,15.80123754,15.45400548,15.9480669907,0.0024101453181839,"SDSS(cModelMag g,r)",15.9480669907,SDSS,Vmag_sdss,1.1092663300000023,0.688974270000001,SDSS(cModel extcorr),-19.0519330093,3.651750087738037,2.9823621949387413,SDSS,False,3.2,9.543559023803972,,,,1.1092663300000023,g-i,14.755980000000001,0.5050995976404609,17.0,1.8768710136025093,5.391951496346297,1.8768710136025093,NGC 4874,1.796724117447937,176670435.0904041,0.821417422941886,1.7766252611808269,2.755925318296296,0.821417422941886,1.5170133695446546,0.007515024455345465,1.4710692944494155,0.047512424550584464,0.047841939526810984,-0.04189526452681086,1.5300904272141111,0.02818913320811145,1.491410484346587,0.03910128691147752,0.037778462580975,-0.010010673416816884,0.5671722829739059,-0.005698708786769924,0.5924615205426951,-0.026346590079850962,-0.022816594802318124,0.01817523852660996,0.09354182669399069
2MASX J12594422+2752037,0,0,1242.6695657531527,4970.67826301261,0.0,0.0,0.0,0.0,0.0,0.0,0.0,0.0,False,False,False,False,False,0,0,,0,0,True,,,,,,,,,,,0.25000000000000006,,,,,,,False,False,10,,,,,,,,,194.93420593099,27.86768975075,GiC,0.02081,16.24,17.6,1.3600006,17.176,16.454,16.107,15.839,0.7220001,1.0690002,10.379999160766602,0.149,125.0,SIMBAD,C,2006AJ....131.1163S,,-18.76,False,1.2974998950958252,Members of systems,Sa,4518.207037945425,False,1.2376674440486587e+18,3.182949,2.6788155270063365,16.93554,16.21725,15.87043,0.005330642,0.004340208,0.005006252,0.03389742,0.02345008,0.01742592,16.90164258,16.19379992,15.85300408,True,0.7078426600000007,1.048638500000001,17.16968,16.44698,16.10516,0.005197311,0.004230452,0.004858051,17.13578258,16.42352992,16.08773408,16.4740154106,0.0033665987936403,"SDSS(cModelMag g,r)",16.4740154106,SDSS,Vmag_sdss,1.048638500000001,0.7078426600000007,SDSS(cModel extcorr),-18.5259845894,1.2974998950958252,2.6788155270063365,SDSS,False,3.0,8.03644658101901,,,,1.048638500000001,g-i,8.94,0.8612717459352615,125.0,5.805578152393829,8.418923553850055,5.805578152393829,NGC 4874,6.261876044369649,8509225.385867087,6.186097053081873,3.8655624781831834,2.688944706987111,6.186097053081873,,,,,,,,,,,,,,,,,,,
LEDA 44651,204,738,1559.7725873521435,6239.090349408572,1559.7725873521435,6239.090349408572,1.0,1.0,1.0,1.0,1.0,1.0,True,True,True,True,True,197,715,1.587537618,197,715,True,0.5007796410727126,0.5344079808361412,1.587537618,1.551005705,1.5899246263451778,1.568785702653147,-0.033628339763428605,0.021138923692030742,0.03653191300000014,0.25000000000000006,0.25000000000000006,98.65358929132437,382.1017062978409,0.26809017590967993,0.2520574238782838,0.3288388035487409,0.2875487008284556,True,True,10,0.4998582496924767,0.019588391476230874,0.4998582496924767,0.019588391476230874,,,,,194.91780643067,27.96824372093,EmG,0.02527,16.02,17.375,1.3549995,16.524,15.713,15.343,15.066,0.8109999,1.1809998,15.59999942779541,0.17,,SIMBAD,E,2003A&A...412...45P,,-18.98,False,1.9499999284744265,Regular galaxies,,8201.208355040244,False,1.2376674440486584e+18,4.562069,3.4445137577959444,16.52127,15.65185,15.38442,0.004146011,0.003265507,0.003529765,0.02833875,0.01960462,0.01456833,16.49293125,15.63224538,15.36985167,True,0.8606858700000029,1.1230795800000006,16.48264,15.65183,15.30425,0.004147299,0.003265507,0.003532375,16.45430125,15.63222538,15.28968167,15.975126586699998,0.0025693415931882,"SDSS(cModelMag g,r)",15.975126586699998,SDSS,Vmag_sdss,1.1230795800000006,0.8606858700000029,SDSS(cModel extcorr),-19.0248734133,1.9499999284744265,3.4445137577959444,SDSS,False,3.2,11.022444024947022,,,,1.1230795800000006,g-i,10.200000000000001,0.6538461778290888,0.0,1.143241826114986,6.165774818373137,1.143241826114986,NGC 4874,2.567857154960452,740049702.939747,0.5123744718224101,2.716126832407561,3.4665675174659327,0.5123744718224101,1.5165380146751404,0.07099960332485966,1.4709797979667665,0.08002590703323342,0.04747475873544743,-0.010942845735447293,1.5294308221489565,0.0604938041962213,1.4912892167712204,0.0774964858819267,0.037267239222605886,-0.016128315530575144,0.5677145971335431,-0.06693495606083055,0.5925093071063285,-0.05810132627018738,-0.022376768897045873,-0.011251570866382732,0.14294503726523602
LEDA 44692,48,152,1759.5311113829184,7038.124445531674,2029.5830833781692,10045.704616680954,1.153479509539903,1.4273269383661888,1.0,1.0,1.153479509539903,1.4273269383661888,True,True,True,True,True,47,149,1.476637314,47,149,True,0.6001622091726305,0.5451312706542765,1.476637314,1.501312069,1.4996425169787233,1.5292136423825504,0.055030938518354056,-0.029571125403827114,-0.024674754999999937,0.20203491550090316,0.25,28.207623831113636,81.2245593274872,0.21768857406453157,0.24294981726365528,0.20577440377141876,0.28284901337879265,True,True,10,0.6059511723409183,0.03142651008303174,0.6059511723409183,0.03142651008303174,,,,,194.997788,27.940571,AG?,0.02037,17.0,18.426,1.4260006,17.949,17.251,16.93,16.753,0.69799995,1.0189991,15.0,0.19,152.0,SIMBAD,E,2003A&A...412...45P,,-18.0,False,1.875,Other,,6394.566526569033,False,1.237667444048659e+18,3.603683,3.39333514899597,17.77126,17.03383,16.77582,0.01014868,0.008201313,0.01231581,0.03052491,0.02111699,0.01569219,17.74073509,17.01271301,16.76012781,True,0.7280220800000023,0.980607280000001,17.94316,17.24211,16.92641,0.009819054,0.007915523,0.01199781,17.91263509,17.22099301,16.91071781,17.301202062799998,0.0063817958634173,"SDSS(cModelMag g,r)",17.301202062799998,SDSS,Vmag_sdss,0.980607280000001,0.7280220800000023,SDSS(cModel extcorr),-17.698797937200002,1.875,3.39333514899597,SDSS,False,3.2,10.858672476787106,,,,0.980607280000001,g-i,11.4,0.76,152.0,5.365422707671368,2.9006686586244066,2.9006686586244066,NGC 4889,2.350966696447629,78351167.74373455,4.157109190852259,2.7463224734333567,3.730435362824387,4.157109190852259,1.4932428984099988,-0.01660558440999882,1.4665939567724589,0.034718112227541065,0.029480793019101698,-0.054155548019101635,1.4971063890416398,0.0025361279370834655,1.4853464097263662,0.043867232656184196,0.01221436118471203,-0.041785486588539145,0.5942911028373471,0.005871106335283427,0.594851122930978,-0.049719852276701504,-0.0008227757504016275,0.05585371426875568,0.045095545832540065
NGC 4871,405,1452,4264.003538064057,17056.014152256226,4264.003538064057,17056.014152256226,1.0,1.0,1.0,1.0,1.0,1.0,True,True,True,True,True,397,1405,1.548891448,397,1405,True,0.5387034299758311,0.5205081579697064,1.548891448,1.568651853,1.5671435588035265,1.5818635414021354,0.018195272006124696,-0.01471998259860885,-0.01976040499999998,0.25,0.25,213.86526170040494,731.3139619474375,0.25095231866034173,0.26049770906360853,0.27810193482257506,0.3003881432355969,True,True,10,0.5393720252429395,0.01279858530835967,0.5393720252429395,0.01279858530835967,,,,,194.87484625967,27.95643601638,LIN,0.02267,14.07,15.1,1.0300007,14.941,14.106,13.714,13.427,0.83500004,1.2270002,52.43561935424805,0.50443,173.0,SIMBAD,B,2023ApJS..269....3M,,-20.93,True,6.554452419281006,Active (AGN/Seyfert/QSO),,24808.144936631103,False,1.2376674440486584e+18,7.112396,6.061512107483321,14.75373,13.95491,13.51942,0.00225232,0.001986918,0.002022592,0.03223551,0.02230038,0.01657157,14.72149449,13.93260962,13.50284843,True,0.7888848700000004,1.2186460599999993,14.78072,13.95487,13.55432,0.002252901,0.001986918,0.002023563,14.74848449,13.93256962,13.53774843,14.246052416699998,0.0014923157559214,"SDSS(cModelMag g,r)",14.246052416699998,SDSS,Vmag_sdss,1.2186460599999993,0.7888848700000004,SDSS(cModel extcorr),-20.753947583300004,6.554452419281006,6.061512107483321,SDSS,False,3.2,19.39683874394663,,,,1.2186460599999993,g-i,30.265800000000002,0.5771992468617239,173.0,1.2800806234345117,8.510292224237439,1.2800806234345117,NGC 4874,4.895281890110502,524721496.4463904,2.8966461809391744,4.120441608021069,4.137281695045918,2.8966461809391744,1.5469125933074699,0.0019788546925301187,1.4766985107093489,0.09195334229065111,0.07093714975070275,-0.09069755475070274,1.5715787566768848,-0.004435197873358332,1.4990380624016157,0.08282547900051962,0.06993376920541067,-0.08465375180401952,0.5330614040314032,0.005642025944427864,0.5894558057587225,-0.06894764778901608,-0.0504810913748483,0.068676363380973,0.12818935503558
LEDA 44636,1041,2715,13152.604983338619,52610.419933354475,13152.604983338619,52610.419933354475,1.0,1.0,1.0,1.0,1.0,1.0,True,True,True,True,True,1015,2647,1.523210054,1015,2647,True,0.5553015149604891,0.5432086083389871,1.523210054,1.538916752,1.5353667028600986,1.5581549187000376,0.012092906621501975,-0.022788215839939063,-0.01570669800000002,0.25,0.25,563.6310376848965,1437.8731862732989,0.24927179391718274,0.2510223497887928,0.30631818902317187,0.28870691867186543,True,True,10,0.5548957840826773,0.007443828437174811,0.5548957840826773,0.007443828437174811,,,,,194.90967227334,27.9872092223,G,0.02274,15.89,17.13,1.2399988,16.067,15.302,14.949,14.69,0.7649994,1.1179991,16.380001068115234,0.191,40.0,SIMBAD,C,2006AJ....131.1163S,,-19.11,False,2.0475001335144043,Regular galaxies,,7772.914363365936,False,1.2376674440486584e+18,11.87046,9.669535656718242,15.95328,15.08686,14.78829,0.004022595,0.003141123,0.003505534,0.02670622,0.01847524,0.01372908,15.92657378,15.06838476,14.77456092,True,0.8581890200000011,1.1520128599999993,15.88893,15.08683,14.75734,0.004017561,0.003141123,0.003505975,15.86222378,15.06835476,14.74361092,15.410242258199998,0.0024808574586486,"SDSS(cModelMag g,r)",15.410242258199998,SDSS,Vmag_sdss,1.1520128599999993,0.8581890200000011,SDSS(cModel extcorr),-19.5897577418,2.0475001335144043,9.669535656718242,SDSS,False,3.2,30.94251410149837,,,,1.1520128599999993,g-i,11.46,0.6996336540116384,40.0,1.7740098519987533,6.602014748429761,1.7740098519987533,NGC 4874,3.209572672402764,202123181.63643128,1.3586289450693563,3.907450396804947,4.67924577881494,1.3586289450693563,1.5264613156832132,-0.0032512616832132135,1.4728480875193646,0.06606866448063542,0.05513986485039035,-0.07084656285039037,1.5432004499107723,-0.007833747050673745,1.4938207458036483,0.06433417289638932,0.047939315165861585,-0.07072753100580065,0.556393483178158,-0.0010919682176688816,0.5915117356381732,-0.048303127299186066,-0.031558382737718105,0.04365128935922008,0.07142231403098018
LEDA 44635,4,21,137.98582725295074,551.9433090118031,137.98582725295074,551.9433090118031,1.0,1.0,1.0,1.0,1.0,1.0,True,True,True,True,True,4,21,1.555104644,4,21,True,0.6586422095169957,0.568002713816948,1.555104644,1.507945671,1.4674179275,1.473374488761905,0.0906394957000477,-0.0059565612619048025,0.04715897299999994,0.24999999999999994,0.24999999999999994,2.634568838067983,11.928056990155907,0.11739248030866863,0.25549692013901354,0.22109037583933824,0.31143192345768056,False,True,10,,,,,,,,,194.90829870729,28.00101128048,AG?,0.01659,16.6,18.097,1.4969997,17.174,16.488,16.137,15.894,0.6859989,1.0370007,15.59999942779541,0.22,160.0,SIMBAD,E,2003A&A...412...45P,,-18.4,False,1.9499999284744265,Other,,5441.222914766356,False,1.2376673243345715e+18,0.9128454,0.9005910840236022,18.52368,17.80939,17.44767,0.007781437,0.006436219,0.006889253,0.0264065,0.01826789,0.013575,18.4972735,17.79112211,17.434095,True,0.7061513899999987,1.0631784999999994,18.51647,17.80939,17.44732,0.00778239,0.006436219,0.006888817,18.4900635,17.79112211,17.433745000000002,18.0706441799,0.0049596971654637,"SDSS(cModelMag g,r)",18.0706441799,SDSS,Vmag_sdss,1.0631784999999994,0.7061513899999987,SDSS(cModel extcorr),-16.929355820100003,1.9499999284744265,0.9005910840236022,SDSS,False,3.2,2.8818914688755277,,,,1.0631784999999994,g-i,13.2,0.8461538771905853,160.0,2.5559392034720934,6.800069018774756,2.5559392034720934,NGC 4874,3.6500771399644485,71092609.43666686,2.078891357354849,4.671546174956523,5.495984536306576,2.078891357354849,1.47972613869293,0.07537850530707013,1.4640491160038647,0.04389655499613543,0.01903997322766035,0.028118999772339587,1.478350457955953,-0.010932530455952882,1.4818981549953778,-0.008523666233472893,-0.0023223223331961806,-0.003634238928708622,0.6097118561673129,0.048930353349682765,0.5962099382913796,-0.02820722447443158,0.011683714579611981,0.07895578112043572,0.03747646317220458
LEDA 44708,3013,1566,31481.600505502665,125926.40202201066,54666.974861890216,134131.70564931387,1.736473812769938,1.065159517746477,0.9722,0.9652,1.736473812769938,1.065159517746477,True,True,True,True,True,2845,1519,1.630858126,2845,1519,True,0.4514406815257304,0.5975878325873059,1.630858126,1.458828397,1.653093497175044,1.4816986911652406,-0.14614715106157544,0.1713948060098034,0.1720297289999999,0.407561915337277,0.25,1284.348738940703,907.7359177001175,0.27866079804992766,0.22619601959137328,0.3132506695864651,0.28579413395313463,True,True,10,0.451182358139654,0.005286267031320295,0.451182358139654,0.005286267031320295,,,,,195.02544773316,27.97831516639,GiC,0.02546,15.994,16.9,0.9059992,15.673,15.063,14.668,14.47,0.6100006,1.0050001,33.0,0.19,141.0,SIMBAD,E,2003A&A...412...45P,,-19.006,False,4.125,Members of systems,,17475.131767561055,True,1.237667444048724e+18,29.67596,21.289625536295947,14.9193,14.1867,14.21833,0.003678388,0.002947346,0.003564937,0.03112322,0.0215309,0.01599977,14.88817678,14.1651691,14.20233023,True,0.7230076800000003,0.6858465500000008,14.86612,14.16533,13.99254,0.003643368,0.0029113,0.003584315,14.83499678,14.1437991,13.97654023,14.4516022488,0.0023018200250846,"SDSS(cModelMag g,r)",14.4516022488,SDSS,Vmag_sdss,0.6858465500000008,0.7230076800000003,SDSS(cModel extcorr),-20.5483977512,4.125,21.289625536295947,SDSS,False,4.8,102.19020257422056,,,,0.6858465500000008,g-i,11.4,0.34545454545454546,141.0,6.808717792229988,0.44602556005186256,0.44602556005186256,NGC 4889,3.195093429759157,19604608378.980076,5.231906951641359,5.026675708751676,6.211031601618863,5.231906951641359,1.5433017074089292,0.08755641859107066,1.4760186784242677,-0.017190281424267706,0.06814797470111517,0.10388175429888474,1.5665682712877138,0.08652522588733014,1.4981168908602602,-0.016418199695019675,0.06605041945109952,0.10534438655870387,0.5371809254188946,-0.0857402438931642,0.5898188015747536,0.007769031012552219,-0.04714009023861793,-0.09900706082295752,0.06708265688239357
NGC 4867,49,63,858.6837952120765,3434.7351808483063,858.6837952120765,2465.4529128129143,1.0,0.7178,1.0,0.7178,1.0,0.7178,True,False,False,True,True,42,63,1.512646779,42,63,True,0.5607409502145044,0.5721786889291162,1.512646779,1.524065592,1.5530563341428572,1.5377279054603172,-0.011437738714611734,0.015328428682539919,-0.011418812999999917,0.3482864307606575,0.24999999999999997,23.551119909009188,36.04725740253432,0.25593564173772415,0.2343463659050529,0.32945085613352526,0.3098268116590637,True,True,10,0.5570476257465817,0.04363156655491419,0.5570476257465817,0.04363156655491419,,,,,194.81354404998,27.970726764919995,GiG,0.01608,14.14,15.5,1.3599997,15.032,14.241,13.841,13.55,0.7909994,1.191,40.27842330932617,0.416479,29.0,SIMBAD,B,2023ApJS..269....3M,,-20.86,True,5.034802913665772,Members of systems,,13625.543880861853,False,1.2376674440485932e+18,3.110425,2.6237095855033408,15.11597,14.36658,13.93513,0.002393813,0.002170279,0.002220664,0.03611428,0.02498369,0.01856556,15.07985572,14.341596310000002,13.916564439999998,True,0.7382594099999995,1.1632912800000028,15.12918,14.34617,13.94233,0.002383182,0.002156744,0.002211281,15.09306572,14.321186310000002,13.92376444,14.6342826681,0.0016133381188074,"SDSS(cModelMag g,r)",14.6342826681,SDSS,Vmag_sdss,1.1632912800000028,0.7382594099999995,SDSS(cModel extcorr),-20.3657173319,5.034802913665772,2.6237095855033408,SDSS,False,3.2,8.395870673610691,,,,1.1632912800000028,g-i,24.98874,0.6204001534045659,29.0,4.569675982565631,11.674099701382229,4.569675982565631,NGC 4874,8.094370235768503,12565299.208565678,6.017478753601243,7.467228679649561,7.324685765794328,6.017478753601243,1.5400925675947508,-0.027445788594750775,1.4754144840757564,0.04865110792424354,0.06566912243276662,-0.07708793543276654,1.5621152510033436,-0.009058916860486432,1.4972982085888968,0.040429696871420395,0.06259913002819711,-0.047270701345657196,0.5408421100897539,0.019898840124750516,0.590141410584935,-0.017962721655818803,-0.044170807888869235,0.0327330691742575,0.023583191510417365
LEDA 93586,108,309,8287.461924212645,33149.84769685058,8287.461924212645,34775.9182779724,1.0,1.0490521282629093,1.0,0.972,1.0,1.0490521282629093,True,True,True,True,True,107,296,1.458541362,107,296,True,0.5932149951725767,0.6025053742724591,1.458541362,1.488457251,1.4573538429252337,1.4850173925371621,-0.009290379099882395,-0.027663549611928406,-0.029915888999999973,0.23831036920345106,0.25,63.474004483465706,178.3415907846479,0.2358175085642962,0.2090887610936583,0.33837744471456477,0.2859594776486361,True,True,10,0.5926514988889953,0.023169278396779524,0.5926514988889953,0.023169278396779524,,,,,195.07823815868,27.93707411511,AG?,0.01762,15.44,17.014,1.5740004,16.015,15.328,14.969,14.712,0.6869993,1.0459995,24.275821685791016,0.351716,21.0,SIMBAD,B,2023ApJS..269....3M,,-19.560001,False,3.034477710723877,Other,,8981.746748780071,False,1.237667444048724e+18,8.799917,6.885906656543145,16.25826,15.61518,15.28695,0.004178265,0.003474837,0.003990825,0.03321066,0.02297498,0.01707287,16.225049339999998,15.59220502,15.26987713,True,0.6328443199999985,0.9551722099999987,16.10304,15.43026,15.09065,0.004094635,0.003405106,0.003888506,16.06982934,15.40728502,15.07357713,15.841671191199998,0.0026716667923643,"SDSS(cModelMag g,r)",15.841671191199998,SDSS,Vmag_sdss,0.9551722099999987,0.6328443199999985,SDSS(cModel extcorr),-19.1583288088,3.034477710723877,6.885906656543145,SDSS,False,3.2,22.034901300938063,,,,0.9551722099999987,g-i,21.10296,0.8692995142715133,21.0,9.603819551299853,3.3627549725350083,3.3627549725350083,NGC 4889,6.220453361781339,46973884.432992496,8.258962992383225,6.9607671490647505,7.735418800697746,8.258962992383225,1.5188824204125317,-0.06034105841253168,1.4714211862449873,0.017036064755012736,0.04928566004126972,-0.07920154904126969,1.532683932610917,-0.07533008968568322,1.4918872971058963,-0.006869904568734153,0.039788544990806585,-0.06745209460273499,0.5650399544426608,0.028175040729915946,0.5922736282458869,0.010231746026572175,-0.024545949107247444,0.015255570007365049,0.02024975958256831
2MASX J12595140+2804232,0,2,2672.3505352407565,10689.402140963028,0.0,1259.2115722054448,0.0,0.11780000000000002,0.0,0.1178,0.0,0.1178,False,False,False,False,True,0,2,,0,2,True,,0.6867980409387971,,1.3797878345,,1.3797878345,,,,,0.24999999999999994,,1.3735960818775943,,0.16315118820601282,,0.2573183730393301,False,True,10,,,,,,,,,194.9642041666666,28.073136111111115,GiC,0.02499,16.23,17.71,1.4799995,17.094,16.332,15.956,15.696,0.76199913,1.1379995,12.420000076293944,0.157,30.0,SIMBAD,C,2006AJ....131.1163S,,-18.77,False,1.5525000095367432,Members of systems,dE,6459.265286761224,False,1.2376673243345718e+18,4.428126,4.186172657629508,16.98375,16.17769,15.80135,0.005579471,0.004649387,0.005074465,0.03171808,0.02194242,0.01630557,16.95203192,16.15574758,15.78504443,True,0.7962843399999997,1.1669874900000003,17.08994,16.32525,15.95608,0.005424786,0.004500934,0.004899067,17.058221919999998,16.303307580000002,15.93977443,16.472224159399996,0.0035718124786545,"SDSS(cModelMag g,r)",16.472224159399996,SDSS,Vmag_sdss,1.1669874900000003,0.7962843399999997,SDSS(cModel extcorr),-18.527775840600004,1.5525000095367432,4.186172657629508,SDSS,False,3.2,13.395752504414428,,,,1.1669874900000003,g-i,9.42,0.7584541016211389,30.0,7.661562179920471,6.842327918477881,6.842327918477881,NGC 4889,6.300911554447308,7863550.58902267,6.458437236064703,8.570201520041481,9.761569045536195,6.458437236064703,,,1.4693357052652334,-0.0895478707652333,,,,,1.4890614740746209,-0.10927363957462077,,,,,0.5933871688744741,0.09341087206432308,,,0.0071620159342071455
2MASX J12595178+2805542,0,0,3291.997539811927,13167.990159247709,0.0,0.0,0.0,0.0,0.0,0.0,0.0,0.0,False,False,False,False,False,0,0,,0,0,True,,,,,,,,,,,0.24999999999999997,,,,,,,False,False,10,,,,,,,,,194.96569290311,28.09852632739,GiC,0.02551,16.63,,,17.5469,16.7776,16.029,16.2132,0.76930046,1.5179005,16.158000946044922,0.200117,33.0,SIMBAD,B,2023ApJS..269....3M,,-18.37,False,2.0197501182556152,Members of systems,,8572.745285400755,False,1.2376673243345718e+18,5.830349,4.693977734701383,17.34017,16.58586,16.18467,0.00583099,0.004898649,0.005221633,0.03414907,0.02362417,0.01755529,17.30602093,16.56223583,16.16711471,True,0.7437851000000002,1.138906219999999,17.13472,16.4033,16.01762,0.005725819,0.00479839,0.005104617,17.10057093,16.37967583,16.00006471,16.857187720999995,0.0037508329156691,"SDSS(cModelMag g,r)",16.857187720999995,SDSS,Vmag_sdss,1.138906219999999,0.7437851000000002,SDSS(cModel extcorr),-18.142812279000005,2.0197501182556152,4.693977734701383,SDSS,False,3.2,15.020728751044423,,,,1.138906219999999,g-i,12.007019999999999,0.7431005877579813,33.0,9.076884162328206,8.132074719274469,8.132074719274469,NGC 4889,7.823438860335195,4697969.392061481,7.943043660473657,10.09374135696854,11.279384077077344,7.943043660473657,,,,,,,,,,,,,,,,,,,
LEDA 1822111,30,160,5755.339186786747,23021.35674714699,5755.339186786747,23021.35674714699,1.0,1.0,1.0,1.0,1.0,1.0,True,True,True,True,True,26,147,1.443263098,26,147,True,0.651650449022434,0.5437615784348016,1.443263098,1.522867118,1.4136197373076924,1.578817473442177,0.10788887058763241,-0.16519773613448452,-0.07960401999999989,0.24999999999999997,0.24999999999999997,16.942911674583282,79.93295202991582,0.19252736708090712,0.26760648515929175,0.29328958911909475,0.31330514851020114,True,True,10,0.6539033284707061,0.03656708416722096,0.6539033284707061,0.03656708416722096,,,,,195.147592,27.942744,G,0.02325,16.79,18.66,1.8699989,17.396,16.709,16.413,16.809,0.6870003,0.9829998,15.59999942779541,0.16,106.0,SIMBAD,E,2003A&A...412...45P,,-18.21,False,1.9499999284744265,Regular galaxies,Ep,7564.120773938286,False,1.2376674440487245e+18,9.370414,6.820201613629062,17.77633,16.9329,16.86924,0.009347812,0.007510891,0.009751973,0.03400051,0.02352139,0.01747892,17.742329490000003,16.90937861,16.851761080000003,True,0.8329508800000021,0.8905684100000002,17.38996,16.70088,16.4093,0.009112361,0.007235961,0.009469623,17.35595949,16.677358610000002,16.391821080000003,17.240888470799998,0.0058588718016683,"SDSS(cModelMag g,r)",17.240888470799998,SDSS,Vmag_sdss,0.8905684100000002,0.8329508800000021,SDSS(cModel extcorr),-17.759111529200002,1.9499999284744265,6.820201613629062,SDSS,False,3.2,21.824645163613,,,,0.8905684100000002,g-i,9.6,0.6153846379567893,106.0,13.223913206359375,6.374840056939515,6.374840056939515,NGC 4889,9.730213424055975,7186990.201818213,11.804583787926733,10.650584360732019,11.4151669972896,11.804583787926733,1.4943024249326824,-0.051039326932682316,1.4667934369989903,0.05607368100100962,0.030299208506182035,-0.10990322850618192,1.4985765939471705,-0.08495685663947805,1.485616705079759,0.09320076836241786,0.013353835589930085,-0.1785515717244146,0.5930823296184056,0.058568119404028396,0.594744610649639,-0.050983032214837465,-0.0018031111627122565,0.10969198175034467,0.010253149673498009
IC 4042,89,86,3980.883723845103,15923.534895380404,3980.883723845103,15910.7960674641,1.0,0.9992,1.0,0.9992,1.0,0.9992,True,True,True,True,True,83,85,1.516481046,83,85,True,0.536816130633866,0.6354844876412862,1.516481046,1.396476326,1.581085504433735,1.4904749700705882,-0.09866835700742016,0.09061053436314692,0.12000472000000006,0.2502001601281026,0.2500000000000001,44.55573884261088,54.016181449509325,0.26159706704988855,0.2388216768891089,0.2645533940771578,0.31369122684944545,True,True,10,0.5359781441475233,0.027973466910361917,0.5359781441475233,0.027973466910361917,,,,,195.17816482645,27.97127198246,AGN,0.02126,14.01,15.272,1.2620001,14.831,14.014,13.615,13.303,0.8170004,1.2160006,45.97157669067383,0.541699,176.0,SIMBAD,B,2023ApJS..269....3M,,-20.99,True,5.7464470863342285,Active (AGN/Seyfert/QSO),SB0...,20432.05701533376,False,1.2376673243347026e+18,5.549952,5.291939620488159,14.70794,13.9173,13.5144,0.002069553,0.001892664,0.001908793,0.03447001,0.02384619,0.01772028,14.67346999,13.89345381,13.49667972,True,0.7800161800000023,1.1767902700000017,14.72069,13.91728,13.50959,0.002069884,0.001892664,0.001908852,14.68621999,13.89343381,13.49186972,14.2032604438,0.0014024751194482,"SDSS(cModelMag g,r)",14.2032604438,SDSS,Vmag_sdss,1.1767902700000017,0.7800161800000023,SDSS(cModel extcorr),-20.7967395562,5.7464470863342285,5.291939620488159,SDSS,False,3.0,15.875818861464476,,,,1.1767902700000017,g-i,32.501940000000005,0.7070007674240508,176.0,14.822780767650086,7.660920391671334,7.660920391671334,NGC 4889,11.230606207253237,4204435.732815439,13.304269486704335,12.481566228943471,13.362724946682183,13.304269486704335,1.5476643182295322,-0.03118327222953221,1.4768400402081694,-0.08036371420816946,0.07151780847426342,0.04848691152573664,1.5726218543666213,0.008463650067113804,1.4992298346216715,-0.008754864551083319,0.07074221646002504,0.01986831790312188,0.5322037898666361,0.004612340767229939,0.5893802362145213,0.046104251426764886,-0.05117663088767488,-0.04749172611974528,0.0068850702444514435
LEDA 126748,0,0,4918.9468552812805,19675.787421125126,0.0,0.0,0.0,0.0,0.0,0.0,0.0,0.0,False,False,False,False,False,0,0,,0,0,True,,,,,,,,,,,0.24999999999999994,,,,,,,False,False,10,,,,,,,,,195.270102,27.891744,GiC,0.01936,16.82,,,17.232,16.521,16.149,15.88,0.71100044,1.0830002,17.399999618530273,0.2,169.0,SIMBAD,E,2003A&A...412...45P,,-18.18,False,2.174999952316284,Members of systems,,7058.565227306851,False,1.2376674440487898e+18,7.376378,5.956006159773696,17.39137,16.69682,16.33549,0.00752236,0.006143379,0.00718639,0.02832137,0.01959259,0.0145594,17.363048629999998,16.67722741,16.3209306,True,0.6858212199999976,1.0421180299999977,17.22411,16.5117,16.14762,0.007333662,0.005960906,0.006964068,17.19578863,16.492107410000003,16.1330606,16.948414110199995,0.0047591773052222,"SDSS(cModelMag g,r)",16.948414110199995,SDSS,Vmag_sdss,1.0421180299999977,0.6858212199999976,SDSS(cModel extcorr),-18.051585889800005,2.174999952316284,5.956006159773696,SDSS,False,3.2,19.059219711275823,,,,1.0421180299999977,g-i,12.0,0.6896551875334813,169.0,20.09693317071727,13.534017713242957,13.534017713242957,NGC 4889,16.746347856621753,836458.1768533494,18.788247481802316,17.287700861850595,17.81233201275046,18.788247481802316,,,,,,,,,,,,,,,,,,,
CAIRNS J125935.95+275421.4,67,127,2272.042714108341,9088.170856433366,2272.042714108341,8857.331316679958,1.0,0.9746,1.0,0.9746,1.0,0.9746,True,True,True,True,True,65,126,1.505080024,65,126,True,0.5757995839165877,0.5825553594815838,1.505080024,1.498341355,1.5160911035230769,1.5037317146984126,-0.006755775564996069,0.012359388824664252,0.006738668999999975,0.2565154935358095,0.24999999999999994,37.4269729545782,73.40197529467956,0.2539433889621098,0.2325875551591678,0.29299545580756337,0.27862577886656836,True,True,10,0.5808091141340952,0.030041648368028927,0.5808091141340952,0.030041648368028927,,,,,194.89954166666664,27.906166666666664,GiC,0.0302008931792406,18.345,19.184,0.8390007,,,,16.71,,,,,,,,,,-16.655,False,,Members of systems,,,False,1.2376674440486587e+18,3.673451,3.361579004288147,18.60003,17.70458,17.3414,0.01309603,0.009878217,0.01165858,0.03478783,0.02406606,0.01788366,18.56524217,17.68051394,17.32351634,True,0.8847282300000003,1.24172583,18.37535,17.63023,17.30597,0.01289362,0.009743822,0.01164009,18.34056217,17.606163940000002,17.28808634,18.0332525143,0.0079244853685018,"SDSS(cModelMag g,r)",18.0332525143,SDSS,Vmag_sdss,1.24172583,0.8847282300000003,SDSS(cModel extcorr),-16.9667474857,,3.361579004288147,SDSS,False,3.2,10.757052813722073,,,,1.24172583,g-i,,1.0,0.0,3.185148063971962,8.28684203781493,3.185148063971962,NGC 4874,5.131635212573402,36933752.36205925,4.132778316254597,2.9317959650935865,1.9180680144259379,4.132778316254597,1.4803829966268849,0.024697027373115077,1.4641727846111707,0.034168570388829256,0.019547353358738723,-0.012808684358738748,1.4792619176844843,0.036829185838592515,1.4820657257390883,0.021665988959324256,-0.0016159003724602328,0.013975289197124485,0.6089624721148941,-0.03316288819830637,0.5961439055535829,-0.013588546071999108,0.011075951508346837,-0.017831727073342907,0.02006219938174185
CAIRNS J125947.21+280315.7,0,0,,,,,,,,,,,False,False,False,False,False,0,0,,0,0,True,,,,,,,,,,,,,,,,,,False,False,10,,,,,,,,,194.94695,28.054459,GiC,0.0317986651952398,18.03,,,,,,,,,,,,,,,,-16.97,False,,Members of systems,,,False,,,,,,,,,,,,,,,,False,,,,,,,,,,,,,,,18.030000686645508,SIMBAD,,,,,-16.969999313354492,,,,False,3.2,,,,,,,,1.0,0.0,6.256449660615467,6.535947827432121,6.256449660615467,NGC 4874,5.2794130940595,10699362.558612954,5.140231508165897,7.40154426638988,8.541041628389193,5.140231508165897,,,,,,,,,,,,,,,,,,,
SDSS J130036.58+275552.1,6,11,454.2842836230812,1817.1371344923248,454.2842836230812,1817.1371344923248,1.0,1.0,1.0,1.0,1.0,1.0,True,True,True,True,True,5,11,1.438565471,5,11,True,0.692807195242306,0.7030841180264993,1.438565471,1.333775917,1.415407472,1.3476741032727275,-0.010276922784193232,0.06773336872727254,0.1047895539999999,0.25,0.25,3.4640359762115303,7.733925298291492,0.11932957602032089,0.22030543310206022,0.20511366714174453,0.26229334204284244,False,True,10,,,,,,,,,195.152442,27.931156,AG?,0.0197,18.28,19.872,1.591999,19.608,18.992,18.668,18.531,0.6159992,0.94000053,,,,,,,,-16.72,False,,Other,dE...,,False,1.2376674440487247e+18,1.65558,1.503138272369407,19.21104,18.89862,18.36751,0.02216524,0.01941225,0.02387727,0.03313286,0.02292116,0.01703288,19.17790714,18.87569884,18.35047712,True,0.3022083000000002,0.8274300200000013,19.60176,18.98243,18.66691,0.0216376,0.01820901,0.02320841,19.56862714,18.95950884,18.649877120000003,18.989604243,0.014620656317295,"SDSS(cModelMag g,r)",18.989604243,SDSS,Vmag_sdss,0.8274300200000013,0.3022083000000002,SDSS(cModel extcorr),-16.010395757,,1.503138272369407,SDSS,False,3.2,4.8100424715821015,,,,0.8274300200000013,g-i,,1.0,0.0,13.549805019257818,6.866900684013097,6.866900684013097,NGC 4889,10.11415187299367,5811368.519951561,12.175569785497828,10.885317634820336,11.581955986277356,12.175569785497828,1.4635828030391438,-0.025017332039143803,1.4610097619299012,-0.12723384492990109,0.0065702939611798905,0.09821926003882,1.455949875467742,-0.04054240346774196,1.477779835612086,-0.1301057323393584,-0.019683773319567888,0.08741714204684042,0.6281291693585447,0.06467802588376137,0.5978327985710356,0.10525131945546373,0.026620465359703804,-0.036897388143897036,0.008609843506743277
[EDG2007] 34,1,38,457.38494441442884,1829.539777657715,161.54836236717628,842.3201136336119,0.3532,0.4604,0.3532,0.4604,0.3532,0.4604,False,False,False,True,True,1,37,1.541511219,1,37,True,0.5919332173842372,0.5792139857319494,1.541511219,1.452832371,1.541511219,1.5101055986216219,0.012719231652287832,0.03140562037837813,0.08867884800000003,0.19178974804517818,0.25000000000000006,0.5919332173842372,21.43091747208213,,0.26175875281253075,,0.33015066524581343,False,True,10,,,,,,,,,194.80574999999996,27.975861111111108,G,0.0228191197525055,14.252,15.27,1.0180006,,,,12.63,,,,,,,,,,-20.748001,False,,Regular galaxies,,,False,1.2376674440485932e+18,1.874306,1.5082592905333798,15.20173,16.55465,13.40318,0.003546592,0.01594048,0.003034608,0.03614368,0.02500403,0.01858068,15.16558632,16.529645969999997,13.38459932,True,-1.364059649999998,1.780986999999998,15.91572,16.55469,14.28355,0.00379974,0.01588495,0.003907721,15.87957632,16.52968597,14.26496932,15.960381513499998,0.0095166297987235,"SDSS(cModelMag g,r)",15.960381513499998,SDSS,Vmag_sdss,1.780986999999998,-1.364059649999998,SDSS(cModel extcorr),-19.039618486500004,,1.5082592905333798,SDSS,False,3.2,4.826429729706816,,,,1.780986999999998,g-i,,1.0,0.0,5.030148675168308,12.080900309922097,5.030148675168308,NGC 4874,8.518314691045559,9587593.424793925,6.43808090825853,7.958360248145907,7.8349312725565685,6.43808090825853,1.5167970408020257,0.02471417819797428,1.4710285655901931,-0.01819619459019317,0.04767483961050156,0.04100400838949847,1.5297902482456653,0.011720970754334648,1.491355296814528,0.018750301807093805,0.037545810485854036,-0.006140190107475907,0.5674190841487503,0.0245141332354869,0.5924832676791785,-0.013269281947229095,-0.02261643489828613,0.03533566655057396,0.05944117418539674
GMP 3397,0,0,,,,,,,,,,,False,False,False,False,False,0,0,,0,0,True,,,,,,,,,,,,,,,,,,False,False,10,,,,,,,,,194.87816666666663,28.04208333333333,G,0.0218451125945269,18.44,18.999,0.559,19.59,,,16.56,,,,,,,,,,-16.56,False,,Regular galaxies,E,,False,,,,,,,,,,,,,,,,False,,,,,,,,,,,,,,,18.440000534057617,SIMBAD,,,,,-16.559999465942383,,,,False,3.2,,,,,0.5590000152587891,B-V,,1.0,0.0,5.088759655690014,9.118667492967457,5.088759655690014,NGC 4874,6.439315345305412,10601249.55098387,5.0114792738270415,7.59485054817386,8.337845219251948,5.0114792738270415,,,,,,,,,,,,,,,,,,,
ECO 11254,4,29,39.62069174725331,158.48276698901321,39.62069174725331,158.48276698901321,1.0,1.0,1.0,1.0,1.0,1.0,True,True,True,True,True,4,29,1.692872387,4,29,True,0.4229485167943622,0.5274584227933835,1.692872387,1.538834219,1.70166756325,1.5698683530344826,-0.10450990599902132,0.13179921021551744,0.15403816800000003,0.25000000000000006,0.25000000000000006,1.6917940671774487,15.296294261008123,0.1385183573063107,0.2633523803266937,0.07956125291421909,0.3513163272972316,False,True,10,,,,,,,,,194.87958333333333,27.955111111111105,G,0.0236,17.445,18.295,0.8500004,,,,15.98,,,,,,,,,,-17.555,False,,Regular galaxies,dGs...,,False,1.2376674440486584e+18,0.5111978,0.4439112010123628,20.70378,20.05525,19.53803,0.04878202,0.03635725,0.05091146,0.0319505,0.02210321,0.01642505,20.6718295,20.03314679,19.52160495,True,0.6386827099999977,1.1502245499999972,20.67104,20.05523,19.59675,0.03549877,0.0281784,0.02956194,20.6390895,20.03312679,19.58032495,20.2850067011,0.0293285012189361,"SDSS(cModelMag g,r)",20.2850067011,SDSS,Vmag_sdss,1.1502245499999972,0.6386827099999977,SDSS(cModel extcorr),-14.7149932989,,0.4439112010123628,SDSS,False,3.2,1.420515843239561,,,,1.1502245499999972,g-i,,1.0,0.0,1.0476950734204786,8.27430763384251,1.0476950734204786,NGC 4874,4.659673315018867,954976212.3827528,2.684165348152892,3.8578059481156526,3.894361354592446,2.684165348152892,1.4408265184871218,0.25204586851287814,1.4567253681933912,0.08210885080660879,-0.011007459221070853,0.16504562722107088,1.4243731282473981,0.27729443500260187,1.4719744896927427,0.09789386334173988,-0.04415716143184456,0.175956371647362,0.6540909426036599,-0.23114242580929767,0.6001204466199914,-0.07266202382660791,0.04767590014245826,-0.15218580614147958,0.18903721455699438
CAIRNS J125930.08+274933.2,0,0,1080.3875444959278,4321.550177983711,0.0,0.0,0.0,0.0,0.0,0.0,0.0,0.0,False,False,False,False,False,0,0,,0,0,True,,,,,,,,,,,0.25,,,,,,,False,False,10,,,,,,,,,194.8750833333333,27.825972222222216,GiC,0.029600477807884,18.04,19.535,1.4949989,,,,17.27,,,,,,,,,,-16.96,False,,Members of systems,,,False,1.237667444048659e+18,3.081825,2.3180610038446057,18.86981,18.20312,17.98181,0.01722863,0.01497491,0.02224523,0.03373774,0.02333961,0.01734383,18.83607226,18.17978039,17.964466169999998,True,0.656291870000004,0.8716060900000038,18.93217,18.2976,17.9555,0.01688243,0.01457615,0.02232136,18.89843226,18.27426039,17.93815617,18.4388600567,0.011311812544091,"SDSS(cModelMag g,r)",18.4388600567,SDSS,Vmag_sdss,0.8716060900000038,0.656291870000004,SDSS(cModel extcorr),-16.561139943300002,,2.3180610038446057,SDSS,False,3.2,7.417795212302739,,,,0.8716060900000038,g-i,,1.0,0.0,8.094773656240456,12.365836493345244,8.094773656240456,NGC 4874,9.804903910716964,2983685.0013163555,9.105491689501811,7.373960654628299,6.087145360107121,9.105491689501811,,,,,,,,,,,,,,,,,,,
CAIRNS J130005.15+275835.8,0,0,,,,,,,,,,,False,False,False,False,False,0,0,,0,0,True,,,,,,,,,,,,,,,,,,False,False,10,,,,,,,,,195.02141666666665,27.976666666666667,GiC,0.025991,17.075,17.925,0.8499985,,,,15.28,,,,,,,,,,-17.925,False,,Members of systems,E...,,False,,,,,,,,,,,,,,,,False,,,,,,,,,,,,,,,17.075000762939453,SIMBAD,,,,,-17.924999237060547,,,,False,3.2,,,,,0.8499984741210938,B-V,,1.0,0.0,6.581858039223303,0.6532131295581806,0.6532131295581806,NGC 4889,2.9670751973535388,6244014566.559483,5.011060203901075,4.794630509341119,5.98355115978951,5.011060203901075,,,,,,,,,,,,,,,,,,,
SDSS J130048.04+280557.3,5,47,550.2125368947623,2200.850147579049,550.2125368947623,2200.850147579049,1.0,1.0,1.0,1.0,1.0,1.0,True,True,True,True,True,5,44,1.417774133,5,44,True,0.7296295156349368,0.47031787437262546,1.417774133,1.632536001,1.3815633716,1.6289594061590904,0.2593116412623114,-0.24739603455909043,-0.21476186800000008,0.25,0.25,3.648147578174684,20.69398647239552,0.07333794686282638,0.2827218428743361,0.2186915326025764,0.30941881615369826,False,True,10,,,,,,,,,195.200181,28.099257,AG?,0.0208,18.54,,,19.581,18.913,18.525,18.348,0.66799927,1.0559998,,,,,,,,-16.46,False,,Other,,,False,1.2376673243347026e+18,1.705709,1.6542468546699474,19.43671,18.77347,18.25432,0.02015175,0.01774632,0.02004323,0.03673762,0.02541492,0.01888601,19.39997238,18.74805508,18.23543399,True,0.6519173000000009,1.1645383900000006,19.57783,18.90742,18.51773,0.01975505,0.01729138,0.01946131,19.54109238,18.88200508,18.49884399,19.005341173,0.0133376168485009,"SDSS(cModelMag g,r)",19.005341173,SDSS,Vmag_sdss,1.1645383900000006,0.6519173000000009,SDSS(cModel extcorr),-15.994658827000002,,1.6542468546699474,SDSS,False,3.2,5.293589934943832,,,,1.1645383900000006,g-i,,1.0,0.0,18.03797495888864,11.466571418524541,11.466571418524541,NGC 4889,14.675290569606593,1340144.4521215544,16.393497427501117,16.778103941679902,17.96937965482964,16.393497427501117,1.4633063530024653,-0.04553222000246526,1.4609577138548784,0.1715782871451217,0.0063567542464320614,-0.22111862224643214,1.4555662718567353,-0.07400290025673528,1.4777093105626797,0.15125009559641067,-0.019981083235245056,-0.22741495132384537,0.6284445606145049,0.1011849550204319,0.597860589592263,-0.1275427152196375,0.026876252973216386,0.232435388289095,0.06702895315294333
LEDA 44707,69,184,3768.594166202645,15074.376664810577,3768.594166202645,15212.502511803705,1.0,1.009162955793427,1.0,1.0,1.0,1.009162955793427,True,True,True,True,True,66,180,1.4313190135,66,180,True,0.6027342609307821,0.6087648032943747,1.4313190135,1.442047902,1.439527437712121,1.4709692600944442,-0.0060305423635925726,-0.03144182238232318,-0.010728888500000089,0.24773006040778053,0.25000000000000006,39.780461221431615,109.57766459298743,0.22072728345254725,0.23316393824111603,0.30206642574257503,0.2852673874139315,True,True,10,0.6048752402494975,0.026995279005872758,0.6048752402494975,0.026995279005872758,,,,,195.02249754606,28.02444605387,AG?,0.01969,15.42,17.106,1.6860008,16.097,15.42,15.058,14.808,0.67700005,1.0390005,30.138599395751957,0.259443,158.0,SIMBAD,B,2023ApJS..269....3M,,-19.58,False,3.767324924468994,Other,,12429.57926006816,False,1.237667324334637e+18,8.0829,6.024065583983504,16.20411,15.57045,15.21019,0.003592683,0.003169328,0.003341872,0.03196341,0.02211214,0.01643169,16.17214659,15.548337859999998,15.193758310000002,True,0.6238087300000021,0.978388279999999,16.08733,15.42348,15.05789,0.003533961,0.00310904,0.003277407,16.055366590000002,15.40136786,15.04145831,15.794099439299998,0.0023803924597612,"SDSS(cModelMag g,r)",15.794099439299998,SDSS,Vmag_sdss,0.978388279999999,0.6238087300000021,SDSS(cModel extcorr),-19.2059005607,3.767324924468994,6.024065583983504,SDSS,False,3.2,19.27700986874721,,,,0.978388279999999,g-i,15.566579999999998,0.5164997814130046,158.0,7.632822317137605,2.9069034241405785,2.9069034241405785,NGC 4889,4.504489693213677,73267944.5386993,5.998376595945934,6.879662300447626,8.16173295125818,5.998376595945934,1.5197181115262126,-0.0883990980262126,1.471578524309772,-0.029530622309771992,0.049931177199367405,-0.060660065699367494,1.5338435422559216,-0.09431610454380057,1.4921004899048151,-0.021131229810370966,0.040687294209746094,-0.07212911659206928,0.5640865464666467,0.038647714464135396,0.5921896177325989,0.01657518556177573,-0.02531917901226166,0.01928863664866909,0.03206628522230543
LEDA 44542,0,0,90.59379319230351,362.37517276921415,0.0,0.0,0.0,0.0,0.0,0.0,0.0,0.0,False,False,False,False,False,0,0,,0,0,True,,,,,,,,,,,0.24999999999999992,,,,,,,False,False,10,,,,,,,,,194.77366666666663,28.07111111111111,GiC,0.0213681159383936,17.67,18.7,1.0300007,,,,16.77,,,5.37,,,NED,,,2007SDSS6.C...0000:,-17.33,False,0.67125,Members of systems,,2398.517812510782,False,,,,,,,,,,,,,,,,False,,,,,,,,,,,,,,,17.670000076293945,SIMBAD,,,,,-17.329999923706055,0.67125,0.67125,SIMBAD_proxy(maj/8),True,3.2,2.148,,,,1.0300006866455078,B-V,,1.0,0.0,9.432584430337522,14.886534733300534,9.432584430337522,NGC 4874,11.92644126207614,1831599.62889463,10.120002882325117,12.449411644348194,12.791716667136951,10.120002882325117,,,,,,,,,,,,,,,,,,,
LEDA 126789,11,64,2021.767797951054,8087.071191804214,2021.767797951054,8087.071191804214,1.0,1.0,1.0,1.0,1.0,1.0,True,True,True,True,True,11,54,1.427259102,11,54,True,0.6483329182205464,0.4683010754534581,1.427259102,1.625035145,1.4837660066363634,1.6513844002407407,0.18003184276708828,-0.16761839360437736,-0.19777604299999996,0.25000000000000006,0.25000000000000006,7.13166210042601,25.288258074486738,0.21363117500366757,0.29335885234407433,0.2120848155218667,0.33366296960216796,True,True,10,0.6568537760215079,0.06314960386839555,0.6568537760215079,0.06314960386839555,,,,,194.88287520245,27.861306842710004,GiC,0.01555,17.13,18.479,1.3490009,17.686,16.979,16.646,16.472,0.70700073,1.0400009,,,,,,,,-17.87,False,,Members of systems,,,False,1.2376674440486587e+18,3.297948,3.171032653312278,17.89645,17.14692,16.83727,0.007679672,0.006103572,0.007099581,0.03661212,0.02532809,0.01882149,17.85983788,17.121591910000003,16.81844851,True,0.7382459699999977,1.041389370000001,17.67802,16.97291,16.64441,0.007588045,0.006003326,0.006955452,17.64140788,16.94758191,16.62558851,17.4142727577,0.0047835206322695,"SDSS(cModelMag g,r)",17.4142727577,SDSS,Vmag_sdss,1.041389370000001,0.7382459699999977,SDSS(cModel extcorr),-17.5857272423,,3.171032653312278,SDSS,False,3.2,10.14730449059929,,,,1.041389370000001,g-i,,1.0,0.0,5.93675418757412,10.591393033331608,5.93675418757412,NGC 4874,7.786640119064498,6695692.997993048,6.964170238328738,5.397656169603307,4.132314006874767,6.964170238328738,1.4912565899144803,-0.06399748791448023,1.4662199885327174,0.15881515646728261,0.02794649859602874,-0.2257225415960287,1.4943501763074731,-0.010584169671109755,1.484839683424335,0.1665447168164058,0.010078173328104623,-0.17769656693248198,0.5965572061037923,0.051775712116754136,0.5950508029246083,-0.1267497274711502,0.001015072114886273,0.179016770652202,0.0193438283121596
SDSS J130026.15+280032.0,9,33,918.3506047036088,3673.4024188144363,918.3506047036088,3673.4024188144363,1.0,1.0,1.0,1.0,1.0,1.0,True,True,True,True,True,9,33,1.403183247,9,33,True,0.7046013984553697,0.5578681311322873,1.403183247,1.473971042,1.409839702111111,1.5272236583030305,0.14673326732308245,-0.11738395619191944,-0.07078779499999999,0.24999999999999994,0.24999999999999994,6.341412586098327,18.40964832736548,0.09269196925240146,0.26292140258754293,0.14689201977362357,0.2968427224484015,False,True,10,,,,,,,,,195.108997,28.008893,AG?,0.0185,17.57,19.263,1.6930008,18.77,18.096,17.755,17.479,0.6739998,1.0150013,,,,,,,,-17.43,False,,Other,,,False,1.2376673243346373e+18,2.34063,2.137171306818391,18.59731,17.98395,17.6853,0.01273419,0.01097699,0.01271677,0.03480448,0.02407758,0.01789222,18.56250552,17.95987242,17.66740778,True,0.602633100000002,0.8950977400000006,18.75998,18.08744,17.75028,0.01241237,0.01072785,0.01238956,18.72517552,18.06336242,17.73238778,18.196951991,0.0083188398851751,"SDSS(cModelMag g,r)",18.196951991,SDSS,Vmag_sdss,0.8950977400000006,0.602633100000002,SDSS(cModel extcorr),-16.803048009,,2.137171306818391,SDSS,False,3.2,6.838948181818852,,,,0.8950977400000006,g-i,,1.0,0.0,11.529228576925936,4.4220343555978525,4.4220343555978525,NGC 4889,7.9479310311367035,20828257.246349692,9.907340553384081,9.766709586074013,10.884842388263735,9.907340553384081,1.4775072942924412,-0.07432404729244113,1.4636313675339854,0.010339674466014692,0.01732605990703673,-0.08811385490703671,1.4752715771045843,-0.06543187499347325,1.4813321065591056,0.0458915517439249,-0.0047085923787204,-0.11267536381319904,0.6122432507392168,0.09235814771615292,0.5964329946981543,-0.03856486356586697,0.0137367181558668,0.13299654916721565,0.012763958333135492
LEDA 126768,1335,1669,14799.118759126264,59196.475036505064,29623.615996745233,70730.76502305013,2.0017148641689935,1.1948475813708863,0.989,0.9008,2.0017148641689935,1.1948475813708865,True,True,True,True,True,1293,1609,1.602491797,1293,1609,True,0.4730146150843872,0.5284244647803165,1.602491797,1.529405867,1.6260375855189482,1.5658748343380984,-0.05540984969592927,0.060162751180849794,0.07308593000000019,0.41882221954041254,0.24999999999999997,611.6078973041126,850.2349638315292,0.2711333901553048,0.2591945605883542,0.3077826261212839,0.2991842164765922,True,True,10,0.47257473510634107,0.00805051194651274,0.47257473510634107,0.00805051194651274,,,,,195.031143,27.958069,GiC,0.02072,17.58,18.963,1.3829994,17.473,17.07,16.516,16.448,0.40299988,0.9569988,13.800000190734863,0.21,,SIMBAD,E,2003A&A...412...45P,,-17.42,False,1.725000023841858,Members of systems,,5981.540402364631,False,1.237667444048724e+18,9.742112,8.97857217169769,16.64061,17.30416,16.22615,0.01173625,0.01412255,0.01469685,0.03165467,0.02189856,0.01627298,16.608955329999997,17.28226144,16.20987702,True,-0.6733061100000022,0.3990783099999966,17.468,17.05945,16.51539,0.01225075,0.01342484,0.01481177,17.436345329999998,17.037551439999998,16.49911702,16.996205934899997,0.0096219186755878,"SDSS(cModelMag g,r)",16.996205934899997,SDSS,Vmag_sdss,0.3990783099999966,-0.6733061100000022,SDSS(cModel extcorr),-18.003794065100003,1.725000023841858,8.97857217169769,SDSS,False,3.2,28.73143094943261,,,,0.3990783099999966,g-i,12.6,0.9130434656413609,0.0,7.014739872319045,1.1456400923274943,1.1456400923274943,NGC 4889,3.490958415183414,1159863549.2002096,5.564720607584505,4.739412184215819,5.783503014713256,5.564720607584505,1.4986007535154593,0.10389104348454081,1.4676026961737652,0.061803170826234766,0.03361938842182444,0.03946654157817575,1.504540978634752,0.12149660688419628,1.486713249827254,0.07916158451084443,0.017976499865370643,0.04218625131547915,0.5881785312086103,-0.11516391612422311,0.5943125074662884,-0.06588804268597193,-0.005780174155689599,-0.04962967554023967,0.05592653548348729
LEDA 1821555,18,38,451.46686664544904,1805.8674665817966,451.46686664544904,1805.8674665817966,1.0,1.0,1.0,1.0,1.0,1.0,True,True,True,True,True,18,38,1.5811804555,18,38,True,0.5177925880437864,0.6909437769781748,1.5811804555,1.4186841540000001,1.5686877221666666,1.4113334583421053,-0.1731511889343884,0.1573542638245613,0.16249630149999983,0.24999999999999994,0.24999999999999994,9.320266584788154,26.255863525170643,0.2778421955566988,0.14352554276767204,0.3428971211648635,0.1902974562977257,True,True,10,0.5174533125057776,0.06399102105627966,0.5174533125057776,0.06399102105627966,,,,,194.8837708333333,27.92104166666667,GiC,0.022732393087754,17.59,19.13,1.539999,18.177,17.48,17.162,16.891,0.6970005,1.0149994,15.59999942779541,0.16,144.0,SIMBAD,E,2003A&A...412...45P,,-17.41,False,1.9499999284744265,Members of systems,dE,7400.366751639261,False,1.2376674440486584e+18,1.967855,1.9101817555378544,18.68619,17.98285,17.64005,0.01504857,0.01222034,0.01481054,0.03477307,0.02405585,0.01787608,18.65141693,17.95879415,17.622173919999998,True,0.6926227800000007,1.0292430100000018,18.89739,18.22351,17.88339,0.01461084,0.01181884,0.01428423,18.86261693,18.19945415,17.865513919999998,18.232769489799995,0.0094895702598931,"SDSS(cModelMag g,r)",18.232769489799995,SDSS,Vmag_sdss,1.0292430100000018,0.6926227800000007,SDSS(cModel extcorr),-16.767230510200005,1.9499999284744265,1.9101817555378544,SDSS,False,3.2,6.112581617721134,,,,1.0292430100000018,g-i,9.6,0.6153846379567893,144.0,2.426685310337878,8.629124278288334,2.426685310337878,NGC 4874,5.206031873740555,79312192.1938589,3.757133910481079,3.411089956610184,2.763983118116543,3.757133910481079,1.4768780896853801,0.10430236581461982,1.46351290530122,-0.04482875130121977,0.016840040176585275,0.14565626132341455,1.4743984892865087,0.09428923288015789,1.4811715904436702,-0.06983813210156486,-0.005385274396623174,0.16273953822118448,0.6129610861703897,-0.09516849812660333,0.5964962474971095,0.09444752948106527,0.014318894764648926,-0.18747008369903734,0.021434686453128626
GMP 2399,8,16,980.0766155043459,3920.3064620173836,980.0766155043459,3920.3064620173836,1.0,1.0,1.0,1.0,1.0,1.0,True,True,True,True,True,7,14,1.428903069,7,14,True,0.6938235052745555,0.7213321152196196,1.428903069,1.325458887,1.414650187857143,1.3581553422142856,-0.0275086099450641,0.05649484564285734,0.10344418200000005,0.25,0.25,4.856764536921888,10.098649613074674,0.13045493843450431,0.10596528003234587,0.16659297273106063,0.19231887217465585,False,True,10,,,,,,,,,195.22406,27.968243,GiC,0.0197,17.63,18.73,1.1000004,,,,,,,,,,,,,,-17.37,False,,Members of systems,,,False,1.2376673243347028e+18,2.670293,2.207827254666137,18.35245,17.66619,17.35618,0.01003664,0.008795105,0.01022614,0.0319718,0.02211794,0.016436,18.3204782,17.64407206,17.339744,True,0.676406140000001,0.9807342000000006,18.43203,17.75506,17.43065,0.009826553,0.008598464,0.009989215,18.4000582,17.73294206,17.414214,17.911398577399996,0.0066227103350618,"SDSS(cModelMag g,r)",17.911398577399996,SDSS,Vmag_sdss,0.9807342000000006,0.676406140000001,SDSS(cModel extcorr),-17.088601422600004,,2.207827254666137,SDSS,False,3.2,7.065047214931639,,,,0.9807342000000006,g-i,,1.0,0.0,17.246066332897517,10.099001505374988,10.099001505374988,NGC 4889,13.661287865208626,1902022.32665694,15.737100641511054,14.847518729279857,15.682741770377577,15.737100641511054,1.4825235999926896,-0.0536205309926896,1.4645758024075004,-0.13911691540750049,0.021200830557057015,0.08224335144294304,1.4822322308402418,-0.06758204298309889,1.4826118141388092,-0.12445647192452358,0.0006862248644616264,0.05580862077839571,0.6065203397420234,0.08730316553253215,0.5959287145762431,0.12540340064337652,0.009095341076911456,-0.036603951021975556,0.004756660233773458
SDSS J125948.57+275857.7,2,3,59.77552874621144,239.10211498484574,59.77552874621144,239.10211498484574,1.0,1.0,1.0,1.0,1.0,1.0,True,True,True,True,True,2,3,1.541391245,2,3,True,0.5918041997308632,0.5781253538320895,1.541391245,1.510562212,1.541391245,1.5587948386666666,0.013678845898773662,-0.01740359366666655,0.03082903300000006,0.25000000000000006,0.25000000000000006,1.1836083994617264,1.7343760614962687,0.01958639901058782,0.2119889299678999,0.01982775356286843,0.17007694533451947,False,True,10,,,,,,,,,194.952406,27.982695,AG?,0.018,17.69,18.83,1.1399994,20.81,20.26,20.02,16.99,0.54999924,0.789999,,,,,,,,-17.31,False,,Other,dE,,False,1.2376674440486587e+18,0.7712224,0.5452514006140664,20.80794,20.24769,19.96783,0.03960525,0.03740309,0.04404699,0.02726468,0.01886158,0.01401617,20.78067532,20.22882842,19.95381383,True,0.551846900000001,0.8268614900000024,20.80585,20.24771,20.01403,0.03964962,0.03383691,0.04418748,20.77858532,20.22884842,20.00001383,20.445085649,0.0273982921545513,"SDSS(cModelMag g,r)",20.445085649,SDSS,Vmag_sdss,0.8268614900000024,0.551846900000001,SDSS(cModel extcorr),-14.554914351000004,,0.5452514006140664,SDSS,False,3.2,1.7448044819650126,,,,0.8268614900000024,g-i,,1.0,0.0,3.170430437528054,4.322899258764681,3.170430437528054,NGC 4874,1.1411288210228172,55881131.24374011,1.5247013591054364,3.108445940951461,4.3115588277443635,1.5247013591054364,1.4380144178411622,0.10337682715883778,1.4561959255962729,0.05436628640372709,-0.013179624495473358,0.04400865749547342,1.4204710417247657,0.12092020327523434,1.4712570959120277,0.08753774275463888,-0.04718145260565293,0.02977785893898638,0.6572991604981913,-0.06549496076732808,0.6004031420020732,-0.022277788169983714,0.050277818817635045,-0.03659897291886138,0.027932180878225955
SDSS J125953.93+275813.6,23,96,980.7351674930615,3922.940669972244,1300.1620126799792,5029.088875555585,1.3257014286572706,1.281969139643187,1.0,1.0,1.3257014286572706,1.281969139643187,True,True,True,True,True,23,95,1.533636426,23,95,True,0.5976128194160892,0.6022579148908355,1.533636426,1.486312393,1.5123587465652175,1.5049063108631584,-0.00464509547474623,0.0074524357020591125,0.04732403299999999,0.25852834277786446,0.2500000000000001,13.745094846570051,57.21450191462937,0.2094269641040034,0.20765972208048233,0.2443651192491803,0.2323635746233534,True,True,10,0.5982686894361533,0.043615701472331916,0.5982686894361533,0.043615701472331916,,,,,194.974723,27.970469,G,0.0225,17.78,18.93,1.1499996,18.658,17.963,17.541,17.474,0.6950016,1.1170006,,,,,,,,-17.22,False,,Regular galaxies,S,,False,1.237667444048659e+18,2.250723,2.2085688930460337,18.55435,17.84544,17.52467,0.01273515,0.01070446,0.01284431,0.02852804,0.01973557,0.01466564,18.52582196,17.82570443,17.51000436,True,0.70011753,1.0158175999999983,18.59274,17.8912,17.54356,0.01265617,0.01054027,0.01279576,18.56421196,17.87146443,17.52889436,18.102752617299995,0.0081945309831007,"SDSS(cModelMag g,r)",18.102752617299995,SDSS,Vmag_sdss,1.0158175999999983,0.70011753,SDSS(cModel extcorr),-16.897247382700005,,2.2085688930460337,SDSS,False,3.0,6.625706679138101,,,,1.0158175999999983,g-i,,1.0,0.0,4.079981463054035,3.151806872879507,3.151806872879507,NGC 4889,0.4696311623195278,71668547.49220352,2.523618555490392,2.779053850233632,4.0658038844913404,2.523618555490392,1.479162091023091,0.05447433497690901,1.4639429210624968,0.02236947193750316,0.01860428300323952,0.02871974999676047,1.4775677822669573,0.03479096429826023,1.4817542610380434,0.023152049825114984,-0.002928930916694994,0.010381366618754106,0.6103553565449921,-0.012742537128902831,0.596266640981508,0.005991273909327521,0.012205604209683751,-0.01685069968442998,0.02863917758825754
SDSS J125930.25+280115.0,11,14,289.68485855899246,1158.7394342359703,289.68485855899246,1158.7394342359703,1.0,1.0,1.0,1.0,1.0,1.0,True,True,True,True,True,11,14,1.457851977,11,14,True,0.6344275864850836,0.5664493181648165,1.457851977,1.49576147,1.4484241039090908,1.490268920642857,0.0679782683202671,-0.041844816733766166,-0.037909492999999905,0.2499999999999999,0.2499999999999999,6.978703451335919,7.93029045430743,0.1998144465281898,0.25599136423535684,0.24557762768320548,0.37751151917660647,True,True,10,0.6403657671803815,0.060066399019548404,0.6403657671803815,0.060066399019548404,,,,,194.87607,28.020844,G,0.024,17.82,19.182,1.3619995,18.391,18.414,18.057,17.044,-0.02299881,0.33400154,7.04,,,NED,,,2007SDSS6.C...0000:,-17.18,False,0.88,Regular galaxies,dGs...,3520.464821604657,False,1.2376673243345715e+18,1.462938,1.2003225761558354,19.04043,18.3196,18.02032,0.01254655,0.01038284,0.01157475,0.02727084,0.01886584,0.01401934,19.01315916,18.30073416,18.00630066,True,0.7124249999999996,1.0068585,19.12647,18.40746,18.0529,0.01245072,0.01025749,0.01148795,19.09919916,18.38859416,18.03888066,18.58282841,0.0079992479332738,"SDSS(cModelMag g,r)",18.58282841,SDSS,Vmag_sdss,1.0068585,0.7124249999999996,SDSS(cModel extcorr),-16.417171590000002,0.88,1.2003225761558354,SDSS,False,3.2,3.8410322436986735,,,,1.0068585,g-i,,1.0,0.0,3.8868227575351106,8.756815184632249,3.8868227575351106,NGC 4874,5.730108495663906,21233135.033039395,4.049327538680103,6.569658904254445,7.2118488566116365,4.049327538680103,1.4707286182618593,-0.012876641261859278,1.4623551259286889,0.033406344071311045,0.012089972535409138,-0.04999946553540904,1.4658654484803373,-0.017441344571246464,1.4796028014459301,0.010666119196926838,-0.011998761782454404,-0.029846054951311762,0.6199767825293361,0.014450803955747493,0.597114442715752,-0.030665124550935507,0.020008742516831934,0.047969525803435165,0.014021428227685716
[EDG2007] 474,0,0,95.03317777109125,380.132711084365,0.0,0.0,0.0,0.0,0.0,0.0,0.0,0.0,False,False,False,False,False,0,0,,0,0,True,,,,,,,,,,,0.25,,,,,,,False,False,10,,,,,,,,,194.85670833333333,28.081583333333334,GiC,0.0256644214845458,17.9,19.322,1.4220009,,,,16.92,,,5.5,,,NED,,,2007SDSS6.C...0000:,-17.1,False,0.6875,Members of systems,,2935.1805352980878,False,,,,,,,,,,,,,,,,False,,,,,,,,,,,,,,,17.899999618530273,SIMBAD,,,,,-17.100000381469727,0.6875,0.6875,SIMBAD_proxy(maj/8),True,3.2,2.2,,,,1.4220008850097656,B-V,,1.0,0.0,7.671050001945094,11.281142903182737,7.671050001945094,NGC 4874,8.944381191801774,3636578.1682696827,7.631640740652824,10.220148773772479,10.960151269285895,7.631640740652824,,,,,,,,,,,,,,,,,,,
SDSS J130008.39+275716.7,370,1805,5501.469662700382,22005.87865080153,11229.847312496247,36829.745122257285,2.041244976525801,1.6736321101596106,1.0,0.971,2.041244976525801,1.6736321101596106,True,True,True,True,True,365,1675,1.535486638,365,1675,True,0.531204112149822,0.4299648442407929,1.535486638,1.655154511,1.5598312763643836,1.6734625747838807,0.1012392679090291,-0.11363129841949715,-0.11966787300000004,0.304912436271782,0.25,193.88950093468503,720.1911141033281,0.2541783516982589,0.2825767999557047,0.2861225684079299,0.32704990003660683,True,True,10,0.5309473317431603,0.012415250732587316,0.5309473317431603,0.012415250732587316,,,,,195.03466666666665,27.954916666666676,GiC,0.0207009877479973,18.03,19.21,1.1799984,18.238,,17.431,17.267,,0.8070011,4.84,,,NED,,,2007SDSS6.C...0000:,-16.97,False,0.605,Members of systems,dE,2095.996991048066,False,1.237667444048724e+18,5.592635,5.230876154768637,18.41567,24.81021,17.79011,0.01423217,25.80334,0.01490458,0.03191571,0.02207914,0.01640717,18.38375429,24.788130860000003,17.773702829999998,True,-6.404376570000004,0.6100514600000011,18.23765,24.81021,17.43091,0.01861826,6.193195,0.02166967,18.20573429,24.788130860000003,17.41450283,22.1523364663,15.22397171828374,"SDSS(cModelMag g,r)",22.1523364663,SDSS,Vmag_sdss,0.6100514600000011,-6.404376570000004,SDSS(cModel extcorr),-12.847663533700004,0.605,5.230876154768637,SDSS,False,3.2,16.73880369525964,,,,0.6100514600000011,g-i,,1.0,0.0,7.20592089397856,1.3274135806833522,1.3274135806833522,NGC 4889,3.7108537413778473,746533184.4416767,5.777656592054801,4.856456594727542,5.864296781402549,5.777656592054801,1.4080232091961407,0.1274634288038594,1.4505493910675211,0.20460511993247898,-0.03634588707205605,-0.08332198592794399,1.3788550735269918,0.1809762028373918,1.4636060516334448,0.2098565231504359,-0.07943568494520506,-0.03419561347429209,0.6915149814688341,-0.16031086931901206,0.6034181038595667,-0.17345325961877384,0.07802742514012775,0.023211842768901342,0.21622264298233748
SDSS J130025.97+280344.6,25,22,1204.6920277205172,4818.768110882066,1204.6920277205172,4818.768110882066,1.0,1.0,1.0,1.0,1.0,1.0,True,True,True,True,True,25,22,1.567794434,25,22,True,0.4901147010017344,0.6149923305398816,1.567794434,1.4328471249999999,1.5700479845200002,1.4236125930909092,-0.12487762953814718,0.146435391429091,0.13494730900000018,0.25000000000000017,0.25000000000000017,12.25286752504336,13.529831271877395,0.3183463765300594,0.23013671884979814,0.3965419045237053,0.25327155462422285,True,True,10,0.4974474355248649,0.0585843998737235,0.4974474355248649,0.0585843998737235,,,,,195.108242,28.062409,G,0.025,18.05,19.63,1.5799999,19.342,18.652,18.296,18.034,0.6899986,1.0459995,5.22,,,NED,,,2007SDSS6.C...0000:,-16.95,False,0.6525,Regular galaxies,,2715.8171061192106,False,1.2376673243346378e+18,2.475626,2.4477840177081527,19.13984,18.47298,18.20935,0.02169704,0.01877794,0.02210723,0.03545551,0.02452796,0.0182269,19.10438449,18.44845204,18.1911231,True,0.6559324500000017,0.9132613899999988,19.33166,18.64641,18.28921,0.02094592,0.01813107,0.0215745,19.29620449,18.62188204,18.2709831,18.7073843445,0.0142084100251035,"SDSS(cModelMag g,r)",18.7073843445,SDSS,Vmag_sdss,0.9132613899999988,0.6559324500000017,SDSS(cModel extcorr),-16.292615655500004,0.6525,2.4477840177081527,SDSS,False,3.2,7.832908856666089,,,,0.9132613899999988,g-i,,1.0,0.0,12.704784165362682,6.466741929014019,6.466741929014019,NGC 4889,9.41022727466008,6965241.482342461,11.063695705733315,11.616910369142364,12.851208943240861,11.063695705733315,1.4685405490094028,0.09925388499059729,1.461943171587951,-0.029096046587951063,0.010399831019669847,0.12454747798033033,1.4628292713958282,0.10721871312417197,1.479044604044375,-0.05543201095346584,-0.014351934503136765,0.16078732593222778,0.622473066913855,-0.13235836591212058,0.597334405352663,0.017657925187218537,0.02203327114055892,-0.1469109006787061,0.0068483820787730906
LEDA 44637,3,7,789.0039232927007,3156.015693170802,789.0039232927007,2167.551578069707,1.0,0.6868000000000001,1.0,0.6868,1.0,0.6868,True,False,False,True,True,2,6,1.6727920059999999,2,6,True,0.5028230731137192,0.6730907449020321,1.6727920059999999,1.5106500375,1.6727920059999999,1.4964139976666668,-0.17026767178831292,0.17637800833333306,0.16214196849999984,0.36400698893418765,0.25000000000000006,1.0056461462274384,4.038544469412193,0.10650493534365399,0.08380845758348311,0.09061661506410545,0.12183668844998252,False,True,10,,,,,,,,,194.905032,27.870463,AG?,0.0211,18.14,19.283,1.1430016,18.971,18.092,17.764,17.521,0.8790016,1.2070007,10.4,,,NED,,,20032MASX.C.......:,-16.86,False,1.3,Other,,4588.382250133997,False,1.237667444048659e+18,2.401519,1.980955218692897,18.61829,17.98405,17.71473,0.01376807,0.01096297,0.01380794,0.03536076,0.02446241,0.01817819,18.58292924,17.959587589999998,17.69655181,True,0.6233416500000004,0.8863774299999996,18.75309,18.05203,17.71051,0.01342186,0.01073602,0.01360451,18.71772924,18.02756759,17.69233181,18.2051576665,0.0085849862205673,"SDSS(cModelMag g,r)",18.2051576665,SDSS,Vmag_sdss,0.8863774299999996,0.6233416500000004,SDSS(cModel extcorr),-16.794842333500004,1.3,1.980955218692897,SDSS,False,3.2,6.33905669981727,,,,0.8863774299999996,g-i,,1.0,0.0,5.337391114872821,9.350728221171545,5.337391114872821,NGC 4874,6.6994594269974,9326963.292387102,6.121070166776896,4.2676191079995975,2.9811357603545683,6.121070166776896,1.4773631455103757,0.19542886048962416,1.4636042282117645,0.04704580928823554,0.017214714326571984,0.14492725417342786,1.4750715554515335,0.19772045054846643,1.481295332825598,0.01511866484106883,-0.004863618085194199,0.18124162641852726,0.6124077045622907,-0.10958463144857145,0.5964474857140007,0.07664325918803139,0.013870092972518011,-0.18413776476083094,0.005890169329718302
SDSS J125915.58+275356.9,10,48,1598.4307921428915,6393.723168571568,1470.5563287714604,3930.8610040378,0.9200000000000002,0.6148,0.92,0.6148,0.92,0.6148,True,False,False,True,True,10,46,1.3834390075,10,46,True,0.5929311612264059,0.6084475849380226,1.3834390075,1.4660535715,1.3940525348,1.4868229068478265,-0.015516423711616767,-0.09277037204782657,-0.082614564,0.37410540013012356,0.24999999999999992,5.929311612264058,27.98858890714904,0.2613622237002559,0.23137093011693008,0.37076000387191266,0.3077650168441314,True,True,10,0.601693018036503,0.07548915657690948,0.601693018036503,0.07548915657690948,,,,,194.8147083333333,27.89930555555555,GiC,0.0175629147433489,18.18,19.362,1.1819992,18.135,17.429,17.163,17.058,0.7059994,0.9720001,6.21,,,NED,,,2007SDSS6.C...0000:,-16.82,False,0.77625,Members of systems,SBa,2290.336679764223,False,1.2376674440485934e+18,3.466226,2.819564249134048,18.76148,17.78226,17.80239,0.01765995,0.01494199,0.02021308,0.04119965,0.02850172,0.02117984,18.72028035,17.75375828,17.78121016,True,0.96652207,0.9390701899999988,18.13526,17.42892,17.16264,0.01751236,0.01418745,0.02014331,18.09406035,17.40041828,17.14146016,18.1400323287,0.0114080613812361,"SDSS(cModelMag g,r)",18.1400323287,SDSS,Vmag_sdss,0.9390701899999988,0.96652207,SDSS(cModel extcorr),-16.8599676713,0.77625,2.819564249134048,SDSS,False,3.0,8.458692747402145,,,,0.9390701899999988,g-i,,1.0,0.0,5.727336133549141,12.511599665563155,5.727336133549141,NGC 4874,9.033178703840244,6714980.752737872,7.334383120512385,7.273818436554839,6.427173278794688,7.334383120512385,1.478507199784209,-0.09506819228420893,1.4638196227307525,0.00223394876924754,0.01809842201648798,-0.10071298601648798,1.4766590515354656,-0.08260651673546571,1.4815871920170631,0.005235714830763349,-0.003633237782951937,-0.08913713426487463,0.6111024968703469,-0.018171335643941022,0.5963324760110129,0.012115108927009732,0.012811547580560134,-0.0283279712921769,0.011315034204351728
SDSS J130000.97+275929.5,11,54,318.7218128156442,1274.887251262577,605.1898271654535,2076.148110676594,1.8988026637370714,1.6284954678309735,1.0,1.0,1.8988026637370712,1.6284954678309735,True,True,True,True,True,8,54,1.803875894,8,54,True,0.35152681571022826,0.6225275955757541,1.803875894,1.438457576,1.7867077512499998,1.4724757409074076,-0.27100077986552584,0.3142320103425922,0.3654183179999999,0.29149646118851735,0.25,2.812214525681826,33.616490161090724,0.34720288199228466,0.2162953551324499,0.3940359950336294,0.22759290894558004,False,True,10,,,,,,,,,195.004049,27.991542,G,0.0251,18.23,19.666,1.4360008,20.99,19.25,18.73,18.39,1.7399998,2.2600002,5.39,,,NED,,,2007SDSS6.C...0000:,-16.77,False,0.67375,Regular galaxies,dE...,2815.1393916964907,False,1.237667324334637e+18,1.270285,1.2590441808771493,21.19089,19.08823,18.61287,0.1205734,0.02314668,0.0315757,0.02965461,0.02051492,0.01524479,21.16123539,19.06771508,18.59762521,True,2.093520309999999,2.5636101799999977,20.98026,19.23927,18.72824,0.05403992,0.01973615,0.02014627,20.95060539,19.21875508,18.71299521,19.9160584071,0.0512867393810147,"SDSS(cModelMag g,r)",19.9160584071,SDSS,Vmag_sdss,2.5636101799999977,2.093520309999999,SDSS(cModel extcorr),-15.083941592900004,0.67375,1.2590441808771493,SDSS,False,3.2,4.028941378806878,,,,2.5636101799999977,g-i,,1.0,0.0,5.904586438136475,1.7980844571372088,1.7980844571372088,NGC 4889,2.445545509755977,304497760.25243115,4.266457759903924,4.718086361929905,5.990355299049678,4.266457759903924,1.4473078188048327,0.3565680751951672,1.4579456219840379,-0.01948804598403786,-0.006001075291201918,0.3714193932912018,1.4333666166757764,0.35334113457422345,1.4736279314163003,-0.0011521905088927031,-0.03718680659272516,0.35141881693531735,0.6466966753717995,-0.2951698596615713,0.5994688932439289,0.023058702331825165,0.041679025044722484,-0.3126798049102483,0.07703705319779089
SDSS J130022.65+275754.8,1,5,104.37387522631946,417.4955009052778,104.37387522631946,417.4955009052778,1.0,1.0,1.0,1.0,1.0,1.0,True,True,True,True,True,1,5,1.23808622,1,5,True,0.8039471226630276,0.7249514417291961,1.23808622,1.288085795,1.23808622,1.341035934,0.07899568093383147,-0.10294971399999997,-0.04999957499999996,0.25,0.25,0.8039471226630276,3.6247572086459807,,0.14452232548161284,,0.20299834130425146,False,True,10,,,,,,,,,195.094378,27.965247,G,0.0214,18.3,20.122,1.8220005,21.37,20.09,19.76,17.5,1.2800007,1.6100006,,,,,,,,-16.7,False,,Regular galaxies,,,False,1.237667444048724e+18,0.7301825,0.720495015855537,21.60657,20.07719,19.73829,0.06104267,0.02998838,0.03839239,0.03425521,0.0236976,0.01760986,21.57231479,20.053492400000003,19.72068014,True,1.5188223899999969,1.8516346500000007,21.36275,20.07721,19.76054,0.06320942,0.02998838,0.03841232,21.32849479,20.0535124,19.74293014,20.6662095799,0.0306500055895675,"SDSS(cModelMag g,r)",20.6662095799,SDSS,Vmag_sdss,1.8516346500000007,1.5188223899999969,SDSS(cModel extcorr),-14.333790420099998,,0.720495015855537,SDSS,False,3.2,2.3055840507377185,,,,1.8516346500000007,g-i,,1.0,0.0,10.371560398225919,3.2901908643050426,3.2901908643050426,NGC 4889,6.791424717909634,49812695.692581646,8.870314907391709,8.0704680755758,9.021472577522427,8.870314907391709,1.4341299423552947,-0.19604372235529466,1.4554645837815214,-0.16737878878152146,-0.016180129748296745,-0.03381944525170322,1.4150809219000438,-0.17699470190004374,1.470266129049264,-0.12923019504926403,-0.051359035987550705,-0.051590678012449265,0.6617308097645626,0.14221631289846504,0.600793641283542,0.12415780044565417,0.05387196091367541,0.02512372002015606,0.007896157132771937
SDSS J130042.87+280313.7,7,34,1219.3429673924888,4877.3718695699545,1219.3429673924888,4877.3718695699545,1.0,1.0,1.0,1.0,1.0,1.0,True,True,True,True,True,7,33,1.517101718,7,33,True,0.6825891498545198,0.5789873182638298,1.517101718,1.359450388,1.4194045391428571,1.4142397364242423,0.10360183159069003,0.005164802718614858,0.15765132999999998,0.25000000000000006,0.25000000000000006,4.778124048981638,19.106581502706383,0.0904320149089679,0.2922578235123432,0.18510437961141518,0.39335922306447146,False,True,10,,,,,,,,,195.178632,28.053822,G,0.0226,18.34,19.505,1.164999,19.257,18.571,18.194,18.057,0.6860008,1.0629997,,,,,,,,-16.66,False,,Regular galaxies,,,False,1.237667324334703e+18,3.361696,2.4626234777725764,19.22061,18.56256,18.24216,0.01990558,0.01770487,0.02046511,0.03574946,0.02473131,0.01837802,19.18486054,18.53782869,18.22378198,True,0.6470318499999976,0.9610785600000008,19.24647,18.56495,18.1867,0.01957542,0.01768835,0.0205074,19.21072054,18.54021869,18.16832198,18.7931117485,0.0132560509788579,"SDSS(cModelMag g,r)",18.7931117485,SDSS,Vmag_sdss,0.9610785600000008,0.6470318499999976,SDSS(cModel extcorr),-16.2068882515,,2.4626234777725764,SDSS,False,3.2,7.880395128872244,,,,0.9610785600000008,g-i,,1.0,0.0,15.873207804504695,8.951923374208246,8.951923374208246,NGC 4889,12.368583374097746,2698175.4252773672,14.228790495067253,14.306996374228259,15.444664935300308,14.228790495067253,1.4670345790406631,0.05006713895933679,1.4616596381189133,-0.10220925011891335,0.009236566939812091,0.1484147630601879,1.4607395790774,-0.041335039934542905,1.4786604166963617,-0.06442068027211945,-0.01597153929609607,0.02113634201471093,0.6241911703570155,0.05839797949750425,0.5974857977846261,-0.018498479520796307,0.023426681931722926,0.0801751496589671,0.00778054008749567
SDSS J130032.48+275833.2,15,57,2749.6210353838333,10998.484141535337,2749.6210353838333,10998.484141535337,1.0,1.0,1.0,1.0,1.0,1.0,True,True,True,True,True,14,53,1.4442438145,14,53,True,0.6494371986987456,0.6337603697418154,1.4442438145,1.395274766,1.4620054422857138,1.4672677650566035,0.015676828956930233,-0.005262322770889671,0.048969048500000056,0.24999999999999992,0.24999999999999992,9.09212078178244,33.589299596316216,0.18616600341125913,0.22905140644770117,0.21896345129314293,0.299690419086469,True,True,10,0.6506433384003136,0.04765463363196233,0.6506433384003136,0.04765463363196233,,,,,195.135345,27.975893,G,0.0281361314299641,18.52,,,19.6,19.0,18.65,18.5,0.6000004,0.95000076,5.6881,,,NED,,,2007SDSS6.C...0000:,-16.48,False,0.7110125,Regular galaxies,dE,3317.9816163301944,False,1.2376673243346378e+18,4.940214,3.698039089380649,19.29109,18.99175,18.63312,0.03968271,0.06515902,0.04513678,0.03495927,0.02418466,0.0179718,19.25613073,18.96756534,18.6151482,True,0.2885653899999987,0.6409825299999987,19.58894,18.99175,18.64226,0.03764711,0.0527066,0.04052578,19.55398073,18.96756534,18.6242882,19.0758771499,0.041744909172162,"SDSS(cModelMag g,r)",19.0758771499,SDSS,Vmag_sdss,0.6409825299999987,0.2885653899999987,SDSS(cModel extcorr),-15.924122850100002,0.7110125,3.698039089380649,SDSS,False,3.2,11.833725086018076,,,,0.6409825299999987,g-i,,1.0,0.0,12.575474735129946,5.384449583914499,5.384449583914499,NGC 4889,8.971820232963056,11691849.542053541,11.039470714821793,10.332577720279088,11.279773838570701,11.039470714821793,1.462067250242196,-0.017823435742196025,1.4607244242731432,-0.0654496582731432,0.005399627768352261,0.043569420731647795,1.4538468859635063,0.008158556322207522,1.4773932035929092,-0.010125438536305653,-0.02131368402487477,0.016051361253985097,0.6298582054832869,0.01957899321545875,0.5979851543473531,0.03577521539446227,0.028022742739519713,-0.01234591378258948,0.005697575497711666
SDSS J130022.65+275754.9,5,1,63.3348220556356,253.33928822254245,63.3348220556356,253.33928822254245,1.0,1.0,1.0,1.0,1.0,1.0,True,True,True,True,True,5,1,1.61477134,5,1,True,0.5247384273793302,0.7010295573003905,1.61477134,1.408140485,1.6382596162000003,1.408140485,-0.17629112992106033,0.23011913120000016,0.206630855,0.24999999999999994,0.24999999999999994,2.623692136896651,0.7010295573003905,0.24135343396227738,,0.19662225728691135,,False,True,10,,,,,,,,,194.8884583333333,28.031333333333333,G,0.0237,18.59,19.771,1.1809998,,,,17.75,,,4.49,,,NED,,,2007SDSS6.C...0000:,-16.41,False,0.56125,Regular galaxies,,2218.036527386589,False,,,,,,,,,,,,,,,,False,,,,,,,,,,,,,,,18.59000015258789,SIMBAD,,,,,-16.40999984741211,0.56125,0.56125,SIMBAD_proxy(maj/8),True,3.2,1.7960000000000005,,,,1.180999755859375,B-V,,1.0,0.0,4.3595937711144,8.357529524023352,4.3595937711144,NGC 4874,5.600676502770355,16191194.737635065,4.17963344763517,6.769256699218017,7.544494719721517,4.17963344763517,1.4706026325390105,0.14416870746098964,1.4623314062199364,-0.054190921219936294,0.011992656739605007,0.194638198260395,1.4656906299894419,0.17256898621055838,1.4795706612826112,-0.07143017628261106,-0.012134253913642978,0.24225338511364314,0.6201205148139823,-0.09538208743465215,0.597127107832169,0.10390244946822147,0.020125311817278946,-0.19641644173833928,0.01062501104676833
SDSS J130020.39+280413.9,7,22,660.9370029686424,2643.74801187457,660.9370029686424,2643.74801187457,1.0,1.0,1.0,1.0,1.0,1.0,True,True,True,True,True,7,22,1.288421673,7,22,True,0.5296491115982105,0.6187125588295138,1.288421673,1.368641349,1.235872702857143,1.3767317521818183,-0.08906344723130333,-0.1408590493246753,-0.08021967600000002,0.25,0.25,3.707543781187473,13.611676294249303,0.2878733991316387,0.2613464641325845,0.452020257078278,0.37360049041382304,False,True,10,,,,,,,,,195.084967,28.070544,G,0.0235,18.59,,,19.91,19.29,18.91,18.86,0.61999893,1.0,4.11,,,NED,,,2007SDSS6.C...0000:,-16.41,False,0.51375,Regular galaxies,,2013.6731285631995,False,1.2376673243346378e+18,1.8881,1.8130722466886329,19.91841,19.17591,18.71256,0.02778827,0.02579221,0.02969451,0.0352913,0.02441436,0.01814248,19.8831187,19.15149564,18.69441752,True,0.731623060000004,1.1887011800000025,19.90314,19.28362,18.90176,0.02759279,0.02524135,0.02888741,19.8678487,19.25920564,18.88361752,19.4414610946,0.0190098441809053,"SDSS(cModelMag g,r)",19.4414610946,SDSS,Vmag_sdss,1.1887011800000025,0.731623060000004,SDSS(cModel extcorr),-15.558538905400004,0.51375,1.8130722466886329,SDSS,False,3.2,5.801831189403625,,,,1.1887011800000025,g-i,,1.0,0.0,11.909929601496849,6.23276119744283,6.23276119744283,NGC 4889,8.791233640761428,7831259.952389191,10.289687897614844,11.106066314244835,12.371331430591102,10.289687897614844,1.4556450513176658,-0.16722337831766576,1.4595152976785104,-0.0908739486785104,0.0004388958296808465,-0.08065857182968086,1.444935406957561,-0.20906270410041805,1.4757548392002289,-0.09902308701841056,-0.028220477902186847,-0.11263857142248845,0.63718504619986,-0.10753593460164956,0.5986307663674578,0.020081792462055992,0.03396493379923338,-0.1230283810305367,0.00770802610077704
LEDA 126785,11,37,479.73884725082337,1918.955389003293,479.73884725082337,1918.955389003293,1.0,1.0,1.0,1.0,1.0,1.0,True,True,True,True,True,11,37,1.323788155,11,37,True,0.7469800478915647,0.6114149301674923,1.323788155,1.452623906,1.3303102783636362,1.4641795882702702,0.13556511772407243,-0.13386930990663393,-0.128835751,0.25000000000000006,0.25000000000000006,8.216780526807211,22.622352416197213,0.0748499407854458,0.19971041580362275,0.1618236134803233,0.24397364410332745,True,True,10,0.7505578520348721,0.021309138832433464,0.7505578520348721,0.021309138832433464,,,,,194.93366666666665,28.013,GiC,0.044067,18.62,19.718,1.0979996,,,,17.31,,,4.51,,,NED,,,2007SDSS6.C...0000:,-16.38,False,0.56375,Members of systems,,4042.1782468143897,False,1.237667324334572e+18,1.802485,1.544676431865832,19.29103,18.51719,18.1263,0.01700943,0.01532389,0.0173158,0.02599423,0.01798269,0.01336307,19.26503577,18.49920731,18.11293693,True,0.7658284600000016,1.1520988400000007,19.38072,18.73537,18.38664,0.0167432,0.01488413,0.01694963,19.35472577,18.71738731,18.37327693,18.8031969786,0.0114182403100267,"SDSS(cModelMag g,r)",18.8031969786,SDSS,Vmag_sdss,1.1520988400000007,0.7658284600000016,SDSS(cModel extcorr),-16.196803021400004,0.56375,1.544676431865832,SDSS,False,3.2,4.942964581970664,,,,1.1520988400000007,g-i,,1.0,0.0,3.7170116708140366,5.724243727208095,3.7170116708140366,NGC 4874,3.1981840096625103,30589355.53688435,2.5676790767970163,4.965290766963612,6.0304139876899505,2.5676790767970163,1.4668574121961098,-0.14306925719610986,1.46162628238734,-0.009002376387340139,0.009099717048586808,-0.1379354680485868,1.460493741376896,-0.13018346301325967,1.4786152197391995,-0.014435631468929344,-0.016162074483747957,-0.11770723542288597,0.6243932932226499,0.12258675466891478,0.597503608046462,0.0139113221210303,0.023590606975489647,0.11197451074858278,0.016237909461650615
SDSS J125915.81+275309.7,15,274,9194.950240718374,36779.80096287349,1594.404371740566,18169.2216756595,0.1734,0.49399999999999994,0.1734,0.494,0.1734,0.494,False,False,False,True,True,15,262,1.427624596,15,262,True,0.5826634604271178,0.5782303210909892,1.427624596,1.490223002,1.4540259806666664,1.521369959793893,0.004433139336128655,-0.06734397912722656,-0.062598406,0.08775303643724698,0.25000000000000006,8.739951906406768,151.49634412583916,0.2570834171347417,0.244020387474452,0.32740067961923086,0.2968985817367475,True,True,10,0.5921182538410672,0.06393660559812285,0.5921182538410672,0.06393660559812285,,,,,194.815375,27.88605555555556,AG?,0.0219764618341702,18.78,20.136,1.355999,18.782,18.089,17.784,17.732,0.6929989,0.9979992,4.54,,,NED,,,2007SDSS6.C...0000:,-16.22,False,0.5675,Other,dE...,2083.9888841031925,False,1.237667444048594e+18,7.512209,6.762538775984814,19.53027,18.37165,18.37387,0.02616941,0.02266169,0.02920226,0.04164869,0.02881237,0.02141068,19.488621310000003,18.34283763,18.35245932,True,1.1457836800000043,1.1361619900000015,18.78214,18.08875,17.78445,0.02606315,0.02153244,0.02844043,18.74049131,18.05993763,17.76303932,18.8026089388,0.0171431849354588,"SDSS(cModelMag g,r)",18.8026089388,SDSS,Vmag_sdss,1.1361619900000015,1.1457836800000043,SDSS(cModel extcorr),-16.1973910612,0.5675,6.762538775984814,SDSS,False,3.2,21.64012408315141,,,,1.1361619900000015,g-i,,1.0,0.0,6.232298025271222,12.797800217231767,6.232298025271222,NGC 4874,9.393513238796247,5352025.6309858225,7.798150616346147,7.488970246346225,6.538698855631585,7.798150616346147,1.4668677422683842,-0.03924314626838421,1.4616282272609353,0.028594774739064688,0.009107696359110018,-0.07170610235911001,1.460508075442733,-0.006482094776066649,1.4786178550394737,0.04275210475441926,-0.01615096494310997,-0.05119301418411659,0.6243815080389403,-0.04171804761182252,0.5975025695830155,-0.019272248492026356,0.023581048993272513,-0.019147909657143858,0.021244355860754058
SDSS J130005.34+275628.8,11,41,416.3822249225139,1665.5288996900554,849.9381249377177,3399.7524997508704,2.041244976525801,2.041244976525801,1.0,1.0,2.041244976525801,2.041244976525801,True,True,True,True,True,11,41,1.416366309,11,41,True,0.647424113287659,0.5948758174752724,1.416366309,1.447732208,1.3996637804545455,1.4872167062439026,0.052548295812386625,-0.08755292578935703,-0.031365898999999864,0.25000000000000006,0.25000000000000006,7.121665246164249,24.38990851648617,0.1181898299516858,0.21746933739122426,0.2436013346836495,0.2883370451322399,True,True,10,0.6518986875224829,0.033087861090239236,0.6518986875224829,0.033087861090239236,,,,,195.022289,27.941354,G,0.0237,18.91,19.995,1.085001,19.759,19.106,18.827,18.586,0.6529999,0.9320011,,,,,,,,-16.09,False,,Regular galaxies,,,False,1.2376674440487245e+18,1.657888,1.4390675074507826,19.70556,19.05372,18.94292,0.0256307,0.01995626,0.02691429,0.03154751,0.02182442,0.01621789,19.67401249,19.03189558,18.92670211,True,0.6421169100000022,0.7473103799999983,19.75329,19.09629,18.82524,0.02376873,0.01972249,0.02715298,19.72174249,19.07446558,18.80902211,19.285163513099995,0.0157816992417538,"SDSS(cModelMag g,r)",19.285163513099995,SDSS,Vmag_sdss,0.7473103799999983,0.6421169100000022,SDSS(cModel extcorr),-15.714836486900005,,1.4390675074507826,SDSS,False,3.2,4.605016023842505,,,,0.7473103799999983,g-i,,1.0,0.0,6.633122354117643,2.224598907121029,2.224598907121029,NGC 4889,3.3762597307846978,161733041.95716122,5.341340639113377,4.0328376795424985,4.940676851447108,5.341340639113377,1.4583907248472834,-0.042024415847283336,1.4600322338438103,-0.012300025843810403,0.0025597504671032167,-0.03392564946710308,1.4487453188434898,-0.049081538388944246,1.4764552867879963,0.010761419455906251,-0.025267626184837078,-0.06228529960451995,0.6340526124575198,0.013371500830139271,0.5983547487830081,-0.0034789313077356887,0.031424477346184476,0.02112381846620215,0.028244793354385997
ECO 11482,0,0,673.3695374170043,2693.4781496680166,0.0,0.0,0.0,0.0,0.0,0.0,0.0,0.0,False,False,False,False,False,0,0,,0,0,True,,,,,,,,,,,0.25000000000000006,,,,,,,False,False,10,,,,,,,,,195.22821669836,27.842038408099995,GiC,0.02363,16.59,17.47,0.87999916,16.974,16.253,15.896,15.647,0.7210007,1.078001,4.199999809265137,0.07,0.0,SIMBAD,E,2022ApJS..262...36S,,-18.41,False,0.5249999761581421,Members of systems,Sa,2068.825434747248,False,1.2376674440487898e+18,2.63184,1.8300451702709009,16.97714,16.29624,15.9477,0.004498697,0.003730387,0.004007728,0.02746416,0.01899958,0.01411872,16.949675839999998,16.277240420000002,15.93358128,True,0.6724354199999958,1.016094559999999,16.9657,16.24574,15.89333,0.004474238,0.003703904,0.003977473,16.938235839999997,16.226740420000002,15.87921128,16.5429389422,0.0028716092161884,"SDSS(cModelMag g,r)",16.5429389422,SDSS,Vmag_sdss,1.016094559999999,0.6724354199999958,SDSS(cModel extcorr),-18.4570610578,0.5249999761581421,1.8300451702709009,SDSS,False,3.0,5.490135510812702,,,,1.016094559999999,g-i,4.2,1.0,0.0,18.83060520313208,13.112001211343857,13.112001211343857,NGC 4889,15.816622342789286,935484.8357294695,17.73177754088469,15.8370797140024,16.115765114648877,17.73177754088469,,,,,,,,,,,,,,,,,,,
2MASX J13001036+2757332,75,228,829.6063770701861,3318.4255082807445,1693.4298496882868,6773.719398753147,2.041244976525801,2.041244976525801,1.0,1.0,2.041244976525801,2.041244976525801,True,True,True,True,True,73,222,1.559757905,73,222,True,0.5321775027696467,0.5184198762819788,1.559757905,1.5593670265,1.5836565182876712,1.5632902911846847,0.013757626487667873,0.020366227102986523,0.00039087849999996926,0.25,0.25,38.84895770218421,115.08921253459931,0.24670289495427947,0.25653062210532984,0.29316881602810013,0.2771427982534578,True,True,10,0.5335786054378684,0.026958108444782275,0.5335786054378684,0.026958108444782275,,,,,195.04316666666665,27.959241666666667,GiC,0.02111,17.406,18.211,0.8050003,17.846,17.167,16.815,16.683,0.67900085,1.0310001,10.019999504089355,0.127,35.0,SIMBAD,C,2006AJ....131.1163S,,-17.594,False,1.2524999380111694,Members of systems,dG,4422.771035867883,False,1.237667444048724e+18,3.635255,2.3293110229189824,17.34061,17.45125,17.22457,0.009019969,0.008283022,0.01234929,0.03225569,0.02231434,0.01658195,17.308354310000002,17.42893566,17.20798805,True,-0.1205813499999983,0.1003662600000012,18.02295,17.50024,17.23492,0.008862869,0.008156103,0.0121892,17.990694310000002,17.47792566,17.21833805,17.369497306499998,0.0061285554479605,"SDSS(cModelMag g,r)",17.369497306499998,SDSS,Vmag_sdss,0.1003662600000012,-0.1205813499999983,SDSS(cModel extcorr),-17.630502693500002,1.2524999380111694,2.3293110229189824,SDSS,False,3.2,7.453795273340744,,,,0.1003662600000012,g-i,7.62,0.7604790795538593,35.0,7.651561601119317,1.1782038651879938,1.1782038651879938,NGC 4889,4.110267789121622,1065854498.4658697,6.188486481802898,5.3645546285502235,6.3828637377170185,6.188486481802898,1.4920431585226233,0.06771474647737663,1.466368078156503,0.09299894834349698,0.028554071806111997,-0.028163193306112028,1.4954416232901298,0.08821489499754143,1.4850403446020912,0.07824994658259343,0.010924093442172655,0.009442133660813867,0.5956598401124484,-0.06348233734280173,0.5949717306077863,-0.07655185432580747,0.0002872932020742125,0.01347033328559366,0.13633402499347616
2MASX J13002014+2750365,0,0,1312.0894270699446,5248.357708279777,0.0,0.0,0.0,0.0,0.0,0.0,0.0,0.0,False,False,False,False,False,0,0,,0,0,True,,,,,,,,,,,0.25000000000000006,,,,,,,False,False,10,,,,,,,,,195.084042,27.843505,GiC,0.02625,16.41,18.139,1.7290001,17.593,16.893,16.544,16.329,0.70000076,1.0489998,10.019999504089355,0.167,90.0,SIMBAD,C,2006AJ....131.1163S,,-18.59,False,1.2524999380111694,Members of systems,0.68,5465.499831533646,False,1.2376674440487242e+18,3.253954,2.5545640411868384,17.46451,16.71094,16.39165,0.007043297,0.005895666,0.007878879,0.02920661,0.020205,0.01501448,17.43530339,16.690735,16.376635519999997,True,0.7445683900000013,1.0586678700000045,17.57266,16.88955,16.54452,0.006854549,0.005707774,0.007635425,17.54345339,16.869345,16.529505519999997,16.986008039899996,0.004520915346694,"SDSS(cModelMag g,r)",16.986008039899996,SDSS,Vmag_sdss,1.0586678700000045,0.7445683900000013,SDSS(cModel extcorr),-18.013991960100004,1.2524999380111694,2.5545640411868384,SDSS,False,3.2,8.174604931797884,,,,1.0586678700000045,g-i,10.020000000000001,1.0,90.0,12.02997810711324,8.443531432205637,8.443531432205637,NGC 4889,9.74263079542453,3518078.5677873758,11.287065182535155,8.964585482371623,8.923079147707838,11.287065182535155,,,,,,,,,,,,,,,,,,,
GMP 2913,0,0,3078.032683798583,12312.130735194334,0.0,0.0,0.0,0.0,0.0,0.0,0.0,0.0,False,False,False,False,False,0,0,,0,0,True,,,,,,,,,,,0.24999999999999997,,,,,,,False,False,10,,,,,,,,,195.03670265369,27.861825508330003,GiC,0.0174,18.437,19.175,0.73799896,,,,16.85,,,,,,,,,,-16.563,False,,Members of systems,S...,,False,1.2376674440487242e+18,5.912287,3.912656213434796,19.13227,18.36162,17.84997,0.02770943,0.02298616,0.02534881,0.03119805,0.02158266,0.01603823,19.10107195,18.34003734,17.83393177,True,0.7610346099999994,1.2671401799999984,19.03784,18.40429,17.99546,0.02777988,0.02254004,0.02706396,19.00664195,18.38270734,17.979421770000002,18.6420615301,0.0176915978752485,"SDSS(cModelMag g,r)",18.6420615301,SDSS,Vmag_sdss,1.2671401799999984,0.7610346099999994,SDSS(cModel extcorr),-16.357938469900002,,3.912656213434796,SDSS,False,3.0,11.737968640304388,,,,1.2671401799999984,g-i,,1.0,0.0,9.361506607494006,6.9137569214670105,6.9137569214670105,NGC 4889,7.391523231470502,6597178.068909254,8.738506028075252,6.312861874385418,6.191485143892582,8.738506028075252,,,,,,,,,,,,,,,,,,,
2MASX J12592022+2804278,0,5,2741.72130342782,10966.88521371128,0.0,1425.6950777824666,0.0,0.13,0.0,0.13,0.0,0.13,False,False,False,False,True,0,5,,0,5,True,,0.685716593556349,,1.475268928,,1.368378273,,,,,0.25,,3.4285829677817445,,0.11501301438794125,,0.2937409191603692,False,True,10,,,,,,,,,194.83417052457,28.0742983473,GiC,0.02389,15.94,17.487,1.5469999,16.8259,16.0755,15.72,15.526,0.75039864,1.1058989,19.042800903320312,0.306557,180.0,SIMBAD,B,2023ApJS..269....3M,,-19.060001,False,2.380350112915039,Members of systems,SB0p,9480.275913636968,False,1.2376673243345715e+18,3.843837,3.757343491019975,16.9151,16.04711,15.85105,0.004489343,0.003661211,0.004021861,0.03252118,0.022498,0.01671843,16.88257882,16.024612,15.834331570000002,True,0.8579668199999979,1.0482472499999975,16.79081,16.01027,15.71214,0.004453185,0.003636962,0.004005511,16.75828882,15.987771999999998,15.69542157,16.3663783962,0.0028379597823087,"SDSS(cModelMag g,r)",16.3663783962,SDSS,Vmag_sdss,1.0482472499999975,0.8579668199999979,SDSS(cModel extcorr),-18.6336216038,2.380350112915039,3.757343491019975,SDSS,False,3.0,11.272030473059925,,,,1.0482472499999975,g-i,18.393420000000003,0.9658988766086882,180.0,7.704977906023236,12.074209724900623,7.704977906023236,NGC 4874,9.461702361895743,3381305.615294291,7.933407918309556,10.46952783436178,11.08060436242012,7.933407918309556,,,1.4696857778793886,0.005583150120611391,,,,,1.4895358218463353,-0.12115754884633523,,,,,0.5932002479278906,0.09251634562845834,,,0.00229547974030169
LEDA 44656,138,341,2247.973736094919,8991.894944379676,2247.973736094919,8991.894944379676,1.0,1.0,1.0,1.0,1.0,1.0,True,True,True,True,True,129,331,1.510464671,129,331,True,0.5359098172630952,0.5801162054150145,1.510464671,1.474268666,1.5360334074651163,1.5124095568821754,-0.04420638815191935,0.02362385058294092,0.03619600500000009,0.25,0.25,69.13236642693927,192.01846399236982,0.2733129346566482,0.2424832145271808,0.31543509649260054,0.298972666962553,True,True,10,0.5372382782689759,0.02405654834771733,0.5372382782689759,0.02405654834771733,,,,,194.93220379569,27.994682930960007,G,0.02225,15.15,16.384,1.2340012,15.8571,15.0374,14.58,14.277,0.8196993,1.2770996,23.4192008972168,0.37541,38.0,SIMBAD,B,2023ApJS..269....3M,,-19.85,False,2.9274001121521,Regular galaxies,,10880.271193358436,False,1.2376673243345715e+18,3.425483,3.409480300504473,15.72131,14.94977,14.54996,0.002742767,0.002407566,0.00243534,0.02641274,0.01827221,0.01357821,15.69489726,14.93149779,14.53638179,True,0.7633994700000013,1.158515470000001,15.72696,14.93492,14.52778,0.002730727,0.002398475,0.002432398,15.70054726,14.91664779,14.51420179,15.2344915727,0.0018117106775251,"SDSS(cModelMag g,r)",15.2344915727,SDSS,Vmag_sdss,1.158515470000001,0.7633994700000013,SDSS(cModel extcorr),-19.7655084273,2.9274001121521,3.409480300504473,SDSS,False,3.2,10.910336961614314,,,,1.158515470000001,g-i,22.5246,0.9618005370403941,38.0,2.7667993742539423,5.482977187375842,2.7667993742539423,NGC 4874,2.407029787069425,62236733.52219954,1.4700631849743762,3.89579690792044,4.9332023582323234,1.4700631849743762,1.5295487211334984,-0.019084050133498343,1.4734293625751862,0.0008393034248137532,0.05752468522186127,-0.021328680221861185,1.5474845509136186,-0.011451143448502288,1.4946083724740389,0.017801184408136494,0.05125968460807245,-0.027635834025131534,0.5528711805793834,-0.01696136331628828,0.5912013643629971,-0.011085158947982565,-0.034415029390988505,-0.009791358760930846,0.0573985347888242
2MASX J12592016+2753098,5,92,3266.065182563795,13064.260730255179,718.5343401640349,7261.116113875828,0.22,0.5558,0.22,0.5558,0.22,0.5558,False,False,False,True,True,5,90,1.501899743,5,90,True,0.5820918600372529,0.5895889100479299,1.501899743,1.4895513725,1.5206661780000001,1.5165843696333332,-0.00749705001067702,0.004081808366666939,0.012348370500000039,0.09895645915797051,0.25000000000000006,2.9104593001862646,53.06300190431369,0.2062210470511235,0.23301696356827004,0.20749190443977739,0.2508962132176336,False,True,10,,,,,,,,,194.834049763,27.885987371239995,GiC,0.02162,15.38,16.657,1.2769995,15.779,15.06,14.679,14.403,0.71899986,1.1000004,29.204219818115234,0.327136,44.0,SIMBAD,B,2023ApJS..269....3M,,-19.619999,False,3.650527477264404,Members of systems,-1.86,13193.831865445569,False,1.2376674440485932e+18,6.905388,4.916210954931332,16.04926,15.30652,14.94658,0.003408959,0.002863199,0.003092049,0.03977113,0.02751349,0.02044547,16.009488870000002,15.27900651,14.92613453,True,0.7304823600000017,1.0833543400000014,15.89968,15.17129,14.8176,0.003362945,0.002820483,0.003038891,15.85990887,15.14377651,14.79715453,15.5685042776,0.002192528745451,"SDSS(cModelMag g,r)",15.5685042776,SDSS,Vmag_sdss,1.0833543400000014,0.7304823600000017,SDSS(cModel extcorr),-19.4314957224,3.650527477264404,4.916210954931332,SDSS,False,3.2,15.731875055780264,,,,1.0833543400000014,g-i,19.628159999999998,0.6721001321810606,44.0,5.576863312936564,11.911757005768564,5.576863312936564,NGC 4874,8.568579975084994,7340507.859035641,7.07854727161373,6.576931179443289,5.584381217004642,7.07854727161373,1.523681132949481,-0.021781389949480978,1.4723246542030195,0.017226718296980525,0.05299235409205971,-0.040643983592059674,1.5393426528609622,-0.018676474860962022,1.4931114945877302,0.023472875045603026,0.044949350309773706,-0.04086754194310677,0.5595652871494143,0.022526572887838547,0.5917912223703778,-0.0022023123224479413,-0.0289859963668051,0.02148894635612808,0.025602918286697265
LEDA 1820946,0,0,1381.957174715583,5527.828698862331,0.0,0.0,0.0,0.0,0.0,0.0,0.0,0.0,False,False,False,False,False,0,0,,0,0,True,,,,,,,,,,,0.25000000000000006,,,,,,,False,False,10,,,,,,,,,195.233046,27.898499,GiC,0.02008,16.88,18.511,1.6310005,17.8705,17.1642,16.025,16.6473,0.70630074,1.845501,21.069780349731445,0.17962,142.0,SIMBAD,B,2023ApJS..269....3M,,-18.12,False,2.6337225437164307,Members of systems,,8857.385489570715,False,1.2376674440487898e+18,5.026748,3.665720953583065,17.33229,16.72034,16.38687,0.009437196,0.008089937,0.009884069,0.0289356,0.02001752,0.01487516,17.3033544,16.70032248,16.37199484,True,0.6030319199999994,0.9313595600000006,17.06194,16.37935,16.02368,0.00900143,0.007676336,0.009369091,17.0330044,16.35933248,16.00880484,16.9375655672,0.0061443654780203,"SDSS(cModelMag g,r)",16.9375655672,SDSS,Vmag_sdss,0.9313595600000006,0.6030319199999994,SDSS(cModel extcorr),-18.0624344328,2.6337225437164307,3.665720953583065,SDSS,False,3.2,11.730307051465807,,,,0.9313595600000006,g-i,10.7772,0.5115003488936403,142.0,18.09055354269622,11.567816137487481,11.567816137487481,NGC 4889,14.746361663955401,1308496.7678347593,16.784951093473385,15.286144960227762,15.82567322904998,16.784951093473385,,,,,,,,,,,,,,,,,,,
LEDA 126800,30,20,807.6366611300253,3230.5466445201023,807.6366611300253,3230.5466445201023,1.0,1.0,1.0,1.0,1.0,1.0,True,True,True,True,True,25,20,1.661244805,25,20,True,0.5131544063782818,0.6415554808842465,1.661244805,1.41349597,1.5721848937199996,1.4607739851000001,-0.12840107450596472,0.11141090861999947,0.2477488349999999,0.24999999999999992,0.24999999999999992,12.828860159457044,12.83110961768493,0.22290979760789595,0.1655277587532465,0.25687142024889514,0.19318596465716173,True,True,10,0.5147664726185934,0.04358454938384078,0.5147664726185934,0.04358454938384078,,,,,194.79814608712,28.009279335850003,G,0.02299,16.76,18.12,1.3600006,17.305,16.574,16.204,15.94,0.7310009,1.1009998,13.199999809265137,0.21,,SIMBAD,E,2003A&A...412...45P,,-18.24,False,1.649999976158142,Regular galaxies,,6330.831049976618,False,1.2376673243345062e+18,2.320151,2.051373679435748,17.4938,16.75879,16.37698,0.006093453,0.005099151,0.005449634,0.03288055,0.02274661,0.01690317,17.46091945,16.736043390000003,16.36007683,True,0.7248760599999962,1.100842619999998,17.2971,16.56852,16.19925,0.005992664,0.005003454,0.005335718,17.26421945,16.54577339,16.18234683,17.023242574599998,0.0039105815758396,"SDSS(cModelMag g,r)",17.023242574599998,SDSS,Vmag_sdss,1.100842619999998,0.7248760599999962,SDSS(cModel extcorr),-17.976757425400002,1.649999976158142,2.051373679435748,SDSS,False,3.2,6.564395774194392,,,,1.100842619999998,g-i,12.6,0.954545468338265,0.0,6.11939665651458,12.630821191487428,6.11939665651458,NGC 4874,9.242994182591323,5640321.120413978,7.2156095070404875,9.181898598248504,9.290876047089526,7.2156095070404875,1.4981258019183734,0.16311900308162652,1.4675132756164222,-0.05401730561642215,0.03325251913224389,0.214496315867756,1.5038819331526654,0.0683029605673342,1.4865920851305423,-0.02581810003054219,0.01746571020884924,0.09394519841115023,0.5887203852901834,-0.07556597891190164,0.5943602534896755,0.04719522739457105,-0.005340721381465963,-0.12306035312449876,0.005084230324503353
LEDA 44616,43,63,2528.4678435242918,10113.871374097173,2353.497868752411,6464.786582322912,0.9308,0.6392,0.9308,0.6392,0.9308,0.6392,True,False,False,True,True,43,61,1.584385704,43,61,True,0.49411009165555364,0.58335937342707,1.584385704,1.52948331,1.602757961465116,1.5090594440491802,-0.08924928177151636,0.09369851741593571,0.054902393999999966,0.36404881101376707,0.24999999999999986,21.246733941188808,35.58492177905127,0.29194131168557685,0.235817303552657,0.34114683676181745,0.31982062265483957,True,True,10,0.5004695547505067,0.04467498481595984,0.5004695547505067,0.04467498481595984,,,,,194.88102275683,28.046604796320004,EmG,0.02308,15.014,15.931,0.9169998,15.404,14.632,14.279,13.957,0.7720003,1.125,23.21999931335449,0.209,115.0,SIMBAD,C,2006AJ....131.1163S,,-19.986,False,2.9024999141693115,Regular galaxies,,11178.88372644241,False,1.2376673243345715e+18,6.934854,4.825542301445216,15.24406,14.39429,14.36976,0.002597582,0.002240397,0.002432704,0.02720708,0.01882173,0.01398656,15.21685292,14.37546827,14.35577344,True,0.8413846500000002,0.861079479999999,15.22128,14.39429,14.13101,0.002598232,0.002240398,0.002434631,15.19407292,14.37546827,14.11702344,14.7104359765,0.0016974949461703,"SDSS(cModelMag g,r)",14.7104359765,SDSS,Vmag_sdss,0.861079479999999,0.8413846500000002,SDSS(cModel extcorr),-20.2895640235,2.9024999141693115,4.825542301445216,SDSS,False,3.2,15.44173536462469,,,,0.861079479999999,g-i,12.54,0.5400516955565923,115.0,5.325221117073914,9.103196544208913,5.325221117073914,NGC 4874,6.523459754669351,9554733.184665523,5.172415927468721,7.764365270610436,8.53948698197187,5.172415927468721,1.538754785390701,0.04563091860929891,1.4751626158200777,0.05432069417992236,0.06463577248758401,-0.009733378487584043,1.5602589369641788,0.04249902450093712,1.4969569275488617,0.012102516500318572,0.061160403815464226,0.032538113600471485,0.5423683345555048,-0.048258242899951176,0.5902758954056896,-0.006916521978619583,-0.042933014175818074,-0.04631626759569829,0.01109198687592743
2MASX J12590459+2754389,0,0,881.4969803459139,3525.987921383656,0.0,0.0,0.0,0.0,0.0,0.0,0.0,0.0,False,False,False,False,False,0,0,,0,0,True,,,,,,,,,,,0.24999999999999997,,,,,,,False,False,10,,,,,,,,,194.76933243666,27.91098112536,GiC,0.02136,15.46,16.836,1.3760004,16.031,15.266,14.878,14.586,0.76500034,1.1529999,30.323999404907227,0.265638,39.0,SIMBAD,B,2023ApJS..269....3M,,-19.54,False,3.7904999256134033,Members of systems,S0,13539.24470315163,False,1.2376674440485934e+18,4.291782,2.8881384260928527,15.97731,15.25162,14.87028,0.003181499,0.002726208,0.002848987,0.04436432,0.03069103,0.02280673,15.93294568,15.22092897,14.84747327,True,0.7120167099999986,1.0854724099999995,16.01041,15.24325,14.86925,0.003173799,0.002720876,0.002848636,15.96604568,15.21255897,14.84644327,15.5028558211,0.0020709055372553,"SDSS(cModelMag g,r)",15.5028558211,SDSS,Vmag_sdss,1.0854724099999995,0.7120167099999986,SDSS(cModel extcorr),-19.4971441789,3.7904999256134033,2.8881384260928527,SDSS,False,3.0,8.664415278278558,,,,1.0854724099999995,g-i,15.938279999999999,0.5255995354432292,39.0,7.448393380007165,14.56406351047053,7.448393380007165,NGC 4874,10.987498569653363,3212192.871613098,9.09556076563282,9.501450723408729,8.784196704619301,9.09556076563282,,,,,,,,,,,,,,,,,,,
LEDA 126761,13,18,1113.6920585333846,4454.768234133539,1113.6920585333846,4454.768234133539,1.0,1.0,1.0,1.0,1.0,1.0,True,True,True,True,True,13,18,1.61109036,13,18,True,0.5683456208248907,0.5432197730376881,1.61109036,1.459197546,1.4775351344615386,1.4182078163888887,0.025125847787202615,0.059327318072649904,0.151892814,0.24999999999999994,0.24999999999999994,7.3884930707235785,9.777955914678385,0.20001511016667145,0.2790054122673155,0.29467536422721086,0.41208074447154525,True,True,10,0.5721310228855019,0.05189955544931198,0.5721310228855019,0.05189955544931198,,,,,195.077274,28.097154,G,0.02608,17.04,,,18.0271,17.2866,16.345,16.7547,0.7404995,1.6821003,15.10818099975586,0.185831,172.0,SIMBAD,B,2023ApJS..269....3M,,-17.96,False,1.8885226249694824,Regular galaxies,,8189.209491651887,False,1.2376673243346373e+18,2.984147,2.7396117517756293,17.64105,16.9884,16.65755,0.008058333,0.006885627,0.00771767,0.0354602,0.0245312,0.01822931,17.6055898,16.9638688,16.63932069,True,0.6417210000000004,0.9662691099999988,17.38926,16.69533,16.33616,0.007796423,0.006673062,0.007489364,17.3537998,16.6707988,16.31793069,17.21697441,0.005236404550725,"SDSS(cModelMag g,r)",17.21697441,SDSS,Vmag_sdss,0.9662691099999988,0.6417210000000004,SDSS(cModel extcorr),-17.78302559,1.8885226249694824,2.7396117517756293,SDSS,False,3.2,8.766757605682015,,,,0.9662691099999988,g-i,11.14986,0.7380014841085222,172.0,12.56286733068016,7.567526255014786,7.567526255014786,NGC 4889,9.720538364282957,4565419.131852934,10.995968567563509,12.116571910577022,13.39978339508907,10.995968567563509,1.4947225223077925,0.11636783769220749,1.4668725299879417,-0.0076749839879417525,0.030623706468725864,0.12126910753127412,1.4991595234052486,-0.021624388943709993,1.4857238759396043,-0.0675160595507156,0.01380563193139861,0.045521686141251294,0.5926030566172025,-0.024257435792311766,0.5947023790217849,-0.05148260598409682,-0.0021918096281325905,0.027317657415335206,0.004271471147243727
Z 160-A14,17,363,35462.05664966246,141848.2265986498,4014.30481274179,47320.56839330958,0.1132,0.3336,0.1132,0.3336,0.1132,0.3336,False,False,False,True,True,17,353,1.474290966,17,353,True,0.602909861200013,0.5944316804688796,1.474290966,1.445680286,1.530605388764706,1.4709175993739378,0.008478180731133378,0.05968778939076813,0.02861068000000011,0.08483213429256595,0.25000000000000006,10.249467640400221,209.8343832055145,0.20792897773835792,0.23205643575334456,0.197864185166182,0.31003356063054593,True,True,10,0.6034497907140198,0.049151822787321685,0.6034497907140198,0.049151822787321685,,,,,194.80802541595,28.076247957130004,GiC,0.02605,14.89,15.731,0.8409996,15.2864,14.5088,13.987,13.729,0.7776003,1.2993994,42.6622200012207,0.687217,72.0,SIMBAD,B,2023ApJS..269....3M,,-20.11,False,5.332777500152588,Members of systems,E1,23098.786248398344,False,1.2376673243345062e+18,14.07311,13.50878188094863,14.74425,14.0919,13.69844,0.002372164,0.002136026,0.00219536,0.03440632,0.02380214,0.01768754,14.70984368,14.06809786,13.68075246,True,0.6417458199999988,1.0290912199999998,14.81942,14.09186,13.70161,0.002373725,0.002136026,0.002195365,14.78501368,14.06805786,13.68392246,14.3212136462,0.0015919074914734,"SDSS(cModelMag g,r)",14.3212136462,SDSS,Vmag_sdss,1.0290912199999998,0.6417458199999988,SDSS(cModel extcorr),-20.6787863538,5.332777500152588,13.50878188094863,SDSS,False,3.2,43.22810201903562,,,,1.0290912199999998,g-i,41.233019999999996,0.966499633606038,72.0,8.508403185891346,13.354927439395158,8.508403185891346,NGC 4874,10.598195894782828,2507474.1811365327,8.941889504576512,11.407203484410354,11.907206387730954,8.941889504576512,1.5455922389148353,-0.07130127291483523,1.4764499236398367,-0.030769637639836755,0.06991726165896378,-0.04130658165896367,1.5697466255659303,-0.03914123680122428,1.4987012273630202,-0.027783627989082404,0.0685137858411306,-0.008825996450362472,0.5345677457747756,0.06834211542523738,0.5895885385931768,0.004843141875702783,-0.04925942288407659,0.057737603615209965,0.010049221802706867
LEDA 44654,0,1,1310.0402687166772,5240.161074866707,0.0,526.1121719166174,0.0,0.1004,0.0,0.1004,0.0,0.1004,False,False,False,False,True,0,1,,0,1,True,,0.5977709105471565,,1.594658143,,1.594658143,,,,,0.2500000000000001,,0.5977709105471565,,,,,False,True,10,,,,,,,,,194.91709818857,27.854942862280005,GiC,0.01267,16.34,17.112,0.77199936,16.475,15.712,15.338,15.056,0.7630005,1.1370001,19.979999542236328,0.207,90.0,SIMBAD,C,2006AJ....131.1163S,,-18.66,False,2.497499942779541,Members of systems,,5347.782336170842,False,1.2376674440486587e+18,4.427285,3.2375340032278377,16.47558,15.7564,15.36265,0.003993998,0.003255572,0.003452432,0.03462779,0.02395535,0.01780139,16.440952210000003,15.73244465,15.34484861,True,0.7085075600000028,1.0961036000000028,16.47495,15.7117,15.33763,0.003966227,0.003229247,0.003432823,16.44032221,15.68774465,15.31982861,16.012932749599997,0.0025240758921553,"SDSS(cModelMag g,r)",16.012932749599997,SDSS,Vmag_sdss,1.0961036000000028,0.7085075600000028,SDSS(cModel extcorr),-18.987067250400003,2.497499942779541,3.2375340032278377,SDSS,False,3.2,10.36010881032908,,,,1.0961036000000028,g-i,12.42,0.6216216358636538,90.0,6.333173914566013,9.58625784932954,6.333173914566013,NGC 4874,7.274704755144369,6283899.296861078,6.959660546582788,4.838479206817263,3.5815545330176044,6.959660546582788,,,1.4708547584576028,0.12380338454239714,,,,,1.4911197884579228,0.10353835454207716,,,,,0.5925760718358964,0.00519483871126003,,,0.0026294257446807553
NGC 4894,45,240,2271.664052014381,9086.656208057524,2911.0558830332157,10736.307469171108,1.2814640793614966,1.1815465693145482,0.987,0.885,1.2814640793614966,1.1815465693145482,True,True,True,True,True,42,229,1.524564366,42,229,True,0.5758361847708272,0.552776004507905,1.524564366,1.521821928,1.565681194785714,1.5460524563842792,0.023060180262922225,0.019628738401434864,0.002742437999999847,0.2711412551654468,0.25,24.185119760374743,126.58570503231024,0.24467382553380532,0.2404599667153649,0.2838864926574968,0.25391923397007987,True,True,10,0.5797229537733344,0.03697657267432107,0.5797229537733344,0.03697657267432107,,,,,195.06883071401,27.967522811130003,AG?,0.01547,15.04,16.106,1.0660009,15.602,14.896,14.534,14.267,0.7060003,1.0679998,36.62639999389648,0.272928,35.0,SIMBAD,B,2023ApJS..269....3M,,-19.96,True,4.5782999992370605,Other,,11928.963265800565,False,1.237667444048724e+18,7.417125,5.026950107692628,15.47466,14.59419,14.4706,0.002852344,0.002355901,0.002581416,0.03352223,0.02319052,0.01723304,15.44113777,14.57099948,14.45336696,True,0.8701382899999999,0.9877708100000008,15.34952,14.59441,14.31139,0.002860983,0.002355902,0.002606179,15.31599777,14.57121948,14.29415696,14.9177561789,0.0018165043200105,"SDSS(cModelMag g,r)",14.9177561789,SDSS,Vmag_sdss,0.9877708100000008,0.8701382899999999,SDSS(cModel extcorr),-20.0822438211,4.5782999992370605,5.026950107692628,SDSS,False,3.2,16.08624034461641,,,,0.9877708100000008,g-i,16.37568,0.44710045220739375,35.0,9.024995908507309,1.945041173130947,1.945041173130947,NGC 4889,5.4354458715513445,237850552.81894642,7.512870849978578,6.812002554574852,7.824452941874135,7.512870849978578,1.5351127994660203,-0.010548433466020413,1.4744769282400823,0.047344999759917794,0.06182257468585489,-0.059080136685855045,1.5552052970054764,0.01047589778023772,1.4960278220932757,0.05002463429100357,0.05724360734412448,-0.03761486894268962,0.5465233367713681,0.029312847999459102,0.5906420176509918,-0.037866013143086796,-0.03956323749098517,0.0626234177539074,0.1366236637711672
NGC 4886,750,1607,5816.59389665746,23266.375586629827,11873.093072042675,34157.81857845355,2.041244976525801,1.4681194520938863,1.0,0.94,2.041244976525801,1.4681194520938863,True,True,True,True,True,714,1498,1.616305986,714,1498,True,0.45787220533010303,0.45003111834313475,1.616305986,1.6358177445,1.6468093123879555,1.651186508128171,0.007841086986968282,-0.004377195740215445,-0.019511758499999976,0.3475951792639392,0.25000000000000017,326.92075460569356,674.1466152780158,0.27974548486442086,0.281320048929066,0.3141826751335895,0.32839757864175173,True,True,10,0.4593689783929904,0.010837004341856646,0.4593689783929904,0.010837004341856646,,,,,195.01853930586,27.98758513112,EmG,0.02125,14.294,15.1,0.8060007,14.837,14.07,13.673,13.374,0.7670002,1.1639996,52.4088020324707,0.575012,58.0,SIMBAD,B,2023ApJS..269....3M,,-20.706001,True,6.551100254058838,Regular galaxies,,23282.406744504948,False,1.237667324334637e+18,6.733684,6.629144494245015,14.71528,13.93851,13.60319,0.002147604,0.001930202,0.001987001,0.0307274,0.02125707,0.01579629,14.6845526,13.91725293,13.58739371,True,0.7672996699999999,1.097158890000001,14.70607,13.93849,13.5616,0.002147679,0.001930202,0.001988238,14.6753426,13.91723293,13.54580371,14.2218457947,0.0014395209060958,"SDSS(cModelMag g,r)",14.2218457947,SDSS,Vmag_sdss,1.097158890000001,0.7672996699999999,SDSS(cModel extcorr),-20.7781542053,6.551100254058838,6.629144494245015,SDSS,False,3.2,21.213262381584048,,,,1.097158890000001,g-i,34.50072,0.6583001072725252,58.0,6.569382104886389,1.024666966590929,1.024666966590929,NGC 4889,3.005746076700202,1620503836.8985834,4.951124720564601,5.081365527295721,6.316685581679086,4.951124720564601,1.5473378300937912,0.06896815590620875,1.4767785713106165,0.15903917318938343,0.07126561757491556,-0.09077737607491554,1.5721688176105912,0.07464049477736423,1.4991465443744343,0.15203996375373663,0.07039109275871169,-0.07476828849892714,0.5325762676728418,-0.0747040623427388,0.5894130574751725,-0.13938193913203772,-0.0508745451217088,0.058715632108677085,0.09592254537783551
NGC 4872,171,718,1522.974951960899,6091.899807843597,1522.974951960899,6091.899807843597,1.0,1.0,1.0,1.0,1.0,1.0,True,True,True,True,True,162,693,1.5895729090000001,162,693,True,0.5155355662763484,0.5409713688329688,1.5895729090000001,1.547809648,1.595592862808642,1.5619048470057717,-0.025435802556620368,0.033688015802870286,0.04176326100000005,0.24999999999999997,0.24999999999999997,83.51676173676844,374.89315860124736,0.25006050875537633,0.25007102593978614,0.28489228278111195,0.28989698298314504,True,True,10,0.517021285377217,0.019620572258581114,0.517021285377217,0.019620572258581114,,,,,194.89217171503,27.94685519906,AGN,0.02395,14.1,14.7,0.5999994,15.141,14.305,13.908,13.583,0.8359995,1.2329998,34.20000076293945,0.4,171.0,SIMBAD,D,2008ApJS..175...86P,,-20.9,True,4.275000095367432,Active (AGN/Seyfert/QSO),,17067.662871420504,False,1.2376674440486584e+18,3.66361,3.2854048505957945,15.09876,14.28353,13.83417,0.002393065,0.002126852,0.002146294,0.03174773,0.02196293,0.01632081,15.06701227,14.26156707,13.81784919,True,0.8054452000000012,1.2491630800000006,15.09115,14.2712,13.86226,0.002384469,0.002119282,0.002147931,15.05940227,14.24923707,13.84593919,14.581799602,0.0015928899909877,"SDSS(cModelMag g,r)",14.581799602,SDSS,Vmag_sdss,1.2491630800000006,0.8054452000000012,SDSS(cModel extcorr),-20.418200398,4.275000095367432,3.2854048505957945,SDSS,False,3.2,10.513295521906542,,,,1.2491630800000006,g-i,24.0,0.7017543703100557,171.0,0.8221462634038075,7.7176510899557575,0.8221462634038075,NGC 4874,4.129079699002495,1973715313.1549392,2.335873126069854,3.0611889553508695,3.0665392548997885,2.335873126069854,1.5410145355737879,0.048558373426212276,1.4755880657439595,0.07222158225604058,0.06638128287092626,-0.02461802187092621,1.5633945789073673,0.03219828390127466,1.4975334114416574,0.06437143556411429,0.06359066623994053,-0.029902650437070244,0.5397902721433484,-0.02425470586699996,0.5900487268147165,-0.04907735798174773,-0.04502386615547799,0.01958806359885762,0.17108811660044665
NGC 4865,0,0,1910.2740534945794,7641.096213978318,0.0,0.0,0.0,0.0,0.0,0.0,0.0,0.0,False,False,False,False,False,0,0,,0,0,True,,,,,,,,,,,0.25,,,,,,,False,False,10,,,,,,,,,194.83280739129,28.08430245029,EmG,0.01528,13.692,14.6,0.908,14.261,13.468,13.037,12.729,0.79299927,1.224,73.39920043945312,0.624383,115.0,SIMBAD,B,2023ApJS..269....3M,,-21.307999,True,9.17490005493164,Regular galaxies,,23617.47217651173,False,1.2376673243345715e+18,6.145326,4.314469660766079,14.35781,13.49159,13.13639,0.002000163,0.001844716,0.001876281,0.03386509,0.02342771,0.0174093,14.32394491,13.46816229,13.1189807,True,0.8557826199999994,1.20496421,14.30048,13.45579,13.07131,0.001977089,0.001821732,0.001855465,14.26661491,13.43236229,13.0539007,13.8090331642,0.0013627494051976,"SDSS(cModelMag g,r)",13.8090331642,SDSS,Vmag_sdss,1.20496421,0.8557826199999994,SDSS(cModel extcorr),-21.1909668358,9.17490005493164,4.314469660766079,SDSS,False,3.2,13.806302914451454,,,,1.20496421,g-i,37.46298,0.5104003827794167,115.0,8.277217331995425,12.436812404650695,8.277217331995425,NGC 4874,9.926819475472701,2834538.6060434026,8.454716833636692,11.006890990480466,11.643385210055836,8.454716833636692,,,,,,,,,,,,,,,,,,,
NGC 4873,566,1865,5928.15145370987,23712.605814839477,5928.15145370987,23712.605814839477,1.0,1.0,1.0,1.0,1.0,1.0,True,True,True,True,True,554,1816,1.5664786904999999,554,1816,True,0.5232335768620482,0.5305970706020591,1.5664786904999999,1.552383845,1.5751941100108302,1.5686147561795154,-0.007363493740010885,0.006579353831314805,0.014094845499999842,0.25000000000000006,0.25000000000000006,289.8714015815747,963.5642802133393,0.2598124722525059,0.26110484066957246,0.3052149778286288,0.3017364805385471,True,True,10,0.5233194396453862,0.010602073415829959,0.5233194396453862,0.010602073415829959,,,,,194.88664867224,27.98361769396,EmG,0.01943,14.36,15.4,1.04,14.94,14.138,13.737,13.444,0.80200005,1.2029991,24.18000030517578,0.339,85.0,SIMBAD,C,2006AJ....131.1163S,,-20.64,True,3.0225000381469727,Regular galaxies,,9843.600725478636,False,1.2376674440486584e+18,6.776,5.920350224852851,14.79966,14.0643,13.58516,0.002274498,0.002038532,0.002055469,0.02887073,0.01997264,0.01484181,14.77078927,14.04432736,13.57031819,True,0.7264619100000012,1.2004710799999998,14.83407,14.04072,13.6358,0.002263589,0.002025374,0.002055678,14.80519927,14.02074736,13.62095819,14.332176743099998,0.001521909141096,"SDSS(cModelMag g,r)",14.332176743099998,SDSS,Vmag_sdss,1.2004710799999998,0.7264619100000012,SDSS(cModel extcorr),-20.6678232569,3.0225000381469727,5.920350224852851,SDSS,False,3.2,18.945120719529125,,,,1.2004710799999998,g-i,20.34,0.8411910563808462,85.0,1.5974341779075851,7.803757355433282,1.5974341779075851,NGC 4874,4.319723223776247,272212924.176568,2.281312971202051,4.493711521141899,4.977491715173646,2.281312971202051,1.5453996506183814,0.021079039881618522,1.4764136644654022,0.07597018053459781,0.06976849969682891,-0.05567365419682907,1.5694793889728555,0.005714721037974657,1.498652096245927,0.0699626599335883,0.0683066655568757,-0.061727311725560896,0.5347874623840829,-0.011553885522034735,0.5896078991456267,-0.05901082854356765,-0.04908122901826173,0.041717735278250845,0.14430958471134905
NGC 4898A,91,224,3334.513990825004,13338.055963300018,3334.513990825004,14352.121568109385,1.0,1.076027991455396,1.0,0.9188,1.0,1.076027991455396,True,True,True,True,True,82,214,1.6119158395,82,214,True,0.47026668165751057,0.568599619663023,1.6119158395,1.4872981410000001,1.6544083229390245,1.5198220705280372,-0.0983329380055124,0.13458625241098732,0.12461769849999982,0.23233596336268086,0.24999999999999997,38.56186789591587,121.68031860788692,0.2829207614011866,0.24510020591945994,0.3346656226583969,0.2837767951563077,True,True,10,0.47480505063502687,0.027064558337335873,0.47480505063502687,0.027064558337335873,,,,,195.07366377992,27.95526275171,GiC,0.02291,13.862,15.0,1.1379995,14.544,13.772,13.361,13.057,0.77199936,1.1829996,31.6200008392334,0.432,85.0,SIMBAD,C,2006AJ....131.1163S,,-21.138,True,3.952500104904175,Members of systems,,15113.913266434003,False,1.237667444048724e+18,5.481787,4.4979517106256175,14.56954,13.79776,13.41057,0.002162378,0.001929308,0.001974395,0.03344134,0.02313457,0.01719146,14.53609866,13.77462543,13.39337854,True,0.76147323,1.14272012,14.53884,13.76106,13.36086,0.002137342,0.00190748,0.001956161,14.50539866,13.73792543,13.34366854,14.0768294543,0.0014428178107379,"SDSS(cModelMag g,r)",14.0768294543,SDSS,Vmag_sdss,1.14272012,0.76147323,SDSS(cModel extcorr),-20.9231705457,3.952500104904175,4.4979517106256175,SDSS,False,3.2,14.393445474001975,,,,1.14272012,g-i,25.919999999999998,0.819734323594294,85.0,9.271068405022081,2.4863009828800005,2.4863009828800005,NGC 4889,5.743936092994074,114536085.6124651,7.821480735838882,6.863349057626816,7.785409517046283,7.821480735838882,1.5498853265001786,0.06203051299982132,1.4772581960763536,0.010039944923646571,0.07323339324417216,0.051384305255827656,1.575703737816275,0.07870458512274947,1.4997964350819246,0.020025635446112577,0.07313081365320234,0.061455438757784975,0.5296699266181681,-0.059403244960657575,0.5891569622778009,-0.02055734261477793,-0.05323163660214675,-0.04510130140336566,0.037813102878487576
NGC 4898B,73,150,2156.619001437156,8626.476005748624,2156.619001437156,10011.439331015921,1.0,1.1605479832488224,1.0,0.9498,1.0,1.1605479832488224,True,True,True,True,True,64,143,1.608683179,64,143,True,0.46533487170071963,0.5672054619697782,1.608683179,1.488455252,1.6606889273124998,1.5289206927762238,-0.10187059026905854,0.13176823453627606,0.12022792699999996,0.2154154792464103,0.25,29.781431788846056,81.11038106167828,0.29360220897594386,0.24582152693940806,0.34491551306640994,0.28663571446436714,True,True,10,0.4677137402207435,0.03463245750699546,0.4677137402207435,0.03463245750699546,,,,,195.07540991934,27.956592492190005,GiC,0.02124,14.333,15.284,0.9510002,15.528,14.72,14.257,14.034,0.8079996,1.2709999,23.71422004699707,0.229277,143.0,SIMBAD,B,2023ApJS..269....3M,,-20.667,True,2.964277505874634,Members of systems,,10530.1203642135,False,1.237667444048724e+18,4.745432,4.300018683606119,15.44832,14.66071,14.28996,0.002791024,0.002316615,0.002410867,0.03351657,0.02318661,0.01723013,15.41480343,14.63752339,14.27272987,True,0.7772800400000008,1.14207356,15.41488,14.63501,14.2501,0.002757302,0.002302538,0.002399149,15.38136343,14.61182339,14.23286987,14.9462082064,0.0017825874247805,"SDSS(cModelMag g,r)",14.9462082064,SDSS,Vmag_sdss,1.14207356,0.7772800400000008,SDSS(cModel extcorr),-20.0537917936,2.964277505874634,4.300018683606119,SDSS,False,3.2,13.760059787539582,,,,1.14207356,g-i,13.75662,0.5801000400914302,143.0,9.361824069433174,2.525822445468637,2.525822445468637,NGC 4889,5.825587395626785,109267261.53099062,7.904453350781524,6.970871504804305,7.899177969894845,7.904453350781524,1.534612983806552,0.07407019519344793,1.474382826451368,0.014072425548631973,0.061436499521489996,0.05879142747850996,1.55451175001191,0.10617717730058973,1.4959003143363532,0.0330203784398706,0.05670607747668077,0.07506215705959529,0.5470935573091631,-0.08175868560844346,0.5906922632135134,-0.023486801243735256,-0.039100779043637346,-0.06276981122542119,0.032348541997834206
NGC 4908,125,214,4521.805099126582,18087.220396506324,4521.805099126582,17530.134008293928,1.0,0.9692,1.0,0.9692,1.0,0.9692,True,True,True,True,True,121,212,1.57837959,121,212,True,0.49319028880793436,0.6435744451321272,1.57837959,1.4120889380000001,1.6293408623636363,1.436407192193396,-0.15038415632419289,0.1929336701702402,0.16629065199999982,0.2579446966570368,0.25000000000000006,59.676024945760055,136.43778236801097,0.27461034301548837,0.20766440212308193,0.299545645031201,0.28449958644459133,True,True,10,0.491243245033829,0.02388137459439533,0.491243245033829,0.02388137459439533,,,,,195.21476199117,28.04287393961,LIN,0.0291601732022224,13.58,14.9,1.3199997,14.4498,13.6108,13.173,12.884,0.83899975,1.2767992,57.34199905395508,0.666983,57.0,SIMBAD,B,2023ApJS..269....3M,,-21.42,True,7.167749881744385,Active (AGN/Seyfert/QSO),,34623.26656031884,False,1.2376673243347026e+18,6.996706,5.6766798692894485,14.39785,13.60594,13.14518,0.001954095,0.001809066,0.001801665,0.03499835,0.0242117,0.01799189,14.36285165,13.5817283,13.12718811,True,0.7811233499999997,1.2356635399999991,14.41202,13.59609,13.16484,0.001948188,0.001803014,0.001802313,14.37702165,13.5718783,13.14684811,13.8919888735,0.0013345866287514,"SDSS(cModelMag g,r)",13.8919888735,SDSS,Vmag_sdss,1.2356635399999991,0.7811233499999997,SDSS(cModel extcorr),-21.108011126500003,7.167749881744385,5.6766798692894485,SDSS,False,3.2,18.165375581726234,,,,1.2356635399999991,g-i,40.01898,0.6978999801235523,57.0,17.474909905471062,10.371261002423463,10.371261002423463,NGC 4889,13.90681024752937,1764223.2490023565,15.843472882463004,15.687381709728466,16.761282024874784,15.843472882463004,1.5531324137873337,0.025247176212666256,1.4778695349090696,-0.06578059690906946,0.07574155747301875,0.09054909452698107,1.5802094142255543,0.04913144813808201,1.5006247981167224,-0.06421760592332637,0.07662291392252879,0.11631075624771142,0.5259654491291694,-0.032775160321235064,0.5888305384769266,0.05474390665520068,-0.056236030155598304,-0.09414812616859458,0.044174269002224716
NGC 4906,107,60,5695.179993967298,22780.71997586919,5695.179993967298,17090.096125897064,1.0,0.7501999999999999,1.0,0.7502,1.0,0.7502,True,False,False,True,True,98,53,1.5975997419999999,98,53,True,0.5090242948400491,0.559227777599548,1.5975997419999999,1.472442075,1.627556080846939,1.5405981278113208,-0.05020348275949893,0.08695795303561815,0.12515766699999986,0.33324446814182895,0.25000000000000006,49.88438089432481,29.639072212776046,0.2705422297329151,0.2803056628189362,0.29847532964136153,0.34839995974688553,True,True,10,0.5084097150158676,0.028890347037943947,0.5084097150158676,0.028890347037943947,,,,,195.16566822405,27.923956527790004,G,0.02502,14.08,15.2,1.1199999,14.8718,14.015,13.613,13.304,0.8568001,1.2588005,40.18302154541016,0.581649,10.0,SIMBAD,B,2023ApJS..269....3M,,-20.92,True,5.0228776931762695,Regular galaxies,,20922.29806972467,False,1.2376674440487242e+18,6.121517,5.710892442779653,14.70623,14.02911,13.55231,0.00223731,0.001985066,0.002017172,0.03238968,0.02240703,0.01665082,14.67384032,14.00670297,13.53565918,True,0.6671373500000009,1.1381811400000004,14.76267,14.00413,13.58521,0.00222274,0.001970411,0.002009759,14.73028032,13.98172297,13.56855918,14.2702292835,0.0014876550348944,"SDSS(cModelMag g,r)",14.2702292835,SDSS,Vmag_sdss,1.1381811400000004,0.6671373500000009,SDSS(cModel extcorr),-20.7297707165,5.0228776931762695,5.710892442779653,SDSS,False,3.2,18.27485581689489,,,,1.1381811400000004,g-i,34.898939999999996,0.8684996463135876,10.0,14.303675424398637,7.683317025303405,7.683317025303405,NGC 4889,10.896480183182728,4208647.047333927,12.950768903990348,11.59475844941888,12.248639443753294,12.950768903990348,1.5464878792295884,0.051111862770411465,1.4766185485199625,-0.004176473519962531,0.07060908568484175,0.05454858131515811,1.5709894210563213,0.05656665979061759,1.4989297137767212,0.04166841403459953,0.06947700780216065,0.0174809452334575,0.5335459440519308,-0.024521649211881713,0.5894985014953401,-0.030270723895792107,-0.050088121268163865,-0.00011536149133506424,0.003685415144413742
IC 3968,31,106,737.8700913065138,2951.4803652260553,737.8700913065138,2951.4803652260553,1.0,1.0,1.0,1.0,1.0,1.0,True,True,True,True,True,30,105,1.6773184035,30,105,True,0.4368866880522942,0.5786742763072679,1.6773184035,1.545166802,1.6830621542000002,1.539474324990476,-0.14178758825497367,0.14358782920952406,0.13215160149999994,0.25,0.25,13.106600641568825,60.76079901226313,0.2906935530553596,0.22101054992684746,0.3212748477600299,0.24046662224973947,True,True,10,0.43864658379376026,0.051971549031500315,0.43864658379376026,0.051971549031500315,,,,,194.85620569633,27.97320929685,EmG,0.02033,15.32,16.795,1.4750004,16.049,15.263,14.883,14.595,0.78600025,1.1659994,25.70639991760254,0.234956,46.0,SIMBAD,B,2023ApJS..269....3M,,-19.68,True,3.2132999897003174,Regular galaxies,Sa:,10937.764362427635,False,1.2376674440486584e+18,3.370826,2.5868828692015797,16.11325,15.32203,14.93424,0.003265347,0.002761985,0.002858132,0.03228942,0.02233767,0.01659928,16.08096058,15.29969233,14.91764072,True,0.7812682500000001,1.163319859999998,16.08525,15.28769,14.91323,0.003244352,0.002744535,0.002842484,16.052960579999997,15.26535233,14.89663072,15.6100123125,0.0021089966512832,"SDSS(cModelMag g,r)",15.6100123125,SDSS,Vmag_sdss,1.163319859999998,0.7812682500000001,SDSS(cModel extcorr),-19.389987687500003,3.2132999897003174,2.5868828692015797,SDSS,False,3.0,7.760648607604738,,,,1.163319859999998,g-i,14.09736,0.5483988440694407,46.0,2.4070929719197043,9.410032222679204,2.4070929719197043,NGC 4874,5.840027155534421,80578508.25872569,3.75999678076209,5.439773011723768,5.541774035298311,3.75999678076209,1.5229519629162813,0.15436644058371862,1.472187371180567,0.07297943081943292,0.05242911755657981,0.07972248394342013,1.5383308524606658,0.14473130173933435,1.4929254763356263,0.04654884865484976,0.044165159851021984,0.09942266935850208,0.5603971693055626,-0.12351048125326841,0.5918645245124737,-0.013190248205205868,-0.02831132594578467,-0.113476262309189,0.03646060607376259
IC 3955,4,72,4881.61264482038,19526.450579281514,1258.4797398346939,8525.248322914309,0.2578,0.4366,0.2578,0.4366,0.2578,0.4366,False,False,False,True,True,4,67,1.6930430324999999,4,67,True,0.4419833208480116,0.5438180774974328,1.6930430324999999,1.483589703,1.6267834465,1.5229089344179103,-0.10183475664942121,0.10387451208208964,0.20945332949999984,0.14761795693999089,0.2500000000000001,1.7679332833920465,36.435811192327996,0.31004896483970384,0.2537460938883882,0.38346973304427434,0.3191256167373952,False,True,10,,,,,,,,,194.77512315877,27.99670897925,GiC,0.02557,14.31,15.591,1.2809992,15.059,14.2273,13.806,13.5935,0.8317003,1.2530003,43.19741821289063,0.520313,37.0,SIMBAD,B,2023ApJS..269....3M,,-20.689999,True,5.399677276611328,Members of systems,SB0,22970.942107715884,False,1.237667444048593e+18,6.792245,5.796123975447121,14.9788,14.17417,13.7218,0.00237146,0.002062952,0.002107351,0.03477185,0.024055,0.01787545,14.94402815,14.150115,13.70392455,True,0.7939131499999998,1.2401035999999994,14.98426,14.16541,13.76454,0.002362423,0.002057863,0.002108699,14.94948815,14.141355,13.74666455,14.465619391499995,0.0015578184864595,"SDSS(cModelMag g,r)",14.465619391499995,SDSS,Vmag_sdss,1.2401035999999994,0.7939131499999998,SDSS(cModel extcorr),-20.5343806085,5.399677276611328,5.796123975447121,SDSS,False,3.0,17.388371926341364,,,,1.2401035999999994,g-i,31.218780000000002,0.7227001355993988,37.0,6.927529747294869,13.753045835834664,6.927529747294869,NGC 4874,10.271723935975638,3961395.0487366505,8.20343859811122,9.927659769217453,9.865372098178721,8.20343859811122,1.5430554688087994,0.14998756369120048,1.4759723183467397,0.0076173846532603395,0.06795777136070902,0.14149555813929082,1.566226589234371,0.06055685726562898,1.498054073037378,0.02485486138053239,0.06578560061323396,0.03808891146885568,0.5374618496043062,-0.09547852875629459,0.5898435554950114,-0.04602547799757861,-0.046912255999061736,-0.054922500650359474,0.008319886211148904
IC 3998,110,556,3084.466585706263,12337.86634282505,3084.466585706263,12337.86634282505,1.0,1.0,1.0,1.0,1.0,1.0,True,True,True,True,True,106,541,1.469100984,106,541,True,0.5890139760971506,0.5605914452772566,1.469100984,1.524537093,1.5241845811226415,1.5469527714288354,0.028422530819893987,-0.022768190306193814,-0.055436108999999956,0.25000000000000006,0.25000000000000006,62.43548146629796,303.2799718949958,0.22863515161056688,0.2395617490571469,0.2496545164252005,0.2746257100909446,True,True,10,0.5916543828701606,0.022680262391648064,0.5916543828701606,0.022680262391648064,,,,,194.94492123014,27.97385772552,G,0.03142,14.61,15.909,1.2990007,15.3933,14.5528,14.139,13.854,0.8404999,1.2543001,35.339820861816406,0.43574,7.0,SIMBAD,B,2023ApJS..269....3M,,-20.39,True,4.417477607727051,Regular galaxies,SB0,22929.32790588228,False,1.2376674440486584e+18,5.116478,4.553736992641008,15.48041,14.66306,14.27212,0.002716808,0.002324977,0.002409557,0.02731829,0.01889867,0.01404374,15.45309171,14.64416133,14.25807626,True,0.8089303799999996,1.1950154499999996,15.44581,14.62817,14.25422,0.002696275,0.002306417,0.002395132,15.41849171,14.60927133,14.24017626,14.9658227858,0.0017670355449308,"SDSS(cModelMag g,r)",14.9658227858,SDSS,Vmag_sdss,1.1950154499999996,0.8089303799999996,SDSS(cModel extcorr),-20.0341772142,4.417477607727051,4.553736992641008,SDSS,False,3.0,13.661210977923025,,,,1.1950154499999996,g-i,26.1444,0.7398000148961769,7.0,2.5970946098972965,4.710113721038631,2.5970946098972965,NGC 4874,1.1818856405573146,79138128.74996634,0.9643724024103008,2.5680610700511366,3.7188325498652235,0.9643724024103008,1.5342684152538189,-0.06516743125381885,1.4743179534996456,0.05021913950035439,0.06117034267323718,-0.11660645167323713,1.5540336247685353,-0.029849043645893802,1.4958124116017495,0.05114035982708587,0.05633550907817758,-0.0791036993843714,0.5474866623704489,0.04152731372670171,0.5907269020657211,-0.03013545678846452,-0.038781964226847876,0.06720449504674186,0.06944015050161989
IC 4011,52,41,178.65830649883225,714.633225995329,322.0479675506748,1126.1369909352345,1.8025916279060878,1.5758251225539788,1.0,0.9794,1.8025916279060876,1.5758251225539788,True,True,True,True,True,33,41,1.857849376,33,41,True,0.3034015424146095,0.5521333355264436,1.857849376,1.479576218,1.809048930909091,1.5506967939512195,-0.24873179311183413,0.2583521369578714,0.37827315800000005,0.28597583610429167,0.25,10.012250899682114,22.63746675658419,0.2713080723152839,0.26463855685760496,0.3019360674311204,0.29382905356338906,True,True,10,0.3056083012936427,0.045697746803091875,0.3056083012936427,0.045697746803091875,,,,,195.02664187002,28.004124776700003,G,0.02425,15.05,16.207,1.1570005,15.678,14.916,14.517,14.233,0.7620001,1.1610003,17.219999313354492,0.258,15.0,SIMBAD,C,2006AJ....131.1163S,,-19.95,True,2.1524999141693115,Regular galaxies,E1,8698.200669748132,False,1.237667324334637e+18,1.014002,0.9942091823348834,16.62321,15.84426,15.45266,0.00354938,0.003090188,0.003090666,0.03155479,0.02182946,0.01622163,16.59165521,15.82243054,15.43643837,True,0.7692246699999981,1.1552168399999996,16.62722,15.84291,15.44673,0.003547512,0.003078342,0.003082022,16.59566521,15.82108054,15.43050837,16.127812654699998,0.0023327748278016,"SDSS(cModelMag g,r)",16.127812654699998,SDSS,Vmag_sdss,1.1552168399999996,0.7692246699999981,SDSS(cModel extcorr),-18.8721873453,2.1524999141693115,0.9942091823348834,SDSS,False,3.2,3.181469383471627,,,,1.1552168399999996,g-i,15.48,0.8989547396784688,15.0,7.2898824379249545,1.6688801879551816,1.6688801879551816,NGC 4889,3.859615205478872,377011525.4284291,5.6445996976052095,6.079873254215437,7.335571695374009,5.6445996976052095,1.5138557844625824,0.3439935915374177,1.4704748064644724,0.009101411535527681,0.045402909943675906,0.33287024805632415,1.5257089445632246,0.2833399863458663,1.490604954180655,0.06009183977056454,0.03438261801617232,0.2239695189416991,0.5707746508259828,-0.2673731084113733,0.592778946849081,-0.04064561132263733,-0.01989501388190984,-0.2288367792299243,0.07222029468648723
IC 4021,25,32,1382.2037624070351,5528.8150496281405,1382.2037624070351,5528.8150496281405,1.0,1.0,1.0,1.0,1.0,1.0,True,True,True,True,True,18,32,1.5082951135,18,32,True,0.6254985893253743,0.6676971586420897,1.5082951135,1.4218041024999999,1.4943994495555555,1.45521073865625,-0.042198569316715395,0.03918871089930542,0.08649101100000012,0.25,0.25,11.258974607856738,21.36630907654687,0.1807587415958073,0.20362166861680756,0.21102627731265847,0.23145478551490603,True,True,10,0.6250869918844384,0.04422059933420888,0.6250869918844384,0.04422059933420888,,,,,195.06145537668,28.04129991474,LIN,0.01912,14.75,15.974,1.224,15.4985,14.6876,14.269,13.968,0.81089973,1.2294998,25.321800231933597,0.362693,49.0,SIMBAD,B,2023ApJS..269....3M,,-20.25,True,3.165225028991699,Active (AGN/Seyfert/QSO),E3,10147.779409867928,False,1.237667324334637e+18,3.041007,2.828285123050337,15.40342,14.66715,14.24484,0.002457547,0.002221335,0.002240282,0.03434348,0.02375866,0.01765523,15.36907652,14.64339134,14.22718477,True,0.725685180000001,1.141891750000001,15.42407,14.66149,14.24243,0.002453489,0.002217651,0.002239004,15.38972652,14.63773134,14.22477477,14.930922263799998,0.0016531443376999,"SDSS(cModelMag g,r)",14.930922263799998,SDSS,Vmag_sdss,1.141891750000001,0.725685180000001,SDSS(cModel extcorr),-20.0690777362,3.165225028991699,2.828285123050337,SDSS,False,3.2,9.05051239376108,,,,1.141891750000001,g-i,21.76158,0.859400982579281,49.0,9.924647517951785,4.126548397941443,4.126548397941443,NGC 4889,6.68578316531927,25871383.722603098,8.285585263395243,8.96824937381079,10.228415969778471,8.285585263395243,1.5348815113651315,-0.026586397865131506,1.47443338293775,-0.05262928043775017,0.06164391963598859,0.02484709136401153,1.5548843603481701,-0.06048491079261464,1.4959688182857949,-0.04075807962954481,0.05699486711388785,-0.017806156214582425,0.5467872045049534,0.07871138482042084,0.590665268624653,0.07703189001743671,-0.0393492363207521,-0.002849332995963294,0.0060848480402840455
IC 4030,10,8,1020.7239285461353,4082.8957141845426,1020.7239285461353,4082.8957141845426,1.0,1.0,1.0,1.0,1.0,1.0,True,True,True,True,True,9,7,1.741008878,9,7,True,0.4172124511880703,0.7351270373544769,1.741008878,1.380944588,1.7212748588888889,1.4090051562857144,-0.3179145861664066,0.31226970260317444,0.36006428999999995,0.24999999999999992,0.24999999999999992,3.7549120606926327,5.145889261481338,0.31100412049682946,0.06475237864884775,0.27254311571740975,0.11502095973259918,False,True,10,,,,,,,,,195.1165418506,27.95599470558,G,0.02336,15.27,16.5,1.2299995,15.909,15.116,14.736,14.44,0.7930002,1.1730003,26.8411808013916,0.290645,12.0,SIMBAD,B,2023ApJS..269....3M,,-19.73,True,3.35514760017395,Regular galaxies,SB0,13074.57116618589,False,1.2376674440487242e+18,3.214207,2.7953293218139783,15.75536,15.07075,14.72363,0.00295596,0.002528128,0.00266926,0.03450034,0.02386717,0.01773587,15.72085966,15.04688283,14.70589413,True,0.6739768300000009,1.0149655299999996,15.83601,15.07099,14.70557,0.002963471,0.002528128,0.002669879,15.80150966,15.04712283,14.68783413,15.3132133303,0.0019218908618506,"SDSS(cModelMag g,r)",15.3132133303,SDSS,Vmag_sdss,1.0149655299999996,0.6739768300000009,SDSS(cModel extcorr),-19.6867866697,3.35514760017395,2.7953293218139783,SDSS,False,3.0,8.385987965441934,,,,1.0149655299999996,g-i,17.4387,0.6496994349479542,12.0,11.542040785274944,4.565895315467575,4.565895315467575,NGC 4889,7.99733748320981,18983923.767215718,10.077621936173255,9.104555489358457,9.970949398224786,10.077621936173255,1.528165819082341,0.21284305891765887,1.473168999470979,-0.09222441147097893,0.0564564831225729,0.30360780687742706,1.5455656283232426,0.17570923056564625,1.4942555809293039,-0.08525042464358945,0.04977243397443454,0.2624972686287399,0.5544488805501444,-0.13723642936207409,0.5913403850002191,0.1437866523542578,-0.033135488177548356,-0.28477909798885825,0.0043002892279716725
IC 4040,19,94,2465.3466584469743,9861.386633787897,2465.3466584469743,9861.386633787897,1.0,1.0,1.0,1.0,1.0,1.0,True,True,True,True,True,19,91,1.389583181,19,91,True,0.6263857676632035,0.5855222096543913,1.389583181,1.45814753,1.3833482305263156,1.464115288791209,0.04086355800881225,-0.08076705826489339,-0.06856434900000008,0.25,0.25,11.901329585600868,53.28252107854961,0.22843784666606287,0.25759935541082746,0.32749744904162675,0.31032785088415715,True,True,10,0.6283192189939888,0.05053190034208694,0.6283192189939888,0.05053190034208694,,,,,195.15820968252208,28.05746747143528,EmG,0.02553,15.04,15.1,0.06000042,15.2684,14.7118,14.641,14.302,0.5566006,0.6274004,44.41517639160156,0.294473,152.0,SIMBAD,B,2023ApJS..269....3M,,-19.96,True,5.551897048950195,Regular galaxies,Scd,23582.69984675301,False,,,,,,,,,,,,,,,,False,,,,,,,,,,,,,,,15.039999961853027,SIMBAD,,,,,-19.960000038146973,5.551897048950195,5.551897048950195,SIMBAD_proxy(maj/8),True,3.0,16.655691146850586,,,,0.0600004196166992,B-V,17.66838,0.39780051404548517,152.0,14.952516011317968,8.170947078353194,8.170947078353194,NGC 4889,11.49374385752144,3515663.4381460515,13.30521384728729,13.512247316411145,14.680742678674878,13.30521384728729,1.5329653476897787,-0.14338216668977877,1.4740726210730422,-0.015925091073042186,0.06016380753486106,-0.12872815653486114,1.5522254809572438,-0.16887725043092816,1.4954799865985273,-0.03136469780731832,0.05493411694149669,-0.13570117520639008,0.5489732822333417,0.07741248542986179,0.5908578970866226,-0.00533568743223134,-0.037576290512870036,0.07843984852168229,0.007750929675744119
2MASX J12592529+2758048,58,151,1096.7342654406837,4386.937061762734,1096.7342654406837,4386.937061762734,1.0,1.0,1.0,1.0,1.0,1.0,True,True,True,True,True,57,146,1.617165705,57,146,True,0.5038919332626467,0.5727946834993431,1.617165705,1.521834176,1.6313432904210527,1.5155984338561646,-0.06890275023669645,0.1157448565648882,0.09533152899999986,0.25000000000000006,0.25000000000000006,28.721840195970863,83.6280237909041,0.2583757639416154,0.23460413565788749,0.25790150568222703,0.2880204820584455,True,True,10,0.5038299606633284,0.03422781346353457,0.5038299606633284,0.03422781346353457,,,,,194.85554288412,27.96793530272,GiC,0.02571,15.59,17.055,1.4650002,16.205,15.399,15.024,14.746,0.80599976,1.1809998,27.22559928894043,0.252018,69.0,SIMBAD,B,2023ApJS..269....3M,,-19.41,False,3.4031999111175537,Members of systems,S...,14554.46396629703,False,1.2376674440486584e+18,3.895401,3.1338853299605423,16.22602,15.44426,15.08308,0.003544416,0.002906817,0.003070116,0.03289751,0.02275835,0.01691189,16.193122489999997,15.42150165,15.06616811,True,0.7716208399999971,1.1269543799999957,16.25363,15.44428,15.07672,0.003545425,0.002906817,0.003070455,16.22073249,15.42152165,15.05980811,15.727866194399995,0.0022479149216731,"SDSS(cModelMag g,r)",15.727866194399995,SDSS,Vmag_sdss,1.1269543799999957,0.7716208399999971,SDSS(cModel extcorr),-19.272133805600003,3.4031999111175537,3.1338853299605423,SDSS,False,3.0,9.401655989881627,,,,1.1269543799999957,g-i,15.121080000000001,0.5553993445478528,69.0,2.350342798744093,9.458336239252912,2.350342798744093,NGC 4874,5.867369879702429,86370699.46573423,3.795320634065584,5.332270504159892,5.366717249647854,3.795320634065584,1.5208816283609412,0.09628407663905869,1.4717975831032954,0.05003659289670459,0.05082991845466761,0.04450161054533225,1.5354580446977788,0.09588524572327395,1.4923973141817808,0.023201119674383763,0.04193860564445706,0.07380625092043114,0.562759134684594,-0.058867201421947346,0.5920726514936328,-0.019277967994289602,-0.026395732294774044,-0.04250701794192241,0.04336478853086005
LEDA 44602,16,39,1061.3312672933298,4245.325069173319,1061.3312672933298,4245.325069173319,1.0,1.0,1.0,1.0,1.0,1.0,True,True,True,True,True,13,39,1.379167522,13,39,True,0.6229433747336687,0.4992581619699828,1.379167522,1.55371721,1.499796715923077,1.582580026128205,0.12368521276368588,-0.08278331020512808,-0.17454968800000015,0.25,0.25,8.098263871537693,19.471068316829328,0.23896632818871272,0.3025556266935515,0.35028316749292915,0.36913795181799036,True,True,10,0.631559183553813,0.06099026512405328,0.631559183553813,0.06099026512405328,,,,,194.86970481719,28.04052671511,AG?,0.01876,16.033,16.995,0.9619999,16.142,15.367,14.989,14.695,0.7750006,1.1529999,16.979999542236328,0.159,10.0,SIMBAD,C,2006AJ....131.1163S,,-18.967,False,2.122499942779541,Other,,6679.580151249703,False,1.2376673243345715e+18,4.108369,3.0651745140028503,16.32349,15.46277,15.20181,0.003432369,0.002888707,0.002987799,0.0276596,0.01913479,0.0142192,16.2958304,15.44363521,15.1875908,True,0.8521951899999998,1.1082395999999992,16.24869,15.42865,15.09022,0.003410304,0.002870681,0.002968471,16.2210304,15.40951521,15.0760008,15.7830352379,0.0022102437730609,"SDSS(cModelMag g,r)",15.7830352379,SDSS,Vmag_sdss,1.1082395999999992,0.8521951899999998,SDSS(cModel extcorr),-19.2169647621,2.122499942779541,3.0651745140028503,SDSS,False,3.2,9.808558444809124,,,,1.1082395999999992,g-i,9.540000000000001,0.5618374709769602,10.0,5.114322390000249,9.48786280045,5.114322390000249,NGC 4874,6.710439138827572,10219808.521643868,5.181454843642449,7.7409828430027225,8.424834279947602,5.181454843642449,1.5199124759214822,-0.14074495392148223,1.4716151178756414,0.0821020921243587,0.0500813110825879,-0.22463099908258805,1.5341132433736075,-0.0343165274505306,1.4921500741217097,0.09042995200649528,0.0408963246105466,-0.12367963481567468,0.5638648035742437,0.05907857115942494,0.5921700786321537,-0.09291191666217086,-0.025499016227749638,0.14918422899143552,0.01230173594764928
GMP 3308,1,11,11.990301377524158,47.961205510096626,11.990301377524158,47.961205510096626,1.0,1.0,1.0,1.0,1.0,1.0,True,True,True,True,True,0,11,,0,11,True,,0.5498576835440077,,1.502821086,,1.500905810909091,,,,0.25000000000000006,0.25000000000000006,,6.0484345189840845,,0.2690283736142497,,0.31699220163683867,False,True,10,,,,,,,,,194.904625,27.97233333333333,G,0.0254,18.842,19.827,0.9850006,,,,17.18,,,1.63,,,NED,,,2007SDSS6.C...0000:,-16.158,False,0.20375,Regular galaxies,,861.1939840015141,False,1.2376674440486584e+18,0.244203,0.2442025115935115,19.70403,18.79249,18.31042,0.02178344,0.01549438,0.01698046,0.02840151,0.01964803,0.01460059,19.67562849,18.77284197,18.29581941,True,0.9027865199999994,1.3798090800000011,19.65594,18.79245,18.32617,0.01530694,0.0103765,0.01030636,19.627538490000003,18.77280197,18.31156941,19.1329844432,0.0127803329073071,"SDSS(cModelMag g,r)",19.1329844432,SDSS,Vmag_sdss,1.3798090800000011,0.9027865199999994,SDSS(cModel extcorr),-15.867015556800002,0.20375,0.2442025115935115,SDSS,False,3.2,0.7814480370992372,,,,1.3798090800000011,g-i,,1.0,0.0,0.8438193844712493,6.847369302714706,0.8438193844712493,NGC 4874,3.275995326230869,1827424138.854424,1.1955021679819942,3.3449326223621503,3.934501192612019,1.1955021679819942,,,1.4605355485085545,0.04228553749144548,,,,,1.4771372772666536,0.02376853364243736,,,,,0.5980860043861052,-0.048228320842097494,,,0.13051892843829407
GMP 3424,8,24,96.53461304324857,386.1384521729942,96.53461304324857,386.1384521729942,1.0,1.0,1.0,1.0,1.0,1.0,True,True,True,True,True,5,24,1.69026524,5,24,True,0.4495582516290601,0.5750471073465043,1.69026524,1.4763373555000001,1.6896240582000002,1.52241720475,-0.12548885571744423,0.1672068534500002,0.2139278844999999,0.25000000000000006,0.25000000000000006,2.2477912581453006,13.801130576316105,0.17215617953719622,0.24677929892592643,0.1100206825027758,0.2476572038911225,False,True,10,,,,,,,,,194.87218854122,27.942225323719995,GiC,0.018723,18.773,19.713,0.9399986,,,,16.6,,,4.07,,,NED,,,2007SDSS6.C...0000:,-16.227,False,0.50875,Members of systems,dE,1597.9678781737423,False,1.2376674440486587e+18,0.7651168,0.6929096452031184,19.4459,18.66516,18.09538,0.01389681,0.01033258,0.01118378,0.03378501,0.02337231,0.01736813,19.412114990000003,18.64178769,18.07801187,True,0.7703273000000017,1.3341031200000053,19.42248,18.66515,18.23525,0.01390406,0.01033258,0.01111262,19.38869499,18.64177769,18.21788187,18.947621883,0.0083443166513606,"SDSS(cModelMag g,r)",18.947621883,SDSS,Vmag_sdss,1.3341031200000053,0.7703273000000017,SDSS(cModel extcorr),-16.052378117,0.50875,0.6929096452031184,SDSS,False,3.2,2.217310864649979,,,,1.3341031200000053,g-i,,1.0,0.0,1.740950474354002,8.812489114538266,1.740950474354002,NGC 4874,5.222622061718022,210004062.8417536,3.371613128889898,4.02661869197651,3.7773626433075527,3.371613128889898,1.46432030552291,0.22594493447709008,1.4611486137277367,0.01518874177226337,0.007139966774037415,0.20678791772596247,1.4569732380228648,0.23265082017713534,1.4779679795520533,0.044449225197946696,-0.018890621674899633,0.18609747512489982,0.6272877810287638,-0.1777295293997037,0.5977586587827836,-0.02271155143627923,0.02593808527197211,-0.15142694098941634,0.0709543269855892
GMP 3016,0,0,2839.9329486985775,11359.731794794307,0.0,0.0,0.0,0.0,0.0,0.0,0.0,0.0,False,False,False,False,False,0,0,,0,0,True,,,,,,,,,,,0.25000000000000006,,,,,,,False,False,10,,,,,,,,,195.00431,28.081882,GiC,0.0259012519921365,17.69,,,18.097,17.801,17.62,17.598,0.29599953,0.47699928,,,,,,,,-17.31,False,,Members of systems,Sm,,False,1.2376673243346376e+18,4.326953,3.758279887606998,18.15024,17.79452,17.61773,0.01102482,0.01418379,0.02078182,0.03413647,0.02361546,0.01754881,18.11610353,17.77090454,17.60018119,True,0.3451989900000001,0.5159223399999995,18.08871,17.79452,17.61286,0.01104497,0.01418379,0.0207957,18.05457353,17.77090454,17.59531119,17.9024361259,0.0095111889708295,"SDSS(cModelMag g,r)",17.9024361259,SDSS,Vmag_sdss,0.5159223399999995,0.3451989900000001,SDSS(cModel extcorr),-17.0975638741,,3.758279887606998,SDSS,False,3.0,11.274839662820996,,,,0.5159223399999995,g-i,,1.0,0.0,9.240048633938718,6.481592608988784,6.481592608988784,NGC 4889,7.1160066883778645,7774952.545345972,7.829687434596076,9.541039211416281,10.805921175217025,7.829687434596076,,,,,,,,,,,,,,,,,,,
LEDA 44644,115,418,766.5836020182493,3066.334408072998,766.5836020182493,3066.334408072998,1.0,1.0,1.0,1.0,1.0,1.0,True,True,True,True,True,108,411,1.6566253605,108,411,True,0.45714661686781594,0.5433999145364322,1.6566253605,1.514872419,1.65341227375,1.5422076298832117,-0.08625329766861628,0.11120464386678841,0.14175294150000006,0.24999999999999992,0.24999999999999992,49.37183462172412,223.33736487447362,0.2583248557982846,0.2586310119317295,0.2661552844128908,0.3125716999450768,True,True,10,0.4568267444859083,0.024902254283882853,0.4568267444859083,0.024902254283882853,,,,,194.91524614901,27.95392092257,G,0.02679,15.59,16.99,1.3999996,16.304,15.505,15.137,14.871,0.79900074,1.1670008,17.399999618530273,0.18,,SIMBAD,E,2003A&A...412...45P,,-19.41,False,2.174999952316284,Regular galaxies,,9679.905540903545,False,1.2376674440486584e+18,3.810511,2.4784352700918784,16.24508,15.46987,15.10929,0.003544283,0.002971435,0.003119395,0.0298651,0.02066054,0.01535299,16.215214900000003,15.44920946,15.09393701,True,0.7660054400000025,1.1212778900000036,16.24361,15.46985,15.10885,0.003544733,0.002971435,0.00311957,16.213744900000002,15.44918946,15.09349701,15.753271690400002,0.002277100266552,"SDSS(cModelMag g,r)",15.753271690400002,SDSS,Vmag_sdss,1.1212778900000036,0.7660054400000025,SDSS(cModel extcorr),-19.2467283096,2.174999952316284,2.4784352700918784,SDSS,False,3.2,7.930992864294011,,,,1.1212778900000036,g-i,10.799999999999999,0.6206896687801332,0.0,0.9289221466799671,6.430505146456908,0.9289221466799671,NGC 4874,2.8350536957880212,1372257580.6332672,1.1815771307024896,2.1738467741859644,2.6968511977842033,1.1815771307024896,1.5204353310017336,0.13619002949826653,1.471713557364997,0.04315886163500293,0.050485182704501086,0.09126775879549898,1.534838759995806,0.11857351375419412,1.4922834594553132,0.04992417042789854,0.0414586323667277,0.06974601150006071,0.5632682982439245,-0.10612168137610861,0.5921175169584108,-0.048717602421978534,-0.025982792083948658,-0.06027050558466762,0.15874036869422314
IC 3973,42,27,1406.5553714063512,5626.221485625405,1406.5553714063512,5626.221485625405,1.0,1.0,1.0,1.0,1.0,1.0,True,True,True,True,True,39,27,1.603923056,39,27,True,0.5002661562810744,0.6550952679937782,1.603923056,1.414779798,1.6205506145641027,1.433900819814815,-0.15482911171270375,0.18664979474928756,0.18914325799999987,0.25,0.25,19.510380094961903,17.68757223583201,0.2558634582870928,0.18802583411136117,0.3035895790354003,0.2469069960568708,True,True,10,0.4974288613122466,0.04092373201381248,0.4974288613122466,0.04092373201381248,,,,,194.87842956411,27.88420618177,AG?,0.01571,14.03,15.2,1.1700001,14.891,14.089,13.698,13.384,0.80200005,1.1929998,49.60697937011719,0.516492,137.0,SIMBAD,B,2023ApJS..269....3M,,-20.970001,True,6.200872421264648,Other,SBa,16402.50192279089,False,1.2376674440486587e+18,3.882846,3.3463969849021917,14.89322,14.08936,13.69941,0.002220474,0.002004732,0.002069547,0.03677772,0.02544266,0.01890662,14.85644228,14.06391734,13.68050338,True,0.7925249399999998,1.1759388999999985,14.89146,14.08934,13.69809,0.002220656,0.002004732,0.002069685,14.85468228,14.06389734,13.67918338,14.3788525654,0.0014925865086144,"SDSS(cModelMag g,r)",14.3788525654,SDSS,Vmag_sdss,1.1759388999999985,0.7925249399999998,SDSS(cModel extcorr),-20.6211474346,6.200872421264648,3.3463969849021917,SDSS,False,3.0,10.039190954706571,,,,1.1759388999999985,g-i,30.98952,0.6247008060859238,137.0,4.630095084965553,9.939705478723015,4.630095084965553,NGC 4874,6.858647504069512,12799943.130756486,5.790262446436393,4.601499854529899,3.4467985883570593,5.790262446436393,1.5445796982651054,0.05934335773489452,1.4762592895840994,-0.061479491584099266,0.06913513970987062,0.12000811829012925,1.56834161851947,0.05220899604463258,1.4984429185553747,-0.0645420987405596,0.06742484268594878,0.11922495206333877,0.5357229146113075,-0.035456758330233096,0.5896903274698516,0.06540494052392654,-0.048322561527534114,-0.10650655018516964,0.004553551532926003
LEDA 126758,21,44,3019.629565623688,12078.51826249475,2851.1342358618863,7631.207838244183,0.9442,0.6318,0.9442,0.6318,0.9442,0.6318,True,False,False,True,True,20,41,1.532586964,20,41,True,0.5354342193975861,0.6377689034483769,1.532586964,1.396884201,1.5936927365,1.3465318559756099,-0.10233468405079083,0.24716088052439011,0.13570276300000006,0.37361506805951256,0.25000000000000006,10.70868438795172,26.14852504138345,0.27075504750474694,0.17909221111817936,0.3507441098566147,0.32600231572093513,True,True,10,0.5385032929491449,0.05674448164618482,0.5385032929491449,0.05674448164618482,,,,,195.09029099217,27.89855164897,EmG,0.01626,16.81,18.205,1.3950005,17.331,16.638,16.31,16.046,0.6929989,1.0209999,8.819999694824219,0.147,90.0,SIMBAD,C,2006AJ....131.1163S,,-18.19,False,1.1024999618530271,Regular galaxies,,3016.4020063244934,False,1.2376674440487242e+18,4.537534,3.875358740150076,17.49151,16.7759,16.45208,0.00679767,0.005393971,0.006219325,0.03168688,0.02192084,0.01628953,17.459823120000003,16.75397916,16.435790469999997,True,0.7058439600000028,1.024032650000006,17.33054,16.6378,16.30969,0.006680677,0.005299928,0.006107788,17.29885312,16.61587916,16.293400469999998,17.0333751836,0.0042303145164289,"SDSS(cModelMag g,r)",17.0333751836,SDSS,Vmag_sdss,1.024032650000006,0.7058439600000028,SDSS(cModel extcorr),-17.9666248164,1.1024999618530271,3.875358740150076,SDSS,False,3.2,12.401147968480243,,,,1.024032650000006,g-i,8.82,1.0,90.0,10.785306699293509,5.581717257033833,5.581717257033833,NGC 4889,7.78829727836003,10873950.45529427,9.67058081100148,7.838952834924759,8.276451122264664,9.67058081100148,1.4979478027705282,0.03463916122947186,1.4674797631846195,-0.07059556218461949,0.033115026340732934,0.10258773665926713,1.5036349405434768,0.09005779595652319,1.486546675844847,-0.14001481986923703,0.017274279915432345,0.22988660060895777,0.5889234576987578,-0.05348923830117169,0.594378147421453,0.04339075602692388,-0.005176026242403431,-0.0971586578083874,0.006939962416775113
IC 4051,1584,534,27799.4539116198,111197.81564647917,27799.4539116198,78261.02265199204,1.0,0.7038,1.0,0.7038,1.0,0.7038,True,False,False,True,True,1490,515,1.5183398129999999,1490,515,True,0.5675480571991284,0.6220738574548014,1.5183398129999999,1.437572751,1.535642886562416,1.459199667184466,-0.054525800255672996,0.07644321937795007,0.08076706199999983,0.35521454958795123,0.25000000000000006,845.6466052267012,320.3680365892227,0.241460404481673,0.22182813024629877,0.2785520390122131,0.27677479056204984,True,True,10,0.5682155184535117,0.0063904174508192645,0.5682155184535117,0.0063904174508192645,,,,,195.22692933466,28.007639484250003,EmG,0.01662,13.5,14.8,1.3000002,13.83,13.045,12.617,12.289,0.78499985,1.2130003,79.12799835205078,0.915775,103.0,SIMBAD,B,2023ApJS..269....3M,,-21.5,True,9.890999794006348,Regular galaxies,E3,27648.45590073015,True,1.2376673243347028e+18,16.32261,14.110691012813476,13.7839,13.09279,12.65764,0.001822794,0.001708321,0.001716669,0.03332343,0.02305299,0.01713084,13.75057657,13.06973701,12.64050916,True,0.680839559999999,1.1100674099999992,13.83039,13.04475,12.61681,0.001806036,0.001684989,0.00169446,13.79706657,13.02169701,12.59967916,13.3388812296,0.0012547536390096,"SDSS(cModelMag g,r)",13.3388812296,SDSS,Vmag_sdss,1.1100674099999992,0.680839559999999,SDSS(cModel extcorr),-21.6611187704,9.890999794006348,14.110691012813476,SDSS,False,4.8,67.73131686150468,,,,1.1100674099999992,g-i,54.9465,0.694400226776063,103.0,17.627269946582405,10.398940718506523,10.398940718506523,NGC 4889,14.012721219897164,1746533.0058117365,16.040313843896875,15.523522290152426,16.490726894251296,16.040313843896875,1.5628488342354994,-0.04450902123549949,1.4796988744400572,-0.04212612344005717,0.08324686177972085,-0.0024797997797210147,1.5936919733699049,-0.05804908680748877,1.503103549938903,-0.04390388275443691,0.08707249887768298,-0.010629279499732913,0.5148803572789244,0.052667699920203925,0.5878537643365669,0.034220093118234485,-0.06522622609907425,0.010700425843401251,0.009144885499027975
2MASX J12592265+2753488,29,40,746.8494357502033,2987.397743000814,746.8494357502033,2654.004154881923,1.0,0.8884,1.0,0.8884,1.0,0.8884,True,True,True,True,True,24,39,1.5659591955,24,39,True,0.5563641896214313,0.5688374743304944,1.5659591955,1.522989706,1.5563362045833333,1.5529280992051282,-0.01247328470906306,0.0034081053782051285,0.042969489500000124,0.2814047726249436,0.24999999999999992,13.352740550914351,22.18466149888928,0.24098264135452668,0.22411597729854685,0.274373429910316,0.23556428236959334,True,True,10,0.5559721576128949,0.04850955924397801,0.5559721576128949,0.04850955924397801,,,,,194.84424989072,27.89687078928,GiC,0.01719,15.33,16.504,1.1739998,15.976,15.198,14.824,14.587,0.7779999,1.1519995,21.11699867248535,0.26625,28.0,SIMBAD,B,2023ApJS..269....3M,,-19.67,False,2.639624834060669,Members of systems,SB0,7626.343064574979,False,1.2376674440486584e+18,2.459718,2.2158852578663,15.96707,15.21206,14.84526,0.003031227,0.002621046,0.002734322,0.03866027,0.02674499,0.0198744,15.92840973,15.18531501,14.8253856,True,0.7430947200000002,1.1030241300000014,15.97594,15.19837,14.82378,0.003020651,0.002612454,0.002727866,15.93727973,15.17162501,14.803905599999998,15.479983845199998,0.0019839267732674,"SDSS(cModelMag g,r)",15.479983845199998,SDSS,Vmag_sdss,1.1030241300000014,0.7430947200000002,SDSS(cModel extcorr),-19.520016154800004,2.639624834060669,2.2158852578663,SDSS,False,3.0,6.6476557735989,,,,1.1030241300000014,g-i,15.975,0.756499550327425,28.0,4.729345314929385,11.136306999186456,4.729345314929385,NGC 4874,7.753571523239694,11608289.60366112,6.233601782469531,5.826946651820893,4.902425177798315,6.233601782469531,1.5252361679393922,0.04072302756060786,1.472617425290303,0.050372280709696904,0.054193517716988715,-0.01122402821698859,1.5415004280761107,0.014835776507222675,1.493508198892094,0.059419900313034235,0.04662172238568385,-0.04321361700747872,0.5577912073032951,-0.001427017681863818,0.591634897520748,-0.022797423190253685,-0.030424804962299934,0.017951520253236875,0.032311718739827335
LEDA 126754,17,42,2963.278366462337,11853.113465849348,2163.7858631907984,6654.337899727824,0.7302,0.5614,0.7302,0.5614,0.7302,0.5614,False,False,False,True,True,17,42,1.451863357,17,42,True,0.5891282131120342,0.618918400116712,1.451863357,1.3302098235,1.4752250731764707,1.405101694547619,-0.029790187004677726,0.07012337862885176,0.12165353349999997,0.32516921980762375,0.25,10.015179622904581,25.994572804901903,0.23173393987926424,0.24239472106296786,0.3738904846530033,0.33641756033000086,True,True,10,0.5917647192414032,0.05148134453843122,0.5917647192414032,0.05148134453843122,,,,,195.1289845,28.10839552777778,AG?,0.01728,17.15,,,17.9,17.218,16.847,16.635,0.6819992,1.0529995,8.66,,,NED,,,2007SDSS6.C...0000:,-17.85,False,1.0825,Other,,3143.5640787654274,False,1.2376673243346373e+18,5.398847,3.839028196447303,18.08316,17.40036,16.98393,0.008912189,0.007605135,0.008446744,0.03684132,0.02548665,0.01893931,18.04631868,17.374873349999998,16.96499069,True,0.671445330000001,1.0813279899999984,17.89953,17.21823,16.84739,0.008727153,0.007435316,0.008246869,17.862688679999998,17.192743349999997,16.82845069,17.640165935299994,0.0057866339729505,"SDSS(cModelMag g,r)",17.640165935299994,SDSS,Vmag_sdss,1.0813279899999984,0.671445330000001,SDSS(cModel extcorr),-17.359834064700006,1.0825,3.839028196447303,SDSS,False,3.2,12.28489022863137,,,,1.0813279899999984,g-i,,1.0,0.0,15.12305481286862,9.357902117020313,9.357902117020313,NGC 4889,12.044941203348692,2438908.6255949335,13.515132093288132,14.351768452649818,15.612169853305703,13.515132093288132,1.4872883332574987,-0.03542497625749874,1.465472872986365,-0.13526304948636514,0.024881277825002185,0.09677225567499778,1.488843801262966,-0.013618728086495224,1.4838273431832094,-0.0787256486355905,0.005810486963336858,0.0643128916655149,0.6010844380986051,-0.011956224986570896,0.5954497245753878,0.023468675541324147,0.004686733411408683,-0.03447692041608641,0.007068125256637342
LEDA 126792,87,388,4459.412757329486,17837.65102931794,4459.412757329486,17837.65102931794,1.0,1.0,1.0,1.0,1.0,1.0,True,True,True,True,True,85,379,1.468267357,85,379,True,0.6286013940668077,0.5816309312189681,1.468267357,1.497062265,1.4817807030235295,1.514437004424802,0.04697046284783957,-0.0326563014012724,-0.028794908000000063,0.25000000000000006,0.25000000000000006,53.43111849567865,220.43812293198891,0.18319799268396378,0.24146215313360533,0.21935740423005454,0.28796301939039914,True,True,10,0.6301180111054893,0.019848427350084144,0.6301180111054893,0.019848427350084144,,,,,194.854351875,27.996733611111114,GiC,0.01828,17.17,18.55,1.3799992,17.599,16.871,16.498,16.262,0.72800064,1.1010017,22.81999969482422,0.375,0.0,SIMBAD,D,2019MNRAS.490..718B,,-17.83,False,2.852499961853028,Members of systems,,8752.33694498333,False,1.2376673243345715e+18,5.284765,4.742861806254429,17.77216,17.03003,16.68697,0.007943758,0.006591271,0.007141294,0.03034168,0.02099024,0.01559799,17.74181832,17.00903976,16.67137201,True,0.7327785599999999,1.0704463100000012,17.59938,16.87102,16.49768,0.00776324,0.006439277,0.006969848,17.56903832,16.85002976,16.48208201,17.2994789696,0.0050725552447834,"SDSS(cModelMag g,r)",17.2994789696,SDSS,Vmag_sdss,1.0704463100000012,0.7327785599999999,SDSS(cModel extcorr),-17.7005210304,2.852499961853028,4.742861806254429,SDSS,False,3.2,15.177157780014172,,,,1.0704463100000012,g-i,22.5,0.9859772261567209,0.0,3.2561917831787897,9.577722529803415,3.2561917831787897,NGC 4874,6.172936022397606,33687657.17964756,4.16127842076191,6.298146761148597,6.619106090820979,4.16127842076191,1.493273167921164,-0.02500581092116394,1.4665996557038352,0.030462609296164844,0.0295041742523163,-0.058299082252316364,1.497148391183965,-0.015367688160435433,1.4853541317682804,0.02908287265652154,0.012246914719232116,-0.04490321612050452,0.594256569511693,0.03434482455511467,0.5948480799918725,-0.013217148772904364,-0.0008507828583628196,0.04782124570620239,0.029352619806436192
2MASX J12595760+2803543,0,10,1749.2135091698435,6996.854036679372,0.0,2328.553023406895,0.0,0.3328,0.0,0.3328,0.0,0.3328,False,False,False,False,True,0,10,,0,10,True,,0.6835584448658796,,1.3531008,,1.3870802906999997,,,,,0.25000000000000006,,6.835584448658795,,0.17976581467804162,,0.24965507332664985,False,True,10,,,,,,,,,194.990029,28.065089,GiC,0.01948,16.59,17.914,1.3239994,17.274,16.6,16.246,16.007,0.6739998,1.0279999,10.199999809265137,0.133,60.0,SIMBAD,C,2006AJ....131.1163S,,-18.41,False,1.274999976158142,Members of systems,1.48,4162.819773722052,False,1.2376673243345718e+18,3.773793,3.3346873663249745,17.14562,16.48442,16.16053,0.005768645,0.005163962,0.005571181,0.03240118,0.02241499,0.01665674,17.11321882,16.46200501,16.143873260000003,True,0.6512138100000016,0.9693455599999972,17.27383,16.60032,16.2458,0.00557226,0.005000859,0.00540826,17.24142882,16.57790501,16.22914326,16.719002672099997,0.0038570089643077,"SDSS(cModelMag g,r)",16.719002672099997,SDSS,Vmag_sdss,0.9693455599999972,0.6512138100000016,SDSS(cModel extcorr),-18.280997327900003,1.274999976158142,3.3346873663249745,SDSS,False,3.2,10.67099957223992,,,,0.9693455599999972,g-i,7.98,0.7823529558060769,60.0,7.980385598524684,5.768759615553481,5.768759615553481,NGC 4889,5.951789856016251,11213657.705951585,6.576611751099073,8.354839874898461,9.608369736829276,6.576611751099073,,,1.4685195138897222,-0.11541871388972225,,,,,1.4879555362074148,-0.10087524550741511,,,,,0.5938229734999574,0.08973547136592219,,,0.0033628004945444817
2MASX J12592136+2758248,4,33,385.5606271648452,1542.2425086593807,385.5606271648452,1542.2425086593807,1.0,1.0,1.0,1.0,1.0,1.0,True,True,True,True,True,3,33,1.63779377,3,33,True,0.5014482568969519,0.6336541301205473,1.63779377,1.506112667,1.6030216276666664,1.4556243999090912,-0.13220587322359534,0.14739722775757524,0.13168110300000002,0.25,0.25,1.5043447706908557,20.91058629397806,0.31065159575193674,0.166201328719224,0.26445791386807055,0.25620478467873153,False,True,10,,,,,,,,,194.83922998562,27.973574061,GiC,0.02021,16.12,17.608,1.487999,17.073,16.364,16.025,15.774,0.70899963,1.0480003,25.45439910888672,0.188872,84.0,SIMBAD,B,2023ApJS..269....3M,,-18.88,False,3.18179988861084,Members of systems,S...,10768.182295021958,False,1.2376674440485934e+18,3.18385,2.0754077089170355,16.91346,16.20368,15.84402,0.004764859,0.003991485,0.00444435,0.03376154,0.02335608,0.01735607,16.87969846,16.18032392,15.82666393,True,0.6993745400000009,1.0530345299999997,17.07322,16.36368,16.02497,0.004689825,0.003921284,0.004350529,17.03945846,16.34032392,16.007613929999998,16.457067481399996,0.0030598096528865,"SDSS(cModelMag g,r)",16.457067481399996,SDSS,Vmag_sdss,1.0530345299999997,0.6993745400000009,SDSS(cModel extcorr),-18.542932518600004,3.18179988861084,2.0754077089170355,SDSS,False,3.0,6.226223126751107,,,,1.0530345299999997,g-i,11.332320000000001,0.44520084530471693,84.0,3.271183755412217,10.308836052079487,3.271183755412217,NGC 4874,6.739544688015576,32861673.78261265,4.659700245061834,6.259412783660264,6.260726507532487,4.659700245061834,1.5080717777396824,0.12972199226031766,1.4693858342239083,0.03672683277609168,0.040935140069064124,0.0907459629309359,1.5176830246116497,0.08533860305501673,1.4891293987247773,-0.03350499881568614,0.02816217192138243,0.11923505583619282,0.5773734025090562,-0.07592514561210428,0.593360402563635,0.040293727556912295,-0.014543315274932467,-0.11766255794866287,0.03318049993767005
2MASX J13001702+2803502,6,27,917.2577163192285,3669.030865276914,917.2577163192285,3669.030865276914,1.0,1.0,1.0,1.0,1.0,1.0,True,True,True,True,True,6,27,1.291909275,6,27,True,0.6492259468019682,0.6005624389791054,1.291909275,1.447855545,1.4246018319999998,1.3846612092222226,0.04866350782286277,0.03994062277777721,-0.15594626999999983,0.25,0.25,3.895355680811809,16.215185852435848,0.3179420730145155,0.2204930399428719,0.40480856881138483,0.33310029700613547,False,True,10,,,,,,,,,195.07096562464,28.06391252495,GiC,0.02047,15.52,16.855,1.3349991,16.03,15.268,14.864,14.573,0.76200104,1.1660004,25.399019241333008,0.28413,76.0,SIMBAD,B,2023ApJS..269....3M,,-19.48,False,3.174877405166626,Members of systems,SB0,10879.548116232978,False,1.2376673243346373e+18,3.127286,2.6070842519428004,15.99801,15.2678,14.86028,0.002968892,0.00259522,0.002638458,0.03496073,0.02418567,0.01797255,15.96304927,15.24361433,14.84230745,True,0.7194349400000011,1.120741820000001,16.02991,15.26779,14.86429,0.002970163,0.002595221,0.002638689,15.99494927,15.24360433,14.84631745,15.5285826554,0.0019560671570235,"SDSS(cModelMag g,r)",15.5285826554,SDSS,Vmag_sdss,1.120741820000001,0.7194349400000011,SDSS(cModel extcorr),-19.4714173446,3.174877405166626,2.6070842519428004,SDSS,False,3.0,7.821252755828401,,,,1.120741820000001,g-i,17.0478,0.671199145054283,76.0,11.07330362433684,5.57370602554676,5.57370602554676,NGC 4889,7.986281714570146,10850811.214546127,9.455970600789993,10.322933033857465,11.59429443118251,9.455970600789993,1.5243824345325379,-0.23247315953253778,1.4724566903490337,-0.024601145349033793,0.053534064058162356,-0.2094803340581622,1.5403157828445846,-0.1157139508445848,1.4932904033315595,-0.10862919410933691,0.045703569470053274,-0.005762946692276061,0.5587651990403847,0.09046074776158353,0.5917207217930739,0.00884171718603155,-0.02963488128083147,0.07829838910369424,0.006620158727936276
LEDA 126759,1,3,140.92452760518105,563.6981104207242,140.92452760518105,563.6981104207242,1.0,1.0,1.0,1.0,1.0,1.0,True,True,True,True,True,1,3,1.453631689,1,3,True,0.7382940483307142,0.760780789261925,1.453631689,1.338459513,1.453631689,1.3592334756666666,-0.022486740931210836,0.09439821333333343,0.11517217599999996,0.25,0.25,0.7382940483307142,2.282342367785775,,0.053988122642599085,,0.04608712614457878,False,True,10,,,,,,,,,195.07869072274,28.0093126217,AG?,0.02068,17.36,18.301,0.941,17.783,17.041,16.655,16.382,0.7420006,1.1280003,7.199999809265137,0.12,90.0,SIMBAD,C,2006AJ....131.1163S,,-17.64,False,0.8999999761581421,Other,,3114.9301629568845,False,1.2376673243346373e+18,0.9153376,0.8371983630548457,17.7664,17.04928,16.6611,0.005538598,0.004612247,0.004750346,0.03410693,0.02359502,0.01753363,17.73229307,17.02568498,16.643566370000002,True,0.7066080899999996,1.0887266999999987,17.78336,17.04129,16.65547,0.005534069,0.00460787,0.004746385,17.749253069999998,17.01769498,16.637936370000002,17.3053942969,0.0035442511863207,"SDSS(cModelMag g,r)",17.3053942969,SDSS,Vmag_sdss,1.0887266999999987,0.7066080899999996,SDSS(cModel extcorr),-17.6946057031,0.8999999761581421,0.8371983630548457,SDSS,False,3.2,2.6790347617755064,,,,1.0887266999999987,g-i,7.199999999999999,1.0,90.0,9.994119850176435,3.070038007499891,3.070038007499891,NGC 4889,6.44869233562492,61204581.576600306,8.360679129256683,8.40519604943308,9.577604222373392,8.360679129256683,1.4931692535967658,-0.03953756459676572,1.4665800914432652,-0.12812057844326508,0.029423907179622788,0.08574826882037717,1.4970041990885201,-0.043372510088520055,1.4853276222298832,-0.1260941465632166,0.012135159411127805,0.08226305392220562,0.5943751213834092,0.14391892694730501,0.5948585263105992,0.16592226295132584,-0.0007546352963406222,-0.021732105634870214,0.006507373068794582
2MASX J12593697+2749327,0,0,547.6907837012761,2190.7631348051045,0.0,2.6289157617661254,0.0,0.0012,0.0,0.0012,0.0,0.0012,False,False,False,False,True,0,0,,0,0,True,,,,,,,,,,,0.25,,,,,,,False,False,10,,,,,,,,,194.90404155527,27.825811902120005,GiC,0.02087,16.43,17.56,1.1299992,16.947,16.215,15.867,15.585,0.73200035,1.0800009,9.420000076293944,0.157,90.0,SIMBAD,C,2006AJ....131.1163S,,-18.57,False,1.1775000095367432,Members of systems,E/S0,4111.861149033748,False,1.2376674440486587e+18,1.923623,1.6504516069275927,16.91373,16.22208,15.89493,0.004322707,0.003604603,0.003867843,0.03279377,0.02268658,0.01685856,16.88093623,16.19939342,15.87807144,True,0.6815428099999998,1.0028647899999985,16.94714,16.21544,15.8668,0.00431943,0.003600004,0.003863313,16.91434623,16.192753420000003,15.84994144,16.468825972099996,0.0027683934405474,"SDSS(cModelMag g,r)",16.468825972099996,SDSS,Vmag_sdss,1.0028647899999985,0.6815428099999998,SDSS(cModel extcorr),-18.531174027900004,1.1775000095367432,1.6504516069275927,SDSS,False,3.0,4.951354820782778,,,,1.0028647899999985,g-i,9.42,0.9999999919008553,90.0,8.011027799500402,11.384669681317918,8.011027799500402,NGC 4874,9.15473728299137,3307988.3005194208,8.772911067802326,6.717383516002637,5.454334226680289,8.772911067802326,,,,,,,,,,,,,,,,,,,
LEDA 2816216,8,13,651.4299996487028,2605.719998594812,651.4299996487028,2605.719998594812,1.0,1.0,1.0,1.0,1.0,1.0,True,True,True,True,True,7,12,1.514409968,7,12,True,0.6102167215556416,0.5559501513689539,1.514409968,1.5791076575,1.5293550545714287,1.5900438363333331,0.05426657018668768,-0.0606887817619044,-0.06469768949999999,0.24999999999999994,0.24999999999999994,4.271517050889491,6.671401816427446,0.19547178528764628,0.2414572716165722,0.17665742135131549,0.32742329343795284,False,True,10,,,,,,,,,194.89701825286,27.863645236110003,AG?,0.02099,16.37,17.721,1.3509998,17.252,16.514,16.18,15.8223,0.73800087,1.0720005,16.157819747924805,0.237143,60.0,SIMBAD,B,2023ApJS..269....3M,,-18.63,False,2.0197274684906006,Other,S0...,7092.461702966269,False,1.2376674440486587e+18,2.057261,1.9181366942285152,17.05988,16.33126,15.99901,0.005030076,0.00404873,0.005326854,0.03587027,0.02481489,0.01844012,17.02400973,16.306445110000002,15.98056988,True,0.7175646199999974,1.0434398499999986,17.2523,16.51428,16.17959,0.004940682,0.003976932,0.005225486,17.21642973,16.48946511,16.16114988,16.5906466042,0.0031558421570568,"SDSS(cModelMag g,r)",16.5906466042,SDSS,Vmag_sdss,1.0434398499999986,0.7175646199999974,SDSS(cModel extcorr),-18.4093533958,2.0197274684906006,1.9181366942285152,SDSS,False,3.0,5.7544100826855455,,,,1.0434398499999986,g-i,14.22858,0.8806002432244868,60.0,5.736952369196935,9.940611734089536,5.736952369196935,NGC 4874,7.265291606303399,7568318.763181637,6.612498449431425,4.840789471929196,3.556627299146496,6.612498449431425,1.5057251984896283,0.008684769510371781,1.4689440367319597,0.11016362076804032,0.03912255986574725,-0.10382024936574724,1.51442689817141,0.014928156400018766,1.4885307639062253,0.10151307242710783,0.025638528635436475,-0.08632731039734087,0.5800505248772674,0.03016619667837417,0.5935962999233658,-0.03764614855441195,-0.012372124004708773,0.06663869419139645,0.003200630445671902
SDSS J130051.15+280249.7,473,1163,40118.10878324807,160472.43513299228,38986.778115560475,108030.04333153041,0.9718,0.6732,0.9718,0.6732,0.9718,0.6732,True,False,False,True,True,463,1120,1.446528795,463,1120,True,0.602374844632558,0.6160362289090894,1.446528795,1.4423000255,1.4838659882699783,1.4707371866803571,-0.013661384276531408,0.013128801589621153,0.0042287695000000625,0.3608882947118241,0.25,278.89955306487434,689.9605763781801,0.23746538145499538,0.21992587920841283,0.29068526805935996,0.2762704377576139,True,True,10,0.6007952930462449,0.01066620988458518,0.6007952930462449,0.01066620988458518,,,,,195.2131504583333,28.047138916666665,GiC,0.02116,17.077,17.804,0.7270012,16.54,15.845,15.509,15.338,0.69500065,1.0310011,15.45,,,NED,,,2007SDSS6.C...0000:,-17.923,False,1.93125,Members of systems,,6835.279943101027,False,1.2376673243347026e+18,16.10263,14.125547910116966,16.62414,15.84471,15.56184,0.007099308,0.005981592,0.006733094,0.0350979,0.02428056,0.01804306,16.5890421,15.82042944,15.54379694,True,0.7686126600000005,1.0452451600000003,16.54006,15.84471,15.50868,0.007014956,0.005981592,0.006731189,16.5049621,15.82042944,15.49063694,16.125560630599995,0.004574614007793,"SDSS(cModelMag g,r)",16.125560630599995,SDSS,Vmag_sdss,1.0452451600000003,0.7686126600000005,SDSS(cModel extcorr),-18.874439369400005,1.93125,14.125547910116966,SDSS,False,3.2,45.20175331237429,,,,1.0452451600000003,g-i,,1.0,0.0,17.468374056075092,10.393129377674235,10.393129377674235,NGC 4889,13.910886998325815,1754632.8198185621,15.833411246856118,15.721622625323965,16.80703925006569,15.833411246856118,1.513895345682277,-0.06736655068227693,1.4704822547735967,-0.028182229273596704,0.04543346841879908,-0.04120469891879902,1.5257638399320694,-0.041897851662091146,1.4906150466263173,-0.01987785994596014,0.03442516437656634,-0.02129636278694519,0.5707295169460358,0.03164532768652217,0.5927749698313546,0.023261259077734797,-0.01993161821770556,0.0062702339411741526,0.016234849842816652
2MASS J12594779+2805520,0,0,662.6678547706426,2650.67141908257,0.0,0.0,0.0,0.0,0.0,0.0,0.0,0.0,False,False,False,False,False,0,0,,0,0,True,,,,,,,,,,,0.25000000000000006,,,,,,,False,False,10,,,,,,,,,194.949151,28.09779,AG?,0.02126,17.63,,,18.436,17.746,17.39,17.174,0.69000053,1.0460014,6.42,,,NED,,,2007SDSS6.C...0000:,-17.37,False,0.8025,Other,,2853.3675692931747,False,1.2376673243345718e+18,2.145145,1.8154447175111288,18.34495,17.66656,17.26984,0.009136708,0.007851311,0.00881276,0.03338294,0.02309416,0.01716144,18.31156706,17.64346584,17.25267856,True,0.6681012200000005,1.058888500000002,18.43615,17.74564,17.38951,0.009006577,0.00770586,0.008611602,18.40276706,17.722545840000002,17.372348560000002,17.9073873402,0.0059574197759134,"SDSS(cModelMag g,r)",17.9073873402,SDSS,Vmag_sdss,1.058888500000002,0.6681012200000005,SDSS(cModel extcorr),-17.0926126598,0.8025,1.8154447175111288,SDSS,False,3.2,5.809423096035614,,,,1.058888500000002,g-i,,1.0,0.0,8.729961281699477,8.518779360276742,8.518779360276742,NGC 4889,7.831813643749098,4458765.876157449,7.720237853218514,10.001990042147588,11.142645175769477,7.720237853218514,,,,,,,,,,,,,,,,,,,
LEDA 126799,1,5,539.2021976351052,2156.808790540421,289.87510144863256,1096.5215891107498,0.5376,0.5084,0.5376,0.5084,0.5376,0.5084,False,False,False,True,True,1,5,1.43334951,1,5,True,0.6838365893018332,0.5335808330676161,1.43334951,1.339253419,1.43334951,1.3519538148,0.15025575623421716,0.0813956951999999,0.09409609099999994,0.2643587726199843,0.25,0.6838365893018332,2.66790416533808,,0.26710941784537295,,0.44047792670466207,False,True,10,,,,,,,,,194.81092502101,27.89558741444,GiC,0.02138,17.66,18.903,1.243,18.078,17.31,16.94,16.647,0.76799965,1.1379986,4.82,,,NED,,,2007SDSS6.C...0000:,-17.34,False,0.6025,Members of systems,,2154.02581969888,False,1.2376674440485934e+18,1.815053,1.637611590469105,18.21153,17.42055,17.07506,0.007988362,0.006070899,0.006700076,0.04185935,0.0289581,0.02151897,18.16967065,17.391591899999998,17.05354103,True,0.7780787500000024,1.1161296199999988,18.07813,17.30966,16.93989,0.007958545,0.006025441,0.0066502,18.03627065,17.2807019,16.91837103,17.700604187499998,0.0048535173111029,"SDSS(cModelMag g,r)",17.700604187499998,SDSS,Vmag_sdss,1.1161296199999988,0.7780787500000024,SDSS(cModel extcorr),-17.299395812500002,0.6025,1.637611590469105,SDSS,False,3.2,5.2403570895011375,,,,1.1161296199999988,g-i,,1.0,0.0,6.023762050355562,12.781711915299352,6.023762050355562,NGC 4874,9.314272804510257,5841276.25483598,7.627758655471216,7.527767730735031,6.656745261141685,7.627758655471216,1.4862266168339344,-0.05287710683393443,1.4652729804606466,-0.12601956146064652,0.024061170781592284,0.07003492021840765,1.4873705576387735,-0.05402104763877347,1.4835564891651492,-0.13160267436514905,0.004668657415562272,0.07672703778443762,0.6022957096915655,0.08154087961026768,0.5955564570034939,-0.061975623935877855,0.005669095047071582,0.14458666118714558,0.006500913939062479
IC 3960,0,0,2932.0358315918884,11728.143326367555,0.0,0.0,0.0,0.0,0.0,0.0,0.0,0.0,False,False,False,False,False,0,0,,0,0,True,,,,,,,,,,,0.24999999999999997,,,,,,,False,False,10,,,,,,,,,194.78310775251,27.85497013762,AGN,0.02193,14.47,15.5,1.0299997,15.258,14.441,14.011,13.684,0.8170004,1.2470007,27.792598724365234,0.455752,127.0,SIMBAD,B,2023ApJS..269....3M,,-20.529999,True,3.4740748405456543,Active (AGN/Seyfert/QSO),SB0,12731.337939964027,False,1.2376674440485932e+18,4.008224,3.849855021639004,15.21182,14.44691,14.01859,0.002464609,0.002157941,0.002203102,0.04592069,0.03176772,0.02360682,15.16589931,14.41514228,13.99498318,True,0.7507570299999973,1.1709161299999984,15.25751,14.44068,14.01121,0.002458372,0.002153396,0.002203247,15.21158931,14.40891228,13.98760318,14.7129526623,0.0016254506887726,"SDSS(cModelMag g,r)",14.7129526623,SDSS,Vmag_sdss,1.1709161299999984,0.7507570299999973,SDSS(cModel extcorr),-20.2870473377,3.4740748405456543,3.849855021639004,SDSS,False,3.0,11.549565064917012,,,,1.1709161299999984,g-i,27.345119999999998,0.9838993564868427,127.0,8.761764177551566,15.172311211340759,8.761764177551566,NGC 4874,11.849328345355172,2125491.4308125116,10.315876377677634,9.823039415549454,8.763843194514774,10.315876377677634,,,,,,,,,,,,,,,,,,,
LEDA 44815,10,3,499.616291492002,1998.4651659680073,499.616291492002,1998.4651659680073,1.0,1.0,1.0,1.0,1.0,1.0,True,True,True,True,True,10,3,1.560380596,10,3,True,0.563409358386655,0.7578231902373916,1.560380596,1.427951614,1.5220540893999999,1.3779534196666667,-0.19441383185073668,0.14410066973333313,0.13242898199999997,0.2500000000000001,0.2500000000000001,5.63409358386655,2.273469570712175,0.22045223277864218,0.03148773196456766,0.2882416892919912,0.15353895047768484,True,True,10,0.5662315612892732,0.061365691445443495,0.5662315612892732,0.061365691445443495,,,,,195.18600176463,28.100633416780003,AG?,0.02201,15.59,15.0,-0.59000015,16.075,15.316,14.929,14.644,0.7590008,1.1460009,28.14881896972656,0.177947,124.0,SIMBAD,B,2023ApJS..269....3M,,-19.41,False,3.5186023712158203,Other,,12940.29921511066,False,1.2376673243347028e+18,4.463411,2.5595434173924447,16.10457,15.36007,14.95219,0.003107573,0.002744932,0.002789071,0.03689124,0.02552119,0.01896498,16.06767876,15.33454881,14.93322502,True,0.7331299499999986,1.1344537399999997,16.07537,15.31628,14.92948,0.003089029,0.002728006,0.002772608,16.03847876,15.290758810000002,14.91051502,15.6251320895,0.0020606202037415,"SDSS(cModelMag g,r)",15.6251320895,SDSS,Vmag_sdss,1.1344537399999997,0.7331299499999986,SDSS(cModel extcorr),-19.3748679105,3.5186023712158203,2.5595434173924447,SDSS,False,3.2,8.190538935655823,,,,1.1344537399999997,g-i,10.67682,0.3792990395612223,124.0,17.416926733921628,10.955624493616314,10.955624493616314,NGC 4889,14.093504842993564,1529869.3085909113,15.775609612384617,16.235863507972066,17.441757851417496,15.775609612384617,1.5226863543823281,0.037694241617671764,1.4721373642676796,-0.04418575026767968,0.05222395219919229,0.08020502980080768,1.5379622925792393,-0.015908203179239466,1.4928577170572959,-0.11490429739062913,0.04387950949705022,0.10022116023628291,0.5607001919064047,0.0027091664802502136,0.5918912256570782,0.16593196458031345,-0.02806556951961553,-0.16634826233112116,0.008157935558168527
LEDA 44594,49,133,1767.4540847741353,7069.816339096542,1767.4540847741353,7069.816339096542,1.0,1.0,1.0,1.0,1.0,1.0,True,True,True,True,True,48,132,1.4524903555000002,48,132,True,0.6472929447350757,0.6053779845145704,1.4524903555000002,1.4629407765,1.4707948753333333,1.4829853326515152,0.04191496022050534,-0.012190457318181913,-0.010450420999999821,0.24999999999999997,0.24999999999999997,31.070061347283634,79.9098939559233,0.1704464121424727,0.22561806208098067,0.21112511478127244,0.2758627701964223,True,True,10,0.6519298403226621,0.024878754941665034,0.6519298403226621,0.024878754941665034,,,,,194.86082575781,27.99848141603,EmG,0.02224,15.87,17.181,1.3109999,16.321,15.564,15.186,14.902,0.756999,1.1349993,20.88377952575684,0.264876,152.0,SIMBAD,B,2023ApJS..269....3M,,-19.130001,False,2.6104724407196045,Regular galaxies,,9698.10282510237,False,1.2376673243345715e+18,4.021479,3.3987307971420755,16.35921,15.61571,15.25638,0.003492939,0.002992923,0.003078346,0.02968151,0.02053353,0.01525862,16.32952849,15.59517647,15.24112138,True,0.7343520200000011,1.088407110000002,16.32059,15.5644,15.18556,0.003459516,0.002966559,0.003051536,16.29090849,15.54386647,15.170301380000002,15.8862607982,0.0022735569300984,"SDSS(cModelMag g,r)",15.8862607982,SDSS,Vmag_sdss,1.088407110000002,0.7343520200000011,SDSS(cModel extcorr),-19.1137392018,2.6104724407196045,3.3987307971420755,SDSS,False,3.2,10.875938550854642,,,,1.088407110000002,g-i,15.89256,0.7610001810447692,152.0,3.096396588393586,9.251372029325381,3.096396588393586,NGC 4874,5.875810145954458,39071384.47490165,3.8896281829711246,6.10314487445162,6.485981040148003,3.8896281829711246,1.5180991165222155,-0.06560876102221536,1.471273711279389,-0.008332934779389012,0.04868060861386303,-0.05913102961386285,1.5315970157689043,-0.06080214043557097,1.4916874687888941,-0.008702136137378913,0.03894613593788149,-0.0511365932560634,0.5659335958425086,0.08135934889256713,0.5923523723665418,0.013025612148028554,-0.02382119090078688,0.06573615112129222,0.024659626232385476
NGC 4876,25,149,2855.852862258699,11423.411449034793,2855.852862258699,10504.969168532396,1.0,0.9196000000000001,1.0,0.9196,1.0,0.9196,True,True,True,True,True,25,146,1.469393536,25,146,True,0.5899328644186841,0.5716327418449396,1.469393536,1.4876699165,1.4991017700400002,1.514981619931507,0.01830012257374447,-0.015879849891506703,-0.018276380500000133,0.2718573292735973,0.25000000000000006,14.748321610467103,83.45838030936119,0.2336424218506262,0.2511928938760979,0.24551662770292765,0.30959213565821514,True,True,10,0.592743882840185,0.048044998020132464,0.592743882840185,0.048044998020132464,,,,,194.93501805293,27.91246772362,LIN,0.02235,14.18,15.1,0.9200001,14.952,14.155,13.761,13.463,0.79699993,1.191,36.99737930297852,0.421215,22.0,SIMBAD,B,2023ApJS..269....3M,,-20.82,True,4.6246724128723145,Active (AGN/Seyfert/QSO),,17263.682282364145,False,1.2376674440486587e+18,5.504371,4.55995894226145,14.99974,14.20316,13.77287,0.002342492,0.002081028,0.002123126,0.03254221,0.02251255,0.01672924,14.967197789999998,14.18064745,13.75614076,True,0.786550339999998,1.2110570299999992,14.95233,14.15514,13.76129,0.002319187,0.00205877,0.002101916,14.91978779,14.13262745,13.74456076,14.4931330894,0.0015588196594867,"SDSS(cModelMag g,r)",14.4931330894,SDSS,Vmag_sdss,1.2110570299999992,0.786550339999998,SDSS(cModel extcorr),-20.506866910600003,4.6246724128723145,4.55995894226145,SDSS,False,3.2,14.591868615236642,,,,1.2110570299999992,g-i,25.2729,0.6830997350659745,22.0,3.400942041714428,6.510209143461234,3.400942041714428,NGC 4874,3.7281995728198245,34132730.2668044,3.5130969872231628,1.2884322842469462,0.0021602115897680256,3.5130969872231628,1.5425721367488856,-0.07317860074888571,1.4758813199746015,0.011788596525398543,0.0675844287073945,-0.08586080920739464,1.5655559149753768,-0.0664541449353766,1.4979307704044156,0.01705084952709135,0.06526579813571032,-0.08114564802721702,0.5380132646348612,0.05191959978382288,0.5898921439911401,-0.018259402146200476,-0.046465049134397085,0.06476517170814156,0.026528980708255056
NGC 4864,0,0,83.14180711560329,332.5672284624131,0.0,96.0454155799449,0.0,0.2888,0.0,0.2888,0.0,0.2888,False,False,False,False,True,0,0,,0,0,True,,,,,,,,,,,0.25000000000000006,,,,,,,False,False,10,,,,,,,,,194.80470416666665,27.97691944444444,GiG,0.0226,13.872,14.8,0.92800045,16.692,15.813,15.395,15.088,0.8789997,1.296999,49.880218505859375,0.770732,137.0,SIMBAD,B,2023ApJS..269....3M,,-21.128,True,6.235027313232422,Members of systems,,23528.271761111053,False,1.2376674440485932e+18,0.6945562,0.6678541970788108,16.72558,15.81313,15.37613,0.00428332,0.003468532,0.003437714,0.03611832,0.02498649,0.01856764,16.68946168,15.78814351,15.35756236,True,0.9013181700000016,1.3318993200000016,16.6917,15.81319,15.39479,0.004292545,0.003468532,0.003444804,16.65558168,15.78820351,15.37622236,16.147683959699997,0.0026966634542703,"SDSS(cModelMag g,r)",16.147683959699997,SDSS,Vmag_sdss,1.3318993200000016,0.9013181700000016,SDSS(cModel extcorr),-18.852316040300003,6.235027313232422,0.6678541970788108,SDSS,False,3.2,2.1371334306521947,,,,1.3318993200000016,g-i,46.243919999999996,0.9270993869958243,137.0,5.097288190766676,12.136057632486144,5.097288190766676,NGC 4874,8.577277557017746,9238788.165942028,6.496798309920575,8.032036784238091,7.914235696951442,6.496798309920575,,,,,,,,,,,,,,,,,,,
IC 3976,33,13,554.5258457501473,2218.10338300059,554.5258457501473,2218.10338300059,1.0,1.0,1.0,1.0,1.0,1.0,True,True,True,True,True,26,13,1.74394173,26,13,True,0.3504151994547061,0.5962191110636256,1.74394173,1.544507142,1.7865343974230765,1.5711972134615388,-0.24580391160891946,0.21533718396153767,0.1994345879999999,0.2499999999999999,0.2499999999999999,9.11079518582236,7.750848443827132,0.29239609729741917,0.18335151864991914,0.3549799756271259,0.17539769168531277,True,True,10,0.3542837677102729,0.05575878209746178,0.3542837677102729,0.05575878209746178,,,,,194.87250749055,27.85014087383,G,0.02264,14.42,15.5,1.0799999,15.275,14.429,14.001,13.72,0.8459997,1.2739992,36.413818359375,0.296348,154.0,SIMBAD,B,2023ApJS..269....3M,,-20.58,True,4.551727294921875,Regular galaxies,-2.39,17205.797800512744,False,1.2376674440486587e+18,3.589266,2.37658011132202,15.24133,14.42877,14.01754,0.002484288,0.002230985,0.002283173,0.03603545,0.02492916,0.01852504,15.20529455,14.40384084,13.99901496,True,0.8014537099999988,1.2062795899999994,15.27506,14.42877,14.00097,0.002486606,0.002230985,0.002283882,15.23902455,14.40384084,13.98244496,14.722436861099998,0.0016643487099098,"SDSS(cModelMag g,r)",14.722436861099998,SDSS,Vmag_sdss,1.2062795899999994,0.8014537099999988,SDSS(cModel extcorr),-20.2775631389,4.551727294921875,2.37658011132202,SDSS,False,3.2,7.605056356230465,,,,1.2062795899999994,g-i,17.78088,0.48830034314218473,154.0,6.693124713669252,11.446914216975696,6.693124713669252,NGC 4874,8.650683346052322,4810583.382440318,7.785615505308623,6.26443706480355,4.998372968350366,7.785615505308623,1.5385439663181217,0.20539776368187823,1.47512292428291,0.06938421771709002,0.06447292843387048,0.13496165956612943,1.5599664032445881,0.22656799417848839,1.4969031455863484,0.07429406787519044,0.06093367712935216,0.1544035068321855,0.5426088499588668,-0.1921936505041607,0.5902970886650272,0.005922022398598403,-0.04273795213818593,-0.20306595947073353,0.004381251374003886
GMP 3196,0,14,2501.4353632263524,10005.741452905408,145.5835381397737,3774.1656760359197,0.0582,0.3772,0.0582,0.3772,0.0582,0.3772,False,False,False,True,True,0,12,,0,12,True,,0.7195924047584503,,1.3946907265,,1.4023034619166665,,,,0.03857370095440086,0.25000000000000006,,8.635108857101404,,0.10058825187026219,,0.16941853205515733,False,True,10,,,,,,,,,194.93624720683,27.88975882822,GiC,0.02271,17.19,18.5,1.3099995,17.757,17.048,16.718,16.44,0.70899963,1.0389996,7.81,,,NED,,,2007SDSS6.C...0000:,-17.81,False,0.97625,Members of systems,S0,3701.378234184791,False,1.2376674440486587e+18,4.185131,3.527197023143628,17.92125,17.1966,16.84549,0.008459692,0.006717516,0.007866166,0.03361544,0.02325501,0.01728096,17.887634560000002,17.17334499,16.82820904,True,0.7142895700000018,1.0594255200000011,17.75659,17.04805,16.71803,0.008311094,0.006580545,0.007696064,17.72297456,17.02479499,16.700749039999998,17.4562037137,0.0052667190763909,"SDSS(cModelMag g,r)",17.4562037137,SDSS,Vmag_sdss,1.0594255200000011,0.7142895700000018,SDSS(cModel extcorr),-17.5437962863,0.97625,3.527197023143628,SDSS,False,3.0,10.581591069430884,,,,1.0594255200000011,g-i,,1.0,0.0,4.618121510862816,7.356816715676457,4.618121510862816,NGC 4874,4.964577640631892,15482960.920664232,4.874648079493075,2.546339680318003,1.3660720602999314,4.874648079493075,,,1.4660813067476637,-0.07139058024766376,,,,,1.4846517698513857,-0.08234830793471914,,,,,0.5951248519346934,0.12446755282375688,,,0.003600191183245349
LEDA 44693,166,455,3458.289821316918,13833.159285267675,6184.191487506047,21910.758515908965,1.7882224472300317,1.5839301828356693,1.0,1.0,1.7882224472300317,1.5839301828356693,True,True,True,True,True,162,442,1.492787337,162,442,True,0.5548130683193763,0.5437321401174118,1.492787337,1.5173301885,1.5329157596666667,1.5499708647420811,0.01108092820196449,-0.017055105075414412,-0.024542851499999907,0.28224451850974625,0.24999999999999994,89.87971706773895,240.329605931896,0.2451532484179638,0.24649840643495952,0.28067595394084627,0.27681729595877164,True,True,10,0.5542605972464434,0.018743900951422105,0.5542605972464434,0.018743900951422105,,,,,195.00404093837,27.945440098500004,G,0.02282,16.92,18.329,1.4090004,17.561,16.867,16.552,16.332,0.69400024,1.0090008,10.199999809265137,0.16,,SIMBAD,E,2003A&A...412...45P,,-18.08,False,1.274999976158142,Regular galaxies,,4856.832924966436,False,1.237667444048659e+18,4.386122,4.274942082038647,17.59844,16.97189,16.62116,0.007980323,0.006489073,0.007581428,0.03067976,0.02122412,0.01577179,17.56776024,16.95066588,16.60538821,True,0.6170943599999994,0.9623720299999974,17.56062,16.867,16.55209,0.007917869,0.006374494,0.007529764,17.52994024,16.84577588,16.53631821,17.193674567599995,0.0050362049636896,"SDSS(cModelMag g,r)",17.193674567599995,SDSS,Vmag_sdss,0.9623720299999974,0.6170943599999994,SDSS(cModel extcorr),-17.806325432400005,1.274999976158142,4.274942082038647,SDSS,False,3.2,13.679814662523672,,,,0.9623720299999974,g-i,9.6,0.9411764881877616,0.0,5.639564580810199,2.463374842306604,2.463374842306604,NGC 4889,2.4213753127686575,122454636.44596569,4.348139085518254,3.1385189537537834,4.159523110040409,4.348139085518254,1.4951318297321814,-0.0023444927321814024,1.4669495915206074,0.050380596979392456,0.030939869894487243,-0.05548272139448715,1.4997274806675946,0.03318827899907206,1.4858282941797831,0.064142570562298,0.014245824153085895,-0.03130092922850031,0.5921360934574111,-0.03732302513803487,0.5946612320881243,-0.05092909197071249,-0.0025705246051145325,0.013651452807079023,0.06255083748851294
Z 160-261,0,0,1288.6125070115047,5154.45002804602,0.0,0.0,0.0,0.0,0.0,0.0,0.0,0.0,False,False,False,False,False,0,0,,0,0,True,,,,,,,,,,,0.24999999999999994,,,,,,,False,False,10,,,,,,,,,195.24690929998,27.89984733525,EmG,0.02296,14.61,15.6,0.9900007,15.223,14.451,14.073,13.789,0.77199936,1.1499996,43.78242111206055,0.277726,172.0,SIMBAD,B,2023ApJS..269....3M,,-20.39,False,5.472802639007568,Regular galaxies,Sa,20971.779567161822,False,1.2376674440487898e+18,6.601604,4.103573720301582,15.20598,14.4749,14.0864,0.002555124,0.002263519,0.002344405,0.02868793,0.01984618,0.01474784,15.17729207,14.45505382,14.07165216,True,0.7222382500000002,1.1056399100000007,15.2234,14.45095,14.07295,0.002540023,0.002249465,0.002330177,15.19471207,14.43110382,14.05820216,14.7411715025,0.0016973403393087,"SDSS(cModelMag g,r)",14.7411715025,SDSS,Vmag_sdss,1.1056399100000007,0.7222382500000002,SDSS(cModel extcorr),-20.2588284975,5.472802639007568,4.103573720301582,SDSS,False,3.0,12.310721160904745,,,,1.1056399100000007,g-i,16.663559999999997,0.3805993267788875,172.0,18.795360770604773,12.211645678657089,12.211645678657089,NGC 4889,15.43076803099586,1119954.7160465424,17.476097919895025,16.005614126996957,16.555749631024337,17.476097919895025,,,,,,,,,,,,,,,,,,,
Z 160-233,18,25,358.46318621317675,1433.8527448527066,358.46318621317675,1433.8527448527066,1.0,1.0,1.0,1.0,1.0,1.0,True,True,True,True,True,17,25,1.529351788,17,25,True,0.5573722916482664,0.5107907398008065,1.529351788,1.539627362,1.586076534,1.6194264829600002,0.046581551847459934,-0.03334994896000021,-0.01027557400000001,0.25000000000000006,0.25000000000000006,9.47532895802053,12.76976849502016,0.24573911659222322,0.26892712077317327,0.24450110636886255,0.2823264606992514,True,True,10,0.5555092388429339,0.05589471366607044,0.5555092388429339,0.05589471366607044,,,,,194.92626325622,27.92474257327,G,0.02304,15.42,16.553,1.1329994,16.061,15.26,14.906,14.614,0.8010006,1.1550007,12.179999351501465,0.159,135.0,SIMBAD,C,2006AJ....131.1163S,,-19.58,False,1.522499918937683,Regular galaxies,S0,5853.980025356828,False,1.2376674440486587e+18,1.628152,1.5087135896926172,16.03603,15.2603,14.90978,0.003075702,0.00274076,0.002914357,0.03189583,0.02206539,0.01639695,16.00413417,15.23823461,14.89338305,True,0.7658995599999994,1.1107511200000015,16.06121,15.26031,14.90636,0.003077073,0.00274076,0.002914458,16.02931417,15.23824461,14.88996305,15.5422534296,0.0020506247612405,"SDSS(cModelMag g,r)",15.5422534296,SDSS,Vmag_sdss,1.1107511200000015,0.7658995599999994,SDSS(cModel extcorr),-19.4577465704,1.522499918937683,1.5087135896926172,SDSS,False,3.0,4.526140769077852,,,,1.1107511200000015,g-i,9.540000000000001,0.7832512732296637,135.0,2.531219333405591,6.502889986809576,2.531219333405591,NGC 4874,3.357664111995029,73825753.3618029,2.751803007874973,1.1686093390818428,0.8684003151984409,2.751803007874973,1.5241422805743636,0.005209507425636417,1.4724114758452405,0.0672158861547596,0.05334856070884009,-0.0636241347088401,1.5399825438743169,0.04609399012568316,1.4932291377590574,0.12619734520094283,0.04544529439831796,-0.07879524335831817,0.5590391814908936,-0.001666889842627195,0.591744864035302,-0.08095412423449555,-0.029412676905042345,0.07599422875250228,0.016553748313997158
IC 3960A,0,0,299.2771460287521,1197.1085841150084,0.0,0.0,0.0,0.0,0.0,0.0,0.0,0.0,False,False,False,False,False,0,0,,0,0,True,,,,,,,,,,,0.25,,,,,,,False,False,10,,,,,,,,,194.79017032975,27.86739742141,GiC,0.02306,16.53,17.637,1.1069984,17.035,16.281,15.91,15.624,0.7539997,1.125,9.779999732971191,0.163,90.0,SIMBAD,C,2006AJ....131.1163S,,-18.47,True,1.222499966621399,Members of systems,SB0,4704.452738832449,False,1.2376674440485934e+18,1.398571,1.2200337744417018,17.03168,16.29244,15.9277,0.00436742,0.003640158,0.003829222,0.04555633,0.03151566,0.02341951,16.98612367,16.26092434,15.90428049,True,0.7251993300000024,1.0818431800000017,17.03507,16.28125,15.91047,0.004359642,0.003632857,0.003821475,16.98951367,16.24973434,15.88705049,16.5482560653,0.0027962449205416,"SDSS(cModelMag g,r)",16.5482560653,SDSS,Vmag_sdss,1.0818431800000017,0.7251993300000024,SDSS(cModel extcorr),-18.4517439347,1.222499966621399,1.2200337744417018,SDSS,False,3.0,3.6601013233251054,,,,1.0818431800000017,g-i,9.780000000000001,1.0,90.0,7.970986907509402,14.491510548499049,7.970986907509402,NGC 4874,11.121794614601402,2733049.581889163,9.541687488113354,9.157213210025166,8.143245957531246,9.541687488113354,,,,,,,,,,,,,,,,,,,
SDSS J125923.41+275510.4,1,3,18.199379973686895,72.79751989474758,18.199379973686895,72.79751989474758,1.0,1.0,1.0,1.0,1.0,1.0,True,True,True,True,True,1,3,1.629347573,1,3,True,0.6037524411103717,0.567525806936253,1.629347573,1.437232975,1.629347573,1.5102064596666667,0.036226634174118755,0.11914111333333333,0.19211459800000008,0.25,0.25,0.6037524411103717,1.702577420808759,,0.27944974046542875,,0.28847816289929984,False,True,10,,,,,,,,,194.84755666233,27.91957249925,GiC,0.02311,17.692,18.699,1.007,18.515,17.648,17.315,17.029,0.8669987,1.1999989,4.46,,,NED,,,2007SDSS6.C...0000:,-17.308,False,0.5575,Members of systems,E...,2149.9058342825188,False,1.2376674440486584e+18,0.3008961,0.3008592530164602,18.56569,17.65307,17.33895,0.008009547,0.00590124,0.006418677,0.03758528,0.02600133,0.01932177,18.52810472,17.62706867,17.31962823,True,0.901036050000002,1.2084764900000025,18.51517,17.6477,17.31539,0.008038871,0.005900831,0.00642233,18.477584720000003,17.62169867,17.29606823,17.9864934505,0.0047860785479501,"SDSS(cModelMag g,r)",17.9864934505,SDSS,Vmag_sdss,1.2084764900000025,0.901036050000002,SDSS(cModel extcorr),-17.0135065495,0.5575,0.3008592530164602,SDSS,False,3.2,0.9627496096526728,,,,1.2084764900000025,g-i,,1.0,0.0,3.6113430664686326,10.452765451607544,3.6113430664686326,NGC 4874,6.93393727298965,24765960.068006214,5.210490324902926,5.32227495915478,4.655457884239831,5.210490324902926,1.4812044112803506,0.14814316171964936,1.4643274348041029,-0.027094459804102966,0.02018184287770647,0.1719327551222936,1.4804017172337596,0.14894585576624042,1.4822752764764104,0.027931183190256226,-0.0007325048616761975,0.11987361819500952,0.6080253516054039,-0.0042729104950322006,0.5960613302269697,-0.028535523290716736,0.01031593101264111,0.025910703161477644,0.03238850166916643
IC 4045,101,59,2684.3956838249637,10737.582735299855,2684.3956838249637,10086.885221540684,1.0,0.9394,1.0,0.9394,1.0,0.9394,True,True,True,True,True,93,57,1.662502941,93,57,True,0.44863350520309303,0.6118267759066436,1.662502941,1.472722061,1.657077193516129,1.4745249176140351,-0.16319327070355055,0.18255227590209389,0.18978088000000004,0.26612731530764316,0.25,41.72291598388765,34.87412622667868,0.2652175123637508,0.22534625442945455,0.28107633174582286,0.2718505240633534,True,True,10,0.44709094305170505,0.02655132541647743,0.44709094305170505,0.02655132541647743,,,,,195.20271749883,28.09074310012999,AGN,0.02324,13.77,15.1,1.3299999,14.662,13.846,13.414,13.087,0.816,1.2480001,44.33838272094727,0.489865,107.0,SIMBAD,B,2023ApJS..269....3M,,-21.23,True,5.542297840118408,Active (AGN/Seyfert/QSO),E4,21489.78902215048,False,1.2376673243347026e+18,5.502081,4.487809729906217,14.68412,13.88333,13.44538,0.002087751,0.001924474,0.001926547,0.03643563,0.025206,0.01873076,14.64768437,13.858124,13.42664924,True,0.7895603700000002,1.2210351300000006,14.66235,13.84622,13.41367,0.002066555,0.001902932,0.001907154,14.62591437,13.821014,13.39493924,14.1718437517,0.0014219428272293,"SDSS(cModelMag g,r)",14.1718437517,SDSS,Vmag_sdss,1.2210351300000006,0.7895603700000002,SDSS(cModel extcorr),-20.8281562483,5.542297840118408,4.487809729906217,SDSS,False,3.2,14.360991135699894,,,,1.2210351300000006,g-i,29.3919,0.6628996863729552,107.0,17.926914966794676,11.253570340414583,11.253570340414583,NGC 4889,14.523987937328394,1410385.420436005,16.280093408251062,16.5859127028359,17.762894982087342,16.280093408251062,1.5482162140366156,0.11428672696338449,1.4769439472820007,-0.004221886282000709,0.0719441121732286,0.11783676782677144,1.5733876680631584,0.08368952545297059,1.4993706285225488,-0.02484571090851362,0.07133575624695343,0.11121651965514046,0.5315741530836334,-0.0829406478805404,0.5893247551291352,0.022502020777508402,-0.051687276909276325,-0.11150599379427423,0.006037472085895957
IC 4041,55,219,5209.202604724607,20836.810418898433,5209.202604724607,20836.810418898433,1.0,1.0,1.0,1.0,1.0,1.0,True,True,True,True,True,50,215,1.4239144549999998,50,215,True,0.629877559907361,0.6286736452593258,1.4239144549999998,1.434614617,1.45807668334,1.4653359595581394,0.0012039146480352647,-0.007259276218139377,-0.010700162000000235,0.24999999999999994,0.24999999999999994,31.493877995368052,135.16483373075505,0.21837767518556572,0.21669820375004792,0.28874163511736134,0.282273350054098,True,True,10,0.6307410469007013,0.031760298321630125,0.6307410469007013,0.031760298321630125,,,,,195.17022562979,27.99661329542,EmG,0.02364,14.77,15.88,1.1099997,15.211,14.424,14.029,13.716,0.78700066,1.1820002,37.85297775268555,0.427613,46.0,SIMBAD,B,2023ApJS..269....3M,,-20.23,True,4.731622219085693,Regular galaxies,SB0,18653.18992812199,False,1.2376673243347028e+18,8.122255,6.18257866402919,15.20113,14.45026,14.03753,0.002461462,0.002187198,0.002222568,0.03503172,0.02423478,0.01800904,15.16609828,14.42602522,14.01952096,True,0.7400730600000003,1.1465773200000005,15.21078,14.42402,14.02894,0.002449258,0.00217353,0.002211044,15.17574828,14.39978522,14.01093096,14.719455174599998,0.0016382113613866,"SDSS(cModelMag g,r)",14.719455174599998,SDSS,Vmag_sdss,1.1465773200000005,0.7400730600000003,SDSS(cModel extcorr),-20.2805448254,4.731622219085693,6.18257866402919,SDSS,False,3.0,18.54773599208757,,,,1.1465773200000005,g-i,25.65678,0.6778008369019194,46.0,14.556474023159593,7.326479510101546,7.326479510101546,NGC 4889,10.941280504545706,4777517.0532554295,12.976197584332814,12.460693364664875,13.449546864059979,12.976197584332814,1.5385963454887917,-0.11468189048879185,1.4751327858659917,-0.04051816886599169,0.06451338794437717,-0.0752135499443774,1.5600390848736156,-0.10196240153361558,1.4969165080139457,-0.03158054845580627,0.0609900086350455,-0.06824928485318488,0.5425490925697118,0.08732846733764921,0.5902918230819169,0.03838182217740893,-0.04278641638591901,0.04399033103395428,0.0164582498898201
LEDA 93697,14,21,1458.9499737545593,5835.7998950182355,1458.9499737545593,5719.083897117871,1.0,0.98,1.0,0.98,1.0,0.98,True,True,True,True,True,13,20,1.395481193,13,20,True,0.5584106048929821,0.6257694475812172,1.395481193,1.350601743,1.4941913789230767,1.33384251775,-0.06735884268823511,0.16034886117307678,0.04487945000000004,0.2551020408163266,0.25000000000000006,7.259337863608767,12.515388951624345,0.321826543114045,0.2063729588688445,0.3436241860847577,0.38412900944682254,True,True,10,0.5519954939136684,0.08358062446246649,0.5519954939136684,0.08358062446246649,,,,,194.78946173427,28.040939888210005,G,0.02405,16.31,17.918,1.6079998,17.043,16.281,15.894,15.9247,0.76199913,1.1489992,19.48542022705078,0.178551,104.0,SIMBAD,B,2023ApJS..269....3M,,-18.69,False,2.435677528381348,Regular galaxies,,9763.705057692605,False,1.2376673243345062e+18,5.6618,3.6328996062065686,17.1439,16.39382,16.00554,0.005157129,0.004285455,0.004461778,0.03241689,0.02242585,0.01666481,17.111483109999998,16.37139415,15.98887519,True,0.7400889599999978,1.1226079199999983,17.04341,16.28146,15.89397,0.005082193,0.004223837,0.004397622,17.01099311,16.259034149999998,15.87730519,16.664830623599997,0.0032960103179535,"SDSS(cModelMag g,r)",16.664830623599997,SDSS,Vmag_sdss,1.1226079199999983,0.7400889599999978,SDSS(cModel extcorr),-18.335169376400003,2.435677528381348,3.6328996062065686,SDSS,False,3.2,11.62527873986102,,,,1.1226079199999983,g-i,10.713059999999999,0.5497987662143161,104.0,7.587472772618228,13.496180661054373,7.587472772618228,NGC 4874,10.334551676290827,3213664.769495788,8.424610261686864,10.63924476111486,10.90232478082048,8.424610261686864,1.5044220107087782,-0.10894081770877828,1.468698681671778,-0.11809693867177806,0.038115931867686303,0.0067635181323137394,1.5126185875466034,-0.018427208623526647,1.4881983082345447,-0.15435579048454473,0.024237007210837935,0.13611185396223885,0.581537281890913,-0.023126676997930917,0.5937273070294454,0.03204214055177179,-0.011166339059163588,-0.05619250362907152,0.009707868048346542
LEDA 1822852,100,309,4094.1771659710566,16376.708663884227,4094.1771659710566,16376.708663884227,1.0,1.0,1.0,1.0,1.0,1.0,True,True,True,True,True,98,298,1.48797183,98,298,True,0.5957212741283832,0.5895149667653319,1.48797183,1.486591952,1.4867795580000003,1.5066891520738255,0.006206307363051278,-0.0199095940738252,0.0013798780000000566,0.25,0.25,58.380684864581546,175.67546009606892,0.23113128290724028,0.23284408082643732,0.2951159559570405,0.29834897171539804,True,True,10,0.5978835990844459,0.023552835921637014,0.5978835990844459,0.023552835921637014,,,,,194.8321465,27.9734965,GiC,0.02413,17.13,18.677,1.5470009,17.467,16.764,16.417,16.253,0.7029991,1.0499992,18.0,0.15,65.0,SIMBAD,E,2003A&A...412...45P,,-17.87,False,2.25,Members of systems,E,9048.519406200978,False,1.2376674440485934e+18,8.52919,6.381656004999118,17.6732,16.96056,16.56978,0.009480073,0.007693281,0.009048044,0.03435463,0.02376637,0.01766096,17.638845370000002,16.93679363,16.55211904,True,0.7020517400000017,1.0867263300000012,17.46698,16.76352,16.41689,0.009182482,0.007446554,0.008720091,17.43262537,16.73975363,16.399229039999998,17.2146348434,0.0059758089667964,"SDSS(cModelMag g,r)",17.2146348434,SDSS,Vmag_sdss,1.0867263300000012,0.7020517400000017,SDSS(cModel extcorr),-17.7853651566,2.25,6.381656004999118,SDSS,False,3.2,20.42129921599718,,,,1.0867263300000012,g-i,9.0,0.5,65.0,3.63361296207342,10.684204687228403,3.63361296207342,NGC 4874,7.114280701002311,24244376.119351495,5.034642379475296,6.602291650877369,6.566236874225625,5.034642379475296,1.4947636213831765,-0.0067917913831765375,1.4668802678337551,0.019711684166244803,0.030655452837579117,-0.02927557483757906,1.4992165527112156,-0.012436994711215288,1.485734360706967,0.020954791366858405,0.013849832188282729,-0.03375942626210793,0.5925561682566152,0.0031651058717679925,0.5946982474062129,-0.005183280640881027,-0.0022298368772382116,0.00843614424028949,0.029722301232297788
IC 4012,12,8,916.4742356641656,3665.8969426566614,751.3255783974829,2161.4128373903677,0.8198,0.5896,0.8198,0.5896,0.8198,0.5896,True,False,False,True,True,8,8,1.5006019965,8,8,True,0.5891892825781616,0.5460915345811559,1.5006019965,1.4866109614999998,1.4738602651250001,1.565247112875,0.04309774799700572,-0.09138684774999994,0.013991035000000096,0.3476085481682497,0.25000000000000006,4.713514260625293,4.368732276649247,0.2694701298772738,0.29555637310545824,0.36281777893104544,0.34804653377039835,False,True,10,,,,,,,,,195.03331660634,28.0785590405,G,0.02414,14.64,15.948,1.3079996,15.391,14.596,14.158,13.837,0.7950001,1.2329998,24.15780067443848,0.320614,132.0,SIMBAD,B,2023ApJS..269....3M,,-20.36,True,3.0197250843048096,Regular galaxies,E4,12148.90377340918,False,1.237667324334637e+18,2.751892,2.392528045022787,15.394,14.61975,14.17422,0.002454048,0.002219175,0.002220835,0.03471521,0.02401582,0.01784633,15.35928479,14.59573418,14.15637367,True,0.7635506100000011,1.2029111199999996,15.39131,14.59633,14.15753,0.002441914,0.002206201,0.002208593,15.35659479,14.57231418,14.13968367,14.8987899301,0.0016512596671278,"SDSS(cModelMag g,r)",14.8987899301,SDSS,Vmag_sdss,1.2029111199999996,0.7635506100000011,SDSS(cModel extcorr),-20.1012100699,3.0197250843048096,2.392528045022787,SDSS,False,3.2,7.6560897440729185,,,,1.2029111199999996,g-i,19.23684,0.796299309661687,132.0,10.100507741245288,6.092083214805208,6.092083214805208,NGC 4889,7.5172035178797465,8754826.317242624,8.579479127153098,9.956858505697204,11.242904995612884,8.579479127153098,1.5354459788203425,-0.03484398232034258,1.474539656913365,0.012071304586634746,0.06207993411736973,-0.04808889911736963,1.5556676185336864,-0.08180735340868628,1.496112819334394,0.06913429354060607,0.05760192715818224,-0.1489887749081822,0.5461432252102258,0.043046057367935764,0.5906085237342619,-0.04451698915310598,-0.03987151436060571,0.08296926235761143,0.0048653131337452445
LEDA 1821341,6,25,1139.5762685970315,4558.305074388126,1139.5762685970315,4558.305074388126,1.0,1.0,1.0,1.0,1.0,1.0,True,True,True,True,True,6,25,1.3420237080000001,6,25,True,0.5528320612609019,0.6731586208557232,1.3420237080000001,1.437104483,1.2482229256666668,1.4110454461200002,-0.1203265595948213,-0.16282252045333334,-0.09508077499999978,0.25,0.25,3.3169923675654114,16.82896552139308,0.333598578534742,0.18666080635439694,0.44581248614903535,0.2493502919460488,False,True,10,,,,,,,,,194.95908929166663,27.912638694444446,G,0.02417,17.4,18.68,1.2800007,18.175,17.473,17.133,16.908,0.70199966,1.0419998,13.800000190734863,0.16,130.0,SIMBAD,E,2003A&A...412...45P,,-17.6,False,1.725000023841858,Regular galaxies,dE,6948.361240074922,False,1.237667444048659e+18,3.069375,2.854372868449746,18.11478,17.37046,17.04203,0.01087559,0.01067839,0.01393049,0.03210047,0.02220696,0.01650215,18.08267953,17.348253040000003,17.02552785,True,0.734426489999997,1.0571516800000005,18.17536,17.47263,17.1335,0.0106127,0.01036232,0.01358298,18.14325953,17.45042304,17.11699785,17.639367900899998,0.0077185335450988,"SDSS(cModelMag g,r)",17.639367900899998,SDSS,Vmag_sdss,1.0571516800000005,0.734426489999997,SDSS(cModel extcorr),-17.360632099100002,1.725000023841858,2.854372868449746,SDSS,False,3.2,9.133993179039187,,,,1.0571516800000005,g-i,9.6,0.6956521642981797,130.0,4.247104473861549,5.529848434385949,4.247104473861549,NGC 4874,3.3515199009764953,24575083.01502584,3.8690227693063863,1.277089500927224,1.2772359885552593,3.8690227693063863,1.4873023522967361,-0.14527864429673598,1.4654755123928007,-0.028371029392800784,0.024892106623130766,-0.11997288162313055,1.4888632541599125,-0.24064032849324568,1.4838309195742518,-0.07278547345425168,0.00582556382649696,-0.1686480842798303,0.6010684443138127,-0.04823638305291078,0.5954483152667773,0.07771030558894587,0.0046737621829240905,-0.1250003217777454,0.005840409125210321
LEDA 126764,22,38,1071.712878555509,4286.851514222036,1071.712878555509,4286.851514222036,1.0,1.0,1.0,1.0,1.0,1.0,True,True,True,True,True,22,34,1.4270047125,22,34,True,0.6100085708390666,0.5080780364480416,1.4270047125,1.5556792595,1.4436137575454544,1.5770768648235294,0.10193053439102495,-0.13346310727807498,-0.12867454699999992,0.25,0.25,13.420188558459465,17.274653239233416,0.24096084035910617,0.2843077161102557,0.31950087512931263,0.37050108369423934,True,True,10,0.6156769729361412,0.04589081327629723,0.6156769729361412,0.04589081327629723,,,,,195.04644368118,28.065228974859995,G,0.02454,16.72,18.181,1.4610004,17.686,16.979,16.617,16.369,0.70700073,1.0690002,6.138000011444092,0.1023,0.0,SIMBAD,E,2022ApJS..262...36S,,-18.28,False,0.7672500014305115,Regular galaxies,,3136.4142146897498,False,1.2376673243346373e+18,2.413485,2.308736143132295,17.48973,16.76482,16.42676,0.006291914,0.005274798,0.005756008,0.03473548,0.02402985,0.01785675,17.454994520000003,16.74079015,16.40890325,True,0.7142043700000045,1.0460912700000016,17.68551,16.97856,16.61703,0.006164982,0.005166061,0.005631373,17.650774520000002,16.95453015,16.59917325,17.0236139417,0.0040422928640293,"SDSS(cModelMag g,r)",17.0236139417,SDSS,Vmag_sdss,1.0460912700000016,0.7142043700000045,SDSS(cModel extcorr),-17.9763860583,0.7672500014305115,2.308736143132295,SDSS,False,3.2,7.387955658023344,,,,1.0460912700000016,g-i,6.138,0.9999999981355341,0.0,10.080125400252957,5.3348588652002595,5.3348588652002595,NGC 4889,7.209321264235895,12523796.877554407,8.49687072085895,9.61588772570229,10.90127165161599,8.49687072085895,1.4981192781269848,-0.0711145656269847,1.4675120473627106,0.0881672121372894,0.033247479926718976,-0.1619220269267189,1.5038728807033905,-0.060259123157936134,1.48659042084894,0.09048644397458938,0.01745869415672302,-0.150921801434798,0.5887278280338502,0.021280742805216413,0.5943609093146018,-0.08628287286656022,-0.005334685191164146,0.1072652195821891,0.011368016266029152
LEDA 126762,0,44,9692.874440352487,38771.497761409955,0.0,8777.867093183213,0.0,0.2264,0.0,0.2264,0.0,0.2264,False,False,False,False,True,0,44,,0,44,True,,0.581869059778738,,1.4490429675,,1.4427696485454546,,,,,0.24999999999999994,,25.602238630264473,,0.2450795736341963,,0.3911737897289834,False,True,10,,,,,,,,,195.056824875,27.86717180555556,GiC,0.02468,16.35,17.985,1.6350002,16.852,16.131,15.772,15.538,0.72099876,1.079999,18.0,0.21,109.0,SIMBAD,E,2003A&A...412...45P,,-18.65,False,2.25,Members of systems,,9248.599687448155,False,1.2376674440487242e+18,9.405168,8.298743665543133,17.05794,16.29811,15.9368,0.007025983,0.005478811,0.006279691,0.03100745,0.02145081,0.01594025,17.026932549999998,16.27665919,15.92085975,True,0.7502733599999978,1.106072799999998,16.85216,16.13064,15.77173,0.006788294,0.005314642,0.006120022,16.82115255,16.10918919,15.75578975,16.574271267599997,0.0043298046569216,"SDSS(cModelMag g,r)",16.574271267599997,SDSS,Vmag_sdss,1.106072799999998,0.7502733599999978,SDSS(cModel extcorr),-18.425728732400003,2.25,8.298743665543133,SDSS,False,3.2,26.555979729738027,,,,1.106072799999998,g-i,12.6,0.7,109.0,10.036346692059166,6.703874464785301,6.703874464785301,NGC 4889,7.729863816758485,6855650.505560423,9.263461484388236,6.96887817762234,7.009606297712635,9.263461484388236,,,1.4689981962629406,-0.019955228762940536,,,,,1.4886041499747127,-0.045834501429258045,,,,,0.5935673814921942,-0.011698321713456195,,,0.006688469111441005
LEDA 126790,0,0,1529.094799260639,6116.379197042555,0.0,0.0,0.0,0.0,0.0,0.0,0.0,0.0,False,False,False,False,False,0,0,,0,0,True,,,,,,,,,,,0.25000000000000006,,,,,,,False,False,10,,,,,,,,,194.88166679166665,28.10054077777778,GiC,0.02478,17.15,18.71,1.5599995,18.346,17.604,17.34,17.948,0.7420006,1.0060005,,,,,,,,-17.85,False,,Members of systems,,,False,1.2376673243345715e+18,2.817489,2.7577334203021246,18.24314,17.44118,17.22931,0.01075226,0.008930437,0.01085025,0.03427516,0.0237114,0.01762011,18.20886484,17.4174686,17.211689890000002,True,0.791396240000001,0.997174949999998,18.34628,17.60409,17.34026,0.01048076,0.008677593,0.01055335,18.31200484,17.5803786,17.32263989,17.731941058399997,0.0068699448106885,"SDSS(cModelMag g,r)",17.731941058399997,SDSS,Vmag_sdss,0.997174949999998,0.791396240000001,SDSS(cModel extcorr),-17.268058941600003,,2.7577334203021246,SDSS,False,3.2,8.8247469449668,,,,0.997174949999998,g-i,,1.0,0.0,8.525911831846972,10.944320215131466,8.525911831846972,NGC 4874,9.120498226867308,3093126.5421684477,8.159286631814357,10.741011947741686,11.630806226720008,8.159286631814357,,,,,,,,,,,,,,,,,,,
LEDA 126747,0,0,722.892601337379,2891.5704053495156,0.0,0.0,0.0,0.0,0.0,0.0,0.0,0.0,False,False,False,False,False,0,0,,0,0,True,,,,,,,,,,,0.25000000000000006,,,,,,,False,False,10,,,,,,,,,195.2735663333333,28.06205241666667,GiC,0.02479,17.24,18.35,1.1100006,17.699,17.174,16.906,16.761,0.5249996,0.79299927,15.295379638671877,0.115863,146.0,SIMBAD,B,2023ApJS..269....3M,,-17.76,False,1.9119224548339844,Members of systems,,7892.911754406793,False,1.2376673243347028e+18,4.505288,2.8125748380841693,17.84722,17.31416,17.0314,0.006973567,0.006562028,0.007597563,0.03369695,0.02331139,0.01732286,17.81352305,17.29084861,17.01407714,True,0.5226744399999994,0.7994459099999993,17.69851,17.17393,16.90626,0.006896334,0.006468179,0.00748832,17.66481305,17.15061861,16.88893714,17.495145130399997,0.0048129065691671,"SDSS(cModelMag g,r)",17.495145130399997,SDSS,Vmag_sdss,0.7994459099999993,0.5226744399999994,SDSS(cModel extcorr),-17.504854869600003,1.9119224548339844,2.8125748380841693,SDSS,False,3.2,9.000239481869341,,,,0.7994459099999993,g-i,6.951779999999999,0.4545019583837956,146.0,20.78871895869716,13.689219773714356,13.689219773714356,NGC 4889,17.22541285176701,799843.8254829817,19.15466510837211,18.99673308887874,20.05739994845535,19.15466510837211,,,,,,,,,,,,,,,,,,,0.0006514182211609488
LEDA 44723,29,28,995.5514655162556,3982.2058620650214,995.5514655162556,3982.2058620650214,1.0,1.0,1.0,1.0,1.0,1.0,True,True,True,True,True,25,28,1.558601896,25,28,True,0.5206270212970289,0.505615693387426,1.558601896,1.498810443,1.54406183328,1.5156720771428567,0.015011327909602912,0.02838975613714334,0.059791453000000105,0.25000000000000006,0.25000000000000006,13.015675532425721,14.157239414847925,0.26069961305904277,0.2886711545127948,0.38034431706511124,0.3917345197466994,True,True,10,0.5241659704731096,0.052334095400169964,0.5241659704731096,0.052334095400169964,,,,,195.05362670104,28.07549425166,G,0.02503,15.17,16.272,1.1019993,15.71,14.941,14.538,14.255,0.76900005,1.1719999,32.3455810546875,0.329009,141.0,SIMBAD,B,2023ApJS..269....3M,,-19.83,False,4.0431976318359375,Regular galaxies,,16848.06529826377,False,1.237667324334637e+18,3.693606,2.8483601358201445,15.68578,14.9407,14.52751,0.002688938,0.002380718,0.002415233,0.03489778,0.02414212,0.01794018,15.65088222,14.91655788,14.50956982,True,0.7343243400000006,1.1413124000000003,15.70972,14.9407,14.53802,0.002689929,0.002380718,0.002415377,15.67482222,14.91655788,14.52007982,15.207630859399998,0.0017856079256142,"SDSS(cModelMag g,r)",15.207630859399998,SDSS,Vmag_sdss,1.1413124000000003,0.7343243400000006,SDSS(cModel extcorr),-19.7923691406,4.0431976318359375,2.8483601358201445,SDSS,False,3.2,9.114752434624462,,,,1.1413124000000003,g-i,19.74054,0.6103009856778941,141.0,10.766224514631908,6.001330664989362,6.001330664989362,NGC 4889,7.9312208886153295,8923974.057392621,9.193523506772758,10.339509730627753,11.624997193098944,9.193523506772758,1.5300205822383646,0.02858131376163553,1.4735182012763182,0.02529224172368183,0.05788916730674104,0.0019022856932590648,1.5481393080114831,-0.004077474731483122,1.4947287487566157,0.020943328386241022,0.05176715057546594,-0.023377394438322596,0.5523328523219865,-0.03170583102495761,0.5911539290211927,-0.08553823563376672,-0.03485162266250047,0.04986295057210338,0.01181049123143639
LEDA 44792,100,174,6707.21600350093,26828.864014003728,6707.21600350093,26828.864014003728,1.0,1.0,1.0,1.0,1.0,1.0,True,True,True,True,True,96,168,1.422735738,96,168,True,0.6206196851363481,0.6403738425006932,1.422735738,1.377745257,1.4528635446354166,1.4419232136071427,-0.01975415736434505,0.010940331028273853,0.04499048100000014,0.24999999999999994,0.24999999999999994,59.57948977308942,107.58280554011645,0.2318495080442122,0.21455246211865234,0.29708886002500495,0.25753331108872224,True,True,10,0.6217585491027073,0.02199260064984314,0.6217585491027073,0.02199260064984314,,,,,195.16152855812,28.014533048270003,G,0.02535,14.844,15.75,0.90600014,15.348,14.657,14.19,14.01,0.691,1.158,37.79082107543945,0.478809,86.0,SIMBAD,B,2023ApJS..269....3M,,-20.156,False,4.723852634429932,Regular galaxies,,19928.299771655613,False,1.2376673243347026e+18,8.492435,6.624339914621609,15.29,14.676,14.0979,0.002666358,0.002396727,0.002344526,0.03537844,0.02447464,0.01818728,15.25462156,14.65152536,14.07971272,True,0.6030961999999978,1.1749088399999987,15.34815,14.65673,14.19015,0.002652036,0.00238594,0.002335772,15.31277156,14.63225536,14.17196272,14.888794801999998,0.0017873701358782,"SDSS(cModelMag g,r)",14.888794801999998,SDSS,Vmag_sdss,1.1749088399999987,0.6030961999999978,SDSS(cModel extcorr),-20.111205198,4.723852634429932,6.624339914621609,SDSS,False,3.2,21.197887726789148,,,,1.1749088399999987,g-i,28.72854,0.7601988838149616,86.0,14.310547135940766,7.1344746840721545,7.1344746840721545,NGC 4889,10.713362638896783,5162893.025077918,12.696784374505775,12.416473425471562,13.475701807894415,12.696784374505775,1.5356215628465695,-0.1128858248465694,1.4745727146429992,-0.09682745764299927,0.06221556138414558,-0.01722508038414544,1.555911259906663,-0.10304771527124634,1.496157612499457,-0.054234398892314184,0.05779076009399592,-0.046850429065722066,0.5459429081213816,0.07467677701496656,0.5905908725902841,0.04978296991040909,-0.04003397488902216,0.020279817524677113,0.008716484811145054
2MASX J12595670+2755483,39,443,5579.487990484856,22317.951961939427,5579.487990484856,28727.6702541219,1.0,1.2872001115117315,1.0,0.9994,1.0,1.2872001115117315,True,True,True,True,True,37,433,1.454042874,37,433,True,0.6253742166306248,0.5775332753733945,1.454042874,1.471254695,1.4621419373783784,1.493305489630485,0.04784094125723026,-0.03116355225210654,-0.01721182100000007,0.1942199956045618,0.24999999999999997,23.138846015333115,250.0719082366798,0.23440566609519528,0.2326931220614921,0.2395484853357098,0.29048431248959933,True,True,10,0.6302836177980375,0.0392372838471962,0.6302836177980375,0.0392372838471962,,,,,194.98605391892,27.93003702706,GiC,0.02571,15.32,16.765,1.4449997,15.814,15.043,14.676,14.39,0.7709999,1.1380005,31.542781829833984,0.331515,58.0,SIMBAD,B,2023ApJS..269....3M,,-19.68,False,3.942847728729248,Members of systems,SB0,16862.375614467303,False,1.237667444048659e+18,8.262528,6.633687811045823,15.93959,15.16513,14.76233,0.003439481,0.00282651,0.00302959,0.0309996,0.02144538,0.01593621,15.9085904,15.14368462,14.74639379,True,0.7649057800000012,1.1621966100000003,15.81388,15.04323,14.67614,0.003382762,0.002782559,0.002975706,15.7828804,15.02178462,14.66020379,15.4472959898,0.0021839537858206,"SDSS(cModelMag g,r)",15.4472959898,SDSS,Vmag_sdss,1.1621966100000003,0.7649057800000012,SDSS(cModel extcorr),-19.5527040102,3.942847728729248,6.633687811045823,SDSS,False,3.0,19.901063433137463,,,,1.1621966100000003,g-i,19.890900000000002,0.6306006904307556,58.0,4.946322630784332,3.786178024082734,3.786178024082734,NGC 4889,2.5151479538621517,41090897.67710551,3.960631449791072,2.065968970769727,2.9039839083801358,3.960631449791072,1.5258103942226806,-0.07176752022268063,1.4727255365896603,-0.0014708415896602656,0.05463707025981851,-0.07184889125981858,1.542297227665834,-0.0801552902874556,1.4936546895111074,-0.00034919988062243057,0.04723927762248298,-0.07840282987458952,0.5571360945354774,0.06823812209514735,0.5915771715930545,-0.014043896219659957,-0.030956112436096306,0.07879705369332657,0.041427428196380185
IC 4033,26,69,4842.6106894493605,19370.44275779745,4842.6106894493605,19370.44275779745,1.0,1.0,1.0,1.0,1.0,1.0,True,True,True,True,True,24,65,1.4160918745,24,65,True,0.6371709753055428,0.6473249579138589,1.4160918745,1.422305752,1.4690515509166666,1.438669498923077,-0.010153982608316126,0.030382051993589565,-0.00621387750000002,0.24999999999999992,0.24999999999999992,15.292103407333027,42.07612226440083,0.22765997864459506,0.20804949358774824,0.2898055559455256,0.2601847121690443,True,True,10,0.6400795276889446,0.04314990821059067,0.6400795276889446,0.04314990821059067,,,,,195.11830877411,27.97241464842,EmG,0.02574,15.23,16.741,1.5109997,15.527,14.794,14.436,14.153,0.73300076,1.0910006,35.63478088378906,0.359436,97.0,SIMBAD,B,2023ApJS..269....3M,,-19.77,True,4.454347610473633,Regular galaxies,S...,19071.443057095606,False,1.2376674440487242e+18,8.827339,6.308491027635609,15.48044,14.81165,14.44996,0.003040772,0.002536087,0.002700216,0.03497763,0.02419736,0.01798123,15.44546237,14.78745264,14.43197877,True,0.6580097299999998,1.013483599999999,15.52668,14.79415,14.43624,0.003012475,0.002525534,0.002695346,15.49170237,14.76995264,14.41825877,15.0472366293,0.00194761131273,"SDSS(cModelMag g,r)",15.0472366293,SDSS,Vmag_sdss,1.013483599999999,0.6580097299999998,SDSS(cModel extcorr),-19.9527633707,4.454347610473633,6.308491027635609,SDSS,False,3.0,18.925473082906827,,,,1.013483599999999,g-i,21.56616,0.6051997364690085,97.0,11.659939657279867,4.489900101982722,4.489900101982722,NGC 4889,8.061199803991885,19906140.829717465,10.132900717572817,9.406657165658928,10.360003406512774,10.132900717572817,1.5328382214344578,-0.11674634693445785,1.4740486866328308,-0.05174293463283086,0.06006561075173045,-0.06627948825173047,1.5520490798571365,-0.08299752894046986,1.4954475554744622,-0.056778056551385125,0.05479739821754975,-0.024415346223960188,0.5491183157077912,0.08805265959775155,0.5908706768587024,0.056454281055156486,-0.03745866592560654,0.027304683317290412,0.0063325371468556475
LEDA 126801,11,29,3366.9373954745524,13467.74958189821,815.4722371839366,3453.1309927987013,0.2422,0.2564,0.2422,0.2564,0.2422,0.2564,False,False,False,True,True,11,28,1.435963294,11,28,True,0.6586487923845344,0.6581687897488742,1.435963294,1.374596773,1.5002125050909092,1.4146752565000003,0.00048000263566028156,0.08553724859090894,0.06136652100000006,0.2361544461778471,0.25,7.2451367162298785,18.428726112968477,0.2284202705413135,0.20844726798931199,0.30618192312814724,0.3113761261492736,True,True,10,0.6666487682808087,0.0659855245729942,0.6666487682808087,0.0659855245729942,,,,,194.78782038806,27.8975533285,GiC,0.02615,17.18,18.36,1.1800003,17.569,16.822,16.457,16.193,0.74699974,1.1119995,13.199999809265137,0.2,,SIMBAD,E,2003A&A...412...45P,,-17.82,False,1.649999976158142,Members of systems,,7173.49906142318,False,1.2376674440485934e+18,4.594318,4.291893499706958,17.64809,16.89255,16.50446,0.008106869,0.006181642,0.007094086,0.04454578,0.03081656,0.02290001,17.60354422,16.86173344,16.48155999,True,0.7418107800000016,1.121984229999999,17.56895,16.82227,16.45729,0.007975766,0.006101303,0.006990657,17.52440422,16.791453439999998,16.43438999,17.155875859799995,0.0049345308631597,"SDSS(cModelMag g,r)",17.155875859799995,SDSS,Vmag_sdss,1.121984229999999,0.7418107800000016,SDSS(cModel extcorr),-17.844124140200005,1.649999976158142,4.291893499706958,SDSS,False,3.2,13.734059199062267,,,,1.121984229999999,g-i,12.0,0.9090909222269191,0.0,6.950425040230947,13.880221918296849,6.950425040230947,NGC 4874,10.363985001425442,3910751.8132170667,8.58598618713295,8.68139070211671,7.855333165697257,8.58598618713295,1.4957958381606176,-0.05983254416061756,1.4670746063728906,-0.09247783337289062,0.03145277331856361,0.029913747681436453,1.5006488624621042,-0.000436357371194962,1.4859976890830513,-0.07132243258305104,0.014959936157696974,0.07057731243321197,0.591378551679776,0.0672702407047584,0.5945944805240748,0.06357430922479934,-0.003184903728744304,0.0036649063644045854,0.011599371815256216
2MASX J12595104+2749592,0,0,566.8338145305454,2267.3352581221825,0.0,0.0,0.0,0.0,0.0,0.0,0.0,0.0,False,False,False,False,False,0,0,,0,0,True,,,,,,,,,,,0.2499999999999999,,,,,,,False,False,10,,,,,,,,,194.9625044108,27.83295082283,GiC,0.02634,16.29,17.78,1.4899998,17.144,16.395,16.049,15.765,0.74899864,1.0949993,24.960420608520508,0.191321,17.0,SIMBAD,B,2023ApJS..269....3M,,-18.71,False,3.1200525760650635,Members of systems,SBa,13660.080393049311,False,1.237667444048659e+18,3.982427,2.4758934744040366,16.97805,16.21085,15.85805,0.005321739,0.00428197,0.00481274,0.03088952,0.02136923,0.01587963,16.94716048,16.18948077,15.84217037,True,0.7576797100000014,1.104990110000001,17.1438,16.39516,16.04923,0.005189636,0.004178458,0.004684424,17.11291048,16.37379077,16.03335037,16.4901294511,0.003338150800487,"SDSS(cModelMag g,r)",16.4901294511,SDSS,Vmag_sdss,1.104990110000001,0.7576797100000014,SDSS(cModel extcorr),-18.5098705489,3.1200525760650635,2.4758934744040366,SDSS,False,3.0,7.427680423212109,,,,1.104990110000001,g-i,11.47926,0.4598985001110691,17.0,8.296946049062022,9.433580826854312,8.296946049062022,NGC 4874,8.11359828441877,3988392.1940522557,8.46962794736223,5.945349234362124,4.990911453497621,8.46962794736223,,,,,,,,,,,,,,,,,,,
LEDA 126756,33,119,3408.8641625258983,13635.456650103584,3408.8641625258983,13635.456650103584,1.0,1.0,1.0,1.0,1.0,1.0,True,True,True,True,True,33,115,1.537269065,33,115,True,0.622167700315303,0.6106321786262274,1.537269065,1.430299716,1.4853568773939394,1.440262200973913,0.011535521689075567,0.0450946764200264,0.1069693490000001,0.25000000000000017,0.25000000000000017,20.531534110404998,70.22270054201616,0.1500294459085191,0.22248569862660214,0.23110441567554424,0.2915211505272822,True,True,10,0.6253115700599137,0.027149008408159023,0.6253115700599137,0.027149008408159023,,,,,195.10342316666663,27.92662455555556,G,0.02653,16.57,18.52,1.9500008,17.209,16.542,16.214,15.947,0.6669998,0.99499893,23.97917938232422,0.156264,159.0,SIMBAD,B,2023ApJS..269....3M,,-18.43,False,2.997397422790528,Regular galaxies,,13214.700421836067,False,1.2376674440487242e+18,10.60795,6.584942530563399,17.43762,16.78736,16.51007,0.008155019,0.006782672,0.007871005,0.03299034,0.02282256,0.01695961,17.404629659999998,16.764537439999998,16.49311039,True,0.6400922199999997,0.9115192699999994,17.20902,16.54179,16.21383,0.007910382,0.006540264,0.007601303,17.176029659999998,16.518967439999997,16.19687039,17.016975250199994,0.0052147477111506,"SDSS(cModelMag g,r)",17.016975250199994,SDSS,Vmag_sdss,0.9115192699999994,0.6400922199999997,SDSS(cModel extcorr),-17.983024749800006,2.997397422790528,6.584942530563399,SDSS,False,3.2,21.07181609780288,,,,0.9115192699999994,g-i,9.375839999999998,0.39099920187057,159.0,11.021812546914266,4.77344387144913,4.77344387144913,NGC 4889,7.6846823767301755,16808310.510826156,9.710825311160958,8.291319481255403,8.96930753292957,9.710825311160958,1.4982358997621241,0.03903316523787592,1.4675340040666702,-0.037234288066670285,0.03333756257239448,0.07363178642760562,1.5040347055340124,-0.018677828140073016,1.4866201721438896,-0.04635797116997664,0.017584115621397056,0.027510560798629347,0.5885947788781305,0.0335729214371725,0.5943491855529534,0.016282993073274077,-0.005442590294359784,0.01697811198343535,0.010346286745626375
LEDA 126770,10,48,1210.9782439260568,4843.912975704227,1537.557822337098,6141.152629253567,1.2696824489201826,1.267808207962436,1.0,1.0,1.2696824489201826,1.267808207962436,True,True,True,True,True,10,48,1.4453967680000002,10,48,True,0.6594163760447359,0.6534088987157364,1.4453967680000002,1.383087555,1.3758447135,1.4117840766875,0.006007477328999533,-0.03593936318750002,0.06230921300000025,0.25036958290417577,0.25,6.594163760447359,31.363627138355348,0.21612863861111165,0.18923475521888303,0.36601191655239806,0.27160420111930395,True,True,10,0.6607657690458635,0.06305714594996598,0.6607657690458635,0.06305714594996598,,,,,195.0236725,27.926465555555552,G,0.02653,18.057,18.784,0.7270012,18.307,17.735,17.433,17.266,0.5719986,0.87399864,12.0,0.17,155.0,SIMBAD,E,2003A&A...412...45P,,-16.943,False,1.5,Regular galaxies,,6613.087234291442,False,1.237667444048724e+18,3.483352,2.661912552547668,18.32106,17.7197,17.45893,0.01153686,0.0106469,0.01440574,0.0318165,0.02201051,0.01635617,18.2892435,17.69768949,17.442573829999997,True,0.5915540099999994,0.8466696700000007,18.30723,17.73506,17.43327,0.01153755,0.01057839,0.01439955,18.2754135,17.71304949,17.41691383,17.930226634099995,0.007863418834128,"SDSS(cModelMag g,r)",17.930226634099995,SDSS,Vmag_sdss,0.8466696700000007,0.5915540099999994,SDSS(cModel extcorr),-17.069773365900005,1.5,2.661912552547668,SDSS,False,3.2,8.518120168152539,,,,0.8466696700000007,g-i,10.200000000000001,0.8500000000000001,155.0,6.905496776299876,3.0801130288947514,3.0801130288947514,NGC 4889,3.9383040374325753,62844439.643469065,5.762967630263122,4.068760980576809,4.775189154304871,5.762967630263122,1.4821928482536082,-0.03679608025360803,1.464513530788598,-0.081425975788598,0.02094534630079009,0.04136386669921016,1.4817732778844646,-0.10592856438446452,1.4825274362055663,-0.0707433595180662,0.0003305158443515088,-0.036269879031851526,0.60689768172994,0.052518694314795944,0.5959619644492119,0.057446934266524474,0.009401371776061318,-0.003393894447061785,0.010517267126727592
NGC 4875,61,89,1408.2132526067535,5632.853010427014,1408.2132526067535,5124.769668886497,1.0,0.9097999999999999,1.0,0.9098,1.0,0.9098,True,True,True,True,True,60,86,1.5919159225000001,60,86,True,0.48271523150010126,0.6092237603303056,1.5919159225000001,1.4717948915,1.6324125961333336,1.4888794827209304,-0.1265085288302043,0.14353311341240316,0.12012103100000004,0.2747856671795999,0.25,28.962913890006075,52.393243388406276,0.2787440948310692,0.21226611250793,0.3051767436464382,0.2528819787788217,True,True,10,0.48022347057993753,0.037112090480740614,0.48022347057993753,0.037112090480740614,,,,,194.90795580391,27.90733340062,GiC,0.02671,14.57,15.92,1.3500004,15.367,14.541,14.153,13.833,0.82599926,1.2139997,29.86680030822754,0.383589,115.0,SIMBAD,B,2023ApJS..269....3M,,-20.43,True,3.7333500385284415,Members of systems,,16567.377877547176,False,1.2376674440486587e+18,3.47767,3.014775254107091,15.39778,14.56522,14.16586,0.002560771,0.002236889,0.002306748,0.03416076,0.02363226,0.0175613,15.363619239999998,14.54158774,14.1482987,True,0.8220314999999978,1.215320539999999,15.36718,14.54056,14.15294,0.002544876,0.002222457,0.002294919,15.33301924,14.51692774,14.1353787,14.868620655,0.0016864466193428,"SDSS(cModelMag g,r)",14.868620655,SDSS,Vmag_sdss,1.215320539999999,0.8220314999999978,SDSS(cModel extcorr),-20.131379345,3.7333500385284415,3.014775254107091,SDSS,False,3.2,9.647280813142691,,,,1.215320539999999,g-i,23.015340000000002,0.7705994536569043,115.0,3.1525686136990174,7.869878982823536,3.1525686136990174,NGC 4874,4.78141583304099,38506918.90996041,3.929293797283165,2.517992996236803,1.4670386222069927,3.929293797283165,1.5359759613015482,0.055939961198451904,1.47463943829981,-0.002844546799809944,0.062489311194029784,0.05763171980597026,1.5564030251771561,0.07600957095617744,1.4962480229361752,-0.007368540215244801,0.05817190012216078,0.08536121329024238,0.5455385885012106,-0.06282335700110936,0.5905552455558167,0.01866851477448883,-0.04036188490169823,-0.08614664392850607,0.021931977715732978
LEDA 93696,30,34,4477.733076568523,17910.93230627409,3985.1824381459855,8242.611047347336,0.89,0.4602,0.89,0.4602,0.89,0.4602,True,False,False,True,True,30,31,1.4892503465,30,31,True,0.5399995831167055,0.603111249124875,1.4892503465,1.403461542,1.5081612872666668,1.4622090099999998,-0.06311166600816953,0.04595227726666695,0.08578880449999993,0.4834854411125598,0.25,16.199987493501165,18.696448722871125,0.27396136099906393,0.2587424504192283,0.37339009596002287,0.2939325243401082,True,True,10,0.5391350131723147,0.04759747165610478,0.5391350131723147,0.04759747165610478,,,,,194.76993002245,28.050391403130003,G,0.02689,16.53,18.06,1.5299988,17.005,16.29,15.933,15.654,0.71499825,1.0719995,10.979999542236328,0.121,125.0,SIMBAD,C,2006AJ....131.1163S,,-18.47,False,1.372499942779541,Regular galaxies,,6130.413423194526,False,1.2376673243345062e+18,7.938399,5.803594064877603,17.20397,16.49918,16.14204,0.005875899,0.004978854,0.005413767,0.0328658,0.02273641,0.01689559,17.171104200000002,16.47644359,16.12514441,True,0.6946606100000032,1.0459597900000013,17.00517,16.29045,15.93348,0.005735601,0.004852596,0.005270808,16.9723042,16.26771359,15.91658441,16.751254440099995,0.0037990655178284,"SDSS(cModelMag g,r)",16.751254440099995,SDSS,Vmag_sdss,1.0459597900000013,0.6946606100000032,SDSS(cModel extcorr),-18.248745559900005,1.372499942779541,5.803594064877603,SDSS,False,3.2,18.57150100760833,,,,1.0459597900000013,g-i,7.26,0.66120221335832,125.0,8.746598536574846,14.650855454897235,8.746598536574846,NGC 4874,11.51180486839094,2189058.9906040514,9.603901547815774,11.804232723247269,12.039512553593994,9.603901547815774,1.5029038068887621,-0.01365346038876214,1.4684128448989802,-0.0649513028989801,0.0369432179315608,0.048845586568439125,1.510511919467989,-0.002350632201322256,1.4878109999140186,-0.02560198991401874,0.022604245446242455,0.023348031820424497,0.5832693424663122,-0.04326975934960675,0.5938799293083081,0.009231319816566885,-0.00976160879899296,-0.05335005720917657,0.005880935942728624
Z 160-235,0,0,825.4151466155173,3301.660586462069,0.0,0.0,0.0,0.0,0.0,0.0,0.0,0.0,False,False,False,False,False,0,0,,0,0,True,,,,,,,,,,,0.25,,,,,,,False,False,10,,,,,,,,,194.94217517401,27.85723506096,GiC,0.02699,15.0,16.258,1.2579994,15.598,14.813,14.451,14.165,0.78499985,1.1469994,35.63898086547852,0.241217,153.0,SIMBAD,B,2023ApJS..269....3M,,-20.0,False,4.454872608184815,Members of systems,S0...,19969.73381437064,False,1.2376674440486587e+18,4.439259,3.1794672124307453,15.60991,14.83156,14.4557,0.002780801,0.002415345,0.002514627,0.03319907,0.02296696,0.01706691,15.57671093,14.80859304,14.43863309,True,0.7681178899999992,1.1380778399999991,15.59794,14.81347,14.45058,0.002767158,0.002404923,0.002506799,15.56474093,14.79050304,14.43351309,15.113521374899998,0.0018250124415073,"SDSS(cModelMag g,r)",15.113521374899998,SDSS,Vmag_sdss,1.1380778399999991,0.7681178899999992,SDSS(cModel extcorr),-19.886478625100004,4.454872608184815,3.1794672124307453,SDSS,False,3.0,9.538401637292235,,,,1.1380778399999991,g-i,14.47302,0.4061008381420693,153.0,6.538809249956871,8.673173585012453,6.538809249956871,NGC 4874,6.775550475184559,6581459.73053908,6.848695485084608,4.439584266507969,3.337658862729874,6.848695485084608,,,,,,,,,,,,,,,,,,,
LEDA 126763,1,10,365.4627759593878,1461.8511038375507,365.4627759593878,1461.8511038375507,1.0,1.0,1.0,1.0,1.0,1.0,True,True,True,True,True,1,10,1.318238307,1,10,True,0.7953644953379772,0.6810796208494998,1.318238307,1.315710701,1.318238307,1.3854230958,0.11428487448847735,-0.0671847887999999,0.0025276060000001266,0.25000000000000006,0.25000000000000006,0.7953644953379772,6.810796208494998,,0.18391602057356699,,0.22389587690545895,False,True,10,,,,,,,,,195.0558333333333,28.053416666666667,GiC,0.02716,17.31,18.735,1.4250011,18.066,17.576,17.288,17.118,0.48999977,0.7779999,23.923620223999023,0.110128,81.0,SIMBAD,B,2023ApJS..269....3M,,-17.69,False,2.990452527999878,Members of systems,,13486.880114119487,False,1.2376673243346373e+18,5.57706,2.5653439373339,17.77352,17.37881,17.08642,0.009343303,0.009583651,0.01136317,0.03462406,0.02395277,0.01779947,17.738895940000003,17.35485723,17.06862053,True,0.3840387100000022,0.6702754100000021,18.06555,17.57608,17.28782,0.00910119,0.009323749,0.01100583,18.030925940000003,17.55212723,17.27002053,17.502313101099997,0.0068298168456967,"SDSS(cModelMag g,r)",17.502313101099997,SDSS,Vmag_sdss,0.6702754100000021,0.3840387100000022,SDSS(cModel extcorr),-17.497686898900003,2.990452527999878,2.5653439373339,SDSS,False,3.2,8.20910059946848,,,,0.6702754100000021,g-i,6.60768,0.27619900074201537,81.0,10.056494062975387,4.730572229394344,4.730572229394344,NGC 4889,6.978071934432116,17505784.60585937,8.437501738526649,9.32991404387002,10.605540081525023,8.437501738526649,1.4897099886293426,-0.17147168162934245,1.4659288052842494,-0.15021810428424942,0.026751849460781962,-0.024224243460781836,1.492204103748053,-0.1739657967480528,1.4844451306387518,-0.09902203483875183,0.008414871332579232,-0.07559966013257913,0.5983216642592332,0.19704283107874399,0.5952062799491801,0.08587334090031973,0.002446077357402765,0.11183879713107459,0.009066209823445297
NGC 4883,52,182,5735.775817301432,22943.103269205727,5735.775817301432,19887.081913747523,1.0,0.8667999999999999,1.0,0.8668,1.0,0.8668,True,True,True,True,True,45,176,1.430575127,45,176,True,0.5862579296663465,0.6367474054456557,1.430575127,1.4007106385,1.5109069956222223,1.4329473753806818,-0.05048947577930918,0.07795962024154046,0.029864488499999897,0.28841716658975547,0.25,26.38160683498559,112.0675433584354,0.26078013537033573,0.2225346181453147,0.32555547242286753,0.28317120128565526,True,True,10,0.5896906995938909,0.04012689820674012,0.5896906995938909,0.04012689820674012,,,,,194.98340521471,28.034715581050005,GiG,0.02719,14.27,15.2,0.92999935,14.821,14.007,13.584,13.254,0.8140001,1.2370005,38.738399505615234,0.533751,80.0,SIMBAD,B,2023ApJS..269....3M,,-20.73,True,4.842299938201904,Members of systems,,21862.00344133771,False,1.2376673243345718e+18,6.498521,5.874312168409293,14.84764,14.04769,13.60803,0.002187753,0.001979091,0.001982934,0.03000656,0.0207584,0.01542571,14.81763344,14.0269316,13.59260429,True,0.7907018400000005,1.225029150000001,14.82103,14.0069,13.58407,0.002165257,0.001957995,0.001964019,14.79102344,13.9861416,13.56864429,14.341119354399998,0.0014724161555133,"SDSS(cModelMag g,r)",14.341119354399998,SDSS,Vmag_sdss,1.225029150000001,0.7907018400000005,SDSS(cModel extcorr),-20.6588806456,4.842299938201904,5.874312168409293,SDSS,False,3.2,18.79779893890974,,,,1.225029150000001,g-i,32.025059999999996,0.8267006486769769,80.0,6.3717196268943574,4.36928950469581,4.36928950469581,NGC 4889,4.096655204134222,25083030.479686186,4.86785370959485,6.50773941549859,7.768595190392093,4.86785370959485,1.545242556113806,-0.1146674291138059,1.4763840878132952,-0.07567344931329512,0.06964715438576108,-0.03978266588576118,1.5692614037631283,-0.05835440814090598,1.4986120199347435,-0.06566464455406162,0.0681377172924088,0.009821902949131656,0.534966685486014,0.051291244180332485,0.5896236915714981,0.04712371387415759,-0.048935876068035844,-0.0015535997112733346,0.010222315870135005
IC 4026,57,185,5272.322683211792,21089.290732847167,5272.322683211792,21089.290732847167,1.0,1.0,1.0,1.0,1.0,1.0,True,True,True,True,True,52,182,1.5586240335000001,52,182,True,0.5432491427791385,0.591769712990351,1.5586240335000001,1.439471441,1.5420039777499999,1.4755863625714285,-0.04852057021121248,0.06641761517857137,0.1191525925000001,0.25,0.25,28.248955424515202,107.70208776424388,0.22951719279543073,0.25307037883213757,0.27120229756979974,0.3222363667477768,True,True,10,0.5450558756374386,0.030910149649867134,0.5450558756374386,0.030910149649867134,,,,,195.09225412222,28.04701061643,EmG,0.02727,14.63,15.5,0.8699999,15.128,14.365,13.958,13.671,0.7630005,1.1700001,38.0908203125,0.505528,73.0,SIMBAD,B,2023ApJS..269....3M,,-20.369999,True,4.7613525390625,Regular galaxies,SB0,21557.70523275521,False,1.2376673243346373e+18,6.247734,5.73849487368473,15.10569,14.36515,13.95655,0.002351962,0.002099375,0.002134596,0.03497309,0.02419422,0.0179789,15.07071691,14.34095578,13.9385711,True,0.72976113,1.132145809999999,15.12822,14.36483,13.95826,0.002345893,0.002099178,0.002134811,15.09324691,14.34063578,13.9402811,14.6301578433,0.0015697421405785,"SDSS(cModelMag g,r)",14.6301578433,SDSS,Vmag_sdss,1.132145809999999,0.72976113,SDSS(cModel extcorr),-20.369842156700003,4.7613525390625,5.73849487368473,SDSS,False,3.0,17.21548462105419,,,,1.132145809999999,g-i,30.33168,0.7962989442379181,73.0,11.52247080190528,5.219269139559637,5.219269139559637,NGC 4889,8.181683973547786,12948621.650616657,9.877115397745982,10.368804358513701,11.600167881128444,9.877115397745982,1.540165028231435,0.018459005268565143,1.4754281264564904,-0.035956685456490334,0.06572509357270162,0.05342749892729848,1.5622157977864868,-0.020211820036486916,1.497316693990612,-0.021730331419183457,0.0626770582717282,0.003740556906843162,0.5407594425253504,0.0024897002537881407,0.5901341262484362,0.001635586741914774,-0.04423785267408148,-0.004282717537130998,0.010274529021689578
LEDA 126781,24,173,1321.9838271786136,5287.9353087144555,1321.9838271786136,5287.9353087144555,1.0,1.0,1.0,1.0,1.0,1.0,True,True,True,True,True,24,166,1.4975593445,24,166,True,0.6101252718409688,0.6185137778486907,1.4975593445,1.446627775,1.5208031666250001,1.4698079765783134,-0.008388506007721896,0.050995190046686734,0.050931569499999885,0.24999999999999994,0.24999999999999994,14.64300652418325,102.67328712288264,0.17356622210636247,0.21591110063226923,0.17926966479495876,0.2676538239140965,True,True,10,0.6086571470815436,0.03549489423348769,0.6086571470815436,0.03549489423348769,,,,,194.945554,27.991910222222227,G,0.02806,17.43,18.62,1.1900005,18.251,17.563,17.235,17.037,0.6879997,1.0159988,7.31,,,NED,,,2007SDSS6.C...0000:,-17.57,False,0.91375,Regular galaxies,,4252.921520533966,False,1.2376673243345718e+18,2.776629,2.564177870091956,18.14186,17.46356,17.15899,0.009592406,0.008309748,0.009472908,0.02683427,0.01856383,0.01379491,18.115025730000003,17.44499617,17.145195089999998,True,0.6700295600000032,0.969830640000005,18.25128,17.56304,17.23544,0.009388872,0.008102566,0.009229952,18.224445730000003,17.54447617,17.22164509,17.709708289599998,0.0062852658188029,"SDSS(cModelMag g,r)",17.709708289599998,SDSS,Vmag_sdss,0.969830640000005,0.6700295600000032,SDSS(cModel extcorr),-17.290291710400002,0.91375,2.564177870091956,SDSS,False,3.2,8.205369184294259,,,,0.969830640000005,g-i,,1.0,0.0,3.1592827355387763,4.756950415681944,3.1592827355387763,NGC 4874,1.7996555516984636,50873973.303640276,1.6096442042332477,3.6495331234183084,4.797335710604216,1.6096442042332477,1.4860666854267621,0.011492659073237821,1.465242869696405,-0.018615094696404988,0.023937634147352338,0.026993935352647547,1.4871486359271986,0.033654530697801555,1.48351568913297,-0.013707712554656526,0.004496658186508851,0.04649853186017788,0.6024781693069867,0.007647102533982042,0.5955725346180425,0.022941243230648167,0.005817072864176598,-0.014205578871898494,0.05682743263326884
LEDA 44809,75,48,2601.039475169593,10404.157900678372,2601.039475169593,10404.157900678372,1.0,1.0,1.0,1.0,1.0,1.0,True,True,True,True,True,68,47,1.5241790755000002,68,47,True,0.5350185846857087,0.6791942774059809,1.5241790755000002,1.400025503,1.5717404213088235,1.4240799780212765,-0.1441756927202722,0.14766044328754702,0.12415357250000025,0.25,0.25,36.381263758628194,31.922131038081105,0.24603394379559393,0.16957071313557065,0.26282590527710314,0.24047587416655228,True,True,10,0.5372996053651988,0.027769231948089237,0.5372996053651988,0.027769231948089237,,,,,195.17849319377,27.963118502520004,EmG,0.02809,14.96,16.013,1.0530005,15.47,14.708,14.333,14.034,0.7620001,1.1370001,38.44841766357422,0.368079,93.0,SIMBAD,B,2023ApJS..269....3M,,-20.04,False,4.806052207946777,Regular galaxies,,22392.20132427161,False,1.2376674440487242e+18,5.390098,4.745714837436945,15.38528,14.70841,14.32423,0.00274017,0.002341676,0.002453262,0.03404471,0.02355197,0.01750164,15.35123529,14.68485803,14.30672836,True,0.6663772599999991,1.0445069300000007,15.46956,14.70831,14.33325,0.00273654,0.002341676,0.00245403,15.43551529,14.68475803,14.31574836,14.9480727066,0.0017807222943599,"SDSS(cModelMag g,r)",14.9480727066,SDSS,Vmag_sdss,1.0445069300000007,0.6663772599999991,SDSS(cModel extcorr),-20.0519272934,4.806052207946777,4.745714837436945,SDSS,False,3.2,15.186287479798224,,,,1.0445069300000007,g-i,22.08474,0.5743991909691238,93.0,14.824994851296887,7.716076510397371,7.716076510397371,NGC 4889,11.250885684039531,4121922.4246655065,13.32967281160282,12.414042853786256,13.259452735934262,13.32967281160282,1.5345802302041227,-0.010401154704122506,1.4743766598327017,-0.07435115683270177,0.06141119948896423,0.06274237301103602,1.5544663009307078,0.01727412037811571,1.4958919585789898,-0.07181198055771332,0.056670852410721784,0.09098959087682523,0.5471309246393741,-0.012112339953665341,0.5906955558738123,0.08849872153216864,-0.03907047351031212,-0.10510521920996008,0.006623185088630034
2MASX J13004737+2755196,0,6,2488.405144478668,9953.620577914666,0.0,2400.813283393017,0.0,0.24119999999999997,0.0,0.2412,0.0,0.2412,False,False,False,False,True,0,5,,0,5,True,,0.59701327824707,,1.221987111,,1.4328840582000002,,,,,0.2500000000000001,,2.9850663912353497,,0.2590980228409116,,0.30144856152970123,False,True,10,,,,,,,,,195.19752473185,27.92218747244999,GiC,0.02857,15.47,16.81,1.3399992,15.851,15.077,14.701,14.426,0.77400017,1.1499996,31.648378372192383,0.292167,45.0,SIMBAD,B,2023ApJS..269....3M,,-19.529999,False,3.956047296524048,Members of systems,Sa,18735.979374562656,False,1.2376674440487898e+18,6.373846,4.726940625399687,15.90804,15.14599,14.74369,0.003241365,0.002699972,0.002844043,0.03149147,0.02178566,0.01618908,15.87654853,15.12420434,14.72750092,True,0.7523441900000005,1.1490476099999984,15.85108,15.07733,14.70059,0.003198296,0.002668474,0.002810951,15.81958853,15.05554434,14.68440092,15.422665457899996,0.0020745433518924,"SDSS(cModelMag g,r)",15.422665457899996,SDSS,Vmag_sdss,1.1490476099999984,0.7523441900000005,SDSS(cModel extcorr),-19.577334542100004,3.956047296524048,4.726940625399687,SDSS,False,3.0,14.18082187619906,,,,1.1490476099999984,g-i,17.53002,0.5538994697877673,45.0,15.990139227927934,9.28360218270498,9.28360218270498,NGC 4889,12.563946363412294,2441529.4593276647,14.624740862878175,13.286498611846401,13.930517174191543,14.624740862878175,,,1.4728069992238706,-0.2508198882238706,,,,,1.4937650712360784,-0.06088101303607818,,,,,0.5915336746953194,0.005479603551750589,,,0.008064906893646395
SDSS J130041.19+280242.4,8,16,560.9960666617578,2243.984266647031,560.9960666617578,2243.984266647031,1.0,1.0,1.0,1.0,1.0,1.0,True,True,True,True,True,8,16,1.424550542,8,16,True,0.5378851013061459,0.6704290434748641,1.424550542,1.3349125640000001,1.365377524125,1.362906110625,-0.13254394216871823,0.0024714134999999082,0.08963797799999984,0.25000000000000006,0.25000000000000006,4.303080810449167,10.726864695597826,0.3156880469887179,0.1524342748083548,0.4062860512355882,0.21807575485926342,False,True,10,,,,,,,,,195.17167543485,28.04512661346,G,0.02877,17.15,18.487,1.3369999,18.054,17.328,16.977,16.693,0.72600174,1.0770016,7.07,,,NED,,,2007SDSS6.C...0000:,-17.85,False,0.88375,Regular galaxies,E3,4213.752716134498,False,1.2376673243347028e+18,1.786883,1.6703788591993995,17.90871,17.17143,16.81345,0.006900973,0.005767426,0.00626357,0.03569281,0.02469212,0.01834889,17.87301719,17.14673788,16.79510111,True,0.7262793099999989,1.0779160799999978,18.05374,17.32846,16.9766,0.006820921,0.005682242,0.006168075,18.01804719,17.30376788,16.958251110000003,17.434512397099997,0.0044254286970797,"SDSS(cModelMag g,r)",17.434512397099997,SDSS,Vmag_sdss,1.0779160799999978,0.7262793099999989,SDSS(cModel extcorr),-17.565487602900003,0.88375,1.6703788591993995,SDSS,False,3.2,5.345212349438079,,,,1.0779160799999978,g-i,,1.0,0.0,15.347205718876296,8.371679110705964,8.371679110705964,NGC 4889,11.82133988688467,3267162.795549767,13.70584592135592,13.725316032854007,14.85242231244942,13.70584592135592,1.4909010409570604,-0.06635049895706047,1.466153048267372,-0.13124048426737178,0.02767186009766376,0.06196611790233608,1.493856814593383,-0.12847929046838313,1.484748979483436,-0.12184286885843609,0.009695795984915767,-0.007224382484915859,0.5969628382881222,-0.05907773698197638,0.5950865456170013,0.07534249785786284,0.0013440466391728134,-0.13388798880789105,0.007316410192605349
LEDA 1821892,12,24,1927.368908032003,7709.475632128013,1927.368908032003,7709.475632128013,1.0,1.0,1.0,1.0,1.0,1.0,True,True,True,True,True,10,23,1.500584253,10,23,True,0.5894591639613781,0.6290316974227391,1.500584253,1.438565471,1.5320943665999998,1.4411989368695655,-0.039572533461361026,0.0908954297304343,0.062018781999999995,0.24999999999999997,0.24999999999999997,5.894591639613781,14.467729040723,0.24208785030207455,0.2202842019982913,0.3121847122920759,0.32342281507623527,True,True,10,0.5993018695433163,0.0670775080616213,0.5993018695433163,0.0670775080616213,,,,,195.14344216666663,27.934681972222226,G,0.02923,16.81,18.512,1.7019997,17.386,16.689,16.424,16.16,0.6970005,0.9619999,12.59999942779541,0.19,,SIMBAD,E,2003A&A...412...45P,,-18.19,False,1.5749999284744265,Regular galaxies,dG,7625.491314689721,False,1.2376674440487242e+18,3.510405,3.2549950920190702,17.75474,16.97528,16.84774,0.01036726,0.008362913,0.01274201,0.03349451,0.02317134,0.01721879,17.72124549,16.95210866,16.83052121,True,0.7691368300000008,0.8907242800000006,17.3859,16.68892,16.42357,0.01006553,0.008036132,0.01242769,17.35240549,16.66574866,16.40635121,17.2574547603,0.0065125209007042,"SDSS(cModelMag g,r)",17.2574547603,SDSS,Vmag_sdss,0.8907242800000006,0.7691368300000008,SDSS(cModel extcorr),-17.7425452397,1.5749999284744265,3.2549950920190702,SDSS,False,3.2,10.415984294461026,,,,0.8907242800000006,g-i,11.4,0.9047619458499158,0.0,13.050826799854024,6.345023801094404,6.345023801094404,NGC 4889,9.60274429844382,7301166.306122093,11.666926795841402,10.410278932454403,11.130289001241545,11.666926795841402,1.4940114055699538,0.006572847430046158,1.4667386459133882,-0.02817317491338822,0.030074414932450638,0.031944367067549356,1.4981727738581705,0.033921592741829265,1.4855424632558794,-0.04434352638631389,0.01304085700170926,0.07785457272872504,0.5934143424603009,-0.003955178498922796,0.5947738662988129,0.03425783112392622,-0.0015338431634287497,-0.038038690297932276,0.004990555290871382
2MASX J13004540+2750076,0,0,638.9259900651186,2555.7039602604746,0.0,0.0,0.0,0.0,0.0,0.0,0.0,0.0,False,False,False,False,False,0,0,,0,0,True,,,,,,,,,,,0.25,,,,,,,False,False,10,,,,,,,,,195.1891958333333,27.835455555555555,GiC,0.02927,16.71,18.048,1.3380013,17.603,16.898,16.562,16.325,0.7049999,1.0410004,10.019999504089355,0.103,115.0,SIMBAD,C,2006AJ....131.1163S,,-18.29,False,1.2524999380111694,Members of systems,I,6072.086296415636,False,1.2376674440487898e+18,3.110505,2.269864676479541,17.50216,16.77746,16.45893,0.006669195,0.005489769,0.006412807,0.02759026,0.01908681,0.01418355,17.47456974,16.75837319,16.44474645,True,0.7161965499999994,1.0298232899999995,17.60312,16.89836,16.56232,0.006535726,0.005343677,0.006230035,17.57552974,16.87927319,16.54813645,17.042013775499996,0.0042388282506088,"SDSS(cModelMag g,r)",17.042013775499996,SDSS,Vmag_sdss,1.0298232899999995,0.7161965499999994,SDSS(cModel extcorr),-17.957986224500004,1.2524999380111694,2.269864676479541,SDSS,False,3.0,6.809594029438623,,,,1.0298232899999995,g-i,6.18,0.6167664975909253,115.0,17.097135710689983,11.836187983514154,11.836187983514154,NGC 4889,14.251720516392304,1267928.1230958253,16.090072171012523,14.06345865866405,14.25268333442153,16.090072171012523,,,,,,,,,,,,,,,,,,,
2MASX J12595013+2755292,15,39,1801.322964706774,7205.291858827096,1801.322964706774,7205.291858827096,1.0,1.0,1.0,1.0,1.0,1.0,True,True,True,True,True,14,39,1.475167892,14,39,True,0.5871095655892986,0.6630781303249389,1.475167892,1.40372305,1.448850310357143,1.4034091641794872,-0.07596856473564029,0.04544114617765582,0.07144484200000001,0.25,0.25,8.21953391825018,25.86004708267262,0.23829839718064494,0.21465039924778984,0.3334162143486258,0.2457584378507683,True,True,10,0.5879275249586281,0.06369224343570522,0.5879275249586281,0.06369224343570522,,,,,194.95877298074,27.92484964126,GiC,0.0328,16.05,17.563,1.5130005,16.699,15.917,15.55,15.265,0.7819996,1.1489992,12.0,0.152,130.0,SIMBAD,C,2006AJ....131.1163S,,-18.95,False,1.5,Members of systems,S0...,8114.346440645568,False,1.237667444048659e+18,4.288744,3.4333973959291373,16.77092,15.98019,15.60941,0.004491246,0.003575742,0.003852796,0.03131631,0.02166448,0.01609903,16.73960369,15.95852552,15.59331097,True,0.7810781699999989,1.1462927199999982,16.69916,15.91709,15.54959,0.00444064,0.003537403,0.003809073,16.667843689999998,15.89542552,15.53349097,16.2687675697,0.0028002815009222,"SDSS(cModelMag g,r)",16.2687675697,SDSS,Vmag_sdss,1.1462927199999982,0.7810781699999989,SDSS(cModel extcorr),-18.7312324303,1.5,3.4333973959291373,SDSS,False,3.0,10.300192187787411,,,,1.1462927199999982,g-i,9.12,0.7599999999999999,130.0,3.790616106701856,5.058301216262191,3.790616106701856,NGC 4874,2.627388738047591,33537255.935967512,3.2176604041907355,0.7235798360625639,1.4620444673537998,3.2176604041907355,1.5113796349580875,-0.03621174295808749,1.47000861439329,-0.06628556439329003,0.04349024512649685,0.027954596873503157,1.5222730257160824,-0.0734227153589393,1.4899732647504784,-0.08656410057099118,0.03171962759218655,0.013721518585469272,0.5735995949336092,0.013509970655689374,0.5930278696716943,0.0700502606532446,-0.01760393669463617,-0.05836462804100412,0.006250928976927968
2MASX J13001027+2751502,0,0,1829.2649852047984,7317.059940819191,0.0,0.0,0.0,0.0,0.0,0.0,0.0,0.0,False,False,False,False,False,0,0,,0,0,True,,,,,,,,,,,0.2500000000000001,,,,,,,False,False,10,,,,,,,,,195.04265407771,27.863970120340003,GiC,0.03311,15.54,17.103,1.5630007,16.517,15.931,15.639,15.399,0.58600044,0.87800026,14.579999923706056,0.195,70.0,SIMBAD,C,2006AJ....131.1163S,,-19.46,False,1.8224999904632568,Members of systems,SB0,9948.394155911205,False,1.2376674440487242e+18,3.614824,3.3671248299694847,16.3652,15.76924,15.44841,0.004105712,0.003577852,0.004090663,0.03125388,0.02162129,0.01606693,16.33394612,15.74761871,15.432343070000002,True,0.5863274100000009,0.9016030499999984,16.51719,15.93079,15.63924,0.004031604,0.003498494,0.003979875,16.485936119999998,15.90916871,15.62317307,15.9780129481,0.002699940147322,"SDSS(cModelMag g,r)",15.9780129481,SDSS,Vmag_sdss,0.9016030499999984,0.5863274100000009,SDSS(cModel extcorr),-19.0219870519,1.8224999904632568,3.3671248299694847,SDSS,False,3.0,10.101374489908457,,,,0.9016030499999984,g-i,11.700000000000001,0.8024691400016143,70.0,9.53222029409924,6.799744501636793,6.799744501636793,NGC 4889,7.447525628401955,6795957.090384706,8.858008499642901,6.472803993154566,6.408752903972819,8.858008499642901,,,,,,,,,,,,,,,,,,,
SDSS J130018.34+280333.4,15,38,1256.0950430285175,5024.38017211407,1256.0950430285175,5024.38017211407,1.0,1.0,1.0,1.0,1.0,1.0,True,True,True,True,True,15,38,1.552281589,15,38,True,0.5594817944547291,0.625872171988543,1.552281589,1.396994194,1.5090773516666667,1.4179815488157892,-0.06639037753381383,0.09109580285087748,0.155287395,0.25,0.25,8.392226916820936,23.783142535564632,0.2072721672524112,0.21068914313584805,0.2872280820235275,0.2983084570184622,True,True,10,0.5619332737866699,0.05144699899596698,0.5619332737866699,0.05144699899596698,,,,,195.07642091666665,28.05928861111111,G,0.03325,17.34,18.559,1.2189999,18.024,17.445,17.147,17.005,0.5790005,0.8770008,7.19,,,NED,,,2007SDSS6.C...0000:,-17.66,False,0.89875,Regular galaxies,,4925.877325383879,False,1.2376673243346373e+18,2.885166,2.499460786169786,17.89298,17.3703,17.04342,0.008126638,0.007430765,0.008764295,0.03495962,0.0241849,0.01797197,17.858020380000003,17.3461151,17.02544803,True,0.5119052800000041,0.8325723500000031,18.02426,17.44511,17.14746,0.007932713,0.00728797,0.008557238,17.989300380000003,17.420925099999998,17.129488029999997,17.5459962648,0.0055065855550401,"SDSS(cModelMag g,r)",17.5459962648,SDSS,Vmag_sdss,0.8325723500000031,0.5119052800000041,SDSS(cModel extcorr),-17.4540037352,0.89875,2.499460786169786,SDSS,False,3.2,7.998274515743316,,,,0.8325723500000031,g-i,,1.0,0.0,11.161045014245286,5.428971965492022,5.428971965492022,NGC 4889,7.997448471531705,11656904.061614731,9.532883260229973,10.300335501594487,11.56347924397909,9.532883260229973,1.48894260819319,0.06333898080680989,1.4657843282749794,-0.06879013427497949,0.026159097868458492,0.1291282971315415,1.4911392823797478,0.01793806928691888,1.484249364547261,-0.06626781573147178,0.007589587257720909,0.08350621559315657,0.5991971392002582,-0.03971534474552907,0.5952834233138431,0.03058874867469985,0.0031561022601954147,-0.06954647979400924,0.008718185835435932
SDSS J125939.47+275116.5,0,24,3685.7350646631057,14742.94025865242,330.9790088067469,5569.882829718885,0.0898,0.3778,0.0898,0.3778,0.0898,0.3778,False,False,False,True,True,0,21,,0,21,True,,0.5683105920603592,,1.530020963,,1.571582649047619,,,,0.05942297511911065,0.25000000000000006,,11.934522433267542,,0.24072978630429523,,0.28760195685102424,False,True,10,,,,,,,,,194.914488,27.854598,G,0.03134,16.944,17.817,0.8729992,16.852,16.194,15.884,15.786,0.65799904,0.96799946,1.3,,,NED,,,2007SDSS6.C...0000:,-18.056,False,0.1625,Regular galaxies,,841.4049069157564,False,1.2376674440486587e+18,7.100106,4.281511687141951,17.10436,16.50766,16.2426,0.008723604,0.008380204,0.009606543,0.03476916,0.02405314,0.01787406,17.06959084,16.483606860000002,16.22472594,True,0.5859839799999982,0.844864900000001,16.84402,16.18769,15.88271,0.008331817,0.008050052,0.009112405,16.80925084,16.16363686,15.86483594,16.7138602918,0.0061023705855008,"SDSS(cModelMag g,r)",16.7138602918,SDSS,Vmag_sdss,0.844864900000001,0.5859839799999982,SDSS(cModel extcorr),-18.2861397082,0.1625,4.281511687141951,SDSS,False,3.2,13.700837398854246,,,,0.844864900000001,g-i,,1.0,0.0,6.33395251914865,9.691787640136402,6.33395251914865,NGC 4874,7.344624258083354,6218517.51404302,6.992167767907786,4.905100591038215,3.6404520281923394,6.992167767907786,,,1.4685365217175292,0.06148444128247066,,,,,1.4879785817839488,0.0836040672636702,,,,,0.5938138921861258,-0.025503300125766626,,,0.0047058243400584145
Z 160-243,0,0,992.0728534104376,3968.2914136417517,0.0,0.0,0.0,0.0,0.0,0.0,0.0,0.0,False,False,False,False,False,0,0,,0,0,True,,,,,,,,,,,0.24999999999999992,,,,,,,False,False,10,,,,,,,,,195.03808781594,27.86648430942,AGN,0.01773,15.51,16.39,0.87999916,15.916,15.468,15.248,15.012,0.44799995,0.6680002,22.35378074645996,0.261167,169.0,SIMBAD,B,2023ApJS..269....3M,,-19.49,False,2.794222593307495,Active (AGN/Seyfert/QSO),SBa,8321.13461168583,False,1.2376674440487242e+18,3.132543,2.65306309039477,15.86195,15.37971,15.09212,0.00307231,0.002811671,0.003154876,0.03147462,0.021774,0.01618041,15.83047538,15.357936,15.07593959,True,0.4725393800000024,0.754535790000002,15.91562,15.46847,15.24831,0.003029629,0.002769403,0.003096362,15.88414538,15.446696,15.23212959,15.5416771458,0.0020829337993751,"SDSS(cModelMag g,r)",15.5416771458,SDSS,Vmag_sdss,0.754535790000002,0.4725393800000024,SDSS(cModel extcorr),-19.4583228542,2.794222593307495,2.65306309039477,SDSS,False,3.0,7.959189271184309,,,,0.754535790000002,g-i,15.67002,0.7010008811364749,169.0,9.24798151811349,6.63645018247312,6.63645018247312,NGC 4889,7.190272560852883,7334604.91579182,8.581861852077317,6.189431047367285,6.124486777387311,8.581861852077317,,,,,,,,,,,,,,,,,,,
NGC 4874,7357,4950,170033.22025329777,680132.8810131911,169829.18038899382,252949.405111923,0.9988,0.37191174279812106,0.9988,0.3186,0.9988,0.37191174279812106,True,False,False,True,True,7161,4699,1.524106883,7161,4699,True,0.5539558104020018,0.5033544688330115,1.524106883,1.560152159,1.5439322428254434,1.59001345410598,0.05060134156899032,-0.04608121128053666,-0.03604527600000007,0.6713958481691198,0.25,3966.8775582887347,2365.2626490463213,0.2480205700752162,0.27195663758592253,0.2896675799644989,0.32046615055425814,True,True,10,0.5539391059630555,0.0029370864745638173,0.5539391059630555,0.0029370864745638173,,,,,194.89878906845,27.959248303390005,LIN,0.02391,12.71,13.7,0.9899998,12.6472,11.7979,11.66,11.1535,0.84929943,0.9871998,140.40420532226562,2.26074,63.0,SIMBAD,B,2023ApJS..269....3M,,-22.29,True,17.550525665283203,Active (AGN/Seyfert/QSO),,69955.70961435766,True,1.2376674440486584e+18,29.67989,29.58632953200881,12.91115,12.10644,11.64227,0.001804969,0.001734343,0.001838514,0.03009333,0.02081842,0.01547032,12.88105667,12.08562158,11.62679968,True,0.7954350899999998,1.25425699,12.79304,11.98041,11.52575,0.001763336,0.001690713,0.001796031,12.76294667,11.95959158,11.51027968,12.4017499669,0.0012628226591444,"SDSS(cModelMag g,r)",12.4017499669,SDSS,Vmag_sdss,1.25425699,0.7954350899999998,SDSS(cModel extcorr),-22.5982500331,17.550525665283203,29.58632953200881,SDSS,False,4.8,142.0143817536423,,,,1.25425699,g-i,135.64440000000002,0.9660992680999791,63.0,0.0,7.230359733741266,7.230359733741266,NGC 4889,3.615325668910727,1.0947123389942933e+27,1.6476759061251465,3.067469305851432,3.3988032379001165,1.6476759061251465,1.579311382645262,-0.055204499645262084,1.482798327654071,0.07735383134592899,0.09596311218677384,-0.1320083881867739,1.616535497256653,-0.07260325443120963,1.5073033035504437,0.08271015055553632,0.10477724921283671,-0.15085846049337337,0.4960988664835382,0.05785694391846363,0.5861988141770036,-0.0828443453439921,-0.080458331041658,0.13105967261064833,0.09758314322823036
NGC 4869,357,584,9330.606280174236,37322.42512069693,9280.221006261296,31261.263281095748,0.9946000000000002,0.8376,0.9946,0.8376,0.9946,0.8376,True,True,True,True,True,345,565,1.529210902,345,565,True,0.5345290113227488,0.5945404961591227,1.529210902,1.49661638,1.5598593758608696,1.5094312344159293,-0.060011484836373974,0.050428141444940344,0.032594521999999904,0.29686007640878714,0.2500000000000001,184.4125089063483,335.91538032990434,0.2544272913273886,0.2268723970913869,0.30025439154236366,0.2659919789934963,True,True,10,0.5360085946706467,0.013988056692803948,0.5360085946706467,0.013988056692803948,,,,,194.84732847876,27.9115921901,EmG,0.0228791612896412,13.52,14.9,1.3799992,14.429,13.624,13.195,12.914,0.8050003,1.2340002,49.683780670166016,0.690853,47.0,SIMBAD,B,2023ApJS..269....3M,,-21.48,True,6.210472583770752,Regular galaxies,,23717.064620554364,False,1.2376674440486584e+18,7.956479,7.458111597766792,14.35112,13.44835,13.10265,0.002026937,0.00177299,0.001854436,0.03790001,0.02621905,0.01948356,14.31321999,13.42213095,13.08316644,True,0.8910890400000007,1.2300535499999992,14.31396,13.44071,13.0601,0.00200983,0.001768293,0.001849584,14.27605999,13.41449095,13.04061644,13.7774774564,0.0013359957012654,"SDSS(cModelMag g,r)",13.7774774564,SDSS,Vmag_sdss,1.2300535499999992,0.8910890400000007,SDSS(cModel extcorr),-21.2225225436,6.210472583770752,7.458111597766792,SDSS,False,3.2,23.86595711285373,,,,1.2300535499999992,g-i,41.45118,0.8343000359650669,47.0,3.9518547463563447,10.63187370503541,3.9518547463563447,NGC 4874,7.159220890833464,19184895.842508864,5.514877770275918,5.417389790280318,4.648666042057671,5.514877770275918,1.5551440313936526,-0.025933129393652665,1.4782482681707785,0.0183681118292216,0.07729540154190051,-0.04470087954190061,1.5830007460228657,-0.023141370161996022,1.501137981015074,0.008293253400855294,0.078786320620155,-0.02835817917521466,0.5236704716678118,0.010858539654936994,0.5886283142042505,0.005912181954872198,-0.05809729547862863,-0.001914189357745344,0.02660633395446039
NGC 4889,4019,1760,66254.73464254303,265018.938570172,100366.39866440544,208048.6113375052,1.514856246967124,0.7850329959812207,0.8924,0.7842,1.514856246967124,0.7850329959812207,True,False,False,True,True,3813,1706,1.598418747,3813,1706,True,0.47474990771953435,0.6108548854843355,1.598418747,1.441853219,1.6240713621932863,1.4678330188757327,-0.13610497776480118,0.1562383433175536,0.156565528,0.4824180176890816,0.2500000000000001,1810.2213981345844,1042.1184346362763,0.27503578650328914,0.22831260049010868,0.31444423546554257,0.29301999609109036,True,True,10,0.4748484645639086,0.004356882479064782,0.4748484645639086,0.004356882479064782,,,,,195.0337375,27.977025,EmG,0.0215,11.3,13.0,1.6999998,12.3528,11.5017,11.527,10.8346,0.85109997,0.82579994,175.40460205078125,1.8169,75.0,SIMBAD,B,2023ApJS..269....3M,,-23.7,True,21.925575256347656,Regular galaxies,,78815.62927836124,True,1.237667444048724e+18,29.67856,23.02623275480716,12.42321,11.59573,11.37449,0.001673849,0.001673236,0.001773992,0.0316632,0.02190446,0.01627736,12.3915468,11.57382554,11.35821264,True,0.817721259999999,1.033334159999999,12.34061,11.5143,11.21793,0.001639316,0.001640705,0.001737578,12.3089468,11.49239554,11.20165264,11.899091256599998,0.001202314310135,"SDSS(cModelMag g,r)",11.899091256599998,SDSS,Vmag_sdss,1.033334159999999,0.817721259999999,SDSS(cModel extcorr),-23.1009087434,21.925575256347656,23.02623275480716,SDSS,False,4.8,110.52591722307436,,,,1.033334159999999,g-i,109.014,0.6215002270489998,75.0,7.230359733741236,0.0,7.230359733741236,NGC 4874,3.6150343526425788,1.739255948418119e+27,5.663826045561618,5.355075206236344,6.509825718401151,5.663826045561618,1.5881415686408302,0.010277178359169747,1.4844608131747257,-0.042607594174725705,0.1027838578857756,0.05378167011422441,1.6287883125373401,-0.0047169503440538385,1.5095559684843536,-0.041722949608620885,0.11427372780006406,0.041964615517489534,0.4860248455683461,-0.011274937848811728,0.5853111315802026,0.025543753904132882,-0.08862853145043942,-0.047476446314361764,0.06699039863541772
SDSS J130042.56+280658.6,36,286,21450.22009034461,85800.88036137844,7807.8801128854375,38061.270528307476,0.364,0.4436,0.364,0.4436,0.364,0.4436,False,False,False,True,True,34,275,1.499906974,34,275,True,0.5994458889169533,0.5565870722330012,1.499906974,1.487800167,1.4931172406764706,1.5116261045345454,0.04285881668395208,-0.01850886385807482,0.012106806999999886,0.20513976555455363,0.25,20.381160223176412,153.06144486407533,0.22296375164832521,0.25386620060150894,0.2917882375891626,0.3345561789229503,True,True,10,0.5990574732507905,0.0375242417664712,0.5990574732507905,0.0375242417664712,,,,,195.17736,28.11632,LSB,0.020701,18.24,,,17.648,17.011,16.672,16.539,0.63700104,0.97599983,19.49800109863281,0.32496667,0.0,SIMBAD,E,2022ApJS..262...36S,,-16.76,False,2.4372501373291016,LSB/BCD/Dwarf,,8443.75520948361,False,1.2376673243347028e+18,11.91151,10.328826039187028,17.68241,17.11709,16.79583,0.01207821,0.01098925,0.01302848,0.03757682,0.02599547,0.01931742,17.64483318,17.09109453,16.77651258,True,0.5537386499999997,0.8683206000000006,17.64823,17.01133,16.67162,0.01193298,0.01076021,0.01265084,17.61065318,16.98533453,16.65230258,17.308127376499996,0.0081584786103829,"SDSS(cModelMag g,r)",17.308127376499996,SDSS,Vmag_sdss,0.8683206000000006,0.5537386499999997,SDSS(cModel extcorr),-17.691872623500004,2.4372501373291016,10.328826039187028,SDSS,False,3.2,33.05224332539849,,,,0.8683206000000006,g-i,19.4980002,0.9999999539115417,0.0,17.505922735581176,11.300121635809452,11.300121635809452,NGC 4889,14.283435461421485,1409406.2808470242,15.876891870068409,16.49968578807866,17.730224698415352,15.876891870068409,1.4931212416938302,0.006785732306169745,1.4665710520987383,0.02122911490126178,0.029386821100052862,-0.017280014100052976,1.4969375775045308,-0.0038203368280602668,1.4853153739340708,0.02631073060047462,0.012083524710750193,-0.030592388568825013,0.5944298963241175,0.005015992592835805,0.5948633528601982,-0.03827628062719701,-0.0007102118981033301,0.043569028582055414,0.007974727863084953
Coma cluster,0,0,,,,,,,,,,,False,False,False,False,False,0,0,,0,0,True,,,,,,,,,,,,,,,,,,False,False,10,,,,,,,,,195.01707133,27.977025,CLUSTER,0.0215,,,,,,,,,,,,,MANUAL,,,,,False,,Other,,,False,,,,,,,,,,,,,,,,False,,,,,,,,,,,,,,,,,,,,,,,,,False,3.0,,,,,,,,1.0,0.0,6.358175050921624,0.8831094568555958,0.8831094568555958,NGC 4889,2.7446453246900377,2529590562.3847885,4.7831160726779265,4.6200981044769165,5.823396359669688,4.7831160726779265,,,,,,,,,,,,,,,,,,,
