name,N_inner,N_annulus,A_ap_geom,A_bg_geom,A_ap_eff,A_bg_eff,A_ap_eff_over_geom,A_bg_eff_over_geom,f_cov_ap_geom,f_cov_bg_geom,cov_ap_depthw,cov_bg_depthw,coverage_ok_ap,coverage_ok_bg,coverage_ok_both,good_ap_area,good_bg_area,N_inner_color,N_annulus_color,median_color,median_color_bgsub,median_color_bgsub_geom,N_inner_Pblue,N_annulus_Pblue,Pblue_mean_inner_raw,Pblue_mean_annulus,median_color_inner_raw,median_color_annulus,mean_color_inner_raw,mean_color_annulus,alpha_eff,alpha_geom,N_eff_bgsub_color,N_eff_bgsub_Pblue,N_geom_bgsub_color,N_geom_bgsub_Pblue,sum_Pblue_inner,sum_Pblue_annulus,Pblue_std_inner,Pblue_std_annulus,color_std_inner,color_std_annulus,Pblue_inner_meets_min,Pblue_annulus_nonzero,min_gc_for_Pblue,Pblue_mean,Pblue_mean_err,Pblue_mean_bgsub,Pblue_mean_bgsub_geom,fb,fb_err,fb_bgsub,mu_blue,mu_blue_err,mu_blue_bgsub,mu_red,mu_red_err,mu_red_bgsub,ra,dec,otype,z,Vmag_simbad_raw,Bmag_simbad_raw,BV_simbad_raw,gmag_simbad_raw,rmag_simbad_raw,imag_simbad_raw,zmag_simbad_raw,gr_simbad_raw,gi_simbad_raw,major_axis_arcsec,galdim_minaxis,galdim_angle,dim_source,galdim_qual,galdim_bibcode,dim_ref,MV_simbad_raw,show_label,Re_arcsec,otype_family,morph_type,major_kpc,is_large_E,sdss_objid,Re_r_arcsec,Re_r_arcsec_circ,g_cmodel_sdss,r_cmodel_sdss,i_cmodel_sdss,gerr_cmodel_sdss,rerr_cmodel_sdss,ierr_cmodel_sdss,Ag_sdss,Ar_sdss,Ai_sdss,g0_cmodel_sdss,r0_cmodel_sdss,i0_cmodel_sdss,sdss_phot_ok,gr0_sdss,gi0_sdss,g_model_sdss,r_model_sdss,i_model_sdss,gerr_model_sdss,rerr_model_sdss,ierr_model_sdss,g0_model_sdss,r0_model_sdss,i0_model_sdss,Vmag_sdss,Vmag_sdss_err,V_source,mV_app,mV_src,mV_app_col,gi_primary,gr_primary,color_src,MV_abs,Re_simbad_proxy_arcsec,Re_best_arcsec,Re_best_src,Re_best_is_proxy,Re_GCS_scale,Re_GCS_arcsec,n_gcs_prior,n_gcs_red_prior,n_gcs_blue_prior,gal_color,gal_color_src,minor_axis_arcsec,q_axis,pa_deg,R_NGC 4874_arcmin,R_NGC 4889_arcmin,R_nearBCG_arcmin,nearer_BCG,R_bcg_mid_arcmin,tidal_proxy,R_xray_peak_arcmin,R_sz_peak_arcmin,R_geom_arcmin,R_cluster_arcmin,median_color_exp,Delta_median_color,median_color_bgsub_exp,Delta_median_color_bgsub,Pblue_mean_exp,Delta_Pblue_mean,Pblue_mean_bgsub_exp,Delta_Pblue_mean_bgsub,gc_bg_voronoi_density_arcsec2_inv
LEDA 126771,2913,1332,19737.495651811616,78949.98260724648,40289.0638484603,79189.97721516124,2.041244976525801,1.003039831042252,1.0,0.9162,2.041244976525801,1.003039831042252,True,True,True,True,True,2913,1332,1.581370229,1.237227075277032,1.412262995554583,2788,1284,0.513898872325893,0.5914721414322879,1.581370229,1.4793074205,1.587599427402678,1.5076181532537538,0.5087646854474255,0.2499999999999999,2235.325438984029,2134.7461438855057,2580.0,2467.0,1432.75005604459,759.4502295990576,0.2735103208538518,0.2366071449121003,0.3662200558198329,0.3066933476701721,True,True,10,0.5138018241856961,0.0055149596361887,0.375214500952217,0.4457019112015625,0.5138018241856961,0.0055149596361887,0.375214500952217,,,,,,,195.015438,27.964525,GiC,0.01778,17.26,18.49,1.2299995,17.207,16.401,16.026,15.919,0.80600166,1.1810017,7.15,,,NED,,,2007SDSS6.C...0000:,-17.74,False,0.89375,Members of systems,,2668.9116594673533,False,1.237667444048724e+18,9.422453,7.926310613697409,17.79433,16.6457,16.29974,0.0094071,0.006945321,0.008212235,0.03074882,0.02127189,0.0158073,17.76358118,16.62442811,16.2839327,True,1.139153069999999,1.479648479999998,17.20481,16.39346,16.02829,0.009123255,0.006616065,0.007813034,17.17406118,16.37218811,16.0124827,17.081480868699998,0.005627364442639,"SDSS(cModelMag g,r)",17.081480868699998,SDSS,Vmag_sdss,1.479648479999998,1.139153069999999,SDSS(cModel extcorr),-17.918519131300002,0.89375,7.926310613697409,SDSS,False,3.2,25.36419396383171,,,,1.479648479999998,g-i,,1.0,0.0,6.189979712058423,1.2259049075518114,1.2259049075518114,NGC 4889,2.6149297151740294,948659310.2687525,4.695446512465112,4.140232257504728,5.284277745147377,4.695446512465112,1.4902218608265896,0.0911483681734104,0.2969821269167743,0.9402449483602576,0.5823976658331005,-0.0685958416474044,0.0995085515643295,0.2757059493878875,0.0252987031463179
SDSS J130033.33+275849.3,16,56,2604.22730782602,10416.909231304076,2604.22730782602,10416.909231304076,1.0,1.0,1.0,1.0,1.0,1.0,True,True,True,True,True,16,56,1.3802177035,0.1141442458124992,0.1141442458124992,15,53,0.6610717657567892,0.6603874264563458,1.3802177035,1.4469410945,1.430039377125,1.494349813857143,0.2500000000000001,0.2500000000000001,1.999999999999993,1.749999999999995,1.999999999999993,1.749999999999995,9.916076486351836,35.00053360218633,0.1939348196166011,0.1875278715163999,0.2212727856582943,0.2500004752492329,True,True,10,0.6636068178848493,0.046235300653107,0.0802645911817435,0.0802645911817435,0.6636068178848493,0.046235300653107,0.0802645911817435,,,,,,,195.138894,27.980364,AG?,0.0172,17.93,19.883,1.9529991,19.081,18.425,18.046,17.767,0.65600014,1.0349998,5.6,,,NED,,,2007SDSS6.C...0000:,-17.07,False,0.7,Other,,2023.575699311731,False,1.2376673243346378e+18,2.985155,2.87915143393122,18.883,18.21784,17.98378,0.01951113,0.01799711,0.0203615,0.0350279,0.02423214,0.01800708,18.8479721,18.19360786,17.96577292,True,0.6543642399999996,0.8821991800000006,19.07247,18.41958,18.04261,0.01881794,0.01724832,0.01971573,19.0374421,18.39534786,18.02460292,18.4518971984,0.0132944048221074,"SDSS(cModelMag g,r)",18.4518971984,SDSS,Vmag_sdss,0.8821991800000006,0.6543642399999996,SDSS(cModel extcorr),-16.548102801600002,0.7,2.87915143393122,SDSS,False,3.2,9.213284588579905,,,,0.8821991800000006,g-i,,1.0,0.0,12.78648642089626,5.575562057885486,5.575562057885486,NGC 4889,9.176988092179403,10558192.339535872,11.238010979748395,10.585858629837157,11.548665794849926,11.238010979748395,1.4674073150172553,-0.0871896115172552,0.1596458445022437,-0.0455015986897444,0.5931064827623356,0.0705003351225137,0.0564549214928672,0.0238096696888762,0.0067810085257876
2MASX J12592536+2756038,94,162,1510.9273794938322,6043.709517975329,1510.9273794938322,6043.709517975329,1.0,1.0,1.0,1.0,1.0,1.0,True,True,True,True,True,94,162,1.5536054895,0.9062937665345744,0.9062937665345744,88,158,0.5760568593734868,0.61152641609004,1.5536054895,1.5024025175,1.548995755319149,1.491130199648148,0.25,0.25,53.5,48.5,53.5,48.5,50.69300362486684,96.62117374222632,0.2242521145352458,0.215809303547691,0.2488643510302556,0.2694440325622939,True,True,10,0.577713285465592,0.0234992720707934,0.3032213146069945,0.3032213146069945,0.577713285465592,0.0234992720707934,0.3032213146069945,,,,,,,194.85557934601,27.93449232493,GiC,0.02531,17.02,18.094,1.0739994,17.578,16.871,16.55,16.316,0.7069988,1.0279999,8.579999923706055,0.143,90.0,SIMBAD,C,2006AJ....131.1163S,,-17.98,False,1.0724999904632568,Members of systems,E/S0,4517.585880691035,False,1.2376674440486584e+18,2.307695,2.193041545887024,17.54884,16.90173,16.5925,0.006365186,0.005119016,0.005765975,0.03608074,0.02496049,0.01854832,17.51275926,16.87676951,16.57395168,True,0.6359897500000002,0.9388075799999988,17.57126,16.86209,16.54906,0.006325855,0.005087877,0.005734589,17.53517926,16.837129509999997,16.53051168,17.127525307499997,0.0039915406321228,"SDSS(cModelMag g,r)",17.127525307499997,SDSS,Vmag_sdss,0.9388075799999988,0.6359897500000002,SDSS(cModel extcorr),-17.872474692500003,1.0724999904632568,2.193041545887024,SDSS,False,3.0,6.579124637661071,,,,0.9388075799999988,g-i,8.58,1.0,90.0,2.729744081742917,9.780915934680484,2.729744081742917,NGC 4874,6.203938961804454,55677532.40481717,4.366033477022266,4.8557645708570965,4.412367571661328,4.366033477022266,1.4894553178895993,0.0641501716104007,0.292367783148673,0.6139259833859013,0.5827574699707427,-0.0050441845051507,0.0980619982856064,0.205159316321388,0.0302336910982423
GMP 2550,0,0,0.1192619447936882,0.4770477791747531,0.1192619447936882,0.4770477791747531,1.0,1.0,1.0,1.0,1.0,1.0,True,True,True,True,True,0,0,,,,0,0,,,,,,,0.2499999999999999,0.2499999999999999,0.0,0.0,0.0,0.0,,,,,,,False,False,10,,,,,,,,,,,,,,195.16241666666667,28.00980555555556,G,0.0197870221271543,18.45,19.149,0.6989994,18.84,,,17.14,,,5.64,,,NED,,,2007SDSS6.C...0000:,-16.55,False,0.705,Regular galaxies,Sa,2337.200564489691,False,1.2376673243347026e+18,0.03022349,0.0194839051715349,25.11438,24.80202,24.3618,0.9671926,0.9461214,1.06993,0.03529272,0.02441534,0.01814322,25.07908728,24.77760466,24.34365678,True,0.3014826200000016,0.7354304999999997,25.11438,24.80202,24.3618,0.7037622,0.7457531,0.7792174,25.07908728,24.77760466,24.34365678,24.8912125342,0.6847271732867282,"SDSS(cModelMag g,r)",24.8912125342,SDSS,Vmag_sdss,0.7354304999999997,0.3014826200000016,SDSS(cModel extcorr),-10.108787465800004,0.705,0.0194839051715349,SDSS,False,3.0,0.0584517155146048,,,,0.7354304999999997,g-i,,1.0,0.0,14.293750168346756,7.095479904962103,7.095479904962103,NGC 4889,10.68914735252012,5243609.097782694,12.687443740561982,12.348553607574654,13.39181096772086,12.687443740561982,,,,,,,,,
SDSS J125942.36+280158.5,9,13,241.2159018072934,964.8636072291738,241.2159018072934,964.8636072291738,1.0,1.0,1.0,1.0,1.0,1.0,True,True,True,True,True,9,13,1.481318466,0.9841085496944446,0.9841085496944446,9,13,0.6675478204332598,0.6458615867910952,1.481318466,1.376888999,1.4508530847777776,1.4692729697692308,0.2499999999999999,0.2499999999999999,5.750000000000001,5.750000000000001,5.750000000000001,5.750000000000001,6.007930383899338,8.396200628284237,0.1034302448266167,0.1881438054095901,0.1715907616134664,0.2794995004997929,False,True,10,,,,,,,,,,,,,,194.92654,28.03292,G,0.0263,18.76,,,,,,,,,7.01,,,NED,,,2007SDSS6.C...0000:,-16.24,False,0.87625,Regular galaxies,,3830.719656152631,False,,,,,,,,,,,,,,,,False,,,,,,,,,,,,,,,18.76000022888184,SIMBAD,,,,,-16.239999771118164,0.87625,0.87625,SIMBAD_proxy(maj/8),True,3.2,2.8040000000000003,,,,,,,1.0,0.0,4.658388816802186,6.5950896621409445,4.658388816802186,NGC 4874,4.420100998732925,16892294.263873734,3.739317684323733,6.205568933008458,7.239094258789691,3.739317684323733,1.4622780484209783,0.0190404175790217,0.1287692970691805,0.8553392526252641,,,,,0.0168501881342687
[EDG2007] 265,0,0,,,,,,,,,,,False,False,False,False,False,0,0,,,,0,0,,,,,,,,,,,,,,,,,,,False,False,10,,,,,,,,,,,,,,194.9585970391,27.926986743809994,G,0.0324991497951559,18.7,19.808,1.1079998,,,,16.79,,,,,,,,,,-16.3,False,,Regular galaxies,S0,,False,,,,,,,,,,,,,,,,False,,,,,,,,,,,,,,,18.700000762939453,SIMBAD,,,,,-16.299999237060547,,,,False,3.0,,,,,1.1079998016357422,B-V,,1.0,0.0,3.714364178304284,4.987373806968976,3.714364178304284,NGC 4874,2.502206745942982,35382194.38556053,3.1039547875919764,0.6575491425886265,1.5233465223901923,3.1039547875919764,,,,,,,,,
SDSS J125926.45+275124.7,8,23,815.9281627805228,3263.712651122092,815.9281627805228,3263.712651122092,1.0,1.0,1.0,1.0,1.0,1.0,True,True,True,True,True,8,23,1.4971619525,0.36537650709375,0.36537650709375,8,22,0.6633890100768464,0.5534015159030616,1.4971619525,1.574658011,1.50507443025,1.645398193173913,0.25,0.25,2.25,2.5,2.25,2.5,5.307112080614771,12.174833349867356,0.1397990540486302,0.2318887697938302,0.138999878415309,0.2735354145465228,False,True,10,,,,,,,,,,,,,,194.860237,27.856882,AG?,0.0166,17.72,19.12,1.4000015,18.222,17.548,17.219,17.109,0.6739998,1.0030003,5.7,,,NED,,,2007SDSS6.C...0000:,-17.28,False,0.7125,Other,,1989.313383896663,False,1.2376674440486587e+18,1.636773,1.6115768694940298,18.40277,17.78439,17.48174,0.01155121,0.009478468,0.01134825,0.03713348,0.02568877,0.01908951,18.36563652,17.75870123,17.462650489999998,True,0.6069352899999991,0.902986030000001,18.21467,17.54108,17.2171,0.01133046,0.009241914,0.01105062,18.17753652,17.515391230000002,17.198010489999998,17.997544698899997,0.0073282627513608,"SDSS(cModelMag g,r)",17.997544698899997,SDSS,Vmag_sdss,0.902986030000001,0.6069352899999991,SDSS(cModel extcorr),-17.002455301100003,0.7125,1.6115768694940298,SDSS,False,3.2,5.157045982380896,,,,0.902986030000001,g-i,,1.0,0.0,6.473196152724098,11.686638514517265,6.473196152724098,NGC 4874,8.726999228596645,5125597.822852792,7.689057200125938,6.40682711892343,5.182358592542751,7.689057200125938,1.4749713272730764,0.0221906252269235,0.2051787835330707,0.1601977235606793,,,,,0.0081152262301552
[EDG2007] 205,0,0,24.850488763747386,99.40195505498954,0.0,0.0,0.0,0.0,0.0,0.0,0.0,0.0,False,False,False,False,False,0,0,,,,0,0,,,,,,,,0.25,,,0.0,0.0,,,,,,,False,False,10,,,,,,,,,,,,,,194.95266666666663,28.06555555555555,G,0.0248738745789262,16.402,16.86,0.45800018,,,,15.43,,,2.25,,,NED,,,2007SDSS6.C...0000:,-18.598,False,0.28125,Regular galaxies,S0,1164.8829837900923,False,,,,,,,,,,,,,,,,False,,,,,,,,,,,,,,,16.402000427246094,SIMBAD,,,,,-18.597999572753903,0.28125,0.28125,SIMBAD_proxy(maj/8),True,3.0,0.84375,,,,0.4580001831054687,B-V,,1.0,0.0,6.987802776110886,6.83039169356473,6.83039169356473,NGC 4889,5.889335488482466,8666233.075343845,5.8560654656329945,8.072721870488818,9.230912364552152,5.8560654656329945,,,,,,,,,
SDSS J125928.50+280109.3,13,38,703.9249458792237,2815.6997835168945,703.9249458792237,2815.6997835168945,1.0,1.0,1.0,1.0,1.0,1.0,True,True,True,True,True,13,38,1.53265759,0.4706719868076918,0.4706719868076918,13,35,0.544634153285399,0.6234445629287818,1.53265759,1.453243457,1.5860752425384612,1.4965288458947368,0.25,0.25,3.4999999999999982,4.249999999999998,3.4999999999999982,4.249999999999998,7.080243992710187,21.820559702507364,0.259306687298994,0.1822797597346168,0.3154018312599912,0.2674663141601264,True,True,10,0.5458707282852414,0.0687850900371604,0.1262445801600997,0.1262445801600997,0.5458707282852414,0.0687850900371604,0.1262445801600997,,,,,,,194.868763,28.01926,AG?,0.02,18.07,19.32,1.25,18.957,18.273,17.981,17.7,0.684,0.97599983,,,,,,,,-16.93,False,,Other,dE...,,False,1.2376673243345715e+18,1.546279,1.4968843288803138,19.44061,18.70204,18.3377,0.01648695,0.01424145,0.01676991,0.02756381,0.01906852,0.01416995,19.41304619,18.68297148,18.32353005,True,0.7300747100000002,1.089516139999997,19.37617,18.70203,18.37457,0.01651298,0.01424145,0.0165647,19.34860619,18.68296148,18.36040005,18.9723021111,0.0107839751387107,"SDSS(cModelMag g,r)",18.9723021111,SDSS,Vmag_sdss,1.089516139999997,0.7300747100000002,SDSS(cModel extcorr),-16.027697888900004,,1.4968843288803138,SDSS,False,3.2,4.790029852417004,,,,1.089516139999997,g-i,,1.0,0.0,3.9364758003449736,9.099940169738574,3.9364758003449736,NGC 4874,6.007658358463847,20254446.13837329,4.251613668608372,6.723889558154812,7.304298487099928,4.251613668608372,1.458743669187235,0.0739139208127648,0.1074934624037891,0.3631785244039027,0.5971730724682527,-0.0513023441830112,0.0401056412681766,0.086138938891923,0.01438671447416
LEDA 1821898,31,81,521.5693790534488,2086.2775162137955,521.5693790534488,2086.2775162137955,1.0,1.0,1.0,1.0,1.0,1.0,True,True,True,True,True,31,81,1.608183789,0.6517113550887098,0.6517113550887098,27,79,0.5720096544938058,0.6618595761162522,1.608183789,1.464229405,1.569897891451613,1.4684961026543213,0.2499999999999999,0.2499999999999999,10.750000000000004,7.2500000000000036,10.750000000000004,7.2500000000000036,15.444260671332756,52.28690651318393,0.174244481320405,0.1765517322840218,0.163057708396318,0.2086602074809829,True,True,10,0.5749043052630911,0.0312095656269989,0.0907662819928696,0.0907662819928696,0.5749043052630911,0.0312095656269989,0.0907662819928696,,,,,,,194.89658333333333,27.934722222222224,GiC,0.013986,18.055,18.894,0.8389988,19.052,18.382,18.634,17.93,0.6700001,0.41799927,18.0,0.22,140.0,SIMBAD,E,2003A&A...412...45P,,-16.945,False,2.25,Members of systems,dE,5309.701121044464,False,1.2376674440486584e+18,1.644091,1.504632345685636,19.03822,18.33431,18.69287,0.02135029,0.01277457,0.03714409,0.03265684,0.02259186,0.01678817,19.00556316,18.31171814,18.67608183,True,0.6938450199999977,0.3294813300000001,19.04652,18.37262,18.63309,0.01436916,0.01167669,0.0226659,19.01386316,18.350028140000003,18.61630183,18.586194598199995,0.0115512837846124,"SDSS(cModelMag g,r)",18.586194598199995,SDSS,Vmag_sdss,0.3294813300000001,0.6938450199999977,SDSS(cModel extcorr),-16.413805401800005,2.25,1.504632345685636,SDSS,False,3.2,4.814823506194036,,,,0.3294813300000001,g-i,13.2,0.7333333333333333,140.0,1.4762016110232756,7.699363667759468,1.4762016110232756,NGC 4874,4.202187406603415,344110770.7383304,2.6925663184285145,2.686683262469344,2.434267919951952,2.6925663184285145,1.4651715461392805,0.1430122428607194,0.1461872296078143,0.5055241254808954,0.5941559202488585,-0.0192516149857674,0.0522357725778699,0.0385305094149996,0.0468218212334916
GMP 2710,0,0,1267.1653871627395,5068.661548650959,0.0,0.0,0.0,0.0,0.0,0.0,0.0,0.0,False,False,False,False,False,0,0,,,,0,0,,,,,,,,0.2499999999999999,,,0.0,0.0,,,,,,,False,False,10,,,,,,,,,,,,,,195.09645,27.87357,LSB,0.024180061260914,18.77,,,,,,,,,180.0,2.55,90.0,SIMBAD,D,2021ApJ...923..257K,,-16.23,False,22.5,LSB/BCD/Dwarf,,90667.41915678944,False,1.2376674440487247e+18,2.350547,2.178373030670072,20.02861,19.40042,19.08525,0.04244016,0.0454784,0.06293637,0.03027344,0.02094303,0.01556291,19.99833656,19.37947697,19.06968709,True,0.6188595900000031,0.9286494700000034,20.03835,19.40046,19.12771,0.04110111,0.03730221,0.05305912,20.008076560000003,19.37951697,19.11214709,19.6232094019,0.0319804028296442,"SDSS(cModelMag g,r)",19.6232094019,SDSS,Vmag_sdss,0.9286494700000034,0.6188595900000031,SDSS(cModel extcorr),-15.3767905981,22.5,2.178373030670072,SDSS,False,3.2,6.970793698144231,,,,0.9286494700000034,g-i,153.0,0.85,90.0,11.672533159808324,7.041562931608006,7.041562931608006,NGC 4889,8.93482197971644,5669796.369039666,10.700455674655702,8.638835140410078,8.874499731200157,10.700455674655702,,,,,,,,,
SDSS J130036.67+275427.4,9,26,1574.333988415486,6297.335953661944,1574.333988415486,6287.260216136085,1.0,0.9984,1.0,0.9984,1.0,0.9984,True,True,True,True,True,9,26,1.623702213,0.5904781465214122,0.5921313050277779,9,24,0.563506073775446,0.5772731277892479,1.623702213,1.4283289495,1.5814732185555558,1.5625814995384617,0.250400641025641,0.25,2.489583333333333,2.990384615384615,2.5,3.0,5.071554663979015,13.854555066941948,0.2256295315539004,0.3235153330541551,0.2966026986908098,0.4051863566547765,False,True,10,,,,,,,,,,,,,,195.152805,27.907624,AG?,0.0207,17.87,19.705,1.8349991,19.18,18.48,18.16,18.02,0.70000076,1.0200005,,,,,,,,-17.13,False,,Other,,,False,1.2376674440487242e+18,2.476099,2.238584536415381,18.94413,18.24794,17.93828,0.02049401,0.01608855,0.0209796,0.03127096,0.02163311,0.01607572,18.91285904,18.22630689,17.92220428,True,0.6865521500000007,0.9906547600000016,19.16911,18.46992,18.15826,0.01984765,0.01553743,0.0203259,19.13783904,18.44828689,18.14218428,18.4977932715,0.0126769654492005,"SDSS(cModelMag g,r)",18.4977932715,SDSS,Vmag_sdss,0.9906547600000016,0.6865521500000007,SDSS(cModel extcorr),-16.502206728500003,,2.238584536415381,SDSS,False,3.2,7.16347051652922,,,,0.9906547600000016,g-i,,1.0,0.0,13.81693253073622,7.5611217572675535,7.5611217572675535,NGC 4889,10.533593624750129,4438521.947148785,12.546399111194985,10.996333713749689,11.55194400556421,12.546399111194985,1.4666432420567137,0.1570589709432863,0.1550463692038435,0.4354317773175686,,,,,0.0050853029811682
LEDA 44609,0,0,150.67376355953084,602.6950542381232,0.0,0.0,0.0,0.0,0.0,0.0,0.0,0.0,False,False,False,False,False,0,0,,,,0,0,,,,,,,,0.25,,,0.0,0.0,,,,,,,False,False,10,,,,,,,,,,,,,,194.8685896631961,28.0853875547228,EmG,0.01241,15.56,17.074,1.513999,16.4245,17.182,16.978,15.2565,-0.7574997,-0.5535011,22.258378982543945,0.320484,102.0,SIMBAD,B,2023ApJS..269....3M,,-19.439999,False,2.782297372817993,Regular galaxies,,5837.20361486106,False,1.2376673243345715e+18,0.8051003,0.7450953391098465,17.9676,17.18176,17.03503,0.006155745,0.004922047,0.00561561,0.03216669,0.02225277,0.01653619,17.93543331,17.15950723,17.01849381,True,0.7759260800000014,0.9169395000000016,17.90654,17.18175,16.97764,0.006204564,0.004922047,0.005642612,17.87437331,17.15949723,16.96110381,17.467636922799997,0.0038474806339206,"SDSS(cModelMag g,r)",17.467636922799997,SDSS,Vmag_sdss,0.9169395000000016,0.7759260800000014,SDSS(cModel extcorr),-17.532363077200003,2.782297372817993,0.7450953391098465,SDSS,False,3.2,2.384305085151509,,,,0.9169395000000016,g-i,19.22904,0.863901185934533,102.0,7.735536095618524,10.89833112363583,7.735536095618524,NGC 4874,8.732325466574386,3708627.520475572,7.552308173449165,10.148560091293891,10.953648526823317,7.552308173449165,,,,,,,,,
LEDA 1822726,28,73,881.9440962963064,3527.776385185225,881.9440962963064,3527.776385185225,1.0,1.0,1.0,1.0,1.0,1.0,True,True,True,True,True,28,73,1.3879397315,0.4141373733839285,0.4141373733839285,27,72,0.6084531737104611,0.6065407738135355,1.3879397315,1.494052933,1.4096997239642857,1.4878269877945207,0.25,0.25,9.75,9.0,9.75,9.0,16.42823569018245,43.67093571457456,0.2159776731173279,0.1964036935832608,0.2842416641640711,0.3310301602091658,True,True,10,0.6150760503539205,0.0392611660980907,0.2107155344782301,0.2107155344782301,0.6150760503539205,0.0392611660980907,0.2107155344782301,,,,,,,194.8320833333333,27.96833333333333,GiC,0.0257,17.7,18.995,1.2950001,,,,16.74,,,15.0,0.15,132.0,SIMBAD,E,2003A&A...412...45P,,-17.3,False,1.875,Members of systems,E,8015.789974468368,False,1.2376674440485934e+18,2.898254,2.163066977359321,18.12296,17.42215,17.06719,0.0110812,0.008891906,0.01078947,0.03495746,0.02418341,0.01797086,18.08800254,17.39796659,17.04921914,True,0.6900359499999986,1.0387833999999962,17.85776,17.16272,16.83729,0.01077501,0.008615483,0.01038941,17.822802539999998,17.13853659,16.81931914,17.670881329499995,0.0069400557722083,"SDSS(cModelMag g,r)",17.670881329499995,SDSS,Vmag_sdss,1.0387833999999962,0.6900359499999986,SDSS(cModel extcorr),-17.329118670500005,1.875,2.163066977359321,SDSS,False,3.2,6.9218143275498285,,,,1.0387833999999962,g-i,9.0,0.6,132.0,3.576827064912382,10.69842772302969,3.576827064912382,NGC 4874,7.110535658130785,25342835.633193992,5.036946055865869,6.492513096829805,6.401706381937094,5.036946055865869,1.480409584424492,-0.092469852924492,0.2379153554653548,0.1762220179185737,0.5870034060712481,0.0280726442826724,0.0809916754491802,0.1297238590290499,0.0266663210723065
SDSS J130027.87+275916.2,5,8,828.3193128187826,3313.277251275131,828.3193128187826,3313.277251275131,1.0,1.0,1.0,1.0,1.0,1.0,True,True,True,True,True,5,8,1.283527021,0.7058614098000002,0.7058614098000002,5,8,0.7845964077506989,0.6045414943143721,1.283527021,1.444164028,1.2991182184,1.55921576825,0.2499999999999999,0.2499999999999999,3.0000000000000004,3.0000000000000004,3.0000000000000004,3.0000000000000004,3.922982038753495,4.836331954514977,0.0376887379711916,0.2628510878545737,0.1160155219294199,0.3385114324734102,False,True,10,,,,,,,,,,,,,,195.116153,27.98785,G,0.032,18.9,,,20.14,19.566,19.185,19.19,0.5739994,0.9549999,,,,,,,,-16.1,False,,Regular galaxies,,,False,1.2376673243346378e+18,1.865894,1.6237679211857292,19.9411,19.4771,18.96818,0.03339727,0.03077869,0.03457493,0.03492086,0.02415809,0.01795205,19.90617914,19.45294191,18.95022795,True,0.4532372299999991,0.9559511900000004,20.13209,19.56009,19.18021,0.03140876,0.03020178,0.03390007,20.09716914,19.53593191,19.16225795,19.6287691743,0.0227433457183556,"SDSS(cModelMag g,r)",19.6287691743,SDSS,Vmag_sdss,0.9559511900000004,0.4532372299999991,SDSS(cModel extcorr),-15.371230825700003,,1.6237679211857292,SDSS,False,3.2,5.1960573477943335,,,,0.9559511900000004,g-i,,1.0,0.0,11.645222236367356,4.414862824956863,4.414862824956863,NGC 4889,8.029897136732751,20905302.481369592,10.070689135422157,9.584486399185083,10.612507882737976,10.070689135422157,1.447814875096629,-0.164287854096629,0.0417056109067122,0.664155798893288,,,,,0.0039486311151071
SDSS J130044.10+280215.4,31,134,3542.3038922380592,14169.21556895224,3542.3038922380592,14169.21556895224,1.0,1.0,1.0,1.0,1.0,1.0,True,True,True,True,True,31,134,1.308998181,-0.2276160303387093,-0.2276160303387093,30,131,0.5921907182551794,0.6401984563298976,1.308998181,1.4219415089999998,1.437592884032258,1.4343107617985071,0.2499999999999999,0.2499999999999999,-2.499999999999993,-2.749999999999993,-2.499999999999993,-2.749999999999993,17.76572154765538,83.86599777921658,0.2900062666396389,0.2086105216387319,0.3372223843689235,0.2456591661307607,True,True,10,0.5945137376939942,0.0525810637216398,-0.1043695771328105,-0.1043695771328105,0.5945137376939942,0.0525810637216398,-0.1043695771328105,,,,,,,195.183767,28.037623,G,0.0296505124221637,18.74,,,19.762,19.025,18.76,18.55,0.7369995,1.0019989,5.04,,,NED,,,2007SDSS6.C...0000:,-16.26,False,0.63,Regular galaxies,dE,3092.507251557792,False,1.237667324334703e+18,3.67666,3.3579016494928724,19.80252,19.01752,18.73545,0.0376345,0.03206315,0.04505836,0.03542991,0.02451025,0.01821374,19.76709009,18.99300975,18.71723626,True,0.7740803399999976,1.04985383,19.75126,19.01752,18.75314,0.03781127,0.03206316,0.04085517,19.71583009,18.99300975,18.73492626,19.3003826894,0.0244121290320374,"SDSS(cModelMag g,r)",19.3003826894,SDSS,Vmag_sdss,1.04985383,0.7740803399999976,SDSS(cModel extcorr),-15.6996173106,0.63,3.3579016494928724,SDSS,False,3.2,10.745285278377192,,,,1.04985383,g-i,,1.0,0.0,15.812851724050397,8.739746534349745,8.739746534349745,NGC 4889,12.2534349633107,2882220.380588912,14.179099233631849,14.07456911019516,15.169843993491948,14.179099233631849,1.4532818184922591,-0.1442836374922593,0.0746148648713187,-0.3022308952100281,0.5997367859726164,-0.0052230482786221,0.0297985108395338,-0.1341680879723444,0.0121416451918225
SDSS J130042.51+280325.4,3,15,691.5727059537102,2766.290823814841,691.5727059537102,2766.290823814841,1.0,1.0,1.0,1.0,1.0,1.0,True,True,True,True,True,3,15,1.517101718,-0.1930010407499998,-0.1930010407499998,3,15,0.7165067277237215,0.6790698268577393,1.517101718,1.368082207,1.44193177,1.3591161792666668,0.2499999999999999,0.2499999999999999,-0.7499999999999996,-0.7499999999999996,-0.7499999999999996,-0.7499999999999996,2.1495201831711643,10.18604740286609,0.0755446664472259,0.1815785847755834,0.155141186969101,0.2912278542122487,False,True,10,,,,,,,,,,,,,,195.177164,28.057068,AG?,0.0194034234176765,18.89,19.9,1.0100002,19.963,19.353,19.001,18.796,0.6099987,0.9619999,4.38,,,NED,,,2007SDSS6.C...0000:,-16.11,False,0.5475,Other,E,1780.7025809747108,False,1.237667324334703e+18,1.652209,1.4836927893601883,19.82357,19.2173,18.97882,0.02552688,0.02375429,0.02733007,0.03578467,0.02475567,0.01839611,19.78778533,19.19254433,18.96042389,True,0.5952409999999979,0.8273614400000007,19.95295,19.34726,18.99389,0.02524754,0.02330548,0.02704838,19.91716533,19.32250433,18.97549389,19.42659314,0.0174916748231837,"SDSS(cModelMag g,r)",19.42659314,SDSS,Vmag_sdss,0.8273614400000007,0.5952409999999979,SDSS(cModel extcorr),-15.573406860000002,0.5475,1.4836927893601883,SDSS,False,3.2,4.747816925952603,,,,0.8273614400000007,g-i,,1.0,0.0,15.871383599883272,8.987792574235101,8.987792574235101,NGC 4889,12.380431045087844,2669358.374272354,14.225681179816473,14.341886663747886,15.487782306646691,14.225681179816473,1.4511806802874476,0.0659210377125523,0.0619666836495864,-0.2549677243995862,,,,,0.0056117128951254
LEDA 126776,5,35,1099.2828127714506,4397.131251085802,1099.2828127714506,4397.131251085802,1.0,1.0,1.0,1.0,1.0,1.0,True,True,True,True,True,5,35,1.413052353,-1.0096933762499998,-1.0096933762499998,5,35,0.7432186766602459,0.6009031481788852,1.413052353,1.384426131,1.3678854056000005,1.4226062367428571,0.25,0.25,-3.75,-3.75,-3.75,-3.75,3.716093383301229,21.031610186260984,0.0344307430863721,0.2501269871545289,0.1790104924459555,0.3477243400050845,False,True,10,,,,,,,,,,,,,,194.982068,27.917708,AG?,0.0221,18.6,19.4,0.79999924,19.098,18.351,17.99,17.771,0.74699974,1.1079998,,,,,,,,-16.4,False,,Other,,,False,1.237667444048659e+18,1.914637,1.8705950577746049,18.97418,18.17768,17.90312,0.01600784,0.01249071,0.01526711,0.03164002,0.02188842,0.01626544,18.94253998,18.15579158,17.88685456,True,0.7867484000000005,1.0556854199999997,19.04726,18.29776,17.94525,0.01570451,0.01218498,0.01496806,19.01561998,18.27587158,17.92898456,18.468358424,0.0098684138582562,"SDSS(cModelMag g,r)",18.468358424,SDSS,Vmag_sdss,1.0556854199999997,0.7867484000000005,SDSS(cModel extcorr),-16.531641576000002,,1.8705950577746049,SDSS,False,3.2,5.985904184878735,,,,1.0556854199999997,g-i,,1.0,0.0,5.069401188463505,4.490732752015702,4.490732752015702,NGC 4889,3.1395482006302893,27607790.125222903,4.308124983811095,2.0204434136499447,2.514964433780144,4.308124983811095,1.4671332702781568,-0.0540809172781566,0.1579961826594182,-1.167689558909418,,,,,0.0134914030911715
LEDA 126788,3,10,161.47144899003368,645.8857959601348,161.47144899003368,645.8857959601348,1.0,1.0,1.0,1.0,1.0,1.0,True,True,True,True,True,3,10,1.432964792,0.3137819832500002,0.3137819832500002,3,9,0.7276200000154177,0.5114233380758895,1.432964792,1.3430193705,1.4380457353333334,1.3922928949,0.2499999999999999,0.2499999999999999,0.5000000000000004,0.7500000000000004,0.5000000000000004,0.7500000000000004,2.182860000046253,4.602810042683005,0.04198893250038,0.3072932513708136,0.0099945477921431,0.3560907737897795,False,True,10,,,,,,,,,,,,,,194.90421277709,28.01860403441,G,0.024,17.66,18.99,1.3299999,18.332,17.657,17.298,17.027,0.67500114,1.0340004,5.15,,,NED,,,2007SDSS6.C...0000:,-17.34,False,0.64375,Regular galaxies,,2575.340032849998,False,1.2376673243345715e+18,0.7451016,0.7169236957302317,19.00812,18.2928,17.92681,0.009992042,0.008145009,0.008788479,0.02636337,0.01823806,0.01355283,18.981756630000003,18.27456194,17.91325717,True,0.707194690000005,1.0684994600000015,18.99973,18.2928,17.92404,0.009992715,0.00814501,0.008789997,18.97336663,18.27456194,17.910487170000003,18.5545117629,0.0063147935585577,"SDSS(cModelMag g,r)",18.5545117629,SDSS,Vmag_sdss,1.0684994600000015,0.707194690000005,SDSS(cModel extcorr),-16.4454882371,0.64375,0.7169236957302317,SDSS,False,3.2,2.2941558263367416,,,,1.0684994600000015,g-i,,1.0,0.0,3.5729184388639337,7.301377327556016,3.5729184388639337,NGC 4874,4.469488111838428,28469423.58169261,3.125072957755687,5.720976300699203,6.571980767793369,3.125072957755687,1.4656989986233586,-0.0327342066233586,0.1493623251770608,0.1644196580729393,,,,,0.0149133228801513
LEDA 126769,8,37,659.2694689519279,2637.077875807712,762.5132067694713,3739.259693891805,1.1566032444694805,1.4179557335774566,1.0,1.0,1.1566032444694805,1.4179557335774566,True,True,True,True,True,8,37,1.421759853,0.1101235489525029,-0.18626107084375,8,37,0.6531471631125891,0.6286606856419897,1.421759853,1.390720799,1.4086806100000002,1.3783379992432432,0.2039209012455219,0.25,0.45492665391569,0.45492665391569,-1.25,-1.25,5.225177304900713,23.26044536875362,0.1708238542453546,0.2161541928509395,0.266518306196341,0.3031350225559218,False,True,10,,,,,,,,,,,,,,195.02969312757,27.93096707335,G,0.0259,17.68,18.96,1.2799988,18.51,17.799,17.474,17.206,0.71100044,1.0359993,4.76,,,NED,,,2007SDSS6.C...0000:,-17.32,False,0.595,Regular galaxies,,2562.852048345726,False,1.2376674440487242e+18,1.484421,1.448626900297438,18.4128,17.85435,17.59505,0.009880901,0.007790447,0.009046526,0.0320367,0.02216284,0.01646936,18.3807633,17.83218716,17.578580640000002,True,0.5485761400000015,0.8021826599999997,18.50375,17.78884,17.47232,0.009852035,0.007736923,0.008990379,18.4717133,17.76667716,17.45585064,18.0471033774,0.0061268697657922,"SDSS(cModelMag g,r)",18.0471033774,SDSS,Vmag_sdss,0.8021826599999997,0.5485761400000015,SDSS(cModel extcorr),-16.952896622600004,0.595,1.448626900297438,SDSS,False,3.2,4.635606080951802,,,,0.8021826599999997,g-i,,1.0,0.0,7.142896880814425,2.77177616437084,2.77177616437084,NGC 4889,4.034346597131883,84678729.59154405,5.93478082304757,4.378328599160347,5.141007148399312,5.93478082304757,1.4741462796460274,-0.0523864266460274,0.2002122602079608,-0.0900887112554578,,,,,0.0145788150572752
SDSS J130004.03+280030.7,2,2,70.13801948680062,280.5520779472025,70.13801948680062,286.16084803007743,1.0,1.0199919035492957,1.0,1.0,1.0,1.0199919035492957,True,True,True,True,True,2,2,1.4891898575,1.1280541347866897,1.12083434425,2,2,0.5506411799128618,0.7192171475295421,1.4891898575,1.473422053,1.4891898575,1.473422053,0.2450999847450432,0.2499999999999999,1.5098000305099135,1.5098000305099135,1.5,1.5,1.1012823598257235,1.4384342950590845,0.3232582891437311,0.078823732672908,0.3737734081074715,0.0573926980758137,False,True,10,,,,,,,,,,,,,,195.01666666666668,28.008638888888893,G,0.0213,18.79,20.05,1.2599983,,,,17.89,,,3.78,,,NED,,,2007SDSS6.C...0000:,-16.21,False,0.4725,Regular galaxies,dE,1683.0993269278852,False,,,,,,,,,,,,,,,,False,,,,,,,,,,,,,,,18.790000915527344,SIMBAD,,,,,-16.209999084472656,0.4725,0.4725,SIMBAD_proxy(maj/8),True,3.2,1.512,,,,1.2599983215332031,B-V,,1.0,0.0,6.913095764827263,2.101416376086782,2.101416376086782,NGC 4889,3.610695798679805,190738040.2727615,5.265741069605533,5.935835133340452,7.2114813800308895,5.265741069605533,1.4617786001694129,0.0274112573305871,0.1257627780395369,1.0022913567471528,,,,,0.0139552463626733
2MASS J13001763+2759145,4,5,56.65411148825176,226.61644595300703,56.65411148825176,226.61644595300703,1.0,1.0,1.0,1.0,1.0,1.0,True,True,True,True,True,4,5,1.458056327,0.977967347,0.977967347,4,5,0.7268008550438176,0.6287110080072408,1.458056327,1.536284736,1.43874413975,1.5255683318,0.2499999999999999,0.2499999999999999,2.75,2.75,2.75,2.75,2.9072034201752706,3.143555040036204,0.081967888545123,0.1387022979906271,0.0931867652333593,0.1576824426911135,False,True,10,,,,,,,,,,,,,,195.07346713314004,27.987527267230004,AG?,0.0199,17.86,19.1,1.2399998,18.441,17.759,17.42,17.162,0.6819992,1.0209999,,,,,,,,-17.14,False,,Other,dE,,False,1.237667324334637e+18,0.4946538,0.4246594374280313,20.32242,19.70241,18.56413,0.03321347,0.01990917,0.01458043,0.03390989,0.02345871,0.01743233,20.28851011,19.67895129,18.54669767,True,0.6095588200000002,1.7418124400000004,20.40423,19.75189,18.82401,0.02318501,0.0198409,0.01467887,20.37032011,19.72843129,18.806577670000003,19.9188704062,0.0179837448664331,"SDSS(cModelMag g,r)",19.9188704062,SDSS,Vmag_sdss,1.7418124400000004,0.6095588200000002,SDSS(cModel extcorr),-15.081129593800004,,0.4246594374280313,SDSS,False,3.2,1.3589101997697002,,,,1.7418124400000004,g-i,,1.0,0.0,9.410406514646391,2.1973860055077354,2.1973860055077354,NGC 4889,5.798409958374031,165238125.1709585,7.821794898263096,7.504207123975578,8.609584360188519,7.821794898263096,1.4429853005351705,0.0150710264648297,0.0126331138490165,0.9653342331509835,,,,,0.0572382921393099
SDSS J130037.31+275441.0,5,12,816.1424155570597,3264.5696622282394,816.1424155570597,3264.5696622282394,1.0,1.0,1.0,1.0,1.0,1.0,True,True,True,True,True,5,12,1.390115409,0.4715677038000003,0.4715677038000003,5,12,0.6435836204084588,0.5093772296214645,1.390115409,1.530912842,1.4598903004,1.6305222514999995,0.2499999999999999,0.2499999999999999,2.0000000000000004,2.0000000000000004,2.0000000000000004,2.0000000000000004,3.2179181020422942,6.112526755457574,0.1920871677421865,0.3601193132608887,0.2195392396897163,0.4403841959398601,False,True,10,,,,,,,,,,,,,,195.155462,27.911388,G,0.0203,18.97,,,20.28,19.632,19.355,19.39,0.6480007,0.92500114,,,,,,,,-16.03,False,,Regular galaxies,,,False,1.2376674440487247e+18,1.772235,1.6117884458133198,20.04689,19.62288,19.24647,0.03853008,0.03399298,0.04356273,0.03153339,0.02181465,0.01621062,20.01535661,19.60106535,19.23025938,True,0.4142912600000024,0.7850972300000016,20.27356,19.62292,19.3539,0.03907331,0.03399298,0.04277908,20.24202661,19.60110535,19.33768938,19.760924766599995,0.0255302403383215,"SDSS(cModelMag g,r)",19.760924766599995,SDSS,Vmag_sdss,0.7850972300000016,0.4142912600000024,SDSS(cModel extcorr),-15.239075233400005,,1.6117884458133198,SDSS,False,3.2,5.157723026602624,,,,0.7850972300000016,g-i,,1.0,0.0,13.90561130259767,7.558888727070661,7.558888727070661,NGC 4889,10.5909997825847,4434199.458158128,12.61511511368559,11.109554650255715,11.689102575963512,12.61511511368559,1.4456147628029088,-0.0554993538029087,0.0284616372664205,0.4431060665335797,,,,,0.0039358304872983
LEDA 44652,76,389,1411.3920480812517,5645.568192325008,1411.3920480812517,5645.568192325008,1.0,1.0,1.0,1.0,1.0,1.0,True,True,True,True,True,76,389,1.501992212,-0.4631659650592099,-0.4631659650592099,75,381,0.5998138786246004,0.5517769670773703,1.501992212,1.535753434,1.513649766763158,1.5460349289717223,0.2499999999999999,0.2499999999999999,-21.24999999999997,-20.24999999999997,-21.24999999999997,-20.24999999999997,44.98604089684503,210.2270244564781,0.2096109983454144,0.2489051589359208,0.2555613872747947,0.2896884181965287,True,True,10,0.5986956632241879,0.0231243076563654,-0.1020610849640721,-0.1020610849640721,0.5986956632241879,0.0231243076563654,-0.1020610849640721,,,,,,,194.93419145873,27.958426533770005,G,0.02303,15.65,16.982,1.3320007,16.086,15.334,14.98,14.705,0.7520008,1.1060009,29.214000701904297,0.245933,17.0,SIMBAD,B,2023ApJS..269....3M,,-19.35,False,3.651750087738037,Regular galaxies,,14034.977986785983,False,1.2376674440486584e+18,4.470431,2.9823621949387413,16.39336,15.69551,15.2701,0.00375288,0.003144176,0.003308895,0.02879819,0.01992246,0.01480452,16.36456181,15.67558754,15.25529548,True,0.688974270000001,1.1092663300000023,16.56185,15.82116,15.46881,0.003718602,0.00312167,0.003297646,16.53305181,15.80123754,15.45400548,15.9480669907,0.0024101453181839,"SDSS(cModelMag g,r)",15.9480669907,SDSS,Vmag_sdss,1.1092663300000023,0.688974270000001,SDSS(cModel extcorr),-19.0519330093,3.651750087738037,2.9823621949387413,SDSS,False,3.2,9.543559023803972,,,,1.1092663300000023,g-i,14.75598,0.5050995976404609,17.0,1.8768710136025093,5.391951496346297,1.8768710136025093,NGC 4874,1.796724117447937,176670435.0904041,0.821417422941886,1.7766252611808269,2.755925318296296,0.821417422941886,1.5090908149394078,-0.0070986029394077,0.4105672069162454,-0.8737331719754553,0.5735408524242779,0.02515481079991,0.1351164035460377,-0.2371774885101099,0.1085206044436428
2MASX J12594422+2752037,0,0,1941.671196489301,7766.684785957206,0.0,0.0,0.0,0.0,0.0,0.0,0.0,0.0,False,False,False,False,False,0,0,,,,0,0,,,,,,,,0.2499999999999999,,,0.0,0.0,,,,,,,False,False,10,,,,,,,,,,,,,,194.93420593099,27.86768975075,GiC,0.02081,16.24,17.6,1.3600006,17.176,16.454,16.107,15.839,0.7220001,1.0690002,10.379999160766602,0.149,125.0,SIMBAD,C,2006AJ....131.1163S,,-18.76,False,1.2974998950958252,Members of systems,Sa,4518.207037945425,False,1.2376674440486587e+18,3.182949,2.6788155270063365,16.93554,16.21725,15.87043,0.005330642,0.004340208,0.005006252,0.03389742,0.02345008,0.01742592,16.90164258,16.19379992,15.85300408,True,0.7078426600000007,1.048638500000001,17.16968,16.44698,16.10516,0.005197311,0.004230452,0.004858051,17.13578258,16.42352992,16.08773408,16.4740154106,0.0033665987936403,"SDSS(cModelMag g,r)",16.4740154106,SDSS,Vmag_sdss,1.048638500000001,0.7078426600000007,SDSS(cModel extcorr),-18.5259845894,1.2974998950958252,2.6788155270063365,SDSS,False,3.0,8.03644658101901,,,,1.048638500000001,g-i,8.94,0.8612717459352615,125.0,5.805578152393829,8.418923553850055,5.805578152393829,NGC 4874,6.261876044369649,8509225.385867087,6.186097053081873,3.865562478183184,2.688944706987111,6.186097053081873,,,,,,,,,
LEDA 44651,325,1145,2437.144667737724,9748.5786709509,2437.144667737724,9748.5786709509,1.0,1.0,1.0,1.0,1.0,1.0,True,True,True,True,True,325,1145,1.576849145,0.1877798528461542,0.1877798528461542,316,1106,0.5181626160237007,0.5243316848337182,1.576849145,1.57710924,1.5767971384892308,1.57758256709083,0.2499999999999999,0.2499999999999999,38.750000000000114,39.500000000000114,38.750000000000114,39.500000000000114,163.73938666348943,579.9108434260922,0.262775236218602,0.2628616364694505,0.3168919209423435,0.3096362539168622,True,True,10,0.5195691307236381,0.0147902741555878,0.0607789064941349,0.0607789064941349,0.5195691307236381,0.0147902741555878,0.0607789064941349,,,,,,,194.91780643067,27.96824372093,EmG,0.02527,16.02,17.375,1.3549995,16.524,15.713,15.343,15.066,0.8109999,1.1809998,15.59999942779541,0.17,,SIMBAD,E,2003A&A...412...45P,,-18.98,False,1.9499999284744265,Regular galaxies,,8201.208355040244,False,1.2376674440486584e+18,4.562069,3.4445137577959444,16.52127,15.65185,15.38442,0.004146011,0.003265507,0.003529765,0.02833875,0.01960462,0.01456833,16.49293125,15.63224538,15.36985167,True,0.8606858700000029,1.1230795800000006,16.48264,15.65183,15.30425,0.004147299,0.003265507,0.003532375,16.45430125,15.63222538,15.28968167,15.975126586699998,0.0025693415931882,"SDSS(cModelMag g,r)",15.975126586699998,SDSS,Vmag_sdss,1.1230795800000006,0.8606858700000029,SDSS(cModel extcorr),-19.0248734133,1.9499999284744265,3.4445137577959444,SDSS,False,3.2,11.022444024947022,,,,1.1230795800000006,g-i,10.2,0.6538461778290888,0.0,1.143241826114986,6.165774818373137,1.143241826114986,NGC 4874,2.567857154960452,740049702.939747,0.5123744718224101,2.716126832407561,3.4665675174659327,0.5123744718224101,1.508640329653189,0.068208815346811,0.40785542930696,-0.2200755764608057,0.5737523036843534,-0.0541831729607152,0.1342662868254333,-0.0734873803312984,0.1572664334220517
LEDA 44692,80,360,2749.267361535811,10997.069446143249,3363.594375509065,15911.68555792928,1.223451171962437,1.446902343924874,1.0,1.0,1.223451171962437,1.446902343924874,True,True,True,True,True,80,360,1.4793280215,0.0615584876335268,-0.1973829978749997,78,355,0.6121573298207554,0.5683754493420966,1.4793280215,1.490409795,1.5245000000000002,1.502711396561111,0.2113914558745715,0.2499999999999999,3.899075885154247,2.956033164527099,-9.999999999999972,-10.749999999999972,47.74827172601893,201.77328451644428,0.2034890697029295,0.2579664026412531,0.2482487159737813,0.3290283396859849,True,True,10,0.6121148430957548,0.0211910753658617,0.0652796075761996,-0.0345944021492587,0.6121148430957548,0.0211910753658617,0.0652796075761996,,,,,,,194.997788,27.940571,AG?,0.02037,17.0,18.426,1.4260006,17.949,17.251,16.93,16.753,0.69799995,1.0189991,15.0,0.19,152.0,SIMBAD,E,2003A&A...412...45P,,-18.0,False,1.875,Other,,6394.566526569033,False,1.237667444048659e+18,3.603683,3.39333514899597,17.77126,17.03383,16.77582,0.01014868,0.008201313,0.01231581,0.03052491,0.02111699,0.01569219,17.74073509,17.01271301,16.76012781,True,0.7280220800000023,0.980607280000001,17.94316,17.24211,16.92641,0.009819054,0.007915523,0.01199781,17.91263509,17.22099301,16.91071781,17.301202062799998,0.0063817958634173,"SDSS(cModelMag g,r)",17.301202062799998,SDSS,Vmag_sdss,0.980607280000001,0.7280220800000023,SDSS(cModel extcorr),-17.698797937200002,1.875,3.39333514899597,SDSS,False,3.2,10.858672476787106,,,,0.980607280000001,g-i,11.4,0.76,152.0,5.365422707671368,2.9006686586244066,2.9006686586244066,NGC 4889,2.350966696447629,78351167.74373455,4.157109190852259,2.7463224734333567,3.730435362824387,4.157109190852259,1.4865639656749945,-0.0072359441749945,0.2749627658573643,-0.2134042782238374,0.5841146287677182,0.0280002143280365,0.0926056894160711,-0.0273260818398714,0.0753891137390889
NGC 4871,663,2011,6662.505528225089,26650.022112900355,6662.505528225089,26650.022112900355,1.0,1.0,1.0,1.0,1.0,1.0,True,True,True,True,True,663,2011,1.548891448,0.3728984365297887,0.3728984365297887,649,1955,0.5464090204071993,0.5449271015338883,1.548891448,1.550837129,1.5565955507073903,1.5528562718443562,0.25,0.25,160.25,160.25,160.25,160.25,354.61945424427233,1065.3324834987518,0.2542061738718552,0.2521450069337422,0.2907917624945591,0.2991216530651386,True,True,10,0.5468521003328168,0.0095486342902296,0.1364774918972421,0.1364774918972421,0.5468521003328168,0.0095486342902296,0.1364774918972421,,,,,,,194.87484625967,27.95643601638,LIN,0.02267,14.07,15.1,1.0300007,14.941,14.106,13.714,13.427,0.83500004,1.2270002,52.43561935424805,0.50443,173.0,SIMBAD,B,2023ApJS..269....3M,,-20.93,True,6.554452419281006,Active (AGN/Seyfert/QSO),,24808.144936631103,False,1.2376674440486584e+18,7.112396,6.061512107483321,14.75373,13.95491,13.51942,0.00225232,0.001986918,0.002022592,0.03223551,0.02230038,0.01657157,14.72149449,13.93260962,13.50284843,True,0.7888848700000004,1.2186460599999993,14.78072,13.95487,13.55432,0.002252901,0.001986918,0.002023563,14.74848449,13.93256962,13.53774843,14.246052416699998,0.0014923157559214,"SDSS(cModelMag g,r)",14.246052416699998,SDSS,Vmag_sdss,1.2186460599999993,0.7888848700000004,SDSS(cModel extcorr),-20.753947583300004,6.554452419281006,6.061512107483321,SDSS,False,3.2,19.39683874394663,,,,1.2186460599999993,g-i,30.2658,0.5771992468617239,173.0,1.2800806234345117,8.510292224237439,1.2800806234345117,NGC 4874,4.895281890110502,524721496.4463904,2.8966461809391744,4.120441608021069,4.137281695045918,2.8966461809391744,1.537425773174456,0.0114656748255439,0.5811346097869348,-0.208236173257146,0.5602408339635769,-0.01338873363076,0.1885876766600081,-0.0521101847627659,0.1058552432577066
LEDA 44636,1830,2855,20550.945286466595,82203.78114586638,20550.945286466595,82187.3403896372,1.0,0.9998,1.0,0.9998,1.0,0.9998,True,True,True,True,True,1830,2855,1.533909699,0.9446955814264854,0.94481342425,1775,2789,0.5457568709543034,0.5711441630166953,1.533909699,1.510397454,1.5414965266076506,1.524624319604203,0.2500500100020004,0.25,1116.1072214442888,1077.6105221044209,1116.25,1077.75,968.7184459438884,1592.9210706535634,0.256019578827165,0.2440412888165405,0.3089604250835061,0.2942123173016033,True,True,10,0.5451632590374225,0.0064864847538124,0.320763298671608,0.3208081786636811,0.5451632590374225,0.0064864847538124,0.320763298671608,,,,,,,194.90967227334,27.9872092223,G,0.02274,15.89,17.13,1.2399988,16.067,15.302,14.949,14.69,0.7649994,1.1179991,16.380001068115234,0.191,40.0,SIMBAD,C,2006AJ....131.1163S,,-19.11,False,2.0475001335144043,Regular galaxies,,7772.914363365936,False,1.2376674440486584e+18,11.87046,9.669535656718242,15.95328,15.08686,14.78829,0.004022595,0.003141123,0.003505534,0.02670622,0.01847524,0.01372908,15.92657378,15.06838476,14.77456092,True,0.8581890200000011,1.1520128599999993,15.88893,15.08683,14.75734,0.004017561,0.003141123,0.003505975,15.86222378,15.06835476,14.74361092,15.410242258199998,0.0024808574586486,"SDSS(cModelMag g,r)",15.410242258199998,SDSS,Vmag_sdss,1.1520128599999993,0.8581890200000011,SDSS(cModel extcorr),-19.5897577418,2.0475001335144043,9.669535656718242,SDSS,False,3.2,30.94251410149837,,,,1.1520128599999993,g-i,11.46,0.6996336540116384,40.0,1.7740098519987533,6.602014748429761,1.7740098519987533,NGC 4874,3.209572672402764,202123181.63643128,1.3586289450693565,3.907450396804947,4.67924577881494,1.3586289450693565,1.5180444640831685,0.0158652349168315,0.4644653163822267,0.4802302650442586,0.5693381393687366,-0.024174880331314,0.1520129528460648,0.1687503458255432,0.0347196156111982
LEDA 44635,12,25,215.6028550827356,862.4114203309422,215.6028550827356,862.4114203309422,1.0,1.0,1.0,1.0,1.0,1.0,True,True,True,True,True,12,25,1.571870176,0.7901555124583334,0.7901555124583334,11,24,0.5290996612765836,0.6021440446861154,1.571870176,1.500892154,1.6471627030833331,1.49252731764,0.25,0.25,5.75,5.0,5.75,5.0,5.820096274042419,14.45145707246677,0.2535206591294097,0.2240673765542891,0.3418860429157708,0.2889322273102654,True,True,10,0.5221218462651163,0.0705768030742252,0.1936796400726896,0.1936796400726896,0.5221218462651163,0.0705768030742252,0.1936796400726896,,,,,,,194.90829870729,28.00101128048,AG?,0.01659,16.6,18.097,1.4969997,17.174,16.488,16.137,15.894,0.6859989,1.0370007,15.59999942779541,0.22,160.0,SIMBAD,E,2003A&A...412...45P,,-18.4,False,1.9499999284744265,Other,,5441.222914766356,False,1.2376673243345715e+18,0.9128454,0.9005910840236022,18.52368,17.80939,17.44767,0.007781437,0.006436219,0.006889253,0.0264065,0.01826789,0.013575,18.4972735,17.79112211,17.434095,True,0.7061513899999987,1.0631784999999994,18.51647,17.80939,17.44732,0.00778239,0.006436219,0.006888817,18.4900635,17.79112211,17.433745000000002,18.0706441799,0.0049596971654637,"SDSS(cModelMag g,r)",18.0706441799,SDSS,Vmag_sdss,1.0631784999999994,0.7061513899999987,SDSS(cModel extcorr),-16.929355820100003,1.9499999284744265,0.9005910840236022,SDSS,False,3.2,2.881891468875528,,,,1.0631784999999994,g-i,13.2,0.8461538771905853,160.0,2.5559392034720934,6.800069018774756,2.5559392034720934,NGC 4874,3.650077139964449,71092609.43666686,2.078891357354849,4.671546174956523,5.495984536306576,2.078891357354849,1.4737543748610469,0.0981158011389531,0.1978531185147845,0.5923023939435489,0.5901272649214853,-0.068005418656369,0.0684325417724802,0.1252470983002094,0.0379563331322651
LEDA 44708,4687,2110,49190.00078984792,196760.0031593917,78186.57134799827,176095.39363998084,1.5894809939530394,0.8949755581032856,0.9664,0.8552,1.5894809939530394,0.8949755581032856,True,True,True,True,True,4687,2110,1.58776481,1.296164872677175,1.4235761108955622,4505,2055,0.508432425487006,0.602534153312115,1.58776481,1.458867171,1.6018684991762322,1.4800720136047392,0.4440012298552636,0.2499999999999999,3750.1574050053937,3592.5774726474333,4159.5,3991.25,2290.488076818962,1238.2076850563965,0.275989595352961,0.2310892002345604,0.3598230236623938,0.3052218379472622,True,True,10,0.5082147775475911,0.0042682534533873,0.3861802081843771,0.4395018094534515,0.5082147775475911,0.0042682534533873,0.3861802081843771,,,,,,,195.02544773316,27.97831516639,GiC,0.02546,15.994,16.9,0.9059992,15.673,15.063,14.668,14.47,0.6100006,1.0050001,33.0,0.19,141.0,SIMBAD,E,2003A&A...412...45P,,-19.006,False,4.125,Members of systems,,17475.131767561055,True,1.237667444048724e+18,29.67596,21.289625536295947,14.9193,14.1867,14.21833,0.003678388,0.002947346,0.003564937,0.03112322,0.0215309,0.01599977,14.88817678,14.1651691,14.20233023,True,0.7230076800000003,0.6858465500000008,14.86612,14.16533,13.99254,0.003643368,0.0029113,0.003584315,14.83499678,14.1437991,13.97654023,14.4516022488,0.0023018200250846,"SDSS(cModelMag g,r)",14.4516022488,SDSS,Vmag_sdss,0.6858465500000008,0.7230076800000003,SDSS(cModel extcorr),-20.5483977512,4.125,21.289625536295947,SDSS,False,4.8,102.19020257422056,,,,0.6858465500000008,g-i,11.4,0.3454545454545454,141.0,6.808717792229988,0.4460255600518625,0.4460255600518625,NGC 4889,3.195093429759157,19604608378.98008,5.231906951641359,5.026675708751676,6.211031601618863,5.231906951641359,1.534003801355445,0.0537610086445552,0.5605354318730775,0.7356294408040975,0.5618470579074173,-0.0536322803598261,0.1821300285419198,0.2040501796424573,0.0747616819586403
NGC 4867,74,93,1341.6934300188695,5366.773720075478,1339.815059216843,3585.00484501042,0.9986,0.668,0.9986,0.668,0.9986,0.668,True,False,False,True,True,74,93,1.5328883985,0.8459074493998392,1.073341759206081,67,93,0.5712718511717595,0.5991073459125943,1.5328883985,1.462643067,1.5357658444324322,1.4924392892043012,0.3737275449101796,0.25,39.24333832335329,32.24333832335329,50.75,43.75,38.27521402850789,55.71698316987127,0.2424198664494949,0.2275496700527404,0.3165907075553604,0.2968780032043444,True,True,10,0.5728402743598173,0.0308915314940029,0.2620496574959697,0.3649410834274618,0.5728402743598173,0.0308915314940029,0.2620496574959697,,,,,,,194.81354404998,27.970726764919995,GiG,0.01608,14.14,15.5,1.3599997,15.032,14.241,13.841,13.55,0.7909994,1.191,40.27842330932617,0.416479,29.0,SIMBAD,B,2023ApJS..269....3M,,-20.86,True,5.034802913665772,Members of systems,,13625.543880861853,False,1.2376674440485932e+18,3.110425,2.6237095855033408,15.11597,14.36658,13.93513,0.002393813,0.002170279,0.002220664,0.03611428,0.02498369,0.01856556,15.07985572,14.341596310000002,13.916564439999998,True,0.7382594099999995,1.1632912800000028,15.12918,14.34617,13.94233,0.002383182,0.002156744,0.002211281,15.09306572,14.321186310000002,13.92376444,14.6342826681,0.0016133381188074,"SDSS(cModelMag g,r)",14.6342826681,SDSS,Vmag_sdss,1.1632912800000028,0.7382594099999995,SDSS(cModel extcorr),-20.3657173319,5.034802913665772,2.6237095855033408,SDSS,False,3.2,8.395870673610691,,,,1.1632912800000028,g-i,24.98874,0.6204001534045659,29.0,4.569675982565631,11.674099701382229,4.569675982565631,NGC 4874,8.094370235768503,12565299.208565678,6.017478753601243,7.467228679649561,7.324685765794328,6.017478753601243,1.5309625570968473,0.0019258414031526,0.5422281123287447,0.3036793370710945,0.5632745738559961,0.0095657005038212,0.1763908564207268,0.0856588010752428,0.0269420022995425
LEDA 93586,197,833,12949.159256582258,51796.63702632901,12949.159256582258,59013.73327645248,1.0,1.139335228394363,1.0,0.9794,1.0,1.139335228394363,True,True,True,True,True,197,833,1.458541362,0.0792308863773185,-0.1129556537703049,196,810,0.5813148922104933,0.5777576106516878,1.458541362,1.486602219,1.4433595633451777,1.5025059356494597,0.2194262002697125,0.2500000000000001,14.217975175329483,18.26477778153287,-11.250000000000083,-6.500000000000085,113.93771887325669,467.9836646278672,0.2522783178125503,0.2432111694222251,0.3423579078313865,0.3207717244752127,True,True,10,0.5806090263957187,0.018796074516667,0.0566912849794516,-0.0163089131806427,0.5806090263957187,0.018796074516667,0.0566912849794516,,,,,,,195.07823815868,27.93707411511,AG?,0.01762,15.44,17.014,1.5740004,16.015,15.328,14.969,14.712,0.6869993,1.0459995,24.275821685791016,0.351716,21.0,SIMBAD,B,2023ApJS..269....3M,,-19.560001,False,3.034477710723877,Other,,8981.746748780071,False,1.237667444048724e+18,8.799917,6.885906656543145,16.25826,15.61518,15.28695,0.004178265,0.003474837,0.003990825,0.03321066,0.02297498,0.01707287,16.225049339999998,15.59220502,15.26987713,True,0.6328443199999985,0.9551722099999987,16.10304,15.43026,15.09065,0.004094635,0.003405106,0.003888506,16.06982934,15.40728502,15.07357713,15.841671191199998,0.0026716667923643,"SDSS(cModelMag g,r)",15.841671191199998,SDSS,Vmag_sdss,0.9551722099999987,0.6328443199999985,SDSS(cModel extcorr),-19.1583288088,3.034477710723877,6.885906656543145,SDSS,False,3.2,22.034901300938063,,,,0.9551722099999987,g-i,21.10296,0.8692995142715133,21.0,9.603819551299852,3.3627549725350083,3.3627549725350083,NGC 4889,6.220453361781339,46973884.432992496,8.258962992383225,6.960767149064751,7.735418800697746,8.258962992383225,1.5108620809328197,-0.0523207189328194,0.4212296627343619,-0.3419987763570433,0.5727094458551993,0.0078995805405193,0.1384589829458565,-0.0817676979664048,0.0858984408712418
2MASX J12595140+2804232,0,10,4175.547711313682,16702.190845254725,0.0,2832.691567355201,0.0,0.1696,0.0,0.1696,0.0,0.1696,False,False,False,False,True,0,10,,,,0,10,,0.7308881284820782,,1.3345904145,,1.308316924,,0.25,,,-2.5000000000000004,-2.5000000000000004,,7.308881284820782,,0.0610571247641654,,0.211356250872755,False,True,10,,,,,,,,,,,,,,194.9642041666666,28.073136111111115,GiC,0.02499,16.23,17.71,1.4799995,17.094,16.332,15.956,15.696,0.76199913,1.1379995,12.420000076293944,0.157,30.0,SIMBAD,C,2006AJ....131.1163S,,-18.77,False,1.5525000095367432,Members of systems,dE,6459.265286761224,False,1.2376673243345718e+18,4.428126,4.186172657629508,16.98375,16.17769,15.80135,0.005579471,0.004649387,0.005074465,0.03171808,0.02194242,0.01630557,16.95203192,16.15574758,15.78504443,True,0.7962843399999997,1.1669874900000003,17.08994,16.32525,15.95608,0.005424786,0.004500934,0.004899067,17.058221919999998,16.303307580000002,15.93977443,16.472224159399996,0.0035718124786545,"SDSS(cModelMag g,r)",16.472224159399996,SDSS,Vmag_sdss,1.1669874900000003,0.7962843399999997,SDSS(cModel extcorr),-18.527775840600004,1.5525000095367432,4.186172657629508,SDSS,False,3.2,13.395752504414428,,,,1.1669874900000003,g-i,9.42,0.7584541016211389,30.0,7.661562179920471,6.842327918477881,6.842327918477881,NGC 4889,6.300911554447308,7863550.58902267,6.458437236064703,8.570201520041481,9.761569045536197,6.458437236064703,,,,,,,,,0.0092048058577785
2MASX J12595178+2805542,0,0,5143.746155956136,20574.984623824537,0.0,0.0,0.0,0.0,0.0,0.0,0.0,0.0,False,False,False,False,False,0,0,,,,0,0,,,,,,,,0.2500000000000001,,,0.0,0.0,,,,,,,False,False,10,,,,,,,,,,,,,,194.96569290311,28.09852632739,GiC,0.02551,16.63,,,17.5469,16.7776,16.029,16.2132,0.76930046,1.5179005,16.158000946044922,0.200117,33.0,SIMBAD,B,2023ApJS..269....3M,,-18.37,False,2.0197501182556152,Members of systems,,8572.745285400755,False,1.2376673243345718e+18,5.830349,4.693977734701383,17.34017,16.58586,16.18467,0.00583099,0.004898649,0.005221633,0.03414907,0.02362417,0.01755529,17.30602093,16.56223583,16.16711471,True,0.7437851000000002,1.138906219999999,17.13472,16.4033,16.01762,0.005725819,0.00479839,0.005104617,17.10057093,16.37967583,16.00006471,16.857187720999995,0.0037508329156691,"SDSS(cModelMag g,r)",16.857187720999995,SDSS,Vmag_sdss,1.138906219999999,0.7437851000000002,SDSS(cModel extcorr),-18.142812279000005,2.0197501182556152,4.693977734701383,SDSS,False,3.2,15.020728751044423,,,,1.138906219999999,g-i,12.00702,0.7431005877579813,33.0,9.076884162328206,8.132074719274469,8.132074719274469,NGC 4889,7.823438860335195,4697969.392061481,7.943043660473657,10.09374135696854,11.279384077077344,7.943043660473657,,,,,,,,,
LEDA 1822111,40,209,8992.717479354293,35970.86991741718,8992.717479354293,35970.86991741718,1.0,1.0,1.0,1.0,1.0,1.0,True,True,True,True,True,40,209,1.4361675695,-0.5137203078687493,-0.5137203078687493,35,192,0.6365430213426996,0.5993226935263706,1.4361675695,1.492737131,1.4265827573499998,1.549359907755981,0.2499999999999999,0.2499999999999999,-12.249999999999986,-12.999999999999986,-12.249999999999986,-12.999999999999986,22.27900574699449,115.06995715706316,0.215785892563449,0.2352499558762972,0.3257377474461409,0.3095747978854568,True,True,10,0.6382906834680426,0.0336947006392339,-0.1836375819395511,-0.1836375819395511,0.6382906834680426,0.0336947006392339,-0.1836375819395511,,,,,,,195.147592,27.942744,G,0.02325,16.79,18.66,1.8699989,17.396,16.709,16.413,16.809,0.6870003,0.9829998,15.59999942779541,0.16,106.0,SIMBAD,E,2003A&A...412...45P,,-18.21,False,1.9499999284744265,Regular galaxies,Ep,7564.120773938286,False,1.2376674440487245e+18,9.370414,6.820201613629062,17.77633,16.9329,16.86924,0.009347812,0.007510891,0.009751973,0.03400051,0.02352139,0.01747892,17.742329490000003,16.90937861,16.851761080000003,True,0.8329508800000021,0.8905684100000002,17.38996,16.70088,16.4093,0.009112361,0.007235961,0.009469623,17.35595949,16.677358610000002,16.391821080000003,17.240888470799998,0.0058588718016683,"SDSS(cModelMag g,r)",17.240888470799998,SDSS,Vmag_sdss,0.8905684100000002,0.8329508800000021,SDSS(cModel extcorr),-17.759111529200002,1.9499999284744265,6.820201613629062,SDSS,False,3.2,21.824645163613,,,,0.8905684100000002,g-i,9.6,0.6153846379567893,106.0,13.223913206359375,6.374840056939515,6.374840056939515,NGC 4889,9.730213424055975,7186990.201818213,11.804583787926733,10.65058436073202,11.4151669972896,11.804583787926733,1.4875680599621013,-0.0514004904621012,0.2810070929168355,-0.7947274007855849,0.5836433214714793,0.0546473619965632,0.0945005289783065,-0.2781381109178577,0.0093531338042647
IC 4042,116,119,6220.130818507972,24880.523274031904,6220.130818507972,24372.96059924165,1.0,0.9796,1.0,0.9796,1.0,0.9796,True,True,True,True,True,116,119,1.5200391155,1.1473288636510752,1.1549321527887932,109,113,0.5681390709015047,0.6442406903473604,1.5200391155,1.423610342,1.5730885521034486,1.4776714749327735,0.2552062066149447,0.2499999999999998,85.63046141282157,80.16169865251125,86.25000000000001,80.75000000000001,61.92715872826401,72.79919800925173,0.2577199106998369,0.2301567626403287,0.2842124869563314,0.3270694190637483,True,True,10,0.5693614855038621,0.0232670885222047,0.3989137133153174,0.4023908478679637,0.5693614855038621,0.0232670885222047,0.3989137133153174,,,,,,,195.17816482645,27.97127198246,AGN,0.02126,14.01,15.272,1.2620001,14.831,14.014,13.615,13.303,0.8170004,1.2160006,45.97157669067383,0.541699,176.0,SIMBAD,B,2023ApJS..269....3M,,-20.99,True,5.7464470863342285,Active (AGN/Seyfert/QSO),SB0...,20432.05701533376,False,1.2376673243347026e+18,5.549952,5.291939620488159,14.70794,13.9173,13.5144,0.002069553,0.001892664,0.001908793,0.03447001,0.02384619,0.01772028,14.67346999,13.89345381,13.49667972,True,0.7800161800000023,1.1767902700000017,14.72069,13.91728,13.50959,0.002069884,0.001892664,0.001908852,14.68621999,13.89343381,13.49186972,14.2032604438,0.0014024751194482,"SDSS(cModelMag g,r)",14.2032604438,SDSS,Vmag_sdss,1.1767902700000017,0.7800161800000023,SDSS(cModel extcorr),-20.7967395562,5.7464470863342285,5.291939620488159,SDSS,False,3.0,15.875818861464476,,,,1.1767902700000017,g-i,32.501940000000005,0.7070007674240508,176.0,14.822780767650086,7.660920391671334,7.660920391671334,NGC 4889,11.230606207253237,4204435.732815439,13.304269486704335,12.481566228943471,13.362724946682183,13.304269486704335,1.5381381694038652,-0.0180990539038652,0.5854230076612907,0.5619058559897845,0.5599064455051972,0.0094550399986649,0.1899320489732509,0.2089816643420665,0.0096918463595722
LEDA 126748,0,0,7685.854461377003,30743.417845508,0.0,0.0,0.0,0.0,0.0,0.0,0.0,0.0,False,False,False,False,False,0,0,,,,0,0,,,,,,,,0.2500000000000001,,,0.0,0.0,,,,,,,False,False,10,,,,,,,,,,,,,,195.270102,27.891744,GiC,0.01936,16.82,,,17.232,16.521,16.149,15.88,0.71100044,1.0830002,17.399999618530273,0.2,169.0,SIMBAD,E,2003A&A...412...45P,,-18.18,False,2.174999952316284,Members of systems,,7058.565227306851,False,1.2376674440487898e+18,7.376378,5.956006159773696,17.39137,16.69682,16.33549,0.00752236,0.006143379,0.00718639,0.02832137,0.01959259,0.0145594,17.363048629999998,16.67722741,16.3209306,True,0.6858212199999976,1.0421180299999977,17.22411,16.5117,16.14762,0.007333662,0.005960906,0.006964068,17.19578863,16.492107410000003,16.1330606,16.948414110199995,0.0047591773052222,"SDSS(cModelMag g,r)",16.948414110199995,SDSS,Vmag_sdss,1.0421180299999977,0.6858212199999976,SDSS(cModel extcorr),-18.051585889800005,2.174999952316284,5.956006159773696,SDSS,False,3.2,19.059219711275823,,,,1.0421180299999977,g-i,12.0,0.6896551875334813,169.0,20.09693317071727,13.534017713242957,13.534017713242957,NGC 4889,16.746347856621753,836458.1768533494,18.78824748180232,17.287700861850595,17.81233201275046,18.78824748180232,,,,,,,,,
CAIRNS J125935.95+275421.4,99,221,3550.066740794284,14200.266963177131,3550.066740794284,13368.131319134953,1.0,0.9414,1.0,0.9414,1.0,0.9414,True,True,True,True,True,99,221,1.50863106,0.6185744213380457,0.6707317403636363,97,220,0.5618757332757739,0.5868713755899624,1.50863106,1.501394256,1.547858009929293,1.5067217155882353,0.2655619290418525,0.25,40.31081368175059,38.57637561079244,43.75,42.0,54.50194612775007,129.11170262979172,0.250674502598414,0.2322398368701703,0.3120955388211741,0.2857459654176743,True,True,10,0.5631867644051562,0.0252444969122219,0.2097109622170581,0.2304246442252807,0.5631867644051562,0.0252444969122219,0.2097109622170581,,,,,,,194.89954166666664,27.906166666666664,GiC,0.0302008931792406,18.345,19.184,0.8390007,,,,16.71,,,,,,,,,,-16.655,False,,Members of systems,,,False,1.2376674440486587e+18,3.673451,3.361579004288147,18.60003,17.70458,17.3414,0.01309603,0.009878217,0.01165858,0.03478783,0.02406606,0.01788366,18.56524217,17.68051394,17.32351634,True,0.8847282300000003,1.24172583,18.37535,17.63023,17.30597,0.01289362,0.009743822,0.01164009,18.34056217,17.606163940000002,17.28808634,18.0332525143,0.0079244853685018,"SDSS(cModelMag g,r)",18.0332525143,SDSS,Vmag_sdss,1.24172583,0.8847282300000003,SDSS(cModel extcorr),-16.9667474857,,3.361579004288147,SDSS,False,3.2,10.757052813722073,,,,1.24172583,g-i,,1.0,0.0,3.185148063971962,8.28684203781493,3.185148063971962,NGC 4874,5.131635212573402,36933752.36205925,4.132778316254597,2.9317959650935865,1.9180680144259377,4.132778316254597,1.4743768673468924,0.0342541926531074,0.2016003245539268,0.4169740967841189,0.5898350759764825,-0.0266483115713263,0.0696072555463963,0.1401037066706618,0.0250196698402581
CAIRNS J125947.21+280315.7,0,0,,,,,,,,,,,False,False,False,False,False,0,0,,,,0,0,,,,,,,,,,,,,,,,,,,False,False,10,,,,,,,,,,,,,,194.94695,28.054459,GiC,0.0317986651952398,18.03,,,,,,,,,,,,,,,,-16.97,False,,Members of systems,,,False,,,,,,,,,,,,,,,,False,,,,,,,,,,,,,,,18.030000686645508,SIMBAD,,,,,-16.969999313354492,,,,False,3.2,,,,,,,,1.0,0.0,6.256449660615467,6.535947827432121,6.256449660615467,NGC 4874,5.2794130940595,10699362.558612954,5.140231508165897,7.40154426638988,8.541041628389193,5.140231508165897,,,,,,,,,
SDSS J130036.58+275552.1,6,20,709.8191931610644,2839.276772644257,709.8191931610644,2839.276772644257,1.0,1.0,1.0,1.0,1.0,1.0,True,True,True,True,True,6,20,1.3929373305,0.1058995242499998,0.1058995242499998,5,19,0.7146187568109037,0.6097564408712425,1.3929373305,1.5444453675,1.3366270043333337,1.51477388255,0.25,0.25,0.9999999999999992,0.2499999999999991,0.9999999999999992,0.2499999999999991,3.5730937840545183,11.585372376553607,0.0758766774473598,0.2187411886679363,0.2662620244671398,0.2665621932522366,False,True,10,,,,,,,,,,,,,,195.152442,27.931156,AG?,0.0197,18.28,19.872,1.591999,19.608,18.992,18.668,18.531,0.6159992,0.94000053,,,,,,,,-16.72,False,,Other,dE...,,False,1.2376674440487247e+18,1.65558,1.503138272369407,19.21104,18.89862,18.36751,0.02216524,0.01941225,0.02387727,0.03313286,0.02292116,0.01703288,19.17790714,18.87569884,18.35047712,True,0.3022083000000002,0.8274300200000013,19.60176,18.98243,18.66691,0.0216376,0.01820901,0.02320841,19.56862714,18.95950884,18.649877120000003,18.989604243,0.014620656317295,"SDSS(cModelMag g,r)",18.989604243,SDSS,Vmag_sdss,0.8274300200000013,0.3022083000000002,SDSS(cModel extcorr),-16.010395757,,1.503138272369407,SDSS,False,3.2,4.8100424715821015,,,,0.8274300200000013,g-i,,1.0,0.0,13.549805019257818,6.866900684013097,6.866900684013097,NGC 4889,10.11415187299367,5811368.519951561,12.175569785497828,10.885317634820336,11.581955986277356,12.175569785497828,1.45845562512918,-0.0655182946291799,0.1057595291300135,0.0001399951199863,,,,,0.0096052501157648
[EDG2007] 34,10,55,714.663975647545,2858.65590259018,274.2880338535278,1333.2771129680598,0.3838,0.4664,0.3838,0.4664,0.3838,0.4664,False,False,False,True,True,10,55,1.4278700965,-0.2993491032712265,-0.671074757,10,48,0.6609037169929894,0.5396419296233256,1.4278700965,1.526505348,1.4266725307,1.563000187381818,0.2057246998284734,0.25,-1.3148584905660403,0.1252144082332726,-3.750000000000004,-2.000000000000004,6.609037169929894,25.90281262191963,0.1490006245376218,0.2656349857534244,0.2130418469095459,0.3150918934929378,True,True,10,0.6614200650198787,0.0416636581855401,0.1285352298841178,0.0138497494718877,0.6614200650198787,0.0416636581855401,0.1285352298841178,,,,,,,194.80575,27.975861111111108,G,0.0228191197525055,14.252,15.27,1.0180006,,,,12.63,,,,,,,,,,-20.748001,False,,Regular galaxies,,,False,1.2376674440485932e+18,1.874306,1.5082592905333798,15.20173,16.55465,13.40318,0.003546592,0.01594048,0.003034608,0.03614368,0.02500403,0.01858068,15.16558632,16.529645969999997,13.38459932,True,-1.364059649999998,1.780986999999998,15.91572,16.55469,14.28355,0.00379974,0.01588495,0.003907721,15.87957632,16.52968597,14.26496932,15.960381513499998,0.0095166297987235,"SDSS(cModelMag g,r)",15.960381513499998,SDSS,Vmag_sdss,1.780986999999998,-1.364059649999998,SDSS(cModel extcorr),-19.039618486500004,,1.5082592905333798,SDSS,False,3.2,4.826429729706816,,,,1.780986999999998,g-i,,1.0,0.0,5.030148675168308,12.080900309922097,5.030148675168308,NGC 4874,8.518314691045559,9587593.424793923,6.43808090825853,7.958360248145907,7.834931272556568,6.43808090825853,1.5088858040690236,-0.0810157075690236,0.4093331069245802,-0.7086822101958068,0.5736370815536148,0.0877829834662639,0.1347295248306814,-0.0061942949465635,0.054338582772955
GMP 3397,0,0,,,,,,,,,,,False,False,False,False,False,0,0,,,,0,0,,,,,,,,,,,,,,,,,,,False,False,10,,,,,,,,,,,,,,194.87816666666663,28.04208333333333,G,0.0218451125945269,18.44,18.999,0.559,19.59,,,16.56,,,,,,,,,,-16.56,False,,Regular galaxies,E,,False,,,,,,,,,,,,,,,,False,,,,,,,,,,,,,,,18.440000534057617,SIMBAD,,,,,-16.559999465942383,,,,False,3.2,,,,,0.5590000152587891,B-V,,1.0,0.0,5.088759655690014,9.118667492967456,5.088759655690014,NGC 4874,6.439315345305412,10601249.55098387,5.0114792738270415,7.59485054817386,8.337845219251948,5.0114792738270415,,,,,,,,,
ECO 11254,7,49,61.907330855083295,247.6293234203333,61.907330855083295,247.6293234203333,1.0,1.0,1.0,1.0,1.0,1.0,True,True,True,True,True,7,49,1.643412765,-1.0417069117499989,-1.0417069117499989,6,49,0.5173244098468246,0.5529039475026585,1.643412765,1.534354101,1.6204447148571428,1.5625140434285716,0.2499999999999999,0.2499999999999999,-5.2499999999999964,-6.2499999999999964,-5.2499999999999964,-6.2499999999999964,3.103946459080948,27.092293427630267,0.1805519363901867,0.2466237081303487,0.2248279302409361,0.3119429988597253,False,True,10,,,,,,,,,,,,,,194.87958333333333,27.955111111111105,G,0.0236,17.445,18.295,0.8500004,,,,15.98,,,,,,,,,,-17.555,False,,Regular galaxies,dGs...,,False,1.2376674440486584e+18,0.5111978,0.4439112010123628,20.70378,20.05525,19.53803,0.04878202,0.03635725,0.05091146,0.0319505,0.02210321,0.01642505,20.6718295,20.03314679,19.52160495,True,0.6386827099999977,1.1502245499999972,20.67104,20.05523,19.59675,0.03549877,0.0281784,0.02956194,20.6390895,20.03312679,19.58032495,20.2850067011,0.0293285012189361,"SDSS(cModelMag g,r)",20.2850067011,SDSS,Vmag_sdss,1.1502245499999972,0.6386827099999977,SDSS(cModel extcorr),-14.7149932989,,0.4439112010123628,SDSS,False,3.2,1.420515843239561,,,,1.1502245499999972,g-i,,1.0,0.0,1.0476950734204786,8.27430763384251,1.0476950734204786,NGC 4874,4.659673315018867,954976212.3827528,2.684165348152892,3.8578059481156526,3.894361354592446,2.684165348152892,1.436889902303682,0.2065228626963182,-0.024059237598375,-1.0176476741516238,,,,,0.2112678059466627
CAIRNS J125930.08+274933.2,0,0,1688.105538274887,6752.422153099548,0.0,507.782145913086,0.0,0.0752,0.0,0.0752,0.0,0.0752,False,False,False,False,True,0,0,,,,0,0,,,,,,,,0.25,,,0.0,0.0,,,,,,,False,False,10,,,,,,,,,,,,,,194.8750833333333,27.825972222222216,GiC,0.029600477807884,18.04,19.535,1.4949989,,,,17.27,,,,,,,,,,-16.96,False,,Members of systems,,,False,1.237667444048659e+18,3.081825,2.3180610038446057,18.86981,18.20312,17.98181,0.01722863,0.01497491,0.02224523,0.03373774,0.02333961,0.01734383,18.83607226,18.17978039,17.964466169999998,True,0.656291870000004,0.8716060900000038,18.93217,18.2976,17.9555,0.01688243,0.01457615,0.02232136,18.89843226,18.27426039,17.93815617,18.4388600567,0.011311812544091,"SDSS(cModelMag g,r)",18.4388600567,SDSS,Vmag_sdss,0.8716060900000038,0.656291870000004,SDSS(cModel extcorr),-16.561139943300002,,2.3180610038446057,SDSS,False,3.2,7.417795212302739,,,,0.8716060900000038,g-i,,1.0,0.0,8.094773656240456,12.365836493345244,8.094773656240456,NGC 4874,9.804903910716964,2983685.0013163555,9.105491689501813,7.373960654628299,6.087145360107121,9.105491689501813,,,,,,,,,
CAIRNS J130005.15+275835.8,0,0,,,,,,,,,,,False,False,False,False,False,0,0,,,,0,0,,,,,,,,,,,,,,,,,,,False,False,10,,,,,,,,,,,,,,195.02141666666665,27.976666666666667,GiC,0.025991,17.075,17.925,0.8499985,,,,15.28,,,,,,,,,,-17.925,False,,Members of systems,E...,,False,,,,,,,,,,,,,,,,False,,,,,,,,,,,,,,,17.075000762939453,SIMBAD,,,,,-17.924999237060547,,,,False,3.2,,,,,0.8499984741210938,B-V,,1.0,0.0,6.581858039223303,0.6532131295581806,0.6532131295581806,NGC 4889,2.9670751973535388,6244014566.559483,5.011060203901075,4.794630509341119,5.98355115978951,5.011060203901075,,,,,,,,,
SDSS J130048.04+280557.3,9,78,859.707088898066,3438.8283555922635,859.707088898066,3431.950698881079,1.0,0.998,1.0,0.998,1.0,0.998,True,True,True,True,True,9,78,1.417774133,-2.406772480810956,-2.399123387583334,9,70,0.6921594932510292,0.4472137343422629,1.417774133,1.7616450095,1.3971269012222225,1.7167069893333335,0.250501002004008,0.25,-10.539078156312629,-8.535070140280563,-10.500000000000004,-8.500000000000004,6.229435439259263,31.30496140395841,0.0909627571490914,0.2640917754135279,0.1975865128195636,0.3006448493405926,False,True,10,,,,,,,,,,,,,,195.200181,28.099257,AG?,0.0208,18.54,,,19.581,18.913,18.525,18.348,0.66799927,1.0559998,,,,,,,,-16.46,False,,Other,,,False,1.2376673243347026e+18,1.705709,1.6542468546699474,19.43671,18.77347,18.25432,0.02015175,0.01774632,0.02004323,0.03673762,0.02541492,0.01888601,19.39997238,18.74805508,18.23543399,True,0.6519173000000009,1.1645383900000006,19.57783,18.90742,18.51773,0.01975505,0.01729138,0.01946131,19.54109238,18.88200508,18.49884399,19.005341173,0.0133376168485009,"SDSS(cModelMag g,r)",19.005341173,SDSS,Vmag_sdss,1.1645383900000006,0.6519173000000009,SDSS(cModel extcorr),-15.994658827000002,,1.6542468546699474,SDSS,False,3.2,5.293589934943832,,,,1.1645383900000006,g-i,,1.0,0.0,18.03797495888864,11.46657141852454,11.46657141852454,NGC 4889,14.675290569606592,1340144.4521215544,16.393497427501117,16.778103941679902,17.96937965482964,16.393497427501117,1.4581936383864638,-0.0404195053864637,0.1041824525759924,-2.5109549333869485,,,,,0.0717199652452154
LEDA 44707,100,352,5888.428384691632,23553.713538766537,5888.428384691632,24191.07872697383,1.0,1.0270600721690135,1.0,0.9902,1.0,1.0270600721690135,True,True,True,True,True,100,352,1.4660152355,0.1831155664890402,0.1484002088600005,97,321,0.5851154666646163,0.5920121472353125,1.4660152355,1.497289803,1.4864900627899995,1.5403010015454546,0.2434132206814674,0.2499999999999999,14.31854632012346,18.864356161248963,12.000000000000028,16.75000000000003,56.75620026646778,190.0358992625353,0.242430883646975,0.239289828243128,0.3061866682360893,0.3323175357631538,True,True,10,0.58465164389859,0.0252779666803767,0.107772774985264,0.0948683983765919,0.58465164389859,0.0252779666803767,0.107772774985264,,,,,,,195.02249754606,28.02444605387,AG?,0.01969,15.42,17.106,1.6860008,16.097,15.42,15.058,14.808,0.67700005,1.0390005,30.13859939575196,0.259443,158.0,SIMBAD,B,2023ApJS..269....3M,,-19.58,False,3.767324924468994,Other,,12429.57926006816,False,1.237667324334637e+18,8.0829,6.024065583983504,16.20411,15.57045,15.21019,0.003592683,0.003169328,0.003341872,0.03196341,0.02211214,0.01643169,16.17214659,15.548337859999998,15.193758310000002,True,0.6238087300000021,0.978388279999999,16.08733,15.42348,15.05789,0.003533961,0.00310904,0.003277407,16.055366590000002,15.40136786,15.04145831,15.794099439299998,0.0023803924597612,"SDSS(cModelMag g,r)",15.794099439299998,SDSS,Vmag_sdss,0.978388279999999,0.6238087300000021,SDSS(cModel extcorr),-19.2059005607,3.767324924468994,6.024065583983504,SDSS,False,3.2,19.27700986874721,,,,0.978388279999999,g-i,15.566579999999998,0.5164997814130046,158.0,7.632822317137605,2.9069034241405785,2.9069034241405785,NGC 4889,4.504489693213677,73267944.5386993,5.998376595945934,6.879662300447626,8.16173295125818,5.998376595945934,1.5116540504164218,-0.0456388149164217,0.4259970661958507,-0.2428814997068105,0.5723377068653323,0.0123139370332577,0.1399535189957899,-0.0321807440105259,0.1489763265967071
LEDA 44542,0,0,141.55280186297426,566.2112074518969,0.0,0.0,0.0,0.0,0.0,0.0,0.0,0.0,False,False,False,False,False,0,0,,,,0,0,,,,,,,,0.25,,,0.0,0.0,,,,,,,False,False,10,,,,,,,,,,,,,,194.77366666666663,28.07111111111111,GiC,0.0213681159383936,17.67,18.7,1.0300007,,,,16.77,,,5.37,,,NED,,,2007SDSS6.C...0000:,-17.33,False,0.67125,Members of systems,,2398.517812510782,False,,,,,,,,,,,,,,,,False,,,,,,,,,,,,,,,17.670000076293945,SIMBAD,,,,,-17.329999923706055,0.67125,0.67125,SIMBAD_proxy(maj/8),True,3.2,2.148,,,,1.0300006866455078,B-V,,1.0,0.0,9.432584430337522,14.886534733300534,9.432584430337522,NGC 4874,11.92644126207614,1831599.62889463,10.120002882325116,12.449411644348194,12.791716667136953,10.120002882325116,,,,,,,,,
LEDA 126789,14,90,3159.012184298522,12636.04873719409,3159.012184298522,12636.04873719409,1.0,1.0,1.0,1.0,1.0,1.0,True,True,True,True,True,14,90,1.410312938,-1.1797639130714273,-1.1797639130714273,14,80,0.6475474580025855,0.5677448953506857,1.410312938,1.611603374,1.455430491357143,1.6416539402555554,0.2499999999999999,0.2499999999999999,-8.499999999999993,-5.999999999999993,-8.499999999999993,-5.999999999999993,9.065664412036195,45.41959162805486,0.2182899729070808,0.2302782263003227,0.2513576476252734,0.3255728582402037,True,True,10,0.6540250452700644,0.0583309526064472,-0.1570390909452006,-0.1570390909452006,0.6540250452700644,0.0583309526064472,-0.1570390909452006,,,,,,,194.88287520245,27.861306842710004,GiC,0.01555,17.13,18.479,1.3490009,17.686,16.979,16.646,16.472,0.70700073,1.0400009,,,,,,,,-17.87,False,,Members of systems,,,False,1.2376674440486587e+18,3.297948,3.171032653312278,17.89645,17.14692,16.83727,0.007679672,0.006103572,0.007099581,0.03661212,0.02532809,0.01882149,17.85983788,17.121591910000003,16.81844851,True,0.7382459699999977,1.041389370000001,17.67802,16.97291,16.64441,0.007588045,0.006003326,0.006955452,17.64140788,16.94758191,16.62558851,17.4142727577,0.0047835206322695,"SDSS(cModelMag g,r)",17.4142727577,SDSS,Vmag_sdss,1.041389370000001,0.7382459699999977,SDSS(cModel extcorr),-17.5857272423,,3.171032653312278,SDSS,False,3.2,10.14730449059929,,,,1.041389370000001,g-i,,1.0,0.0,5.93675418757412,10.591393033331608,5.93675418757412,NGC 4874,7.786640119064498,6695692.997993048,6.964170238328738,5.397656169603307,4.132314006874767,6.964170238328738,1.4846815767304218,-0.0743686387304216,0.2636313853483527,-1.44339529841978,0.5849981948384835,0.0690268504315809,0.0890534084306178,-0.2460924993758185,0.0104301789117206
SDSS J130026.15+280032.0,17,42,1434.922819849389,5739.691279397554,1434.922819849389,5739.691279397554,1.0,1.0,1.0,1.0,1.0,1.0,True,True,True,True,True,17,42,1.403183247,0.5015833290441175,0.5015833290441175,16,42,0.6966494301440354,0.5992556406153933,1.403183247,1.4597332005,1.4844808181764706,1.4927034530714285,0.25,0.25,6.499999999999998,5.499999999999998,6.499999999999998,5.499999999999998,11.146390882304566,25.16873690584652,0.1861578298444744,0.2367631426083929,0.2775125011468225,0.2898861924088424,True,True,10,0.6976191252781259,0.0450507829463881,0.3043576111242739,0.3043576111242739,0.6976191252781259,0.0450507829463881,0.3043576111242739,,,,,,,195.108997,28.008893,AG?,0.0185,17.57,19.263,1.6930008,18.77,18.096,17.755,17.479,0.6739998,1.0150013,,,,,,,,-17.43,False,,Other,,,False,1.2376673243346373e+18,2.34063,2.137171306818391,18.59731,17.98395,17.6853,0.01273419,0.01097699,0.01271677,0.03480448,0.02407758,0.01789222,18.56250552,17.95987242,17.66740778,True,0.602633100000002,0.8950977400000006,18.75998,18.08744,17.75028,0.01241237,0.01072785,0.01238956,18.72517552,18.06336242,17.73238778,18.196951991,0.0083188398851751,"SDSS(cModelMag g,r)",18.196951991,SDSS,Vmag_sdss,0.8950977400000006,0.602633100000002,SDSS(cModel extcorr),-16.803048009,,2.137171306818391,SDSS,False,3.2,6.838948181818852,,,,0.8950977400000006,g-i,,1.0,0.0,11.529228576925936,4.4220343555978525,4.4220343555978525,NGC 4889,7.947931031136703,20828257.24634969,9.90734055338408,9.766709586074011,10.884842388263737,9.90734055338408,1.4716516158089503,-0.0684683688089502,0.1851951803098388,0.3163881487342787,0.5911142695247494,0.1065048557533764,0.0644643974528441,0.2398932136714298,0.0098906600255645
LEDA 126768,2902,1670,23123.62306113479,92494.49224453911,43994.31089950244,97301.9874290352,1.902569972845052,1.0519760157370874,0.9642,0.9516,1.902569972845052,1.0519760157370874,True,True,True,True,True,2902,1670,1.5951574979999998,1.2143374534458382,1.384593072564524,2768,1613,0.5078294205721933,0.5939150597874889,1.5951574979999998,1.4636118865,1.6039438413621638,1.4930809241982037,0.4521419558011454,0.2500000000000001,2146.922933812087,2038.695025292752,2484.5,2364.75,1405.671836143831,957.9849914372196,0.2750251774172235,0.2414239105864074,0.3703518649642809,0.3172773503429772,True,True,10,0.5076232165606942,0.0053136059088458,0.3511401213090439,0.4211000056288643,0.5076232165606942,0.0053136059088458,0.3511401213090439,,,,,,,195.031143,27.958069,GiC,0.02072,17.58,18.963,1.3829994,17.473,17.07,16.516,16.448,0.40299988,0.9569988,13.800000190734863,0.21,,SIMBAD,E,2003A&A...412...45P,,-17.42,False,1.725000023841858,Members of systems,,5981.540402364631,False,1.237667444048724e+18,9.742112,8.97857217169769,16.64061,17.30416,16.22615,0.01173625,0.01412255,0.01469685,0.03165467,0.02189856,0.01627298,16.608955329999997,17.28226144,16.20987702,True,-0.6733061100000022,0.3990783099999966,17.468,17.05945,16.51539,0.01225075,0.01342484,0.01481177,17.436345329999998,17.037551439999998,16.49911702,16.996205934899997,0.0096219186755878,"SDSS(cModelMag g,r)",16.996205934899997,SDSS,Vmag_sdss,0.3990783099999966,-0.6733061100000022,SDSS(cModel extcorr),-18.003794065100003,1.725000023841858,8.97857217169769,SDSS,False,3.2,28.73143094943261,,,,0.3990783099999966,g-i,12.6,0.9130434656413609,0.0,7.014739872319045,1.1456400923274943,1.1456400923274943,NGC 4889,3.490958415183414,1159863549.2002096,5.564720607584505,4.739412184215819,5.783503014713256,5.564720607584505,1.491641508886383,0.1035159891136168,0.305527955025668,0.9088094984201702,0.581731303622635,-0.0741080870619408,0.1021875881276179,0.248952533181426,0.0229581419476793
LEDA 1821555,26,56,705.4169791335141,2821.667916534057,705.4169791335141,2821.667916534057,1.0,1.0,1.0,1.0,1.0,1.0,True,True,True,True,True,26,56,1.574215014,0.7952421364230772,0.7952421364230772,25,56,0.5461023044104641,0.6493957705946285,1.574215014,1.4466639155,1.5589256982692308,1.4582622575714286,0.2499999999999999,0.2499999999999999,12.000000000000004,11.000000000000004,12.000000000000004,11.000000000000004,13.652557610261605,36.3661631532992,0.2532527310942777,0.1713427347213228,0.3001208439814243,0.2061348922490644,True,True,10,0.5510695637070673,0.051570218992315,0.1874079321740754,0.1874079321740754,0.5510695637070673,0.051570218992315,0.1874079321740754,,,,,,,194.8837708333333,27.92104166666667,GiC,0.022732393087754,17.59,19.13,1.539999,18.177,17.48,17.162,16.891,0.6970005,1.0149994,15.59999942779541,0.16,144.0,SIMBAD,E,2003A&A...412...45P,,-17.41,False,1.9499999284744265,Members of systems,dE,7400.366751639261,False,1.2376674440486584e+18,1.967855,1.9101817555378544,18.68619,17.98285,17.64005,0.01504857,0.01222034,0.01481054,0.03477307,0.02405585,0.01787608,18.65141693,17.95879415,17.622173919999998,True,0.6926227800000007,1.0292430100000018,18.89739,18.22351,17.88339,0.01461084,0.01181884,0.01428423,18.86261693,18.19945415,17.865513919999998,18.232769489799995,0.0094895702598931,"SDSS(cModelMag g,r)",18.232769489799995,SDSS,Vmag_sdss,1.0292430100000018,0.6926227800000007,SDSS(cModel extcorr),-16.767230510200005,1.9499999284744265,1.9101817555378544,SDSS,False,3.2,6.112581617721134,,,,1.0292430100000018,g-i,9.6,0.6153846379567893,144.0,2.426685310337878,8.629124278288334,2.426685310337878,NGC 4874,5.206031873740555,79312192.1938589,3.757133910481079,3.411089956610184,2.763983118116543,3.757133910481079,1.4710553298851483,0.1031596841148516,0.1816057294079693,0.6136364070151078,0.591394157489596,-0.0403245937825287,0.0633391384275391,0.1240687937465362,0.0272964369124449
GMP 2399,11,29,1531.3697117255404,6125.478846902161,1531.3697117255404,6125.478846902161,1.0,1.0,1.0,1.0,1.0,1.0,True,True,True,True,True,11,29,1.426062994,0.4897032391363637,0.4897032391363637,10,27,0.6762748060605361,0.6461062744988043,1.426062994,1.420683766,1.3482455686363637,1.4022226116206895,0.25,0.25,3.75,3.25,3.75,3.25,6.762748060605362,17.444869411467717,0.1444013533959914,0.1503982417545564,0.2139034484467317,0.2522962345736399,True,True,10,0.6824836126714858,0.0439039748884629,0.2463618773847928,0.2463618773847928,0.6824836126714858,0.0439039748884629,0.2463618773847928,,,,,,,195.22406,27.968243,GiC,0.0197,17.63,18.73,1.1000004,,,,,,,,,,,,,,-17.37,False,,Members of systems,,,False,1.2376673243347028e+18,2.670293,2.207827254666137,18.35245,17.66619,17.35618,0.01003664,0.008795105,0.01022614,0.0319718,0.02211794,0.016436,18.3204782,17.64407206,17.339744,True,0.676406140000001,0.9807342000000006,18.43203,17.75506,17.43065,0.009826553,0.008598464,0.009989215,18.4000582,17.73294206,17.414214,17.911398577399996,0.0066227103350618,"SDSS(cModelMag g,r)",17.911398577399996,SDSS,Vmag_sdss,0.9807342000000006,0.676406140000001,SDSS(cModel extcorr),-17.088601422600004,,2.207827254666137,SDSS,False,3.2,7.065047214931639,,,,0.9807342000000006,g-i,,1.0,0.0,17.246066332897517,10.099001505374988,10.099001505374988,NGC 4889,13.661287865208626,1902022.32665694,15.737100641511054,14.847518729279855,15.682741770377577,15.737100641511054,1.4764054787733645,-0.0503424847733642,0.213811917723635,0.2758913214127286,0.5888828751933421,0.0936007374781436,0.0734354749045182,0.1729264024802746,0.0055272848166345
SDSS J125948.57+275857.7,5,9,93.39926366595536,373.5970546638215,93.39926366595536,373.5970546638215,1.0,1.0,1.0,1.0,1.0,1.0,True,True,True,True,True,5,9,1.627626755,0.9659006723,0.9659006723,5,9,0.4998213716037034,0.6717358984897831,1.627626755,1.470502406,1.6685428991999998,1.4583054715555557,0.25,0.25,2.75,2.75,2.75,2.75,2.499106858018517,6.045623086408048,0.2360606874630698,0.1327052648144011,0.1888921835904774,0.1999316357319792,False,True,10,,,,,,,,,,,,,,194.952406,27.982695,AG?,0.018,17.69,18.83,1.1399994,20.81,20.26,20.02,16.99,0.54999924,0.789999,,,,,,,,-17.31,False,,Other,dE,,False,1.2376674440486587e+18,0.7712224,0.5452514006140664,20.80794,20.24769,19.96783,0.03960525,0.03740309,0.04404699,0.02726468,0.01886158,0.01401617,20.78067532,20.22882842,19.95381383,True,0.551846900000001,0.8268614900000024,20.80585,20.24771,20.01403,0.03964962,0.03383691,0.04418748,20.77858532,20.22884842,20.00001383,20.445085649,0.0273982921545513,"SDSS(cModelMag g,r)",20.445085649,SDSS,Vmag_sdss,0.8268614900000024,0.551846900000001,SDSS(cModel extcorr),-14.554914351000004,,0.5452514006140664,SDSS,False,3.2,1.7448044819650126,,,,0.8268614900000024,g-i,,1.0,0.0,3.170430437528054,4.322899258764681,3.170430437528054,NGC 4874,1.1411288210228172,55881131.24374011,1.5247013591054364,3.108445940951461,4.311558827744364,1.5247013591054364,1.43422492494547,0.1934018300545301,-0.0401015505225266,1.0060022228225267,,,,,0.0221446292231409
SDSS J125953.93+275813.6,29,176,1532.3986992079083,6129.594796831633,2023.5251325745428,7820.933391271635,1.3204952037746418,1.2759299187793374,1.0,1.0,1.3204952037746418,1.2759299187793374,True,True,True,True,True,29,176,1.479244586,-0.8854496039471109,-0.8056437324827583,29,173,0.6076363192419739,0.6058188315441008,1.479244586,1.5059491189999998,1.4866693636551724,1.5188309527045456,0.2587319225647477,0.25,-16.536818371395604,-15.760622603701364,-15.0,-14.25,17.621453258017244,104.80665785712944,0.1942236828374462,0.215472522994319,0.240759238462579,0.2654974584523409,True,True,10,0.6106321067801816,0.0365395647811562,-0.3244309306322606,-0.2928735644019686,0.6106321067801816,0.0365395647811562,-0.3244309306322606,,,,,,,194.974723,27.970469,G,0.0225,17.78,18.93,1.1499996,18.658,17.963,17.541,17.474,0.6950016,1.1170006,,,,,,,,-17.22,False,,Regular galaxies,S,,False,1.237667444048659e+18,2.250723,2.2085688930460337,18.55435,17.84544,17.52467,0.01273515,0.01070446,0.01284431,0.02852804,0.01973557,0.01466564,18.52582196,17.82570443,17.51000436,True,0.70011753,1.0158175999999983,18.59274,17.8912,17.54356,0.01265617,0.01054027,0.01279576,18.56421196,17.87146443,17.52889436,18.102752617299995,0.0081945309831007,"SDSS(cModelMag g,r)",18.102752617299995,SDSS,Vmag_sdss,1.0158175999999983,0.70011753,SDSS(cModel extcorr),-16.897247382700005,,2.2085688930460337,SDSS,False,3.0,6.625706679138101,,,,1.0158175999999983,g-i,,1.0,0.0,4.079981463054035,3.151806872879507,3.151806872879507,NGC 4889,0.4696311623195278,71668547.49220352,2.523618555490392,2.779053850233632,4.0658038844913404,2.523618555490392,1.4732198369983167,0.0060247490016833,0.1946353712280013,-1.0800849751751125,0.5903781692419815,0.0202539375382001,0.067423808327006,-0.3918547389592666,0.0367629172673605
SDSS J125930.25+280115.0,14,24,452.6325914984258,1810.5303659937024,452.6325914984258,1810.5303659937024,1.0,1.0,1.0,1.0,1.0,1.0,True,True,True,True,True,14,24,1.5015915789999998,0.8417346286428568,0.8417346286428568,13,24,0.6079758377948484,0.5768255314763886,1.5015915789999998,1.5396662175,1.5560422090714283,1.5277804631250005,0.2500000000000001,0.2500000000000001,7.999999999999997,6.999999999999997,7.999999999999997,6.999999999999997,7.903685891333029,13.843812755433326,0.210004865879102,0.2267266808635678,0.3550457981484812,0.306353186646003,True,True,10,0.6151089931065539,0.0522353977472457,0.3488818247328359,0.3488818247328359,0.6151089931065539,0.0522353977472457,0.3488818247328359,,,,,,,194.87607,28.020844,G,0.024,17.82,19.182,1.3619995,18.391,18.414,18.057,17.044,-0.02299881,0.33400154,7.04,,,NED,,,2007SDSS6.C...0000:,-17.18,False,0.88,Regular galaxies,dGs...,3520.464821604657,False,1.2376673243345715e+18,1.462938,1.2003225761558354,19.04043,18.3196,18.02032,0.01254655,0.01038284,0.01157475,0.02727084,0.01886584,0.01401934,19.01315916,18.30073416,18.00630066,True,0.7124249999999996,1.0068585,19.12647,18.40746,18.0529,0.01245072,0.01025749,0.01148795,19.09919916,18.38859416,18.03888066,18.58282841,0.0079992479332738,"SDSS(cModelMag g,r)",18.58282841,SDSS,Vmag_sdss,1.0068585,0.7124249999999996,SDSS(cModel extcorr),-16.417171590000002,0.88,1.2003225761558354,SDSS,False,3.2,3.8410322436986735,,,,1.0068585,g-i,,1.0,0.0,3.886822757535111,8.756815184632249,3.886822757535111,NGC 4874,5.730108495663906,21233135.033039395,4.049327538680103,6.569658904254445,7.211848856611635,4.049327538680103,1.465227586083659,0.0363639929163408,0.1465245721826773,0.6952100564601794,0.5941296159117007,0.0209793771948532,0.0523415262954612,0.2965402984373747,0.0152990054533112
[EDG2007] 474,0,0,148.48934026733008,593.9573610693203,0.0,0.0,0.0,0.0,0.0,0.0,0.0,0.0,False,False,False,False,False,0,0,,,,0,0,,,,,,,,0.25,,,0.0,0.0,,,,,,,False,False,10,,,,,,,,,,,,,,194.85670833333333,28.08158333333333,GiC,0.0256644214845458,17.9,19.322,1.4220009,,,,16.92,,,5.5,,,NED,,,2007SDSS6.C...0000:,-17.1,False,0.6875,Members of systems,,2935.180535298088,False,,,,,,,,,,,,,,,,False,,,,,,,,,,,,,,,17.899999618530273,SIMBAD,,,,,-17.100000381469727,0.6875,0.6875,SIMBAD_proxy(maj/8),True,3.2,2.2,,,,1.4220008850097656,B-V,,1.0,0.0,7.671050001945094,11.281142903182737,7.671050001945094,NGC 4874,8.944381191801774,3636578.168269682,7.631640740652824,10.22014877377248,10.960151269285896,7.631640740652824,,,,,,,,,
SDSS J130008.39+275716.7,778,2737,8596.046347969346,34384.18539187738,17088.260506312992,51122.6876538636,1.9879209365070225,1.486808166929567,0.9902,0.9514,1.9879209365070225,1.486808166929567,True,True,True,True,True,778,2737,1.500606098,-0.3689545746388258,0.1023220789514778,771,2619,0.5544376947518449,0.5027398880271791,1.500606098,1.589864767,1.526324256443445,1.603237879736573,0.3342598226058161,0.25,-136.86913447211873,-104.42647540463236,93.74999999999989,116.24999999999989,427.47146265367246,1316.675766743182,0.2577491822713736,0.2760606630470241,0.3240405915679679,0.3603836225167781,True,True,10,0.5549714069090932,0.0093191618446841,-0.0158610291751518,0.1280337393529381,0.5549714069090932,0.0093191618446841,-0.0158610291751518,,,,,,,195.03466666666665,27.95491666666668,GiC,0.0207009877479973,18.03,19.21,1.1799984,18.238,,17.431,17.267,,0.8070011,4.84,,,NED,,,2007SDSS6.C...0000:,-16.97,False,0.605,Members of systems,dE,2095.996991048066,False,1.237667444048724e+18,5.592635,5.230876154768637,18.41567,24.81021,17.79011,0.01423217,25.80334,0.01490458,0.03191571,0.02207914,0.01640717,18.38375429,24.788130860000003,17.773702829999998,True,-6.404376570000004,0.6100514600000011,18.23765,24.81021,17.43091,0.01861826,6.193195,0.02166967,18.20573429,24.788130860000003,17.41450283,22.1523364663,15.22397171828374,"SDSS(cModelMag g,r)",22.1523364663,SDSS,Vmag_sdss,0.6100514600000011,-6.404376570000004,SDSS(cModel extcorr),-12.847663533700004,0.605,5.230876154768637,SDSS,False,3.2,16.73880369525964,,,,0.6100514600000011,g-i,,1.0,0.0,7.20592089397856,1.3274135806833522,1.3274135806833522,NGC 4889,3.7108537413778473,746533184.4416767,5.777656592054801,4.856456594727542,5.864296781402549,5.777656592054801,1.4058027942869415,0.0948033037130584,-0.2111937035534807,-0.1577608710853451,0.6220227513581487,-0.0670513444490554,-0.0597997814680611,0.0439387522929092,0.1986613182347334
SDSS J130025.97+280344.6,35,54,1882.331293313308,7529.325173253232,1882.331293313308,7529.325173253232,1.0,1.0,1.0,1.0,1.0,1.0,True,True,True,True,True,35,54,1.362653755,0.8167494432142858,0.8167494432142858,35,53,0.5506313805919423,0.615757520886363,1.362653755,1.415307475,1.5050382093714283,1.4198965385740745,0.2499999999999999,0.2499999999999999,21.5,21.75,21.5,21.75,19.27209832071798,32.63514860697724,0.2906534652663627,0.2400776312427198,0.3666661275544104,0.3247624505901121,True,True,10,0.5497839173190606,0.0457874842604078,0.3166757129835089,0.3166757129835089,0.5497839173190606,0.0457874842604078,0.3166757129835089,,,,,,,195.108242,28.062409,G,0.025,18.05,19.63,1.5799999,19.342,18.652,18.296,18.034,0.6899986,1.0459995,5.22,,,NED,,,2007SDSS6.C...0000:,-16.95,False,0.6525,Regular galaxies,,2715.8171061192106,False,1.2376673243346378e+18,2.475626,2.4477840177081527,19.13984,18.47298,18.20935,0.02169704,0.01877794,0.02210723,0.03545551,0.02452796,0.0182269,19.10438449,18.44845204,18.1911231,True,0.6559324500000017,0.9132613899999988,19.33166,18.64641,18.28921,0.02094592,0.01813107,0.0215745,19.29620449,18.62188204,18.2709831,18.7073843445,0.0142084100251035,"SDSS(cModelMag g,r)",18.7073843445,SDSS,Vmag_sdss,0.9132613899999988,0.6559324500000017,SDSS(cModel extcorr),-16.292615655500004,0.6525,2.4477840177081527,SDSS,False,3.2,7.832908856666089,,,,0.9132613899999988,g-i,,1.0,0.0,12.704784165362682,6.466741929014019,6.466741929014019,NGC 4889,9.41022727466008,6965241.482342461,11.063695705733316,11.616910369142364,12.85120894324086,11.063695705733316,1.4631539920875216,-0.1005002370875216,0.1340421983038999,0.6827072449103858,0.5951029308606711,-0.0453190135416105,0.0484284197372943,0.2682472932462146,0.0089629487789268
LEDA 44637,5,13,1232.8186301448447,4931.274520579379,1201.0119094871077,3174.7545363490044,0.9742,0.6438,0.9742,0.6438,0.9742,0.6438,True,False,False,True,True,5,13,1.736867629,0.254717858177369,0.75738905945,4,12,0.414442070411365,0.5879647453546051,1.736867629,1.506890107,1.922110928,1.53380217,0.378300714507611,0.25,0.0820907114010571,-0.5396085740913321,1.75,1.0,1.6577682816454602,7.055576944255261,0.2982545515978516,0.2641734674218717,0.4008618499749112,0.2460904584556505,False,True,10,,,,,,,,,,,,,,194.905032,27.870463,AG?,0.0211,18.14,19.283,1.1430016,18.971,18.092,17.764,17.521,0.8790016,1.2070007,10.4,,,NED,,,20032MASX.C.......:,-16.86,False,1.3,Other,,4588.382250133997,False,1.237667444048659e+18,2.401519,1.980955218692897,18.61829,17.98405,17.71473,0.01376807,0.01096297,0.01380794,0.03536076,0.02446241,0.01817819,18.58292924,17.959587589999998,17.69655181,True,0.6233416500000004,0.8863774299999996,18.75309,18.05203,17.71051,0.01342186,0.01073602,0.01360451,18.71772924,18.02756759,17.69233181,18.2051576665,0.0085849862205673,"SDSS(cModelMag g,r)",18.2051576665,SDSS,Vmag_sdss,0.8863774299999996,0.6233416500000004,SDSS(cModel extcorr),-16.794842333500004,1.3,1.980955218692897,SDSS,False,3.2,6.33905669981727,,,,0.8863774299999996,g-i,,1.0,0.0,5.337391114872821,9.350728221171543,5.337391114872821,NGC 4874,6.6994594269974,9326963.292387102,6.121070166776896,4.2676191079995975,2.9811357603545683,6.121070166776896,1.4715150085929285,0.2653526204070717,0.1843728484801265,0.0703450096972424,,,,,0.0044072145077884
SDSS J125915.58+275356.9,18,74,2497.5481127232683,9990.192450893072,2127.41148241768,5858.248853203698,0.8518,0.5864,0.8518,0.5864,0.8518,0.5864,True,False,False,True,True,18,74,1.41241443,-0.7174688673301688,-0.0538494412777781,18,71,0.559713138133987,0.6477344381723831,1.41241443,1.426635118,1.4393141786666668,1.45246119722973,0.3631480218281037,0.25,-8.872953615279673,-7.783509549795362,-0.5000000000000036,0.2499999999999964,10.074836486411767,45.9891451102392,0.292864796508917,0.1845299505789447,0.3203507983271568,0.2758511906554534,True,True,10,0.5569715266085171,0.0681281434340132,-0.3708544218553147,-0.0817665999225829,0.5569715266085171,0.0681281434340132,-0.3708544218553147,,,,,,,194.8147083333333,27.89930555555555,GiC,0.0175629147433489,18.18,19.362,1.1819992,18.135,17.429,17.163,17.058,0.7059994,0.9720001,6.21,,,NED,,,2007SDSS6.C...0000:,-16.82,False,0.77625,Members of systems,SBa,2290.336679764223,False,1.2376674440485934e+18,3.466226,2.819564249134048,18.76148,17.78226,17.80239,0.01765995,0.01494199,0.02021308,0.04119965,0.02850172,0.02117984,18.72028035,17.75375828,17.78121016,True,0.96652207,0.9390701899999988,18.13526,17.42892,17.16264,0.01751236,0.01418745,0.02014331,18.09406035,17.40041828,17.14146016,18.1400323287,0.0114080613812361,"SDSS(cModelMag g,r)",18.1400323287,SDSS,Vmag_sdss,0.9390701899999988,0.96652207,SDSS(cModel extcorr),-16.8599676713,0.77625,2.819564249134048,SDSS,False,3.0,8.458692747402145,,,,0.9390701899999988,g-i,,1.0,0.0,5.727336133549141,12.511599665563155,5.727336133549141,NGC 4874,9.033178703840244,6714980.752737872,7.334383120512385,7.273818436554839,6.427173278794688,7.334383120512385,1.4725992083141266,-0.0601847783141265,0.190899384679823,-0.9083682520099918,0.5906694833455173,-0.0336979567370001,0.0662526117577577,-0.4371070336130724,0.012804485754087
SDSS J130000.97+275929.5,25,117,498.0028325244441,1992.0113300977764,912.3186477061402,3194.2012999566555,1.8319547362441149,1.6035055883943543,1.0,1.0,1.8319547362441149,1.6035055883943543,True,True,True,True,True,25,117,1.575689274,-0.3458784459286421,-0.1062543441600001,22,117,0.5590843197168541,0.6132129353360033,1.575689274,1.437558648,1.5977150077600002,1.4952018363247863,0.2856171424507654,0.25,-8.417205666739555,-11.417205666739555,-4.25,-7.25,12.299855033770791,71.74591343431238,0.2924451264493215,0.238711739868257,0.3429692526030052,0.302059607079667,True,True,10,0.5632017809233067,0.0640057918283849,-0.3682465271507061,-0.2520926899211522,0.5632017809233067,0.0640057918283849,-0.3682465271507061,,,,,,,195.004049,27.991542,G,0.0251,18.23,19.666,1.4360008,20.99,19.25,18.73,18.39,1.7399998,2.2600002,5.39,,,NED,,,2007SDSS6.C...0000:,-16.77,False,0.67375,Regular galaxies,dE...,2815.1393916964907,False,1.237667324334637e+18,1.270285,1.2590441808771493,21.19089,19.08823,18.61287,0.1205734,0.02314668,0.0315757,0.02965461,0.02051492,0.01524479,21.16123539,19.06771508,18.59762521,True,2.093520309999999,2.5636101799999977,20.98026,19.23927,18.72824,0.05403992,0.01973615,0.02014627,20.95060539,19.21875508,18.71299521,19.9160584071,0.0512867393810147,"SDSS(cModelMag g,r)",19.9160584071,SDSS,Vmag_sdss,2.5636101799999977,2.093520309999999,SDSS(cModel extcorr),-15.083941592900004,0.67375,1.2590441808771493,SDSS,False,3.2,4.028941378806878,,,,2.5636101799999977,g-i,,1.0,0.0,5.904586438136475,1.7980844571372088,1.7980844571372088,NGC 4889,2.445545509755977,304497760.25243115,4.266457759903924,4.718086361929905,5.990355299049678,4.266457759903924,1.4430321143981493,0.1326571596018506,0.0129149183592061,-0.3587933642878482,0.60454784842549,-0.0413460675021832,0.0104561591618941,-0.3787026863126003,0.0981082866920513
SDSS J130022.65+275754.8,1,7,163.08418004112414,652.3367201644966,163.08418004112414,652.3367201644966,1.0,1.0,1.0,1.0,1.0,1.0,True,True,True,True,True,1,7,1.23808622,-1.25810846175,-1.25810846175,1,6,0.7299133417963991,0.7319439039444986,1.23808622,1.426396961,1.23808622,1.4348606460000002,0.25,0.25,-0.75,-0.5,-0.75,-0.5,0.7299133417963991,4.391663423666992,,0.1064836488045694,,0.1505583415676026,False,True,10,,,,,,,,,,,,,,195.094378,27.965247,G,0.0214,18.3,20.122,1.8220005,21.37,20.09,19.76,17.5,1.2800007,1.6100006,,,,,,,,-16.7,False,,Regular galaxies,,,False,1.237667444048724e+18,0.7301825,0.720495015855537,21.60657,20.07719,19.73829,0.06104267,0.02998838,0.03839239,0.03425521,0.0236976,0.01760986,21.57231479,20.053492400000003,19.72068014,True,1.5188223899999969,1.8516346500000007,21.36275,20.07721,19.76054,0.06320942,0.02998838,0.03841232,21.32849479,20.0535124,19.74293014,20.6662095799,0.0306500055895675,"SDSS(cModelMag g,r)",20.6662095799,SDSS,Vmag_sdss,1.8516346500000007,1.5188223899999969,SDSS(cModel extcorr),-14.333790420099998,,0.720495015855537,SDSS,False,3.2,2.3055840507377185,,,,1.8516346500000007,g-i,,1.0,0.0,10.37156039822592,3.2901908643050426,3.2901908643050426,NGC 4889,6.791424717909634,49812695.692581646,8.870314907391709,8.0704680755758,9.021472577522427,8.870314907391709,1.4305436771803015,-0.1924574571803017,-0.0622614868605169,-1.195846974889483,,,,,0.0078961571327719
SDSS J130042.87+280313.7,15,51,1905.223386550764,7620.893546203057,1905.223386550764,7620.893546203057,1.0,1.0,1.0,1.0,1.0,1.0,True,True,True,True,True,15,51,1.368082207,0.2345022294500003,0.2345022294500003,15,50,0.7312725317783589,0.5999395598493219,1.368082207,1.333623503,1.3643905452666667,1.3550865547843138,0.2499999999999999,0.2499999999999999,2.250000000000004,2.500000000000004,2.250000000000004,2.500000000000004,10.969087976675384,29.996977992466096,0.0700168644924927,0.2329450747280727,0.2082815748950253,0.3121873290542614,True,True,10,0.7298899585151537,0.0173049235219401,0.2299403253073855,0.2299403253073855,0.7298899585151537,0.0173049235219401,0.2299403253073855,,,,,,,195.178632,28.053822,G,0.0226,18.34,19.505,1.164999,19.257,18.571,18.194,18.057,0.6860008,1.0629997,,,,,,,,-16.66,False,,Regular galaxies,,,False,1.237667324334703e+18,3.361696,2.4626234777725764,19.22061,18.56256,18.24216,0.01990558,0.01770487,0.02046511,0.03574946,0.02473131,0.01837802,19.18486054,18.53782869,18.22378198,True,0.6470318499999976,0.9610785600000008,19.24647,18.56495,18.1867,0.01957542,0.01768835,0.0205074,19.21072054,18.54021869,18.16832198,18.7931117485,0.0132560509788579,"SDSS(cModelMag g,r)",18.7931117485,SDSS,Vmag_sdss,0.9610785600000008,0.6470318499999976,SDSS(cModel extcorr),-16.2068882515,,2.4626234777725764,SDSS,False,3.2,7.880395128872244,,,,0.9610785600000008,g-i,,1.0,0.0,15.873207804504696,8.951923374208246,8.951923374208246,NGC 4889,12.368583374097746,2698175.4252773672,14.228790495067251,14.30699637422826,15.444664935300308,14.228790495067251,1.4617268113517947,-0.0936446043517946,0.1254510258906329,0.1090512035593673,0.5957728287999752,0.1341171297151785,0.0457351681619785,0.1842051571454069,0.0073373424182968
SDSS J130032.48+275833.2,25,75,4296.28286778724,17185.131471148958,4296.28286778724,17185.131471148958,1.0,1.0,1.0,1.0,1.0,1.0,True,True,True,True,True,25,75,1.398625601,0.3434297434999998,0.3434297434999998,24,71,0.6910916514138151,0.6735027226937319,1.398625601,1.40692781,1.43997529372,1.4626333646933334,0.25,0.25,6.2499999999999964,6.2499999999999964,6.2499999999999964,6.2499999999999964,16.586199633931564,47.81869331125497,0.1638690462880735,0.1738851074416676,0.2899062941879854,0.253416768026073,True,True,10,0.6882048175332599,0.0341844922596518,0.1900934288743539,0.1900934288743539,0.6882048175332599,0.0341844922596518,0.1900934288743539,,,,,,,195.135345,27.975893,G,0.0281361314299641,18.52,,,19.6,19.0,18.65,18.5,0.6000004,0.95000076,5.6881,,,NED,,,2007SDSS6.C...0000:,-16.48,False,0.7110125,Regular galaxies,dE,3317.9816163301944,False,1.2376673243346378e+18,4.940214,3.698039089380649,19.29109,18.99175,18.63312,0.03968271,0.06515902,0.04513678,0.03495927,0.02418466,0.0179718,19.25613073,18.96756534,18.6151482,True,0.2885653899999987,0.6409825299999987,19.58894,18.99175,18.64226,0.03764711,0.0527066,0.04052578,19.55398073,18.96756534,18.6242882,19.0758771499,0.041744909172162,"SDSS(cModelMag g,r)",19.0758771499,SDSS,Vmag_sdss,0.6409825299999987,0.2885653899999987,SDSS(cModel extcorr),-15.924122850100002,0.7110125,3.698039089380649,SDSS,False,3.2,11.833725086018076,,,,0.6409825299999987,g-i,,1.0,0.0,12.575474735129946,5.384449583914499,5.384449583914499,NGC 4889,8.971820232963056,11691849.54205354,11.039470714821793,10.332577720279088,11.2797738385707,11.039470714821793,1.4570193629189907,-0.0583937619189907,0.0971136891396695,0.2463160543603302,0.597982436823383,0.0902223807098768,0.0368516801846066,0.1532417486897472,0.0053108667158772
SDSS J130022.65+275754.9,5,4,98.96065946193065,395.8426378477224,98.96065946193065,395.8426378477224,1.0,1.0,1.0,1.0,1.0,1.0,True,True,True,True,True,5,4,1.61477134,1.3518427746,1.3518427746,5,4,0.5596563534238443,0.6158124213218876,1.61477134,1.314642827,1.6382596162000005,1.27383254825,0.2500000000000001,0.2500000000000001,4.0,4.0,4.0,4.0,2.7982817671192217,2.4632496852875505,0.2833114193713572,0.2677124611546966,0.1966222572869113,0.2581497217883878,False,True,10,,,,,,,,,,,,,,194.8884583333333,28.031333333333333,G,0.0237,18.59,19.771,1.1809998,,,,17.75,,,4.49,,,NED,,,2007SDSS6.C...0000:,-16.41,False,0.56125,Regular galaxies,,2218.036527386589,False,,,,,,,,,,,,,,,,False,,,,,,,,,,,,,,,18.59000015258789,SIMBAD,,,,,-16.40999984741211,0.56125,0.56125,SIMBAD_proxy(maj/8),True,3.2,1.7960000000000005,,,,1.180999755859375,B-V,,1.0,0.0,4.3595937711144,8.357529524023352,4.3595937711144,NGC 4874,5.600676502770355,16191194.737635065,4.17963344763517,6.769256699218017,7.544494719721517,4.17963344763517,1.4651081916731734,0.1496631483268267,0.1458058559472463,1.2060369186527535,,,,,0.0089875599238945
SDSS J130020.39+280413.9,11,31,1032.714067138504,4130.856268554015,1032.714067138504,4130.856268554015,1.0,1.0,1.0,1.0,1.0,1.0,True,True,True,True,True,11,31,1.293908944,0.3251400029999999,0.3251400029999999,10,31,0.4062570558866106,0.5868159657181365,1.293908944,1.375026884,1.3465445628181818,1.3984920396774192,0.25,0.25,3.2499999999999982,2.2499999999999982,3.2499999999999982,2.2499999999999982,4.062570558866106,18.19129493726223,0.316746061044459,0.2283380830157678,0.5012982242313834,0.3710892152869992,True,True,10,0.4122831882424989,0.0986373149155895,-0.0424991851890569,-0.0424991851890569,0.4122831882424989,0.0986373149155895,-0.0424991851890569,,,,,,,195.084967,28.070544,G,0.0235,18.59,,,19.91,19.29,18.91,18.86,0.61999893,1.0,4.11,,,NED,,,2007SDSS6.C...0000:,-16.41,False,0.51375,Regular galaxies,,2013.6731285631995,False,1.2376673243346378e+18,1.8881,1.8130722466886329,19.91841,19.17591,18.71256,0.02778827,0.02579221,0.02969451,0.0352913,0.02441436,0.01814248,19.8831187,19.15149564,18.69441752,True,0.731623060000004,1.1887011800000025,19.90314,19.28362,18.90176,0.02759279,0.02524135,0.02888741,19.8678487,19.25920564,18.88361752,19.4414610946,0.0190098441809053,"SDSS(cModelMag g,r)",19.4414610946,SDSS,Vmag_sdss,1.1887011800000025,0.731623060000004,SDSS(cModel extcorr),-15.558538905400004,0.51375,1.8130722466886329,SDSS,False,3.2,5.801831189403625,,,,1.1887011800000025,g-i,,1.0,0.0,11.909929601496849,6.23276119744283,6.23276119744283,NGC 4889,8.791233640761428,7831259.952389191,10.289687897614844,11.106066314244837,12.371331430591102,10.289687897614844,1.4509331601550897,-0.1570242161550896,0.0604766914715755,0.2646633115284243,0.6008392121340778,-0.1885560238915788,0.025366326738311,-0.067865511927368,0.0117919860487069
LEDA 126785,14,51,749.5919488294114,2998.367795317645,749.5919488294114,2998.367795317645,1.0,1.0,1.0,1.0,1.0,1.0,True,True,True,True,True,14,51,1.2902296655,-0.0438698849285716,-0.0438698849285716,14,51,0.7511675432400896,0.6010592306516112,1.2902296655,1.464893624,1.2275931134285716,1.4735829133137257,0.25,0.25,1.2499999999999964,1.2499999999999964,1.2499999999999964,1.2499999999999964,10.516345605361254,30.654020763232168,0.0721585533164921,0.2013467327133401,0.2505193911832598,0.2828784504132881,True,True,10,0.7509389090880088,0.0163082729714407,0.2035456811731485,0.2035456811731485,0.7509389090880088,0.0163082729714407,0.2035456811731485,,,,,,,194.93366666666665,28.013,GiC,0.044067,18.62,19.718,1.0979996,,,,17.31,,,4.51,,,NED,,,2007SDSS6.C...0000:,-16.38,False,0.56375,Members of systems,,4042.1782468143897,False,1.237667324334572e+18,1.802485,1.544676431865832,19.29103,18.51719,18.1263,0.01700943,0.01532389,0.0173158,0.02599423,0.01798269,0.01336307,19.26503577,18.49920731,18.11293693,True,0.7658284600000016,1.1520988400000007,19.38072,18.73537,18.38664,0.0167432,0.01488413,0.01694963,19.35472577,18.71738731,18.37327693,18.8031969786,0.0114182403100267,"SDSS(cModelMag g,r)",18.8031969786,SDSS,Vmag_sdss,1.1520988400000007,0.7658284600000016,SDSS(cModel extcorr),-16.196803021400004,0.56375,1.544676431865832,SDSS,False,3.2,4.942964581970664,,,,1.1520988400000007,g-i,,1.0,0.0,3.7170116708140366,5.724243727208095,3.7170116708140366,NGC 4874,3.1981840096625103,30589355.53688435,2.5676790767970163,4.965290766963612,6.030413987689951,2.5676790767970163,1.461558913510002,-0.1713292480100019,0.1244403344830578,-0.1683102194116295,0.595851637611932,0.1550872714760767,0.0454183259319929,0.1581273552411555,0.0181265623162721
SDSS J125915.81+275309.7,27,490,14367.109751122456,57468.43900448983,3396.3847451653487,29561.765023909564,0.2364,0.5144,0.2364,0.5144,0.2364,0.5144,False,False,False,True,True,27,490,1.427624596,-1.7498334516226894,-5.486438093074074,27,470,0.5529243717775972,0.5693873654052112,1.427624596,1.523915858,1.441817841296296,1.5455541311183671,0.1148911353032659,0.25,-29.29665629860031,-26.998833592535,-95.5,-90.5,14.928958037995123,267.61206174044924,0.2592130537342471,0.2448754646985779,0.3257497888828441,0.3069414956964057,True,True,10,0.5573980641839092,0.0453022269396103,-0.5813520689349024,-1.9204913963758057,0.5573980641839092,0.0453022269396103,-0.5813520689349024,,,,,,,194.815375,27.88605555555556,AG?,0.0219764618341702,18.78,20.136,1.355999,18.782,18.089,17.784,17.732,0.6929989,0.9979992,4.54,,,NED,,,2007SDSS6.C...0000:,-16.22,False,0.5675,Other,dE...,2083.9888841031925,False,1.237667444048594e+18,7.512209,6.762538775984814,19.53027,18.37165,18.37387,0.02616941,0.02266169,0.02920226,0.04164869,0.02881237,0.02141068,19.488621310000003,18.34283763,18.35245932,True,1.1457836800000043,1.1361619900000015,18.78214,18.08875,17.78445,0.02606315,0.02153244,0.02844043,18.74049131,18.05993763,17.76303932,18.8026089388,0.0171431849354588,"SDSS(cModelMag g,r)",18.8026089388,SDSS,Vmag_sdss,1.1361619900000015,1.1457836800000043,SDSS(cModel extcorr),-16.1973910612,0.5675,6.762538775984814,SDSS,False,3.2,21.64012408315141,,,,1.1361619900000015,g-i,,1.0,0.0,6.232298025271222,12.797800217231767,6.232298025271222,NGC 4874,9.393513238796247,5352025.630985823,7.798150616346147,7.488970246346225,6.538698855631585,7.798150616346147,1.4615687031342672,-0.0339441071342672,0.1244992648958769,-1.8743327165185664,0.5958470425042784,-0.0384489783203692,0.0454368000609621,-0.6267888689958645,0.0333696925139824
SDSS J130005.34+275628.8,24,112,650.5972264414279,2602.388905765712,1328.0283202151836,5301.2743833603545,2.041244976525801,2.0370799966196977,1.0,1.0,2.041244976525801,2.0370799966196977,True,True,True,True,True,24,112,1.4187445295,-0.3052641625648358,-0.3017464752499996,24,112,0.6535107149374885,0.5711130681667281,1.4187445295,1.4747065755,1.406832332125,1.4854390652142857,0.2505111458451576,0.25,-4.05724833465765,-4.05724833465765,-4.0,-4.0,15.684257158499722,63.96466363467356,0.1861708121051841,0.2496371653166201,0.2084798297306045,0.3194749135853652,True,True,10,0.6590335395920062,0.0334217472138665,-0.0086273429380835,-0.0072650399358432,0.6590335395920062,0.0334217472138665,-0.0086273429380835,,,,,,,195.022289,27.941354,G,0.0237,18.91,19.995,1.085001,19.759,19.106,18.827,18.586,0.6529999,0.9320011,,,,,,,,-16.09,False,,Regular galaxies,,,False,1.2376674440487245e+18,1.657888,1.4390675074507826,19.70556,19.05372,18.94292,0.0256307,0.01995626,0.02691429,0.03154751,0.02182442,0.01621789,19.67401249,19.03189558,18.92670211,True,0.6421169100000022,0.7473103799999983,19.75329,19.09629,18.82524,0.02376873,0.01972249,0.02715298,19.72174249,19.07446558,18.80902211,19.285163513099995,0.0157816992417538,"SDSS(cModelMag g,r)",19.285163513099995,SDSS,Vmag_sdss,0.7473103799999983,0.6421169100000022,SDSS(cModel extcorr),-15.714836486900005,,1.4390675074507826,SDSS,False,3.2,4.605016023842505,,,,0.7473103799999983,g-i,,1.0,0.0,6.633122354117643,2.224598907121029,2.224598907121029,NGC 4889,3.3762597307846978,161733041.95716122,5.341340639113377,4.0328376795424985,4.940676851447108,5.341340639113377,1.4535351857262535,-0.0347906562262534,0.0761400547345418,-0.3814042172993777,0.5996178590675012,0.0594156805245049,0.030276643485951,-0.0389039864240345,0.0609066815690784
ECO 11482,0,0,1052.1399022140693,4208.559608856278,0.0,0.0,0.0,0.0,0.0,0.0,0.0,0.0,False,False,False,False,False,0,0,,,,0,0,,,,,,,,0.2499999999999999,,,0.0,0.0,,,,,,,False,False,10,,,,,,,,,,,,,,195.22821669836,27.842038408099995,GiC,0.02363,16.59,17.47,0.87999916,16.974,16.253,15.896,15.647,0.7210007,1.078001,4.199999809265137,0.07,0.0,SIMBAD,E,2022ApJS..262...36S,,-18.41,False,0.5249999761581421,Members of systems,Sa,2068.825434747248,False,1.2376674440487898e+18,2.63184,1.8300451702709009,16.97714,16.29624,15.9477,0.004498697,0.003730387,0.004007728,0.02746416,0.01899958,0.01411872,16.949675839999998,16.277240420000002,15.93358128,True,0.6724354199999958,1.016094559999999,16.9657,16.24574,15.89333,0.004474238,0.003703904,0.003977473,16.938235839999997,16.226740420000002,15.87921128,16.5429389422,0.0028716092161884,"SDSS(cModelMag g,r)",16.5429389422,SDSS,Vmag_sdss,1.016094559999999,0.6724354199999958,SDSS(cModel extcorr),-18.4570610578,0.5249999761581421,1.8300451702709009,SDSS,False,3.0,5.490135510812702,,,,1.016094559999999,g-i,4.2,1.0,0.0,18.83060520313208,13.112001211343856,13.112001211343856,NGC 4889,15.816622342789286,935484.8357294695,17.73177754088469,15.8370797140024,16.115765114648877,17.73177754088469,,,,,,,,,
2MASX J13001036+2757332,130,535,1296.2599641721656,5185.039856688662,2645.984140137948,9734.677134701187,2.041244976525801,1.87745463945538,1.0,0.9218,2.041244976525801,1.87745463945538,True,True,True,True,True,130,535,1.5550121175,-0.1515198785092015,-0.0145870487596153,128,528,0.5535891627015841,0.5375336909872028,1.5550121175,1.525591713,1.5495000040153846,1.5455044730056076,0.2718101590350452,0.25,-15.418435083749188,-15.515763970503857,-3.75,-4.0,70.85941282580276,283.8177888412431,0.2408183052593081,0.266370048186831,0.2921736159798734,0.3299913143873519,True,True,10,0.5528698406160799,0.0208391983961769,-0.0498220212738667,-0.001461778214473,0.5528698406160799,0.0208391983961769,-0.0498220212738667,,,,,,,195.04316666666665,27.959241666666667,GiC,0.02111,17.406,18.211,0.8050003,17.846,17.167,16.815,16.683,0.67900085,1.0310001,10.019999504089355,0.127,35.0,SIMBAD,C,2006AJ....131.1163S,,-17.594,False,1.2524999380111694,Members of systems,dG,4422.771035867883,False,1.237667444048724e+18,3.635255,2.3293110229189824,17.34061,17.45125,17.22457,0.009019969,0.008283022,0.01234929,0.03225569,0.02231434,0.01658195,17.308354310000002,17.42893566,17.20798805,True,-0.1205813499999983,0.1003662600000012,18.02295,17.50024,17.23492,0.008862869,0.008156103,0.0121892,17.990694310000002,17.47792566,17.21833805,17.369497306499998,0.0061285554479605,"SDSS(cModelMag g,r)",17.369497306499998,SDSS,Vmag_sdss,0.1003662600000012,-0.1205813499999983,SDSS(cModel extcorr),-17.630502693500002,1.2524999380111694,2.3293110229189824,SDSS,False,3.2,7.453795273340744,,,,0.1003662600000012,g-i,7.62,0.7604790795538593,35.0,7.651561601119317,1.1782038651879938,1.1782038651879938,NGC 4889,4.110267789121622,1065854498.4658695,6.188486481802898,5.364554628550224,6.3828637377170185,6.188486481802898,1.485426993696345,0.0695851238036553,0.2681185575149218,-0.4196384360241234,0.5846483069252756,-0.0317784663091956,0.0904600946109189,-0.1402821158847856,0.2258194021121316
2MASX J13002014+2750365,0,0,2050.1397297967883,8200.558919187155,0.0,0.0,0.0,0.0,0.0,0.0,0.0,0.0,False,False,False,False,False,0,0,,,,0,0,,,,,,,,0.2499999999999999,,,0.0,0.0,,,,,,,False,False,10,,,,,,,,,,,,,,195.084042,27.843505,GiC,0.02625,16.41,18.139,1.7290001,17.593,16.893,16.544,16.329,0.70000076,1.0489998,10.019999504089355,0.167,90.0,SIMBAD,C,2006AJ....131.1163S,,-18.59,False,1.2524999380111694,Members of systems,0.68,5465.499831533646,False,1.2376674440487242e+18,3.253954,2.5545640411868384,17.46451,16.71094,16.39165,0.007043297,0.005895666,0.007878879,0.02920661,0.020205,0.01501448,17.43530339,16.690735,16.376635519999997,True,0.7445683900000013,1.0586678700000045,17.57266,16.88955,16.54452,0.006854549,0.005707774,0.007635425,17.54345339,16.869345,16.529505519999997,16.986008039899996,0.004520915346694,"SDSS(cModelMag g,r)",16.986008039899996,SDSS,Vmag_sdss,1.0586678700000045,0.7445683900000013,SDSS(cModel extcorr),-18.013991960100004,1.2524999380111694,2.5545640411868384,SDSS,False,3.2,8.174604931797884,,,,1.0586678700000045,g-i,10.02,1.0,90.0,12.02997810711324,8.443531432205637,8.443531432205637,NGC 4889,9.74263079542453,3518078.567787376,11.287065182535155,8.964585482371623,8.923079147707838,11.287065182535155,,,,,,,,,
GMP 2913,0,0,4809.426068435286,19237.70427374114,0.0,11.542622564244684,0.0,0.0006,0.0,0.0006,0.0,0.0006,False,False,False,False,True,0,0,,,,0,0,,,,,,,,0.25,,,0.0,0.0,,,,,,,False,False,10,,,,,,,,,,,,,,195.03670265369,27.861825508330003,GiC,0.0174,18.437,19.175,0.73799896,,,,16.85,,,,,,,,,,-16.563,False,,Members of systems,S...,,False,1.2376674440487242e+18,5.912287,3.912656213434796,19.13227,18.36162,17.84997,0.02770943,0.02298616,0.02534881,0.03119805,0.02158266,0.01603823,19.10107195,18.34003734,17.83393177,True,0.7610346099999994,1.2671401799999984,19.03784,18.40429,17.99546,0.02777988,0.02254004,0.02706396,19.00664195,18.38270734,17.979421770000002,18.6420615301,0.0176915978752485,"SDSS(cModelMag g,r)",18.6420615301,SDSS,Vmag_sdss,1.2671401799999984,0.7610346099999994,SDSS(cModel extcorr),-16.357938469900002,,3.912656213434796,SDSS,False,3.0,11.737968640304388,,,,1.2671401799999984,g-i,,1.0,0.0,9.361506607494006,6.9137569214670105,6.9137569214670105,NGC 4889,7.391523231470502,6597178.068909254,8.738506028075252,6.312861874385418,6.191485143892582,8.738506028075252,,,,,,,,,
2MASX J12592022+2804278,0,13,4283.939536605969,17135.75814642388,0.0,2772.5656680913835,0.0,0.1618,0.0,0.1618,0.0,0.1618,False,False,False,False,True,0,13,,,,0,13,,0.5829288995920905,,1.415467548,,1.3742652167692309,,0.2499999999999999,,,-3.249999999999999,-3.249999999999999,,7.578075694697176,,0.2582451706046609,,0.3630690285774716,False,True,10,,,,,,,,,,,,,,194.83417052457,28.0742983473,GiC,0.02389,15.94,17.487,1.5469999,16.8259,16.0755,15.72,15.526,0.75039864,1.1058989,19.042800903320312,0.306557,180.0,SIMBAD,B,2023ApJS..269....3M,,-19.060001,False,2.380350112915039,Members of systems,SB0p,9480.275913636968,False,1.2376673243345715e+18,3.843837,3.757343491019975,16.9151,16.04711,15.85105,0.004489343,0.003661211,0.004021861,0.03252118,0.022498,0.01671843,16.88257882,16.024612,15.834331570000002,True,0.8579668199999979,1.0482472499999975,16.79081,16.01027,15.71214,0.004453185,0.003636962,0.004005511,16.75828882,15.987771999999998,15.69542157,16.3663783962,0.0028379597823087,"SDSS(cModelMag g,r)",16.3663783962,SDSS,Vmag_sdss,1.0482472499999975,0.8579668199999979,SDSS(cModel extcorr),-18.6336216038,2.380350112915039,3.757343491019975,SDSS,False,3.0,11.272030473059925,,,,1.0482472499999975,g-i,18.393420000000003,0.9658988766086882,180.0,7.704977906023236,12.074209724900625,7.704977906023236,NGC 4874,9.461702361895744,3381305.615294291,7.933407918309556,10.46952783436178,11.08060436242012,7.933407918309556,,,,,,,,,0.0039987053603819
LEDA 44656,195,540,3512.458962648311,14049.83585059324,3512.458962648311,14049.83585059324,1.0,1.0,1.0,1.0,1.0,1.0,True,True,True,True,True,195,540,1.480475309,0.4567394279230765,0.4567394279230765,185,527,0.5668627384090408,0.583687277390138,1.480475309,1.478729606,1.5104288344717949,1.5002279563870369,0.25,0.25,59.99999999999997,53.24999999999997,59.99999999999997,53.24999999999997,104.86960660567254,307.6031951846027,0.2508024291076894,0.2485784708458149,0.2958118133680786,0.3107431382926343,True,True,10,0.5669722430951412,0.0184597780865941,0.1512922496024347,0.1512922496024347,0.5669722430951412,0.0184597780865941,0.1512922496024347,,,,,,,194.93220379569,27.994682930960007,G,0.02225,15.15,16.384,1.2340012,15.8571,15.0374,14.58,14.277,0.8196993,1.2770996,23.4192008972168,0.37541,38.0,SIMBAD,B,2023ApJS..269....3M,,-19.85,False,2.9274001121521,Regular galaxies,,10880.271193358436,False,1.2376673243345715e+18,3.425483,3.409480300504473,15.72131,14.94977,14.54996,0.002742767,0.002407566,0.00243534,0.02641274,0.01827221,0.01357821,15.69489726,14.93149779,14.53638179,True,0.7633994700000013,1.158515470000001,15.72696,14.93492,14.52778,0.002730727,0.002398475,0.002432398,15.70054726,14.91664779,14.51420179,15.2344915727,0.0018117106775251,"SDSS(cModelMag g,r)",15.2344915727,SDSS,Vmag_sdss,1.158515470000001,0.7633994700000013,SDSS(cModel extcorr),-19.7655084273,2.9274001121521,3.409480300504473,SDSS,False,3.2,10.910336961614314,,,,1.158515470000001,g-i,22.5246,0.961800537040394,38.0,2.7667993742539423,5.482977187375842,2.7667993742539423,NGC 4874,2.407029787069425,62236733.52219954,1.4700631849743762,3.89579690792044,4.9332023582323234,1.4700631849743762,1.520970342867931,-0.0404950338679312,0.4820781726035614,-0.0253387446804849,0.567964774300459,-0.0009925312053178,0.1575344172611738,-0.0062421676587391,0.0642822903828876
2MASX J12592016+2753098,21,247,5103.226847755929,20412.90739102372,1412.5731914588412,11921.13791635785,0.2768,0.584,0.2768,0.584,0.2768,0.584,False,False,False,True,True,21,247,1.501899743,-0.6455335890456624,-3.0288122003333333,20,237,0.6006011857053546,0.5469571416612456,1.501899743,1.54080892,1.505683738380952,1.5677031246356274,0.1184931506849315,0.25,-8.267808219178086,-8.082876712328769,-40.75,-39.25,12.012023714107093,129.62884257371522,0.2180406779496326,0.2541107426904706,0.2408384302357114,0.3228137790803239,True,True,10,0.604815432798578,0.0466796887705065,-0.1631910660114472,-1.0155450993728623,0.604815432798578,0.0466796887705065,-0.1631910660114472,,,,,,,194.834049763,27.885987371239995,GiC,0.02162,15.38,16.657,1.2769995,15.779,15.06,14.679,14.403,0.71899986,1.1000004,29.204219818115234,0.327136,44.0,SIMBAD,B,2023ApJS..269....3M,,-19.619999,False,3.650527477264404,Members of systems,-1.86,13193.831865445569,False,1.2376674440485932e+18,6.905388,4.916210954931332,16.04926,15.30652,14.94658,0.003408959,0.002863199,0.003092049,0.03977113,0.02751349,0.02044547,16.009488870000002,15.27900651,14.92613453,True,0.7304823600000017,1.0833543400000014,15.89968,15.17129,14.8176,0.003362945,0.002820483,0.003038891,15.85990887,15.14377651,14.79715453,15.5685042776,0.002192528745451,"SDSS(cModelMag g,r)",15.5685042776,SDSS,Vmag_sdss,1.0833543400000014,0.7304823600000017,SDSS(cModel extcorr),-19.4314957224,3.650527477264404,4.916210954931332,SDSS,False,3.2,15.731875055780264,,,,1.0833543400000014,g-i,19.62816,0.6721001321810606,44.0,5.576863312936564,11.911757005768564,5.576863312936564,NGC 4874,8.568579975084994,7340507.859035641,7.07854727161373,6.576931179443289,5.584381217004642,7.07854727161373,1.5154097347580522,-0.0135099917580521,0.4486050869608726,-1.094138676006535,0.5705748431031241,0.0342405896954538,0.1470409204133355,-0.3102319864247828,0.0498078982778236
LEDA 1820946,0,0,2159.308085493098,8637.232341972393,0.0,0.0,0.0,0.0,0.0,0.0,0.0,0.0,False,False,False,False,False,0,0,,,,0,0,,,,,,,,0.25,,,0.0,0.0,,,,,,,False,False,10,,,,,,,,,,,,,,195.233046,27.898499,GiC,0.02008,16.88,18.511,1.6310005,17.8705,17.1642,16.025,16.6473,0.70630074,1.845501,21.069780349731445,0.17962,142.0,SIMBAD,B,2023ApJS..269....3M,,-18.12,False,2.6337225437164307,Members of systems,,8857.385489570715,False,1.2376674440487898e+18,5.026748,3.665720953583065,17.33229,16.72034,16.38687,0.009437196,0.008089937,0.009884069,0.0289356,0.02001752,0.01487516,17.3033544,16.70032248,16.37199484,True,0.6030319199999994,0.9313595600000006,17.06194,16.37935,16.02368,0.00900143,0.007676336,0.009369091,17.0330044,16.35933248,16.00880484,16.9375655672,0.0061443654780203,"SDSS(cModelMag g,r)",16.9375655672,SDSS,Vmag_sdss,0.9313595600000006,0.6030319199999994,SDSS(cModel extcorr),-18.0624344328,2.6337225437164307,3.665720953583065,SDSS,False,3.2,11.730307051465807,,,,0.9313595600000006,g-i,10.7772,0.5115003488936403,142.0,18.09055354269622,11.56781613748748,11.56781613748748,NGC 4889,14.7463616639554,1308496.767834759,16.784951093473385,15.286144960227762,15.82567322904998,16.784951093473385,,,,,,,,,
LEDA 126800,35,25,1261.9322830156648,5047.729132062657,1261.9322830156648,4854.905879217864,1.0,0.9618,1.0,0.9618,1.0,0.9618,True,True,True,True,True,35,25,1.676477412,1.4010285321096156,1.4115506793214283,30,25,0.5515193132445264,0.6235789804536158,1.676477412,1.483589703,1.5791121678285716,1.45789210372,0.2599292992306093,0.2500000000000001,28.501767519234765,23.501767519234765,28.75,23.75,16.545579397335793,15.589474511340397,0.2152269668855287,0.192274227065255,0.2700216614020426,0.250283354840297,True,True,10,0.5473000511925968,0.0367446371026177,0.4122280116890583,0.4173877635980935,0.5473000511925968,0.0367446371026177,0.4122280116890583,,,,,,,194.79814608712,28.009279335850003,G,0.02299,16.76,18.12,1.3600006,17.305,16.574,16.204,15.94,0.7310009,1.1009998,13.199999809265137,0.21,,SIMBAD,E,2003A&A...412...45P,,-18.24,False,1.649999976158142,Regular galaxies,,6330.831049976618,False,1.2376673243345062e+18,2.320151,2.051373679435748,17.4938,16.75879,16.37698,0.006093453,0.005099151,0.005449634,0.03288055,0.02274661,0.01690317,17.46091945,16.736043390000003,16.36007683,True,0.7248760599999962,1.100842619999998,17.2971,16.56852,16.19925,0.005992664,0.005003454,0.005335718,17.26421945,16.54577339,16.18234683,17.023242574599998,0.0039105815758396,"SDSS(cModelMag g,r)",17.023242574599998,SDSS,Vmag_sdss,1.100842619999998,0.7248760599999962,SDSS(cModel extcorr),-17.976757425400002,1.649999976158142,2.051373679435748,SDSS,False,3.2,6.564395774194392,,,,1.100842619999998,g-i,12.6,0.954545468338265,0.0,6.11939665651458,12.630821191487428,6.11939665651458,NGC 4874,9.242994182591325,5640321.120413978,7.215609507040487,9.181898598248504,9.290876047089526,7.215609507040487,1.4911914057742135,0.1852860062257864,0.3028184779821539,1.0982100541274618,0.5819425754957543,-0.0346425243031575,0.1013381926126986,0.3108898190763596,0.0056596465017866
LEDA 44616,56,102,3950.731005506707,15802.924022026822,3382.615886914842,10208.688918229327,0.8562,0.646,0.8562,0.646,0.8562,0.646,True,False,False,True,True,56,102,1.520595244,0.6173805797824246,0.8391228390892854,55,96,0.539418109750461,0.5394766936182906,1.520595244,1.49656685,1.5402900643928572,1.5162689007549015,0.3313467492260062,0.2500000000000001,22.20263157894736,23.1907120743034,30.49999999999999,30.99999999999999,29.66799603627536,51.7897625873559,0.2720435338582345,0.264963708205609,0.3446355429247663,0.3458673522288898,True,True,10,0.5442795661864493,0.0352004352397861,0.2322728484317763,0.3088715544257406,0.5442795661864493,0.0352004352397861,0.2322728484317763,,,,,,,194.88102275683,28.046604796320004,EmG,0.02308,15.014,15.931,0.9169998,15.404,14.632,14.279,13.957,0.7720003,1.125,23.21999931335449,0.209,115.0,SIMBAD,C,2006AJ....131.1163S,,-19.986,False,2.9024999141693115,Regular galaxies,,11178.88372644241,False,1.2376673243345715e+18,6.934854,4.825542301445216,15.24406,14.39429,14.36976,0.002597582,0.002240397,0.002432704,0.02720708,0.01882173,0.01398656,15.21685292,14.37546827,14.35577344,True,0.8413846500000002,0.861079479999999,15.22128,14.39429,14.13101,0.002598232,0.002240398,0.002434631,15.19407292,14.37546827,14.11702344,14.7104359765,0.0016974949461703,"SDSS(cModelMag g,r)",14.7104359765,SDSS,Vmag_sdss,0.861079479999999,0.8413846500000002,SDSS(cModel extcorr),-20.2895640235,2.9024999141693115,4.825542301445216,SDSS,False,3.2,15.44173536462469,,,,0.861079479999999,g-i,12.54,0.5400516955565923,115.0,5.325221117073914,9.103196544208911,5.325221117073914,NGC 4874,6.523459754669351,9554733.184665523,5.172415927468721,7.764365270610436,8.53948698197187,5.172415927468721,1.529694764889931,-0.0090995208899311,0.5345964079754313,0.0827841718069932,0.5638696571314484,-0.019590090944999,0.1739983890387237,0.0582744593930525,0.0127800396924989
2MASX J12590459+2754389,0,0,1377.339031790491,5509.356127161961,0.0,0.0,0.0,0.0,0.0,0.0,0.0,0.0,False,False,False,False,False,0,0,,,,0,0,,,,,,,,0.2500000000000001,,,0.0,0.0,,,,,,,False,False,10,,,,,,,,,,,,,,194.76933243666,27.91098112536,GiC,0.02136,15.46,16.836,1.3760004,16.031,15.266,14.878,14.586,0.76500034,1.1529999,30.323999404907227,0.265638,39.0,SIMBAD,B,2023ApJS..269....3M,,-19.54,False,3.7904999256134033,Members of systems,S0,13539.24470315163,False,1.2376674440485934e+18,4.291782,2.8881384260928527,15.97731,15.25162,14.87028,0.003181499,0.002726208,0.002848987,0.04436432,0.03069103,0.02280673,15.93294568,15.22092897,14.84747327,True,0.7120167099999986,1.0854724099999995,16.01041,15.24325,14.86925,0.003173799,0.002720876,0.002848636,15.96604568,15.21255897,14.84644327,15.5028558211,0.0020709055372553,"SDSS(cModelMag g,r)",15.5028558211,SDSS,Vmag_sdss,1.0854724099999995,0.7120167099999986,SDSS(cModel extcorr),-19.4971441789,3.7904999256134033,2.8881384260928527,SDSS,False,3.0,8.664415278278558,,,,1.0854724099999995,g-i,15.93828,0.5255995354432292,39.0,7.448393380007165,14.56406351047053,7.448393380007165,NGC 4874,10.987498569653363,3212192.871613098,9.09556076563282,9.501450723408729,8.784196704619301,9.09556076563282,,,,,,,,,0.0037241821681779
LEDA 126761,19,28,1740.1438414584136,6960.575365833656,1740.1438414584136,6581.920065932305,1.0,0.9456,1.0,0.9456,1.0,0.9456,True,True,True,True,True,19,28,1.54506938,0.9707402125819308,1.0019837192894738,19,27,0.5659086792374307,0.5229256976015799,1.54506938,1.4740896504999998,1.4735657838421057,1.53043158075,0.2643824027072757,0.2499999999999999,11.59729272419628,11.861675126903554,12.000000000000002,12.250000000000002,10.752264905511185,14.11899383524266,0.202954517051033,0.3207010494357622,0.2999269909972693,0.445619558263072,True,True,10,0.5678802869239136,0.047313009393084,0.3714164177675626,0.3821040522496681,0.5678802869239136,0.047313009393084,0.3714164177675626,,,,,,,195.077274,28.097154,G,0.02608,17.04,,,18.0271,17.2866,16.345,16.7547,0.7404995,1.6821003,15.10818099975586,0.185831,172.0,SIMBAD,B,2023ApJS..269....3M,,-17.96,False,1.8885226249694824,Regular galaxies,,8189.209491651887,False,1.2376673243346373e+18,2.984147,2.7396117517756293,17.64105,16.9884,16.65755,0.008058333,0.006885627,0.00771767,0.0354602,0.0245312,0.01822931,17.6055898,16.9638688,16.63932069,True,0.6417210000000004,0.9662691099999988,17.38926,16.69533,16.33616,0.007796423,0.006673062,0.007489364,17.3537998,16.6707988,16.31793069,17.21697441,0.005236404550725,"SDSS(cModelMag g,r)",17.21697441,SDSS,Vmag_sdss,0.9662691099999988,0.6417210000000004,SDSS(cModel extcorr),-17.78302559,1.8885226249694824,2.7396117517756293,SDSS,False,3.2,8.766757605682015,,,,0.9662691099999988,g-i,11.14986,0.7380014841085222,172.0,12.56286733068016,7.567526255014786,7.567526255014786,NGC 4889,9.720538364282955,4565419.131852934,10.995968567563509,12.116571910577022,13.39978339508907,10.995968567563509,1.4879661787116991,0.0571032012883006,0.2834036406932516,0.6873365718886792,0.583456450304235,-0.0155761633803214,0.0952518241175108,0.2761645936500518,0.0049769802112838
Z 160-A14,71,654,55409.46351509758,221637.8540603903,10926.746205177242,62767.84026990253,0.1972,0.2832,0.1972,0.2832,0.1972,0.2832,False,False,False,True,True,71,654,1.413074853,-0.9495565181054104,-1.9799129984049308,70,638,0.6350459758910341,0.5883822340722104,1.413074853,1.4734075685,1.420745134338028,1.4886974629571863,0.1740819209039548,0.25,-42.84957627118644,-41.06426553672317,-92.50000000000004,-89.50000000000003,44.45321831237239,375.3878653380702,0.2258840526546169,0.2353701056363999,0.2977532742306287,0.3103735112730622,True,True,10,0.6389303424695779,0.0262400070087284,-0.2946159529887988,-0.7017406051663871,0.6389303424695779,0.0262400070087284,-0.2946159529887988,,,,,,,194.80802541595,28.076247957130004,GiC,0.02605,14.89,15.731,0.8409996,15.2864,14.5088,13.987,13.729,0.7776003,1.2993994,42.6622200012207,0.687217,72.0,SIMBAD,B,2023ApJS..269....3M,,-20.11,False,5.332777500152588,Members of systems,E1,23098.786248398344,False,1.2376673243345062e+18,14.07311,13.50878188094863,14.74425,14.0919,13.69844,0.002372164,0.002136026,0.00219536,0.03440632,0.02380214,0.01768754,14.70984368,14.06809786,13.68075246,True,0.6417458199999988,1.0290912199999998,14.81942,14.09186,13.70161,0.002373725,0.002136026,0.002195365,14.78501368,14.06805786,13.68392246,14.3212136462,0.0015919074914734,"SDSS(cModelMag g,r)",14.3212136462,SDSS,Vmag_sdss,1.0290912199999998,0.6417458199999988,SDSS(cModel extcorr),-20.6787863538,5.332777500152588,13.50878188094863,SDSS,False,3.2,43.22810201903562,,,,1.0290912199999998,g-i,41.23302,0.966499633606038,72.0,8.508403185891346,13.354927439395158,8.508403185891346,NGC 4874,10.598195894782828,2507474.1811365327,8.941889504576512,11.407203484410354,11.907206387730954,8.941889504576512,1.5361744969919189,-0.1230996439919189,0.5736023266277757,-1.523158844733186,0.5608281648567136,0.0781021776128643,0.1862263768852762,-0.4808423298740751,0.0134829625256946
LEDA 44654,0,4,2046.9379198698075,8187.751679479231,0.0,1766.916812431618,0.0,0.2158,0.0,0.2158,0.0,0.2158,False,False,False,False,True,0,4,,,,0,4,,0.7364569162113589,,1.2443358194999998,,1.2935166515,,0.2499999999999999,,,-1.0,-1.0,,2.945827664845436,,0.0476013904073095,,0.2139465957419419,False,True,10,,,,,,,,,,,,,,194.91709818857,27.854942862280005,GiC,0.01267,16.34,17.112,0.77199936,16.475,15.712,15.338,15.056,0.7630005,1.1370001,19.979999542236328,0.207,90.0,SIMBAD,C,2006AJ....131.1163S,,-18.66,False,2.497499942779541,Members of systems,,5347.782336170842,False,1.2376674440486587e+18,4.427285,3.2375340032278377,16.47558,15.7564,15.36265,0.003993998,0.003255572,0.003452432,0.03462779,0.02395535,0.01780139,16.440952210000003,15.73244465,15.34484861,True,0.7085075600000028,1.0961036000000028,16.47495,15.7117,15.33763,0.003966227,0.003229247,0.003432823,16.44032221,15.68774465,15.31982861,16.012932749599997,0.0025240758921553,"SDSS(cModelMag g,r)",16.012932749599997,SDSS,Vmag_sdss,1.0961036000000028,0.7085075600000028,SDSS(cModel extcorr),-18.987067250400003,2.497499942779541,3.2375340032278377,SDSS,False,3.2,10.36010881032908,,,,1.0961036000000028,g-i,12.42,0.6216216358636538,90.0,6.333173914566013,9.58625784932954,6.333173914566013,NGC 4874,7.274704755144369,6283899.296861078,6.959660546582788,4.838479206817263,3.5815545330176044,6.959660546582788,,,,,,,,,0.0041258793018348
NGC 4894,85,485,3549.475081272471,14197.900325089884,4468.189561989518,16940.878774829653,1.2588310833802758,1.1931960632863792,0.9652,0.8954,1.258831083380276,1.1931960632863792,True,True,True,True,True,85,485,1.502251353,-0.8085600892296834,-0.6880751747352944,80,468,0.5905147908553332,0.5475629795870488,1.502251353,1.535486638,1.541117687517647,1.549641313781443,0.2637519352672687,0.25,-42.91968860462535,-43.43590570508178,-36.25,-37.0,47.24118326842665,256.25947444673886,0.2353129703028059,0.2626886266407983,0.3165174306221744,0.323802140544407,True,True,10,0.594919899223376,0.0248629844368427,-0.2499417547253812,-0.205890958422683,0.594919899223376,0.0248629844368427,-0.2499417547253812,,,,,,,195.06883071401,27.967522811130003,AG?,0.01547,15.04,16.106,1.0660009,15.602,14.896,14.534,14.267,0.7060003,1.0679998,36.62639999389648,0.272928,35.0,SIMBAD,B,2023ApJS..269....3M,,-19.96,True,4.5782999992370605,Other,,11928.963265800565,False,1.237667444048724e+18,7.417125,5.026950107692628,15.47466,14.59419,14.4706,0.002852344,0.002355901,0.002581416,0.03352223,0.02319052,0.01723304,15.44113777,14.57099948,14.45336696,True,0.8701382899999999,0.9877708100000008,15.34952,14.59441,14.31139,0.002860983,0.002355902,0.002606179,15.31599777,14.57121948,14.29415696,14.9177561789,0.0018165043200105,"SDSS(cModelMag g,r)",14.9177561789,SDSS,Vmag_sdss,0.9877708100000008,0.8701382899999999,SDSS(cModel extcorr),-20.0822438211,4.5782999992370605,5.026950107692628,SDSS,False,3.2,16.08624034461641,,,,0.9877708100000008,g-i,16.37568,0.4471004522073937,35.0,9.024995908507307,1.945041173130947,1.945041173130947,NGC 4889,5.4354458715513445,237850552.8189464,7.512870849978578,6.812002554574852,7.824452941874135,7.512870849978578,1.5262433201338033,-0.0239919671338033,0.5138198123891273,-1.3223799016188107,0.5654897152445326,0.0294301839788433,0.1674851221525766,-0.4174268768779579,0.2629114767914886
NGC 4886,1486,2340,9088.427963527278,36353.711854109126,18516.42219480924,50676.44939578729,2.037362486572749,1.3939828097652494,0.9982,0.94,2.037362486572749,1.3939828097652494,True,True,True,True,True,1486,2340,1.5736055475,0.6934966014472685,0.971426627644684,1435,2288,0.5080894766333142,0.534808716611595,1.5736055475,1.529637393,1.5902428765713326,1.552836958638889,0.3653851525823058,0.2499999999999999,630.9987429574043,598.9987708916842,901.0000000000002,863.0000000000002,729.1083989688059,1223.6423436073294,0.2788386697623481,0.2682145286791602,0.3600851733111947,0.3537423767697731,True,True,10,0.508123627449021,0.0071542654649584,0.19655516443499,0.2949455188066291,0.508123627449021,0.0071542654649584,0.19655516443499,,,,,,,195.01853930586,27.98758513112,EmG,0.02125,14.294,15.1,0.8060007,14.837,14.07,13.673,13.374,0.7670002,1.1639996,52.4088020324707,0.575012,58.0,SIMBAD,B,2023ApJS..269....3M,,-20.706001,True,6.551100254058838,Regular galaxies,,23282.406744504948,False,1.237667324334637e+18,6.733684,6.629144494245015,14.71528,13.93851,13.60319,0.002147604,0.001930202,0.001987001,0.0307274,0.02125707,0.01579629,14.6845526,13.91725293,13.58739371,True,0.7672996699999999,1.097158890000001,14.70607,13.93849,13.5616,0.002147679,0.001930202,0.001988238,14.6753426,13.91723293,13.54580371,14.2218457947,0.0014395209060958,"SDSS(cModelMag g,r)",14.2218457947,SDSS,Vmag_sdss,1.097158890000001,0.7672996699999999,SDSS(cModel extcorr),-20.7781542053,6.551100254058838,6.629144494245015,SDSS,False,3.2,21.213262381584048,,,,1.097158890000001,g-i,34.50072,0.6583001072725252,58.0,6.569382104886389,1.024666966590929,1.024666966590929,NGC 4889,3.005746076700202,1620503836.8985834,4.951124720564601,5.081365527295721,6.316685581679086,4.951124720564601,1.5378287624519036,0.0357767850480965,0.5835604765861291,0.1099361248611394,0.560051676641196,-0.051928049192175,0.1893481630365064,0.0072070013984835,0.0854948480247623
NGC 4872,264,1058,2379.648362438905,9518.59344975562,2379.648362438905,9518.59344975562,1.0,1.0,1.0,1.0,1.0,1.0,True,True,True,True,True,264,1058,1.5883802165,0.0163928753172348,0.0163928753172348,255,1017,0.5286589980552048,0.5240112951795004,1.5883802165,1.5690157205,1.580055860473485,1.5779538565756144,0.25,0.25,-0.5,0.75,-0.5,0.75,134.80804450407723,532.9194871975519,0.260630732131604,0.2611741048112285,0.2950610604526825,0.3115047598470334,True,True,10,0.5298199564618774,0.0158828896045744,0.0073498709740814,0.0073498709740814,0.5298199564618774,0.0158828896045744,0.0073498709740814,,,,,,,194.89217171503,27.94685519906,AGN,0.02395,14.1,14.7,0.5999994,15.141,14.305,13.908,13.583,0.8359995,1.2329998,34.20000076293945,0.4,171.0,SIMBAD,D,2008ApJS..175...86P,,-20.9,True,4.275000095367432,Active (AGN/Seyfert/QSO),,17067.662871420504,False,1.2376674440486584e+18,3.66361,3.2854048505957945,15.09876,14.28353,13.83417,0.002393065,0.002126852,0.002146294,0.03174773,0.02196293,0.01632081,15.06701227,14.26156707,13.81784919,True,0.8054452000000012,1.2491630800000006,15.09115,14.2712,13.86226,0.002384469,0.002119282,0.002147931,15.05940227,14.24923707,13.84593919,14.581799602,0.0015928899909877,"SDSS(cModelMag g,r)",14.581799602,SDSS,Vmag_sdss,1.2491630800000006,0.8054452000000012,SDSS(cModel extcorr),-20.418200398,4.275000095367432,3.2854048505957945,SDSS,False,3.2,10.513295521906542,,,,1.2491630800000006,g-i,24.0,0.7017543703100557,171.0,0.8221462634038075,7.717651089955757,0.8221462634038075,NGC 4874,4.129079699002495,1973715313.1549392,2.335873126069854,3.061188955350869,3.0665392548997885,2.335873126069854,1.5318362896187114,0.0565439268812886,0.5474877031783865,-0.5310948278611516,0.5628644564817579,-0.0330445000198804,0.1780396885777255,-0.170689817603644,0.1605016574913628
NGC 4865,0,0,2984.803208585281,11939.21283434112,0.0,761.7217788309634,0.0,0.0638,0.0,0.0638,0.0,0.0638,False,False,False,False,True,0,0,,,,0,0,,,,,,,,0.25,,,0.0,0.0,,,,,,,False,False,10,,,,,,,,,,,,,,194.83280739129,28.08430245029,EmG,0.01528,13.692,14.6,0.908,14.261,13.468,13.037,12.729,0.79299927,1.224,73.39920043945312,0.624383,115.0,SIMBAD,B,2023ApJS..269....3M,,-21.307999,True,9.17490005493164,Regular galaxies,,23617.47217651173,False,1.2376673243345715e+18,6.145326,4.314469660766079,14.35781,13.49159,13.13639,0.002000163,0.001844716,0.001876281,0.03386509,0.02342771,0.0174093,14.32394491,13.46816229,13.1189807,True,0.8557826199999994,1.20496421,14.30048,13.45579,13.07131,0.001977089,0.001821732,0.001855465,14.26661491,13.43236229,13.0539007,13.8090331642,0.0013627494051976,"SDSS(cModelMag g,r)",13.8090331642,SDSS,Vmag_sdss,1.20496421,0.8557826199999994,SDSS(cModel extcorr),-21.1909668358,9.17490005493164,4.314469660766079,SDSS,False,3.2,13.806302914451454,,,,1.20496421,g-i,37.46298,0.5104003827794167,115.0,8.277217331995425,12.436812404650697,8.277217331995425,NGC 4874,9.9268194754727,2834538.6060434026,8.454716833636692,11.006890990480466,11.643385210055836,8.454716833636692,,,,,,,,,0.0018402120262934
NGC 4873,845,2573,9262.736646421672,37050.946585686695,9262.736646421672,37050.946585686695,1.0,1.0,1.0,1.0,1.0,1.0,True,True,True,True,True,845,2573,1.536124609,0.3583637537582842,0.3583637537582842,827,2498,0.5481877520401791,0.5402630468789663,1.536124609,1.547155729,1.5475188731147929,1.5587478846541,0.2499999999999999,0.2499999999999999,201.7500000000001,202.5000000000001,201.7500000000001,202.5000000000001,453.35127093722815,1349.577091103658,0.2566014324524218,0.2566517369324708,0.3087690903063548,0.3072756283873634,True,True,10,0.5479132733321457,0.0091805891546015,0.1399395456708222,0.1399395456708222,0.5479132733321457,0.0091805891546015,0.1399395456708222,,,,,,,194.88664867224,27.98361769396,EmG,0.01943,14.36,15.4,1.04,14.94,14.138,13.737,13.444,0.80200005,1.2029991,24.18000030517578,0.339,85.0,SIMBAD,C,2006AJ....131.1163S,,-20.64,True,3.0225000381469727,Regular galaxies,,9843.600725478636,False,1.2376674440486584e+18,6.776,5.920350224852851,14.79966,14.0643,13.58516,0.002274498,0.002038532,0.002055469,0.02887073,0.01997264,0.01484181,14.77078927,14.04432736,13.57031819,True,0.7264619100000012,1.2004710799999998,14.83407,14.04072,13.6358,0.002263589,0.002025374,0.002055678,14.80519927,14.02074736,13.62095819,14.332176743099998,0.001521909141096,"SDSS(cModelMag g,r)",14.332176743099998,SDSS,Vmag_sdss,1.2004710799999998,0.7264619100000012,SDSS(cModel extcorr),-20.6678232569,3.0225000381469727,5.920350224852851,SDSS,False,3.2,18.945120719529125,,,,1.2004710799999998,g-i,20.34,0.8411910563808462,85.0,1.5974341779075851,7.803757355433282,1.5974341779075851,NGC 4874,4.319723223776247,272212924.176568,2.281312971202051,4.493711521141899,4.977491715173646,2.281312971202051,1.535991984516683,0.000132624483317,0.5725036597924746,-0.2141399060341904,0.5609138335656565,-0.0130005602335108,0.1858819551879126,-0.0459424095170903,0.1216804416677324
NGC 4898A,126,459,5210.178110664069,20840.71244265627,5210.178110664069,22591.961012800544,1.0,1.0840301681126727,1.0,0.9116,1.0,1.0840301681126727,True,True,True,True,True,126,459,1.580674891,0.3311249069894508,0.2261250117678566,117,447,0.5256310795905061,0.5769225679760528,1.580674891,1.487348887,1.576700871111111,1.5027499399716775,0.2306208880102084,0.2500000000000001,20.14501240331434,13.912463059436844,11.249999999999943,5.249999999999957,61.498836312089225,257.8843878852956,0.2687376271247479,0.243868440006195,0.3595551600846918,0.3146079762637975,True,True,10,0.5295209021864429,0.024370281144692,0.0212001625447684,-0.0215141146624796,0.5295209021864429,0.024370281144692,0.0212001625447684,,,,,,,195.07366377992,27.95526275171,GiC,0.02291,13.862,15.0,1.1379995,14.544,13.772,13.361,13.057,0.77199936,1.1829996,31.6200008392334,0.432,85.0,SIMBAD,C,2006AJ....131.1163S,,-21.138,True,3.952500104904175,Members of systems,,15113.913266434003,False,1.237667444048724e+18,5.481787,4.4979517106256175,14.56954,13.79776,13.41057,0.002162378,0.001929308,0.001974395,0.03344134,0.02313457,0.01719146,14.53609866,13.77462543,13.39337854,True,0.76147323,1.14272012,14.53884,13.76106,13.36086,0.002137342,0.00190748,0.001956161,14.50539866,13.73792543,13.34366854,14.0768294543,0.0014428178107379,"SDSS(cModelMag g,r)",14.0768294543,SDSS,Vmag_sdss,1.14272012,0.76147323,SDSS(cModel extcorr),-20.9231705457,3.952500104904175,4.4979517106256175,SDSS,False,3.2,14.393445474001975,,,,1.14272012,g-i,25.92,0.819734323594294,85.0,9.27106840502208,2.4863009828800005,2.4863009828800005,NGC 4889,5.743936092994074,114536085.6124651,7.821480735838882,6.863349057626816,7.785409517046283,7.821480735838882,1.5402429791169094,0.0404319118830907,0.5980932901904854,-0.2669683832010345,0.5589184783514244,-0.0293975761649815,0.1939040631221874,-0.1727039005774189,0.09192634268937
NGC 4898B,98,380,3369.717189745556,13478.86875898222,3371.8224104032365,15554.69378690752,1.0006247469859153,1.154005878760559,1.0,0.9216,1.0006247469859153,1.154005878760559,True,True,True,True,True,98,380,1.608683179,0.3511528380158644,0.1583918379285711,89,369,0.5092745152839779,0.5632415622040079,1.608683179,1.496090015,1.603452395255102,1.5315138727710529,0.2167720211400959,0.25,15.626631966763526,9.01112419930459,2.999999999999986,-3.250000000000014,45.32543186027404,207.8361364532789,0.2794633318865147,0.252875486163596,0.3771030826796795,0.3128877026463188,True,True,10,0.5067221495610668,0.0285711093755343,0.0005079993933583,-0.0770872224987057,0.5067221495610668,0.0285711093755343,0.0005079993933583,,,,,,,195.07540991934,27.956592492190005,GiC,0.02124,14.333,15.284,0.9510002,15.528,14.72,14.257,14.034,0.8079996,1.2709999,23.71422004699707,0.229277,143.0,SIMBAD,B,2023ApJS..269....3M,,-20.667,True,2.964277505874634,Members of systems,,10530.1203642135,False,1.237667444048724e+18,4.745432,4.300018683606119,15.44832,14.66071,14.28996,0.002791024,0.002316615,0.002410867,0.03351657,0.02318661,0.01723013,15.41480343,14.63752339,14.27272987,True,0.7772800400000008,1.14207356,15.41488,14.63501,14.2501,0.002757302,0.002302538,0.002399149,15.38136343,14.61182339,14.23286987,14.9462082064,0.0017825874247805,"SDSS(cModelMag g,r)",14.9462082064,SDSS,Vmag_sdss,1.14207356,0.7772800400000008,SDSS(cModel extcorr),-20.0537917936,2.964277505874634,4.300018683606119,SDSS,False,3.2,13.760059787539582,,,,1.14207356,g-i,13.75662,0.5801000400914302,143.0,9.361824069433174,2.525822445468637,2.525822445468637,NGC 4889,5.825587395626785,109267261.53099062,7.904453350781524,6.970871504804305,7.899177969894845,7.904453350781524,1.525769653795553,0.082913525204447,0.5109684922469762,-0.1598156542311117,0.5657120473542425,-0.0589898977931757,0.1665912601631794,-0.1660832607698211,0.0768783210006011
NGC 4908,171,454,7065.320467385282,28261.28186954113,7065.320467385282,25678.20070666507,1.0,0.9086,1.0,0.9086,1.0,0.9086,True,True,True,True,True,171,454,1.555644912,0.5002183815817611,0.5966843664619882,167,444,0.5288796006715665,0.6030369579378857,1.555644912,1.444777562,1.585907179631579,1.470379727290749,0.275148580233326,0.25,46.08254457407,44.83403037640326,57.5,56.0,88.32289331215159,267.74840932442123,0.269779150376103,0.2363782428511447,0.3364502878304555,0.2918713152790275,True,True,10,0.5291970792344644,0.0198594693443941,0.0880557936934707,0.1283761071919176,0.5291970792344644,0.0198594693443941,0.0880557936934707,,,,,,,195.21476199117,28.04287393961,LIN,0.0291601732022224,13.58,14.9,1.3199997,14.4498,13.6108,13.173,12.884,0.83899975,1.2767992,57.34199905395508,0.666983,57.0,SIMBAD,B,2023ApJS..269....3M,,-21.42,True,7.167749881744385,Active (AGN/Seyfert/QSO),,34623.26656031884,False,1.2376673243347026e+18,6.996706,5.6766798692894485,14.39785,13.60594,13.14518,0.001954095,0.001809066,0.001801665,0.03499835,0.0242117,0.01799189,14.36285165,13.5817283,13.12718811,True,0.7811233499999997,1.2356635399999991,14.41202,13.59609,13.16484,0.001948188,0.001803014,0.001802313,14.37702165,13.5718783,13.14684811,13.8919888735,0.0013345866287514,"SDSS(cModelMag g,r)",13.8919888735,SDSS,Vmag_sdss,1.2356635399999991,0.7811233499999997,SDSS(cModel extcorr),-21.108011126500003,7.167749881744385,5.6766798692894485,SDSS,False,3.2,18.165375581726234,,,,1.2356635399999991,g-i,40.01898,0.6978999801235523,57.0,17.474909905471062,10.371261002423465,10.371261002423465,NGC 4889,13.90681024752937,1764223.2490023563,15.843472882463004,15.687381709728466,16.761282024874784,15.843472882463004,1.543320185515208,0.0123247264847918,0.6166170903351991,-0.1163987087534379,0.5574740822960198,-0.0282770030615554,0.1997110998711581,-0.1116553061776874,0.1608741661264872
NGC 4906,120,74,8898.718740573902,35594.87496229562,8898.718740573902,24439.44114911217,1.0,0.6866,1.0,0.6866,1.0,0.6866,True,False,False,True,True,120,74,1.5996201005,1.276554875893849,1.3778035172854168,110,70,0.553898753055051,0.6073388833002755,1.5996201005,1.4388102695,1.6192775656999998,1.5034683099324326,0.3641130206816195,0.2499999999999999,93.05563646956016,84.51208855228663,101.5,92.5,60.92886283605561,42.51372183101929,0.2335533998964765,0.2566159273133767,0.2943518126395024,0.3242916959114658,True,True,10,0.5524016832043742,0.0218186699662573,0.4116762316015511,0.4557795881338758,0.5524016832043742,0.0218186699662573,0.4116762316015511,,,,,,,195.16566822405,27.923956527790004,G,0.02502,14.08,15.2,1.1199999,14.8718,14.015,13.613,13.304,0.8568001,1.2588005,40.18302154541016,0.581649,10.0,SIMBAD,B,2023ApJS..269....3M,,-20.92,True,5.0228776931762695,Regular galaxies,,20922.29806972467,False,1.2376674440487242e+18,6.121517,5.710892442779653,14.70623,14.02911,13.55231,0.00223731,0.001985066,0.002017172,0.03238968,0.02240703,0.01665082,14.67384032,14.00670297,13.53565918,True,0.6671373500000009,1.1381811400000004,14.76267,14.00413,13.58521,0.00222274,0.001970411,0.002009759,14.73028032,13.98172297,13.56855918,14.2702292835,0.0014876550348944,"SDSS(cModelMag g,r)",14.2702292835,SDSS,Vmag_sdss,1.1381811400000004,0.6671373500000009,SDSS(cModel extcorr),-20.7297707165,5.0228776931762695,5.710892442779653,SDSS,False,3.2,18.27485581689489,,,,1.1381811400000004,g-i,34.89894,0.8684996463135876,10.0,14.303675424398635,7.683317025303405,7.683317025303405,NGC 4889,10.896480183182728,4208647.047333927,12.950768903990348,11.59475844941888,12.248639443753294,12.950768903990348,1.5370232792584244,0.0625968212415757,0.5787117249053231,0.6978431509885259,0.5604297587704934,-0.0080280755661191,0.187828125086566,0.223848106514985,0.0036316233963005
IC 3968,53,176,1152.922017666428,4611.688070665712,1152.922017666428,4611.688070665712,1.0,1.0,1.0,1.0,1.0,1.0,True,True,True,True,True,53,176,1.572716707,0.2849143902452831,0.2849143902452831,51,173,0.5142655314461833,0.5609246224741775,1.572716707,1.551216427,1.611167524075472,1.5391251611647727,0.25,0.25,9.0,7.75,9.0,7.75,26.227542103755344,97.03995968803272,0.2638347271037579,0.2469967565973834,0.3070947325859453,0.299820252752319,True,True,10,0.5146837762630849,0.0352360526000615,0.0389976993609638,0.0389976993609638,0.5146837762630849,0.0352360526000615,0.0389976993609638,,,,,,,194.85620569633,27.97320929685,EmG,0.02033,15.32,16.795,1.4750004,16.049,15.263,14.883,14.595,0.78600025,1.1659994,25.70639991760254,0.234956,46.0,SIMBAD,B,2023ApJS..269....3M,,-19.68,True,3.2132999897003174,Regular galaxies,Sa:,10937.764362427635,False,1.2376674440486584e+18,3.370826,2.58688286920158,16.11325,15.32203,14.93424,0.003265347,0.002761985,0.002858132,0.03228942,0.02233767,0.01659928,16.08096058,15.29969233,14.91764072,True,0.7812682500000001,1.163319859999998,16.08525,15.28769,14.91323,0.003244352,0.002744535,0.002842484,16.052960579999997,15.26535233,14.89663072,15.6100123125,0.0021089966512832,"SDSS(cModelMag g,r)",15.6100123125,SDSS,Vmag_sdss,1.163319859999998,0.7812682500000001,SDSS(cModel extcorr),-19.389987687500003,3.2132999897003174,2.58688286920158,SDSS,False,3.0,7.760648607604738,,,,1.163319859999998,g-i,14.09736,0.5483988440694407,46.0,2.4070929719197043,9.410032222679204,2.4070929719197043,NGC 4874,5.840027155534421,80578508.25872569,3.75999678076209,5.439773011723768,5.541774035298311,3.75999678076209,1.5147187133923854,0.0579979936076147,0.4444453589424928,-0.1595309686972097,0.5708991985104576,-0.0562154222473726,0.1457368848871614,-0.1067391855261976,0.0446738056969057
IC 3955,8,93,7627.519757531842,30510.079030127366,2292.832439114072,13216.966235851174,0.3006,0.4332,0.3006,0.4332,0.3006,0.4332,False,False,False,True,True,8,93,1.638273846,-1.204960034098728,-2.459161007156251,8,91,0.5222256683937493,0.6075609306264883,1.638273846,1.409870057,1.60308633175,1.4549845633333331,0.1734764542936288,0.25,-8.133310249307481,-7.786357340720224,-15.250000000000004,-14.750000000000004,4.177805347149994,55.288044687010434,0.2401151933240825,0.2448777325472965,0.266358887316038,0.3158906439762992,False,True,10,,,,,,,,,,,,,,194.77512315877,27.99670897925,GiC,0.02557,14.31,15.591,1.2809992,15.059,14.2273,13.806,13.5935,0.8317003,1.2530003,43.19741821289063,0.520313,37.0,SIMBAD,B,2023ApJS..269....3M,,-20.689999,True,5.399677276611328,Members of systems,SB0,22970.942107715884,False,1.237667444048593e+18,6.792245,5.796123975447121,14.9788,14.17417,13.7218,0.00237146,0.002062952,0.002107351,0.03477185,0.024055,0.01787545,14.94402815,14.150115,13.70392455,True,0.7939131499999998,1.2401035999999994,14.98426,14.16541,13.76454,0.002362423,0.002057863,0.002108699,14.94948815,14.141355,13.74666455,14.465619391499995,0.0015578184864595,"SDSS(cModelMag g,r)",14.465619391499995,SDSS,Vmag_sdss,1.2401035999999994,0.7939131499999998,SDSS(cModel extcorr),-20.5343806085,5.399677276611328,5.796123975447121,SDSS,False,3.0,17.388371926341364,,,,1.2401035999999994,g-i,31.21878,0.7227001355993988,37.0,6.927529747294869,13.753045835834664,6.927529747294869,NGC 4874,10.271723935975638,3961395.0487366505,8.20343859811122,9.927659769217453,9.86537209817872,8.20343859811122,1.5337704454494223,0.1045034005505778,0.559130703815792,-1.76409073791452,,,,,0.0112200715666441
IC 3998,180,970,4819.479040166036,19277.916160664143,4819.479040166036,19579.0116610668,1.0,1.015618674647887,1.0,1.0,1.0,1.015618674647887,True,True,True,True,True,180,970,1.4806370105000002,-0.5152127511011002,-0.5463852791736108,176,940,0.6051345636869159,0.566237788027353,1.4806370105000002,1.5045938645,1.5209600895722222,1.526154572974227,0.2461553792191488,0.25,-58.77071784257439,-55.38605646599993,-62.5,-59.0,106.5036832088972,532.2635207457118,0.2307289855024582,0.2449089349963502,0.290085143330505,0.3005046603401576,True,True,10,0.6058502342507806,0.0165406356381672,-0.1385789066224012,-0.1502059031721055,0.6058502342507806,0.0165406356381672,-0.1385789066224012,,,,,,,194.94492123014,27.97385772552,G,0.03142,14.61,15.909,1.2990007,15.3933,14.5528,14.139,13.854,0.8404999,1.2543001,35.339820861816406,0.43574,7.0,SIMBAD,B,2023ApJS..269....3M,,-20.39,True,4.417477607727051,Regular galaxies,SB0,22929.32790588228,False,1.2376674440486584e+18,5.116478,4.553736992641008,15.48041,14.66306,14.27212,0.002716808,0.002324977,0.002409557,0.02731829,0.01889867,0.01404374,15.45309171,14.64416133,14.25807626,True,0.8089303799999996,1.1950154499999996,15.44581,14.62817,14.25422,0.002696275,0.002306417,0.002395132,15.41849171,14.60927133,14.24017626,14.9658227858,0.0017670355449308,"SDSS(cModelMag g,r)",14.9658227858,SDSS,Vmag_sdss,1.1950154499999996,0.8089303799999996,SDSS(cModel extcorr),-20.0341772142,4.417477607727051,4.553736992641008,SDSS,False,3.0,13.661210977923025,,,,1.1950154499999996,g-i,26.1444,0.7398000148961769,7.0,2.5970946098972965,4.710113721038631,2.5970946098972965,NGC 4874,1.1818856405573146,79138128.74996634,0.9643724024103008,2.5680610700511366,3.718832549865224,0.9643724024103008,1.5254431123566097,-0.0448061018566092,0.5090028170302263,-1.0242155681313263,0.5658653211699336,0.0399849130808469,0.1659750395102339,-0.3045539461326351,0.0903391517631206
IC 4011,60,64,279.1536039044254,1116.614415617701,489.596720231484,1729.0282266497738,1.75386136300468,1.548455941877923,1.0,0.9664,1.75386136300468,1.548455941877923,True,True,True,True,True,60,64,1.8125141815,1.3671692057226368,1.4193262771,41,64,0.3947990565536627,0.6021517046198407,1.8125141815,1.4744546415,1.8070948698166671,1.5158289384218748,0.283162942446662,0.2500000000000001,41.87757168341364,22.87757168341363,43.99999999999999,25.0,16.186761318700174,38.53770909566981,0.281308167835637,0.2208810071455632,0.3141674161590726,0.29929883794181,True,True,10,0.391702102489341,0.0453549549506371,0.1255447585214543,0.1567160714181835,0.391702102489341,0.0453549549506371,0.1255447585214543,,,,,,,195.02664187002,28.004124776700003,G,0.02425,15.05,16.207,1.1570005,15.678,14.916,14.517,14.233,0.7620001,1.1610003,17.219999313354492,0.258,15.0,SIMBAD,C,2006AJ....131.1163S,,-19.95,True,2.1524999141693115,Regular galaxies,E1,8698.200669748132,False,1.237667324334637e+18,1.014002,0.9942091823348834,16.62321,15.84426,15.45266,0.00354938,0.003090188,0.003090666,0.03155479,0.02182946,0.01622163,16.59165521,15.82243054,15.43643837,True,0.7692246699999981,1.1552168399999996,16.62722,15.84291,15.44673,0.003547512,0.003078342,0.003082022,16.59566521,15.82108054,15.43050837,16.127812654699998,0.0023327748278016,"SDSS(cModelMag g,r)",16.127812654699998,SDSS,Vmag_sdss,1.1552168399999996,0.7692246699999981,SDSS(cModel extcorr),-18.8721873453,2.1524999141693115,0.9942091823348834,SDSS,False,3.2,3.181469383471627,,,,1.1552168399999996,g-i,15.48,0.8989547396784688,15.0,7.289882437924954,1.6688801879551816,1.6688801879551816,NGC 4889,3.859615205478872,377011525.4284291,5.6445996976052095,6.079873254215437,7.335571695374009,5.6445996976052095,1.5060984281759964,0.3064157533240037,0.3925539938955746,0.974615211827062,0.5749454353731845,-0.1832433328838435,0.1294694310479068,-0.0039246725264524,0.0729075668771863
IC 4021,29,45,2159.6933787609923,8638.77351504397,2159.6933787609923,8638.77351504397,1.0,1.0,1.0,1.0,1.0,1.0,True,True,True,True,True,29,45,1.537793491,0.9915515941465516,0.9915515941465516,22,45,0.6246669143936089,0.6853057452829864,1.537793491,1.408090223,1.542527065034483,1.3849638666,0.25,0.25,17.75,10.75,17.75,10.75,13.742672116659396,30.83875853773439,0.1784317612175395,0.1766207492420959,0.3218629914617102,0.2239949727115082,True,True,10,0.6249541593871362,0.0366450212003636,0.2745137214583363,0.2745137214583363,0.6249541593871362,0.0366450212003636,0.2745137214583363,,,,,,,195.06145537668,28.04129991474,LIN,0.01912,14.75,15.974,1.224,15.4985,14.6876,14.269,13.968,0.81089973,1.2294998,25.3218002319336,0.362693,49.0,SIMBAD,B,2023ApJS..269....3M,,-20.25,True,3.165225028991699,Active (AGN/Seyfert/QSO),E3,10147.779409867928,False,1.237667324334637e+18,3.041007,2.828285123050337,15.40342,14.66715,14.24484,0.002457547,0.002221335,0.002240282,0.03434348,0.02375866,0.01765523,15.36907652,14.64339134,14.22718477,True,0.725685180000001,1.141891750000001,15.42407,14.66149,14.24243,0.002453489,0.002217651,0.002239004,15.38972652,14.63773134,14.22477477,14.930922263799998,0.0016531443376999,"SDSS(cModelMag g,r)",14.930922263799998,SDSS,Vmag_sdss,1.141891750000001,0.725685180000001,SDSS(cModel extcorr),-20.0690777362,3.165225028991699,2.828285123050337,SDSS,False,3.2,9.05051239376108,,,,1.141891750000001,g-i,21.76158,0.859400982579281,49.0,9.924647517951785,4.126548397941443,4.126548397941443,NGC 4889,6.68578316531927,25871383.722603098,8.285585263395243,8.96824937381079,10.228415969778473,8.285585263395243,1.5260241325478332,0.0117693584521667,0.5125003730954374,0.4790512210511143,0.565592598718564,0.0593615606685721,0.1670714903704027,0.1074422310879336,0.0067597428751476
IC 4030,14,16,1594.8811383533366,6379.524553413346,1594.8811383533366,6379.524553413346,1.0,1.0,1.0,1.0,1.0,1.0,True,True,True,True,True,14,16,1.5133016155,1.112957381357143,1.112957381357143,12,15,0.5215549075945041,0.6987376958890491,1.5133016155,1.4012048195000002,1.6057196004285714,1.5841315428125,0.25,0.25,10.0,8.25,10.0,8.25,6.258658891134049,10.481065438335737,0.2892847797064411,0.2164545945038,0.284572865522381,0.4173915630701328,True,True,10,0.5222053862689646,0.0847629627973639,0.3038498563036368,0.3038498563036368,0.5222053862689646,0.0847629627973639,0.3038498563036368,,,,,,,195.1165418506,27.95599470558,G,0.02336,15.27,16.5,1.2299995,15.909,15.116,14.736,14.44,0.7930002,1.1730003,26.8411808013916,0.290645,12.0,SIMBAD,B,2023ApJS..269....3M,,-19.73,True,3.35514760017395,Regular galaxies,SB0,13074.57116618589,False,1.2376674440487242e+18,3.214207,2.7953293218139783,15.75536,15.07075,14.72363,0.00295596,0.002528128,0.00266926,0.03450034,0.02386717,0.01773587,15.72085966,15.04688283,14.70589413,True,0.6739768300000009,1.0149655299999996,15.83601,15.07099,14.70557,0.002963471,0.002528128,0.002669879,15.80150966,15.04712283,14.68783413,15.3132133303,0.0019218908618506,"SDSS(cModelMag g,r)",15.3132133303,SDSS,Vmag_sdss,1.0149655299999996,0.6739768300000009,SDSS(cModel extcorr),-19.6867866697,3.35514760017395,2.7953293218139783,SDSS,False,3.0,8.385987965441934,,,,1.0149655299999996,g-i,17.4387,0.6496994349479542,12.0,11.542040785274944,4.565895315467575,4.565895315467575,NGC 4889,7.99733748320981,18983923.76721572,10.077621936173257,9.104555489358455,9.970949398224786,10.077621936173257,1.5196597913909582,-0.0063581758909581,0.4741890710950522,0.6387683102620907,0.5685799281571491,-0.0463745418881844,0.1550612582971182,0.1487885980065186,0.0065214468778882
IC 4040,34,121,3852.104153823398,15408.416615293592,3852.104153823398,15408.416615293592,1.0,1.0,1.0,1.0,1.0,1.0,True,True,True,True,True,34,121,1.3781380265,0.1648798577205883,0.1648798577205883,34,118,0.5962948211401436,0.6373902199686563,1.3781380265,1.363662074,1.3527915552058825,1.416083439396694,0.25,0.25,3.75,4.5,3.75,4.5,20.274023918764883,75.21204595630144,0.2280278801721633,0.2238407624463027,0.3365570217885225,0.3305874703943399,True,True,10,0.6039019567922046,0.0389221351128268,0.0508722071135175,0.0508722071135175,0.6039019567922046,0.0389221351128268,0.0508722071135175,,,,,,,195.15820968252208,28.05746747143528,EmG,0.02553,15.04,15.1,0.06000042,15.2684,14.7118,14.641,14.302,0.5566006,0.6274004,44.41517639160156,0.294473,152.0,SIMBAD,B,2023ApJS..269....3M,,-19.96,True,5.551897048950195,Regular galaxies,Scd,23582.69984675301,False,,,,,,,,,,,,,,,,False,,,,,,,,,,,,,,,15.039999961853027,SIMBAD,,,,,-19.960000038146973,5.551897048950195,5.551897048950195,SIMBAD_proxy(maj/8),True,3.0,16.655691146850586,,,,0.0600004196166992,B-V,17.66838,0.3978005140454851,152.0,14.952516011317968,8.170947078353194,8.170947078353194,NGC 4889,11.49374385752144,3515663.4381460515,13.30521384728729,13.512247316411145,14.680742678674878,13.30521384728729,1.5242082185915595,-0.1460701920915597,0.5015691507943894,-0.336689293073801,0.5664449623938917,0.0374569943983128,0.1636446552114479,-0.1127724480979303,0.0075885502782535
2MASX J12592529+2758048,94,229,1713.6472897510678,6854.589159004271,1713.6472897510678,6854.589159004271,1.0,1.0,1.0,1.0,1.0,1.0,True,True,True,True,True,94,229,1.567455857,0.6360071564468086,0.6360071564468086,91,226,0.5391826964167656,0.584184380604858,1.567455857,1.529365552,1.5725143962446808,1.5159768717510922,0.25,0.25,36.75,34.5,36.75,34.5,49.06562537392567,132.02567001669792,0.2463034502043189,0.2258596056824287,0.2885204112378553,0.3002798707807544,True,True,10,0.5379208798207112,0.0259478592858316,0.1752129951594532,0.1752129951594532,0.5379208798207112,0.0259478592858316,0.1752129951594532,,,,,,,194.85554288412,27.96793530272,GiC,0.02571,15.59,17.055,1.4650002,16.205,15.399,15.024,14.746,0.80599976,1.1809998,27.22559928894043,0.252018,69.0,SIMBAD,B,2023ApJS..269....3M,,-19.41,False,3.4031999111175537,Members of systems,S...,14554.46396629703,False,1.2376674440486584e+18,3.895401,3.1338853299605423,16.22602,15.44426,15.08308,0.003544416,0.002906817,0.003070116,0.03289751,0.02275835,0.01691189,16.193122489999997,15.42150165,15.06616811,True,0.7716208399999971,1.1269543799999957,16.25363,15.44428,15.07672,0.003545425,0.002906817,0.003070455,16.22073249,15.42152165,15.05980811,15.727866194399995,0.0022479149216731,"SDSS(cModelMag g,r)",15.727866194399995,SDSS,Vmag_sdss,1.1269543799999957,0.7716208399999971,SDSS(cModel extcorr),-19.272133805600003,3.4031999111175537,3.1338853299605423,SDSS,False,3.0,9.401655989881627,,,,1.1269543799999957,g-i,15.12108,0.5553993445478528,69.0,2.350342798744093,9.458336239252912,2.350342798744093,NGC 4874,5.867369879702429,86370699.46573423,3.795320634065584,5.332270504159892,5.366717249647854,3.795320634065584,1.5127566944575963,0.0546991625424038,0.4326346313136047,0.2033725251332039,0.5718201417437764,-0.0338992619230651,0.1420343330977215,0.0331786620617316,0.0612634614929903
LEDA 44602,28,71,1658.3301051458282,6633.3204205833135,1658.3301051458282,6633.3204205833135,1.0,1.0,1.0,1.0,1.0,1.0,True,True,True,True,True,28,71,1.5380425485,0.6133862313392857,0.6133862313392857,25,70,0.6090208120352283,0.5864362092922903,1.5380425485,1.458612782,1.5391454546071428,1.4910479352957742,0.2499999999999999,0.2499999999999999,10.250000000000004,7.5000000000000036,10.250000000000004,7.5000000000000036,15.225520300880708,41.05053465046032,0.1982495491318595,0.2508616982725418,0.2516867587592945,0.3334478743403382,True,True,10,0.6121432555867594,0.0387677790473825,0.2016379090821562,0.2016379090821562,0.6121432555867594,0.0387677790473825,0.2016379090821562,,,,,,,194.86970481719,28.04052671511,AG?,0.01876,16.033,16.995,0.9619999,16.142,15.367,14.989,14.695,0.7750006,1.1529999,16.979999542236328,0.159,10.0,SIMBAD,C,2006AJ....131.1163S,,-18.967,False,2.122499942779541,Other,,6679.580151249703,False,1.2376673243345715e+18,4.108369,3.0651745140028503,16.32349,15.46277,15.20181,0.003432369,0.002888707,0.002987799,0.0276596,0.01913479,0.0142192,16.2958304,15.44363521,15.1875908,True,0.8521951899999998,1.1082395999999992,16.24869,15.42865,15.09022,0.003410304,0.002870681,0.002968471,16.2210304,15.40951521,15.0760008,15.7830352379,0.0022102437730609,"SDSS(cModelMag g,r)",15.7830352379,SDSS,Vmag_sdss,1.1082395999999992,0.8521951899999998,SDSS(cModel extcorr),-19.2169647621,2.122499942779541,3.0651745140028503,SDSS,False,3.2,9.808558444809124,,,,1.1082395999999992,g-i,9.54,0.5618374709769602,10.0,5.114322390000249,9.48786280045,5.114322390000249,NGC 4874,6.710439138827572,10219808.521643868,5.181454843642449,7.740982843002722,8.424834279947602,5.181454843642449,1.511838246068658,0.026204302431342,0.427105865219352,0.1862803661199337,0.5722512480975163,0.0398920074892431,0.1403011170386532,0.061336792043503,0.0118065691567521
GMP 3308,1,14,18.734845902381497,74.93938360952599,18.734845902381497,74.93938360952599,1.0,1.0,1.0,1.0,1.0,1.0,True,True,True,True,True,1,14,1.916477955,-3.740597007000001,-3.740597007000001,0,14,,0.4707748098718508,1.916477955,1.6163071320000002,1.916477955,1.5706702240000003,0.25,0.25,-2.5,-3.5,-2.5,-3.5,,6.590847338205911,,0.248625964018322,,0.3392754735431829,False,True,10,,,,,,,,,,,,,,194.904625,27.97233333333333,G,0.0254,18.842,19.827,0.9850006,,,,17.18,,,1.63,,,NED,,,2007SDSS6.C...0000:,-16.158,False,0.20375,Regular galaxies,,861.1939840015141,False,1.2376674440486584e+18,0.244203,0.2442025115935115,19.70403,18.79249,18.31042,0.02178344,0.01549438,0.01698046,0.02840151,0.01964803,0.01460059,19.67562849,18.77284197,18.29581941,True,0.9027865199999994,1.3798090800000011,19.65594,18.79245,18.32617,0.01530694,0.0103765,0.01030636,19.627538490000003,18.77280197,18.31156941,19.1329844432,0.0127803329073071,"SDSS(cModelMag g,r)",19.1329844432,SDSS,Vmag_sdss,1.3798090800000011,0.9027865199999994,SDSS(cModel extcorr),-15.867015556800002,0.20375,0.2442025115935115,SDSS,False,3.2,0.7814480370992372,,,,1.3798090800000011,g-i,,1.0,0.0,0.8438193844712493,6.847369302714706,0.8438193844712493,NGC 4874,3.275995326230869,1827424138.854424,1.1955021679819942,3.3449326223621503,3.934501192612019,1.1955021679819942,1.4560686467528128,0.4604093082471872,0.0913906813276601,-3.831987688327661,,,,,0.1575346838206811
GMP 3424,11,32,150.83533288007587,603.3413315203035,150.83533288007587,603.3413315203035,1.0,1.0,1.0,1.0,1.0,1.0,True,True,True,True,True,11,32,1.669625528,0.6648954141818184,0.6648954141818184,8,31,0.4272837232941684,0.624565038511735,1.669625528,1.3815039065,1.6583286471818182,1.43459625459375,0.25,0.25,3.0,0.25,3.0,0.25,3.418269786353348,19.361516193863785,0.2822975366376218,0.2482984502443329,0.201407812699191,0.3101954448465659,False,True,10,,,,,,,,,,,,,,194.87218854122,27.942225323719995,GiC,0.018723,18.773,19.713,0.9399986,,,,16.6,,,4.07,,,NED,,,2007SDSS6.C...0000:,-16.227,False,0.50875,Members of systems,dE,1597.9678781737423,False,1.2376674440486587e+18,0.7651168,0.6929096452031184,19.4459,18.66516,18.09538,0.01389681,0.01033258,0.01118378,0.03378501,0.02337231,0.01736813,19.412114990000003,18.64178769,18.07801187,True,0.7703273000000017,1.3341031200000053,19.42248,18.66515,18.23525,0.01390406,0.01033258,0.01111262,19.38869499,18.64177769,18.21788187,18.947621883,0.0083443166513606,"SDSS(cModelMag g,r)",18.947621883,SDSS,Vmag_sdss,1.3341031200000053,0.7703273000000017,SDSS(cModel extcorr),-16.052378117,0.50875,0.6929096452031184,SDSS,False,3.2,2.217310864649979,,,,1.3341031200000053,g-i,,1.0,0.0,1.740950474354002,8.812489114538266,1.740950474354002,NGC 4874,5.222622061718022,210004062.8417536,3.371613128889898,4.02661869197651,3.7773626433075527,3.371613128889898,1.459154543008839,0.210470984991161,0.1099667916417281,0.5549286225400902,,,,,0.0641293812175142
GMP 3016,0,4,4437.395232341527,17749.580929366104,0.0,578.636338297335,0.0,0.0326,0.0,0.0326,0.0,0.0326,False,False,False,False,True,0,4,,,,0,3,,0.5180474584803177,,1.741612136,,1.5974696214999995,,0.25,,,-1.0000000000000002,-0.7500000000000002,,1.5541423754409531,,0.2157072353894667,,0.3090461853647134,False,True,10,,,,,,,,,,,,,,195.00431,28.081882,GiC,0.0259012519921365,17.69,,,18.097,17.801,17.62,17.598,0.29599953,0.47699928,,,,,,,,-17.31,False,,Members of systems,Sm,,False,1.2376673243346376e+18,4.326953,3.758279887606998,18.15024,17.79452,17.61773,0.01102482,0.01418379,0.02078182,0.03413647,0.02361546,0.01754881,18.11610353,17.77090454,17.60018119,True,0.3451989900000001,0.5159223399999995,18.08871,17.79452,17.61286,0.01104497,0.01418379,0.0207957,18.05457353,17.77090454,17.59531119,17.9024361259,0.0095111889708295,"SDSS(cModelMag g,r)",17.9024361259,SDSS,Vmag_sdss,0.5159223399999995,0.3451989900000001,SDSS(cModel extcorr),-17.0975638741,,3.758279887606998,SDSS,False,3.0,11.274839662820996,,,,0.5159223399999995,g-i,,1.0,0.0,9.240048633938718,6.481592608988784,6.481592608988784,NGC 4889,7.1160066883778645,7774952.545345972,7.829687434596076,9.54103921141628,10.805921175217025,7.829687434596076,,,,,,,,,0.0017161082739551
LEDA 44644,172,629,1197.7868781535146,4791.147512614057,1197.7868781535146,4791.147512614057,1.0,1.0,1.0,1.0,1.0,1.0,True,True,True,True,True,172,629,1.5887782215,0.1826330385552319,0.1826330385552319,164,618,0.5066115109290321,0.5356427118958502,1.5887782215,1.538041154,1.5924760544999996,1.5595248074594594,0.2500000000000001,0.2500000000000001,14.749999999999943,9.499999999999943,14.749999999999943,9.499999999999943,83.08428779236127,331.02719595163546,0.2604196617756756,0.2599332990294809,0.2917474722281401,0.3190338290696377,True,True,10,0.5039901962347244,0.019988349660758,-0.0006244317403298,-0.0006244317403298,0.5039901962347244,0.019988349660758,-0.0006244317403298,,,,,,,194.91524614901,27.95392092257,G,0.02679,15.59,16.99,1.3999996,16.304,15.505,15.137,14.871,0.79900074,1.1670008,17.399999618530273,0.18,,SIMBAD,E,2003A&A...412...45P,,-19.41,False,2.174999952316284,Regular galaxies,,9679.905540903545,False,1.2376674440486584e+18,3.810511,2.4784352700918784,16.24508,15.46987,15.10929,0.003544283,0.002971435,0.003119395,0.0298651,0.02066054,0.01535299,16.215214900000003,15.44920946,15.09393701,True,0.7660054400000025,1.1212778900000036,16.24361,15.46985,15.10885,0.003544733,0.002971435,0.00311957,16.213744900000002,15.44918946,15.09349701,15.753271690400002,0.002277100266552,"SDSS(cModelMag g,r)",15.753271690400002,SDSS,Vmag_sdss,1.1212778900000036,0.7660054400000025,SDSS(cModel extcorr),-19.2467283096,2.174999952316284,2.4784352700918784,SDSS,False,3.2,7.930992864294011,,,,1.1212778900000036,g-i,10.8,0.6206896687801332,0.0,0.9289221466799672,6.430505146456908,0.9289221466799672,NGC 4874,2.835053695788021,1372257580.6332672,1.1815771307024896,2.1738467741859644,2.696851197784204,1.1815771307024896,1.5123337464528628,0.0764444750471373,0.4300886193478095,-0.2474555807925775,0.5720186674032889,-0.0680284711685644,0.1412361823439243,-0.1418606140842542,0.1750261331850496
IC 3973,48,40,2197.742767822424,8790.971071289698,2197.742767822424,8790.971071289698,1.0,1.0,1.0,1.0,1.0,1.0,True,True,True,True,True,48,40,1.615456495,1.309514861666667,1.309514861666667,45,40,0.5171075292736204,0.6135761136764513,1.615456495,1.46851984,1.6329928588333331,1.4652968006,0.2499999999999999,0.2499999999999999,38.0,35.0,38.0,35.0,23.26983881731292,24.54304454705805,0.2623005388507446,0.1998401838042259,0.291426874860841,0.2786901811672804,True,True,10,0.5188117252248878,0.0388911575092582,0.382461477741232,0.382461477741232,0.5188117252248878,0.0388911575092582,0.382461477741232,,,,,,,194.87842956411,27.88420618177,AG?,0.01571,14.03,15.2,1.1700001,14.891,14.089,13.698,13.384,0.80200005,1.1929998,49.60697937011719,0.516492,137.0,SIMBAD,B,2023ApJS..269....3M,,-20.970001,True,6.200872421264648,Other,SBa,16402.50192279089,False,1.2376674440486587e+18,3.882846,3.346396984902192,14.89322,14.08936,13.69941,0.002220474,0.002004732,0.002069547,0.03677772,0.02544266,0.01890662,14.85644228,14.06391734,13.68050338,True,0.7925249399999998,1.1759388999999985,14.89146,14.08934,13.69809,0.002220656,0.002004732,0.002069685,14.85468228,14.06389734,13.67918338,14.3788525654,0.0014925865086144,"SDSS(cModelMag g,r)",14.3788525654,SDSS,Vmag_sdss,1.1759388999999985,0.7925249399999998,SDSS(cModel extcorr),-20.6211474346,6.200872421264648,3.346396984902192,SDSS,False,3.0,10.039190954706571,,,,1.1759388999999985,g-i,30.98952,0.6247008060859238,137.0,4.630095084965553,9.939705478723017,4.630095084965553,NGC 4874,6.858647504069512,12799943.130756486,5.790262446436393,4.601499854529899,3.44679858835706,5.790262446436393,1.5352149303741038,0.0802415646258962,0.5678260419223444,0.7416888197443225,0.5612785715107608,-0.0424668462858729,0.1844155660745944,0.1980459116666375,0.0077496491041474
LEDA 126758,33,89,4718.171196287012,18872.68478514805,4156.708823928858,10485.663666628256,0.881,0.5556,0.881,0.5556,0.881,0.5556,True,False,False,True,True,33,89,1.379093223,-0.0796729485950813,0.4591267247727274,32,88,0.5908996050018046,0.6135672280612099,1.379093223,1.364444694,1.4775411616363634,1.355121587235955,0.396418286537077,0.2499999999999999,-2.2812275017998545,-2.884809215262777,10.750000000000004,10.000000000000004,18.908787360057747,53.99391606938647,0.2630975293577346,0.2492727412433556,0.4275987949873355,0.3638954149399822,True,True,10,0.592962578129542,0.0435922456471566,-0.0759179122346122,0.1711351088374603,0.592962578129542,0.0435922456471566,-0.0759179122346122,,,,,,,195.09029099217,27.89855164897,EmG,0.01626,16.81,18.205,1.3950005,17.331,16.638,16.31,16.046,0.6929989,1.0209999,8.819999694824219,0.147,90.0,SIMBAD,C,2006AJ....131.1163S,,-18.19,False,1.1024999618530271,Regular galaxies,,3016.4020063244934,False,1.2376674440487242e+18,4.537534,3.875358740150076,17.49151,16.7759,16.45208,0.00679767,0.005393971,0.006219325,0.03168688,0.02192084,0.01628953,17.459823120000003,16.75397916,16.435790469999997,True,0.7058439600000028,1.024032650000006,17.33054,16.6378,16.30969,0.006680677,0.005299928,0.006107788,17.29885312,16.61587916,16.293400469999998,17.0333751836,0.0042303145164289,"SDSS(cModelMag g,r)",17.0333751836,SDSS,Vmag_sdss,1.024032650000006,0.7058439600000028,SDSS(cModel extcorr),-17.9666248164,1.1024999618530271,3.875358740150076,SDSS,False,3.2,12.401147968480243,,,,1.024032650000006,g-i,8.82,1.0,90.0,10.785306699293509,5.581717257033833,5.581717257033833,NGC 4889,7.78829727836003,10873950.45529427,9.67058081100148,7.838952834924759,8.276451122264664,9.67058081100148,1.491022719173515,-0.1119294961735151,0.301803038497771,-0.3814759870928523,0.5820217545397024,0.0109408235898396,0.1010198619053869,-0.1769377741399991,0.0091616193295379
IC 4051,1891,802,43436.646736905925,173746.58694762376,43436.646736905925,88402.26343895098,1.0,0.5088,1.0,0.5088,1.0,0.5088,True,False,False,True,True,1891,802,1.516041255,1.208343756457427,1.359484767741539,1787,767,0.5790221392684056,0.5989605415579788,1.516041255,1.4765502115,1.531965325838181,1.5063964768952618,0.4913522012578614,0.2499999999999999,1496.9355345911952,1410.1328616352205,1690.5,1595.25,1034.7125628726408,459.4027353749698,0.2377785051065818,0.2307925637176646,0.2907558890385541,0.2974646599970375,True,True,10,0.5786813670653282,0.0056378108504077,0.4523643299694277,0.5144112585909341,0.5786813670653282,0.0056378108504077,0.4523643299694277,,,,,,,195.22692933466,28.007639484250003,EmG,0.01662,13.5,14.8,1.3000002,13.83,13.045,12.617,12.289,0.78499985,1.2130003,79.12799835205078,0.915775,103.0,SIMBAD,B,2023ApJS..269....3M,,-21.5,True,9.890999794006348,Regular galaxies,E3,27648.45590073015,True,1.2376673243347028e+18,16.32261,14.110691012813476,13.7839,13.09279,12.65764,0.001822794,0.001708321,0.001716669,0.03332343,0.02305299,0.01713084,13.75057657,13.06973701,12.64050916,True,0.680839559999999,1.1100674099999992,13.83039,13.04475,12.61681,0.001806036,0.001684989,0.00169446,13.79706657,13.02169701,12.59967916,13.3388812296,0.0012547536390096,"SDSS(cModelMag g,r)",13.3388812296,SDSS,Vmag_sdss,1.1100674099999992,0.680839559999999,SDSS(cModel extcorr),-21.6611187704,9.890999794006348,14.110691012813476,SDSS,False,4.8,67.73131686150468,,,,1.1100674099999992,g-i,54.9465,0.694400226776063,103.0,17.627269946582405,10.398940718506523,10.398940718506523,NGC 4889,14.012721219897164,1746533.0058117365,16.040313843896875,15.523522290152426,16.490726894251296,16.040313843896875,1.5525282629481527,-0.0364870079481527,0.6720467768779117,0.5362969795795154,0.5531519442914454,0.0255294227738828,0.2170877841488342,0.2352765458205934,0.0094915328053484
2MASX J12592265+2753488,39,67,1166.9522433596928,4667.8089734387695,1166.9522433596928,3719.310190036011,1.0,0.7968,1.0,0.7968,1.0,0.7968,True,False,False,True,True,39,67,1.60380973,0.7594344622543374,0.9310115166602564,34,65,0.5658037844140891,0.5386228677936372,1.60380973,1.566515243,1.5792202896410257,1.5466763702238804,0.3137550200803214,0.2500000000000001,17.97841365461846,13.605923694779104,22.25,17.749999999999993,19.237328670079027,35.010486406586416,0.2246980949717952,0.2461921154612281,0.2459052613311461,0.280657856116113,True,True,10,0.5651886289210619,0.0403776610595492,0.2421087505234047,0.3077585818138088,0.5651886289210619,0.0403776610595492,0.2421087505234047,,,,,,,194.84424989072,27.89687078928,GiC,0.01719,15.33,16.504,1.1739998,15.976,15.198,14.824,14.587,0.7779999,1.1519995,21.11699867248535,0.26625,28.0,SIMBAD,B,2023ApJS..269....3M,,-19.67,False,2.639624834060669,Members of systems,SB0,7626.343064574979,False,1.2376674440486584e+18,2.459718,2.2158852578663,15.96707,15.21206,14.84526,0.003031227,0.002621046,0.002734322,0.03866027,0.02674499,0.0198744,15.92840973,15.18531501,14.8253856,True,0.7430947200000002,1.1030241300000014,15.97594,15.19837,14.82378,0.003020651,0.002612454,0.002727866,15.93727973,15.17162501,14.803905599999998,15.479983845199998,0.0019839267732674,"SDSS(cModelMag g,r)",15.479983845199998,SDSS,Vmag_sdss,1.1030241300000014,0.7430947200000002,SDSS(cModel extcorr),-19.520016154800004,2.639624834060669,2.2158852578663,SDSS,False,3.0,6.6476557735989,,,,1.1030241300000014,g-i,15.975,0.756499550327425,28.0,4.729345314929385,11.136306999186456,4.729345314929385,NGC 4874,7.753571523239694,11608289.60366112,6.233601782469531,5.826946651820893,4.902425177798315,6.233601782469531,1.516883413534555,0.086926316465445,0.4574761627354911,0.3019582995188463,0.5698831196578292,-0.0046944907367673,0.1498219190542011,0.0922868314692036,0.0622414260630921
LEDA 126754,23,64,4630.122447597402,18520.48979038961,3191.08039088413,9652.879278751065,0.6892,0.5212,0.6892,0.5212,0.6892,0.5212,False,False,False,True,True,23,64,1.514106406,0.2135034179053689,0.530539549652174,22,62,0.5708532723258654,0.5952090060193306,1.514106406,1.413877356,1.519056706173913,1.4597626555625,0.3305832693783576,0.25,1.8426707597851115,1.503837298541825,7.0,6.5,12.55877199116904,36.902958373198494,0.2372020118415716,0.2313704002823458,0.3959971567388044,0.3254844032036133,True,True,10,0.571643993476122,0.0516722169973094,0.0171212376240585,0.1522921937806846,0.571643993476122,0.0516722169973094,0.0171212376240585,,,,,,,195.1289845,28.10839552777778,AG?,0.01728,17.15,,,17.9,17.218,16.847,16.635,0.6819992,1.0529995,8.66,,,NED,,,2007SDSS6.C...0000:,-17.85,False,1.0825,Other,,3143.5640787654274,False,1.2376673243346373e+18,5.398847,3.839028196447303,18.08316,17.40036,16.98393,0.008912189,0.007605135,0.008446744,0.03684132,0.02548665,0.01893931,18.04631868,17.374873349999998,16.96499069,True,0.671445330000001,1.0813279899999984,17.89953,17.21823,16.84739,0.008727153,0.007435316,0.008246869,17.862688679999998,17.192743349999997,16.82845069,17.640165935299994,0.0057866339729505,"SDSS(cModelMag g,r)",17.640165935299994,SDSS,Vmag_sdss,1.0813279899999984,0.671445330000001,SDSS(cModel extcorr),-17.359834064700006,1.0825,3.839028196447303,SDSS,False,3.2,12.28489022863137,,,,1.0813279899999984,g-i,,1.0,0.0,15.12305481286862,9.357902117020313,9.357902117020313,NGC 4889,12.044941203348692,2438908.625594933,13.515132093288132,14.351768452649818,15.612169853305703,13.515132093288132,1.4809209310516744,0.0331854749483255,0.2409934989177526,-0.0274900810123837,0.5867633873803814,-0.0151193939042593,0.0819566444084129,-0.0648354067843543,0.0079481161421535
LEDA 126792,122,863,6967.832433327321,27871.32973330929,6967.832433327321,27871.32973330929,1.0,1.0,1.0,1.0,1.0,1.0,True,True,True,True,True,122,863,1.4558288030000002,-1.2251725711311474,-1.2251725711311474,120,838,0.6351454362128521,0.5626987738425417,1.4558288030000002,1.516023952,1.4732095253442623,1.5309982919084588,0.2499999999999999,0.2499999999999999,-93.74999999999996,-89.49999999999997,-93.74999999999996,-89.49999999999997,76.21745234554226,471.54157248005,0.1894723118103142,0.2487904696647168,0.2386450202138261,0.3078707395543053,True,True,10,0.6366681963232779,0.0178024503877088,-0.3457100796768261,-0.3457100796768261,0.6366681963232779,0.0178024503877088,-0.3457100796768261,,,,,,,194.854351875,27.996733611111114,GiC,0.01828,17.17,18.55,1.3799992,17.599,16.871,16.498,16.262,0.72800064,1.1010017,22.81999969482422,0.375,0.0,SIMBAD,D,2019MNRAS.490..718B,,-17.83,False,2.852499961853028,Members of systems,,8752.33694498333,False,1.2376673243345715e+18,5.284765,4.742861806254429,17.77216,17.03003,16.68697,0.007943758,0.006591271,0.007141294,0.03034168,0.02099024,0.01559799,17.74181832,17.00903976,16.67137201,True,0.7327785599999999,1.0704463100000012,17.59938,16.87102,16.49768,0.00776324,0.006439277,0.006969848,17.56903832,16.85002976,16.48208201,17.2994789696,0.0050725552447834,"SDSS(cModelMag g,r)",17.2994789696,SDSS,Vmag_sdss,1.0704463100000012,0.7327785599999999,SDSS(cModel extcorr),-17.7005210304,2.852499961853028,4.742861806254429,SDSS,False,3.2,15.177157780014172,,,,1.0704463100000012,g-i,22.5,0.9859772261567208,0.0,3.2561917831787897,9.577722529803417,3.2561917831787897,NGC 4874,6.172936022397606,33687657.17964756,4.16127842076191,6.298146761148597,6.619106090820979,4.16127842076191,1.4865926515479613,-0.0307638485479611,0.2751354456548924,-1.50030801678604,0.5841011640349718,0.052567032288306,0.0926598229049998,-0.4383699025818259,0.0506712481605228
2MASX J12595760+2803543,0,18,2733.1461080778804,10932.584432311518,134.4707885174317,4040.683206182337,0.0492,0.3696,0.0492,0.3696,0.0492,0.3696,False,False,False,True,True,0,18,,,,0,18,,0.6659080324205403,,1.307155781,,1.3229792098333333,0.0332792207792207,0.25,-0.5990259740259742,-0.5990259740259742,-4.500000000000001,-4.500000000000001,,11.986344583569725,,0.1596684196724658,,0.2473707163212494,False,True,10,,,,,,,,,,,,,,194.990029,28.065089,GiC,0.01948,16.59,17.914,1.3239994,17.274,16.6,16.246,16.007,0.6739998,1.0279999,10.199999809265137,0.133,60.0,SIMBAD,C,2006AJ....131.1163S,,-18.41,False,1.274999976158142,Members of systems,1.48,4162.819773722052,False,1.2376673243345718e+18,3.773793,3.3346873663249745,17.14562,16.48442,16.16053,0.005768645,0.005163962,0.005571181,0.03240118,0.02241499,0.01665674,17.11321882,16.46200501,16.143873260000003,True,0.6512138100000016,0.9693455599999972,17.27383,16.60032,16.2458,0.00557226,0.005000859,0.00540826,17.24142882,16.57790501,16.22914326,16.719002672099997,0.0038570089643077,"SDSS(cModelMag g,r)",16.719002672099997,SDSS,Vmag_sdss,0.9693455599999972,0.6512138100000016,SDSS(cModel extcorr),-18.280997327900003,1.274999976158142,3.3346873663249745,SDSS,False,3.2,10.67099957223992,,,,0.9693455599999972,g-i,7.98,0.7823529558060769,60.0,7.980385598524684,5.768759615553481,5.768759615553481,NGC 4889,5.951789856016251,11213657.705951585,6.576611751099073,8.354839874898461,9.608369736829276,6.576611751099073,,,,,,,,,0.0053512148204093
2MASX J12592136+2758248,8,55,602.4384799450705,2409.7539197802816,602.4384799450705,2409.7539197802816,1.0,1.0,1.0,1.0,1.0,1.0,True,True,True,True,True,8,55,1.743083573,-0.9480222774687505,-0.9480222774687505,7,55,0.4426740977973724,0.5426032732140288,1.743083573,1.565734313,1.74565914,1.5501824367090913,0.25,0.25,-5.750000000000004,-6.750000000000004,-5.750000000000004,-6.750000000000004,3.098718684581607,29.84318002677158,0.3043196478247375,0.2318935303187067,0.3184882403535872,0.3081469806724675,False,True,10,,,,,,,,,,,,,,194.83922998562,27.973574061,GiC,0.02021,16.12,17.608,1.487999,17.073,16.364,16.025,15.774,0.70899963,1.0480003,25.45439910888672,0.188872,84.0,SIMBAD,B,2023ApJS..269....3M,,-18.88,False,3.18179988861084,Members of systems,S...,10768.182295021958,False,1.2376674440485934e+18,3.18385,2.0754077089170355,16.91346,16.20368,15.84402,0.004764859,0.003991485,0.00444435,0.03376154,0.02335608,0.01735607,16.87969846,16.18032392,15.82666393,True,0.6993745400000009,1.0530345299999997,17.07322,16.36368,16.02497,0.004689825,0.003921284,0.004350529,17.03945846,16.34032392,16.007613929999998,16.457067481399996,0.0030598096528865,"SDSS(cModelMag g,r)",16.457067481399996,SDSS,Vmag_sdss,1.0530345299999997,0.6993745400000009,SDSS(cModel extcorr),-18.542932518600004,3.18179988861084,2.0754077089170355,SDSS,False,3.0,6.226223126751107,,,,1.0530345299999997,g-i,11.33232,0.4452008453047169,84.0,3.271183755412217,10.308836052079489,3.271183755412217,NGC 4874,6.739544688015576,32861673.78261265,4.659700245061834,6.259412783660264,6.260726507532487,4.659700245061834,1.5006170287181133,0.2424665442818867,0.3595577190511874,-1.3075799965199375,,,,,0.0300597535239346
2MASX J13001702+2803502,7,37,1433.2151817487943,5732.860726995177,1433.2151817487943,5732.860726995177,1.0,1.0,1.0,1.0,1.0,1.0,True,True,True,True,True,7,37,1.32050692,-0.5927307644642863,-0.5927307644642863,7,37,0.7319395825923092,0.5733067772275299,1.32050692,1.447855545,1.4576606854285714,1.3928349881891893,0.25,0.25,-2.2500000000000018,-2.2500000000000018,-2.2500000000000018,-2.2500000000000018,5.123577078146164,21.212350757418605,0.1112416033169642,0.2446986542903882,0.3797479809242139,0.3482551121564593,False,True,10,,,,,,,,,,,,,,195.07096562464,28.06391252495,GiC,0.02047,15.52,16.855,1.3349991,16.03,15.268,14.864,14.573,0.76200104,1.1660004,25.399019241333008,0.28413,76.0,SIMBAD,B,2023ApJS..269....3M,,-19.48,False,3.174877405166626,Members of systems,SB0,10879.548116232978,False,1.2376673243346373e+18,3.127286,2.6070842519428004,15.99801,15.2678,14.86028,0.002968892,0.00259522,0.002638458,0.03496073,0.02418567,0.01797255,15.96304927,15.24361433,14.84230745,True,0.7194349400000011,1.120741820000001,16.02991,15.26779,14.86429,0.002970163,0.002595221,0.002638689,15.99494927,15.24360433,14.84631745,15.5285826554,0.0019560671570235,"SDSS(cModelMag g,r)",15.5285826554,SDSS,Vmag_sdss,1.120741820000001,0.7194349400000011,SDSS(cModel extcorr),-19.4714173446,3.174877405166626,2.6070842519428004,SDSS,False,3.0,7.821252755828401,,,,1.120741820000001,g-i,17.0478,0.671199145054283,76.0,11.07330362433684,5.57370602554676,5.57370602554676,NGC 4889,7.986281714570146,10850811.214546127,9.455970600789993,10.322933033857463,11.59429443118251,9.455970600789993,1.51607434569323,-0.19556742569323,0.4526058326190225,-1.0453365970833088,,,,,0.0114395401780697
LEDA 126759,2,7,220.1945743830954,880.7782975323815,220.1945743830954,880.7782975323815,1.0,1.0,1.0,1.0,1.0,1.0,True,True,True,True,True,2,7,1.6149632070000002,0.4419324355,0.4419324355,2,7,0.5267598099791791,0.6556685229510555,1.6149632070000002,1.340606596,1.6149632070000002,1.4680634962857142,0.25,0.25,0.2499999999999995,0.2499999999999995,0.2499999999999995,0.2499999999999995,1.0535196199583583,4.589679660657389,0.3431975184124016,0.2568411699410057,0.2281572207938391,0.2273202319151308,False,True,10,,,,,,,,,,,,,,195.07869072274,28.0093126217,AG?,0.02068,17.36,18.301,0.941,17.783,17.041,16.655,16.382,0.7420006,1.1280003,7.199999809265137,0.12,90.0,SIMBAD,C,2006AJ....131.1163S,,-17.64,False,0.8999999761581421,Other,,3114.9301629568845,False,1.2376673243346373e+18,0.9153376,0.8371983630548457,17.7664,17.04928,16.6611,0.005538598,0.004612247,0.004750346,0.03410693,0.02359502,0.01753363,17.73229307,17.02568498,16.643566370000002,True,0.7066080899999996,1.0887266999999987,17.78336,17.04129,16.65547,0.005534069,0.00460787,0.004746385,17.749253069999998,17.01769498,16.637936370000002,17.3053942969,0.0035442511863207,"SDSS(cModelMag g,r)",17.3053942969,SDSS,Vmag_sdss,1.0887266999999987,0.7066080899999996,SDSS(cModel extcorr),-17.6946057031,0.8999999761581421,0.8371983630548457,SDSS,False,3.2,2.6790347617755064,,,,1.0887266999999987,g-i,7.199999999999999,1.0,90.0,9.994119850176435,3.070038007499891,3.070038007499891,NGC 4889,6.44869233562492,61204581.57660031,8.360679129256683,8.40519604943308,9.577604222373392,8.360679129256683,1.4864941738060238,0.1284690331939764,0.2745426410866447,0.1673897944133553,,,,,0.009216545461321
2MASX J12593697+2749327,0,0,855.7668495332438,3423.067398132976,0.0,100.63818150510949,0.0,0.0294,0.0,0.0294,0.0,0.0294,False,False,False,False,True,0,0,,,,0,0,,,,,,,,0.2499999999999999,,,0.0,0.0,,,,,,,False,False,10,,,,,,,,,,,,,,194.90404155527,27.825811902120005,GiC,0.02087,16.43,17.56,1.1299992,16.947,16.215,15.867,15.585,0.73200035,1.0800009,9.420000076293944,0.157,90.0,SIMBAD,C,2006AJ....131.1163S,,-18.57,False,1.1775000095367432,Members of systems,E/S0,4111.861149033748,False,1.2376674440486587e+18,1.923623,1.6504516069275927,16.91373,16.22208,15.89493,0.004322707,0.003604603,0.003867843,0.03279377,0.02268658,0.01685856,16.88093623,16.19939342,15.87807144,True,0.6815428099999998,1.0028647899999985,16.94714,16.21544,15.8668,0.00431943,0.003600004,0.003863313,16.91434623,16.192753420000003,15.84994144,16.468825972099996,0.0027683934405474,"SDSS(cModelMag g,r)",16.468825972099996,SDSS,Vmag_sdss,1.0028647899999985,0.6815428099999998,SDSS(cModel extcorr),-18.531174027900004,1.1775000095367432,1.6504516069275927,SDSS,False,3.0,4.951354820782778,,,,1.0028647899999985,g-i,9.42,0.9999999919008552,90.0,8.011027799500402,11.384669681317918,8.011027799500402,NGC 4874,9.15473728299137,3307988.3005194208,8.772911067802326,6.717383516002637,5.454334226680289,8.772911067802326,,,,,,,,,
LEDA 2816216,9,17,1017.8593744510983,4071.437497804393,1017.8593744510983,3887.408522903634,1.0,0.9548,1.0,0.9548,1.0,0.9548,True,True,True,True,True,9,17,1.530020963,0.8221257824502627,0.8541226446111108,8,16,0.529883525418574,0.6698357933413389,1.530020963,1.431314086,1.591644895111111,1.497669165235294,0.2618349392542942,0.25,4.548806032676999,3.810640971931293,4.749999999999999,3.999999999999999,4.239068203348592,10.717372693461424,0.2821157087786107,0.1369733549716477,0.2273038483794399,0.2823543051305676,False,True,10,,,,,,,,,,,,,,194.89701825286,27.863645236110003,AG?,0.02099,16.37,17.721,1.3509998,17.252,16.514,16.18,15.8223,0.73800087,1.0720005,16.157819747924805,0.237143,60.0,SIMBAD,B,2023ApJS..269....3M,,-18.63,False,2.0197274684906006,Other,S0...,7092.461702966269,False,1.2376674440486587e+18,2.057261,1.9181366942285152,17.05988,16.33126,15.99901,0.005030076,0.00404873,0.005326854,0.03587027,0.02481489,0.01844012,17.02400973,16.306445110000002,15.98056988,True,0.7175646199999974,1.0434398499999986,17.2523,16.51428,16.17959,0.004940682,0.003976932,0.005225486,17.21642973,16.48946511,16.16114988,16.5906466042,0.0031558421570568,"SDSS(cModelMag g,r)",16.5906466042,SDSS,Vmag_sdss,1.0434398499999986,0.7175646199999974,SDSS(cModel extcorr),-18.4093533958,2.0197274684906006,1.9181366942285152,SDSS,False,3.0,5.7544100826855455,,,,1.0434398499999986,g-i,14.22858,0.8806002432244868,60.0,5.736952369196935,9.940611734089536,5.736952369196935,NGC 4874,7.265291606303399,7568318.763181637,6.612498449431425,4.840789471929196,3.556627299146496,6.612498449431425,1.498393217639506,0.0316277453604938,0.346171086291519,0.4759546961587436,,,,,0.0043177145785781
SDSS J130051.15+280249.7,1033,1027,62684.54497382511,250738.17989530045,58710.3448224846,132590.3495286349,0.9366,0.5288,0.9366,0.5288,0.9366,0.5288,True,False,False,True,True,1033,1027,1.465078905,0.8342336180348121,1.1089065926498065,1009,990,0.5972196001046475,0.6282227076625033,1.465078905,1.433012653,1.4904527447008713,1.460225182899708,0.4427950075642964,0.25,578.2495272314675,570.6329425113465,776.25,761.5,602.5945765055893,621.9404805858783,0.2381698076632863,0.2192562708980248,0.3007483934212002,0.2958837416825109,True,True,10,0.5964371980199876,0.0074431728467922,0.323501479679486,0.4423389619977185,0.5964371980199876,0.0074431728467922,0.323501479679486,,,,,,,195.2131504583333,28.047138916666665,GiC,0.02116,17.077,17.804,0.7270012,16.54,15.845,15.509,15.338,0.69500065,1.0310011,15.45,,,NED,,,2007SDSS6.C...0000:,-17.923,False,1.93125,Members of systems,,6835.279943101027,False,1.2376673243347026e+18,16.10263,14.125547910116966,16.62414,15.84471,15.56184,0.007099308,0.005981592,0.006733094,0.0350979,0.02428056,0.01804306,16.5890421,15.82042944,15.54379694,True,0.7686126600000005,1.0452451600000003,16.54006,15.84471,15.50868,0.007014956,0.005981592,0.006731189,16.5049621,15.82042944,15.49063694,16.125560630599995,0.004574614007793,"SDSS(cModelMag g,r)",16.125560630599995,SDSS,Vmag_sdss,1.0452451600000003,0.7686126600000005,SDSS(cModel extcorr),-18.874439369400005,1.93125,14.125547910116966,SDSS,False,3.2,45.20175331237429,,,,1.0452451600000003,g-i,,1.0,0.0,17.468374056075092,10.393129377674237,10.393129377674237,NGC 4889,13.910886998325816,1754632.819818562,15.833411246856118,15.721622625323963,16.80703925006569,15.833411246856118,1.506135919634526,-0.0410570146345259,0.3927796805070809,0.4414539375277312,0.57492783742628,0.0215093605937076,0.1295401816734009,0.193961298006085,0.009545844384953
2MASS J12594779+2805520,0,0,1035.418523079129,4141.674092316514,0.0,0.0,0.0,0.0,0.0,0.0,0.0,0.0,False,False,False,False,False,0,0,,,,0,0,,,,,,,,0.2500000000000001,,,0.0,0.0,,,,,,,False,False,10,,,,,,,,,,,,,,194.949151,28.09779,AG?,0.02126,17.63,,,18.436,17.746,17.39,17.174,0.69000053,1.0460014,6.42,,,NED,,,2007SDSS6.C...0000:,-17.37,False,0.8025,Other,,2853.3675692931747,False,1.2376673243345718e+18,2.145145,1.8154447175111288,18.34495,17.66656,17.26984,0.009136708,0.007851311,0.00881276,0.03338294,0.02309416,0.01716144,18.31156706,17.64346584,17.25267856,True,0.6681012200000005,1.058888500000002,18.43615,17.74564,17.38951,0.009006577,0.00770586,0.008611602,18.40276706,17.722545840000002,17.372348560000002,17.9073873402,0.0059574197759134,"SDSS(cModelMag g,r)",17.9073873402,SDSS,Vmag_sdss,1.058888500000002,0.6681012200000005,SDSS(cModel extcorr),-17.0926126598,0.8025,1.8154447175111288,SDSS,False,3.2,5.809423096035614,,,,1.058888500000002,g-i,,1.0,0.0,8.729961281699477,8.518779360276742,8.518779360276742,NGC 4889,7.831813643749098,4458765.876157449,7.720237853218514,10.001990042147588,11.142645175769475,7.720237853218514,,,,,,,,,
LEDA 126799,1,18,842.5034338048519,3370.013735219408,446.5268199165715,1707.2489582621522,0.53,0.5066,0.53,0.5066,0.53,0.5066,False,False,False,True,True,1,18,1.43334951,-4.97648448436439,-4.693484266499999,1,18,0.7243697695986725,0.5931034415908233,1.43334951,1.361518617,1.43334951,1.3662654136666663,0.2615475720489538,0.2499999999999999,-3.707856296881168,-3.707856296881168,-3.499999999999999,-3.499999999999999,0.7243697695986725,10.67586194863482,,0.2511175451282441,,0.3057861176829097,False,True,10,,,,,,,,,,,,,,194.81092502101,27.89558741444,GiC,0.02138,17.66,18.903,1.243,18.078,17.31,16.94,16.647,0.76799965,1.1379986,4.82,,,NED,,,2007SDSS6.C...0000:,-17.34,False,0.6025,Members of systems,,2154.02581969888,False,1.2376674440485934e+18,1.815053,1.637611590469105,18.21153,17.42055,17.07506,0.007988362,0.006070899,0.006700076,0.04185935,0.0289581,0.02151897,18.16967065,17.391591899999998,17.05354103,True,0.7780787500000024,1.1161296199999988,18.07813,17.30966,16.93989,0.007958545,0.006025441,0.0066502,18.03627065,17.2807019,16.91837103,17.700604187499998,0.0048535173111029,"SDSS(cModelMag g,r)",17.700604187499998,SDSS,Vmag_sdss,1.1161296199999988,0.7780787500000024,SDSS(cModel extcorr),-17.299395812500002,0.6025,1.637611590469105,SDSS,False,3.2,5.2403570895011375,,,,1.1161296199999988,g-i,,1.0,0.0,6.023762050355562,12.781711915299352,6.023762050355562,NGC 4874,9.314272804510257,5841276.25483598,7.627758655471216,7.527767730735031,6.656745261141685,7.627758655471216,1.4799147614347703,-0.0465652514347705,0.2349366790354345,-5.211421163399824,,,,,0.0092489641779332
IC 3960,0,0,4581.305986862326,18325.223947449304,0.0,0.0,0.0,0.0,0.0,0.0,0.0,0.0,False,False,False,False,False,0,0,,,,0,0,,,,,,,,0.25,,,0.0,0.0,,,,,,,False,False,10,,,,,,,,,,,,,,194.78310775251,27.85497013762,AGN,0.02193,14.47,15.5,1.0299997,15.258,14.441,14.011,13.684,0.8170004,1.2470007,27.792598724365234,0.455752,127.0,SIMBAD,B,2023ApJS..269....3M,,-20.529999,True,3.4740748405456543,Active (AGN/Seyfert/QSO),SB0,12731.337939964027,False,1.2376674440485932e+18,4.008224,3.849855021639004,15.21182,14.44691,14.01859,0.002464609,0.002157941,0.002203102,0.04592069,0.03176772,0.02360682,15.16589931,14.41514228,13.99498318,True,0.7507570299999973,1.1709161299999984,15.25751,14.44068,14.01121,0.002458372,0.002153396,0.002203247,15.21158931,14.40891228,13.98760318,14.7129526623,0.0016254506887726,"SDSS(cModelMag g,r)",14.7129526623,SDSS,Vmag_sdss,1.1709161299999984,0.7507570299999973,SDSS(cModel extcorr),-20.2870473377,3.4740748405456543,3.849855021639004,SDSS,False,3.0,11.549565064917012,,,,1.1709161299999984,g-i,27.34512,0.9838993564868428,127.0,8.761764177551566,15.17231121134076,8.761764177551566,NGC 4874,11.849328345355172,2125491.430812512,10.315876377677634,9.823039415549454,8.763843194514774,10.315876377677634,,,,,,,,,
LEDA 44815,15,19,780.650455456253,3122.601821825013,780.650455456253,3090.126762878033,1.0,0.9896,1.0,0.9896,1.0,0.9896,True,True,True,True,True,15,19,1.52044981,1.062488258076664,1.0672510582166668,15,18,0.5165419227340845,0.6149106892926585,1.52044981,1.431153953,1.542562608333333,1.483629490526316,0.2526273241713823,0.2499999999999999,10.200080840743738,10.45270816491512,10.250000000000002,10.500000000000002,7.748128841011268,11.068392407267853,0.2581215323917142,0.2215892453549528,0.3223879057116376,0.2813457617023709,True,True,10,0.5181477466856953,0.0665907044922008,0.3317358562372338,0.3336745398978978,0.5181477466856953,0.0665907044922008,0.3317358562372338,,,,,,,195.18600176463,28.100633416780003,AG?,0.02201,15.59,15.0,-0.59000015,16.075,15.316,14.929,14.644,0.7590008,1.1460009,28.14881896972656,0.177947,124.0,SIMBAD,B,2023ApJS..269....3M,,-19.41,False,3.5186023712158203,Other,,12940.29921511066,False,1.2376673243347028e+18,4.463411,2.5595434173924447,16.10457,15.36007,14.95219,0.003107573,0.002744932,0.002789071,0.03689124,0.02552119,0.01896498,16.06767876,15.33454881,14.93322502,True,0.7331299499999986,1.1344537399999997,16.07537,15.31628,14.92948,0.003089029,0.002728006,0.002772608,16.03847876,15.290758810000002,14.91051502,15.6251320895,0.0020606202037415,"SDSS(cModelMag g,r)",15.6251320895,SDSS,Vmag_sdss,1.1344537399999997,0.7331299499999986,SDSS(cModel extcorr),-19.3748679105,3.5186023712158203,2.5595434173924447,SDSS,False,3.2,8.190538935655823,,,,1.1344537399999997,g-i,10.67682,0.3792990395612223,124.0,17.416926733921628,10.955624493616314,10.955624493616314,NGC 4889,14.093504842993564,1529869.308590911,15.775609612384615,16.235863507972066,17.441757851417496,15.775609612384615,1.5144670009474024,0.0059828090525975,0.4429301303808399,0.6195581276958242,0.5710173486816098,-0.0528696019959145,0.1452618750148962,0.1864739812223376,0.0482281269709833
LEDA 44594,69,255,2761.6470074595863,11046.588029838347,2761.6470074595863,11046.588029838347,1.0,1.0,1.0,1.0,1.0,1.0,True,True,True,True,True,69,255,1.453575303,0.1034089105000002,0.1034089105000002,68,252,0.6435339085076983,0.5900974006304414,1.453575303,1.461356566,1.4589607086521743,1.4797492960235292,0.2499999999999999,0.2499999999999999,5.250000000000007,5.000000000000007,5.250000000000007,5.000000000000007,43.76030577852349,148.70454495887122,0.1871891576846595,0.2366248777385736,0.2320763774929294,0.3004565979701055,True,True,10,0.6441294742858481,0.02264520919232,0.0974215884076451,0.0974215884076451,0.6441294742858481,0.02264520919232,0.0974215884076451,,,,,,,194.86082575781,27.99848141603,EmG,0.02224,15.87,17.181,1.3109999,16.321,15.564,15.186,14.902,0.756999,1.1349993,20.88377952575684,0.264876,152.0,SIMBAD,B,2023ApJS..269....3M,,-19.130001,False,2.6104724407196045,Regular galaxies,,9698.10282510237,False,1.2376673243345715e+18,4.021479,3.3987307971420755,16.35921,15.61571,15.25638,0.003492939,0.002992923,0.003078346,0.02968151,0.02053353,0.01525862,16.32952849,15.59517647,15.24112138,True,0.7343520200000011,1.088407110000002,16.32059,15.5644,15.18556,0.003459516,0.002966559,0.003051536,16.29090849,15.54386647,15.170301380000002,15.8862607982,0.0022735569300984,"SDSS(cModelMag g,r)",15.8862607982,SDSS,Vmag_sdss,1.088407110000002,0.7343520200000011,SDSS(cModel extcorr),-19.1137392018,2.6104724407196045,3.3987307971420755,SDSS,False,3.2,10.875938550854642,,,,1.088407110000002,g-i,15.89256,0.7610001810447692,152.0,3.096396588393586,9.25137202932538,3.096396588393586,NGC 4874,5.875810145954458,39071384.47490165,3.889628182971125,6.10314487445162,6.485981040148003,3.889628182971125,1.510119757881441,-0.0565444548814408,0.4167611149456434,-0.3133522044456431,0.5730578815297904,0.0710715927560576,0.1370581353324673,-0.0396365469248221,0.0370357249560509
NGC 4876,38,235,4462.270097279217,17849.080389116876,4462.270097279217,15250.25428446146,1.0,0.8544,1.0,0.8544,1.0,0.8544,True,True,True,True,True,38,235,1.4801224455000002,-1.2368685769780687,-0.8412746841052621,38,229,0.6361955120696885,0.5715248524652241,1.4801224455000002,1.50149942,1.5028355757894738,1.5309178525914895,0.2926029962546815,0.2499999999999999,-30.76170411985015,-29.00608614232206,-20.74999999999997,-19.24999999999997,24.175429458648164,130.87919121453632,0.1812423355881481,0.256196347187748,0.2326391086876323,0.3205703030861552,True,True,10,0.6376846602056889,0.0304558929699731,-0.3700954318143825,-0.2233626504162601,0.6376846602056889,0.0304558929699731,-0.3700954318143825,,,,,,,194.93501805293,27.91246772362,LIN,0.02235,14.18,15.1,0.9200001,14.952,14.155,13.761,13.463,0.79699993,1.191,36.99737930297852,0.421215,22.0,SIMBAD,B,2023ApJS..269....3M,,-20.82,True,4.6246724128723145,Active (AGN/Seyfert/QSO),,17263.682282364145,False,1.2376674440486587e+18,5.504371,4.55995894226145,14.99974,14.20316,13.77287,0.002342492,0.002081028,0.002123126,0.03254221,0.02251255,0.01672924,14.967197789999998,14.18064745,13.75614076,True,0.786550339999998,1.2110570299999992,14.95233,14.15514,13.76129,0.002319187,0.00205877,0.002101916,14.91978779,14.13262745,13.74456076,14.4931330894,0.0015588196594867,"SDSS(cModelMag g,r)",14.4931330894,SDSS,Vmag_sdss,1.2110570299999992,0.786550339999998,SDSS(cModel extcorr),-20.506866910600003,4.6246724128723145,4.55995894226145,SDSS,False,3.2,14.591868615236642,,,,1.2110570299999992,g-i,25.2729,0.6830997350659745,22.0,3.400942041714428,6.510209143461234,3.400942041714428,NGC 4874,3.728199572819825,34132730.2668044,3.5130969872231628,1.2884322842469462,0.002160211589768,3.5130969872231628,1.5333124003229013,-0.0531899548229011,0.5563734183813067,-1.7932419953593757,0.5621715915248764,0.0755130686808125,0.1808252765413795,-0.5509207083557621,0.0293331331501515
NGC 4864,0,4,129.9090736181301,519.6362944725204,0.051963629447252,177.09204915623494,0.0004,0.3408,0.0004,0.3408,0.0004,0.3408,False,False,False,True,True,0,4,,,,0,4,,0.7009711952840789,,1.4669816605,,1.46849676275,0.0002934272300469,0.25,-0.0011737089201877,-0.0011737089201877,-1.0,-1.0,,2.803884781136316,,0.0891867047852987,,0.0747533411823127,False,True,10,,,,,,,,,,,,,,194.80470416666665,27.97691944444444,GiG,0.0226,13.872,14.8,0.92800045,16.692,15.813,15.395,15.088,0.8789997,1.296999,49.880218505859375,0.770732,137.0,SIMBAD,B,2023ApJS..269....3M,,-21.128,True,6.235027313232422,Members of systems,,23528.271761111053,False,1.2376674440485932e+18,0.6945562,0.6678541970788108,16.72558,15.81313,15.37613,0.00428332,0.003468532,0.003437714,0.03611832,0.02498649,0.01856764,16.68946168,15.78814351,15.35756236,True,0.9013181700000016,1.3318993200000016,16.6917,15.81319,15.39479,0.004292545,0.003468532,0.003444804,16.65558168,15.78820351,15.37622236,16.147683959699997,0.0026966634542703,"SDSS(cModelMag g,r)",16.147683959699997,SDSS,Vmag_sdss,1.3318993200000016,0.9013181700000016,SDSS(cModel extcorr),-18.852316040300003,6.235027313232422,0.6678541970788108,SDSS,False,3.2,2.1371334306521947,,,,1.3318993200000016,g-i,46.24392,0.9270993869958244,137.0,5.097288190766676,12.136057632486144,5.097288190766676,NGC 4874,8.577277557017746,9238788.165942028,6.496798309920575,8.032036784238091,7.914235696951442,6.496798309920575,,,,,,,,,0.0064286972924534
IC 3976,38,17,866.4466339846052,3465.7865359384195,866.4466339846052,3465.7865359384195,1.0,1.0,1.0,1.0,1.0,1.0,True,True,True,True,True,38,17,1.83338925,1.662755160848684,1.662755160848684,31,17,0.5029078299041024,0.652761651035879,1.83338925,1.525669503,1.787192811973684,1.5289819931764708,0.2500000000000001,0.2500000000000001,33.75,26.75,33.75,26.75,15.590142727027176,11.096948067609944,0.2624290160686577,0.1210170620490017,0.3502875158286422,0.1119061123756398,True,True,10,0.5067824801645608,0.0467163580895651,0.417290963490287,0.417290963490287,0.5067824801645608,0.0467163580895651,0.417290963490287,,,,,,,194.87250749055,27.85014087383,G,0.02264,14.42,15.5,1.0799999,15.275,14.429,14.001,13.72,0.8459997,1.2739992,36.413818359375,0.296348,154.0,SIMBAD,B,2023ApJS..269....3M,,-20.58,True,4.551727294921875,Regular galaxies,-2.39,17205.797800512744,False,1.2376674440486587e+18,3.589266,2.37658011132202,15.24133,14.42877,14.01754,0.002484288,0.002230985,0.002283173,0.03603545,0.02492916,0.01852504,15.20529455,14.40384084,13.99901496,True,0.8014537099999988,1.2062795899999994,15.27506,14.42877,14.00097,0.002486606,0.002230985,0.002283882,15.23902455,14.40384084,13.98244496,14.722436861099998,0.0016643487099098,"SDSS(cModelMag g,r)",14.722436861099998,SDSS,Vmag_sdss,1.2062795899999994,0.8014537099999988,SDSS(cModel extcorr),-20.2775631389,4.551727294921875,2.37658011132202,SDSS,False,3.2,7.605056356230465,,,,1.2062795899999994,g-i,17.78088,0.4883003431421847,154.0,6.693124713669252,11.446914216975696,6.693124713669252,NGC 4874,8.650683346052322,4810583.382440318,7.785615505308623,6.26443706480355,4.998372968350366,7.785615505308623,1.5294949754350586,0.3038942745649413,0.5333937392382522,1.129361421610432,0.563963435404069,-0.0571809552395081,0.1736213637253931,0.2436695997648939,0.0045182596184672
GMP 3196,1,36,3908.4927550411753,15633.9710201647,497.94197699224577,7354.219967885474,0.1274,0.4704,0.1274,0.4704,0.1274,0.4704,False,False,False,True,True,1,36,1.434623714,-2.186466049281252,-11.935553873500004,1,35,0.7236126956093564,0.625474721676284,1.434623714,1.4855752875,1.434623714,1.5237891120277778,0.0677083333333333,0.25,-1.4375000000000009,-1.3697916666666674,-8.000000000000002,-7.750000000000002,0.7236126956093564,21.89161525866994,,0.1973140351374027,,0.2957194172186643,False,True,10,,,,,,,,,,,,,,194.93624720683,27.88975882822,GiC,0.02271,17.19,18.5,1.3099995,17.757,17.048,16.718,16.44,0.70899963,1.0389996,7.81,,,NED,,,2007SDSS6.C...0000:,-17.81,False,0.97625,Members of systems,S0,3701.378234184791,False,1.2376674440486587e+18,4.185131,3.527197023143628,17.92125,17.1966,16.84549,0.008459692,0.006717516,0.007866166,0.03361544,0.02325501,0.01728096,17.887634560000002,17.17334499,16.82820904,True,0.7142895700000018,1.0594255200000011,17.75659,17.04805,16.71803,0.008311094,0.006580545,0.007696064,17.72297456,17.02479499,16.700749039999998,17.4562037137,0.0052667190763909,"SDSS(cModelMag g,r)",17.4562037137,SDSS,Vmag_sdss,1.0594255200000011,0.7142895700000018,SDSS(cModel extcorr),-17.5437962863,0.97625,3.527197023143628,SDSS,False,3.0,10.581591069430884,,,,1.0594255200000011,g-i,,1.0,0.0,4.618121510862816,7.356816715676457,4.618121510862816,NGC 4874,4.964577640631892,15482960.920664232,4.874648079493075,2.546339680318003,1.3660720602999314,4.874648079493075,1.4839835146191067,-0.0493598006191067,0.2594292742888706,-2.445895323570122,,,,,0.0062209924163161
LEDA 44693,323,1086,5403.577845807685,21614.31138323074,9375.850336580315,32885.21259217655,1.7351189534272151,1.5214554842441212,1.0,1.0,1.7351189534272156,1.5214554842441212,True,True,True,True,True,323,1086,1.475984744,0.0407553645004545,0.2174902723243035,318,1072,0.5795876008713644,0.5657891453557219,1.475984744,1.4972144175,1.494329343739938,1.508462632267035,0.2851083997191749,0.25,13.372277904975988,12.363795501044422,51.5,50.0,184.30885707709388,606.5259638213339,0.2460423722644383,0.2525450236066981,0.324279783428838,0.327278767404644,True,True,10,0.5807602991645142,0.0130259991343208,0.0369689566071849,0.1039317112546605,0.5807602991645142,0.0130259991343208,0.0369689566071849,,,,,,,195.00404093837,27.945440098500004,G,0.02282,16.92,18.329,1.4090004,17.561,16.867,16.552,16.332,0.69400024,1.0090008,10.199999809265137,0.16,,SIMBAD,E,2003A&A...412...45P,,-18.08,False,1.274999976158142,Regular galaxies,,4856.832924966436,False,1.237667444048659e+18,4.386122,4.274942082038647,17.59844,16.97189,16.62116,0.007980323,0.006489073,0.007581428,0.03067976,0.02122412,0.01577179,17.56776024,16.95066588,16.60538821,True,0.6170943599999994,0.9623720299999974,17.56062,16.867,16.55209,0.007917869,0.006374494,0.007529764,17.52994024,16.84577588,16.53631821,17.193674567599995,0.0050362049636896,"SDSS(cModelMag g,r)",17.193674567599995,SDSS,Vmag_sdss,0.9623720299999974,0.6170943599999994,SDSS(cModel extcorr),-17.806325432400005,1.274999976158142,4.274942082038647,SDSS,False,3.2,13.679814662523672,,,,0.9623720299999974,g-i,9.6,0.9411764881877616,0.0,5.639564580810199,2.463374842306604,2.463374842306604,NGC 4889,2.421375312768657,122454636.44596568,4.348139085518254,3.1385189537537834,4.159523110040409,4.348139085518254,1.4883540720184738,-0.0123693280184737,0.28573863456826,-0.2449832700678054,0.5832743788115549,-0.0025140796470406,0.0959838226888009,-0.059014866081616,0.1173306749094582
Z 160-261,0,0,2013.457042205476,8053.828168821903,0.0,0.0,0.0,0.0,0.0,0.0,0.0,0.0,False,False,False,False,False,0,0,,,,0,0,,,,,,,,0.25,,,0.0,0.0,,,,,,,False,False,10,,,,,,,,,,,,,,195.24690929998,27.89984733525,EmG,0.02296,14.61,15.6,0.9900007,15.223,14.451,14.073,13.789,0.77199936,1.1499996,43.78242111206055,0.277726,172.0,SIMBAD,B,2023ApJS..269....3M,,-20.39,False,5.472802639007568,Regular galaxies,Sa,20971.779567161822,False,1.2376674440487898e+18,6.601604,4.103573720301582,15.20598,14.4749,14.0864,0.002555124,0.002263519,0.002344405,0.02868793,0.01984618,0.01474784,15.17729207,14.45505382,14.07165216,True,0.7222382500000002,1.1056399100000007,15.2234,14.45095,14.07295,0.002540023,0.002249465,0.002330177,15.19471207,14.43110382,14.05820216,14.7411715025,0.0016973403393087,"SDSS(cModelMag g,r)",14.7411715025,SDSS,Vmag_sdss,1.1056399100000007,0.7222382500000002,SDSS(cModel extcorr),-20.2588284975,5.472802639007568,4.103573720301582,SDSS,False,3.0,12.310721160904745,,,,1.1056399100000007,g-i,16.663559999999997,0.3805993267788875,172.0,18.795360770604773,12.211645678657089,12.211645678657089,NGC 4889,15.43076803099586,1119954.7160465424,17.476097919895025,16.005614126996957,16.555749631024337,17.476097919895025,,,,,,,,,
Z 160-233,28,33,560.0987284580887,2240.394913832354,560.0987284580887,2240.394913832354,1.0,1.0,1.0,1.0,1.0,1.0,True,True,True,True,True,28,33,1.5351931645,1.0815529596249998,1.0815529596249998,26,33,0.5831710399922939,0.5565332203531371,1.5351931645,1.539627362,1.5388403946785714,1.5417653274545455,0.25,0.25,19.75,17.75,19.75,17.75,15.16244703979964,18.365596271653526,0.2387303156738031,0.2229526610666526,0.2710002575887452,0.245637061374215,True,True,10,0.5833992567569779,0.0451028371864257,0.4068069849141555,0.4068069849141555,0.5833992567569779,0.0451028371864257,0.4068069849141555,,,,,,,194.92626325622,27.92474257327,G,0.02304,15.42,16.553,1.1329994,16.061,15.26,14.906,14.614,0.8010006,1.1550007,12.179999351501465,0.159,135.0,SIMBAD,C,2006AJ....131.1163S,,-19.58,False,1.522499918937683,Regular galaxies,S0,5853.980025356828,False,1.2376674440486587e+18,1.628152,1.5087135896926172,16.03603,15.2603,14.90978,0.003075702,0.00274076,0.002914357,0.03189583,0.02206539,0.01639695,16.00413417,15.23823461,14.89338305,True,0.7658995599999994,1.1107511200000015,16.06121,15.26031,14.90636,0.003077073,0.00274076,0.002914458,16.02931417,15.23824461,14.88996305,15.5422534296,0.0020506247612405,"SDSS(cModelMag g,r)",15.5422534296,SDSS,Vmag_sdss,1.1107511200000015,0.7658995599999994,SDSS(cModel extcorr),-19.4577465704,1.522499918937683,1.5087135896926172,SDSS,False,3.0,4.526140769077852,,,,1.1107511200000015,g-i,9.54,0.7832512732296637,135.0,2.531219333405591,6.502889986809576,2.531219333405591,NGC 4874,3.357664111995029,73825753.3618029,2.751803007874973,1.1686093390818428,0.8684003151984409,2.751803007874973,1.515846756093285,0.0193464084067152,0.4512358158834755,0.6303171437415243,0.5703697116263773,0.0130295451306006,0.1478656291345908,0.2589413557795647,0.0192452482269643
IC 3960A,0,0,467.6205406699251,1870.4821626797009,0.0,0.0,0.0,0.0,0.0,0.0,0.0,0.0,False,False,False,False,False,0,0,,,,0,0,,,,,,,,0.2499999999999999,,,0.0,0.0,,,,,,,False,False,10,,,,,,,,,,,,,,194.79017032975,27.86739742141,GiC,0.02306,16.53,17.637,1.1069984,17.035,16.281,15.91,15.624,0.7539997,1.125,9.779999732971191,0.163,90.0,SIMBAD,C,2006AJ....131.1163S,,-18.47,True,1.222499966621399,Members of systems,SB0,4704.452738832449,False,1.2376674440485934e+18,1.398571,1.2200337744417018,17.03168,16.29244,15.9277,0.00436742,0.003640158,0.003829222,0.04555633,0.03151566,0.02341951,16.98612367,16.26092434,15.90428049,True,0.7251993300000024,1.0818431800000017,17.03507,16.28125,15.91047,0.004359642,0.003632857,0.003821475,16.98951367,16.24973434,15.88705049,16.5482560653,0.0027962449205416,"SDSS(cModelMag g,r)",16.5482560653,SDSS,Vmag_sdss,1.0818431800000017,0.7251993300000024,SDSS(cModel extcorr),-18.4517439347,1.222499966621399,1.2200337744417018,SDSS,False,3.0,3.6601013233251054,,,,1.0818431800000017,g-i,9.78,1.0,90.0,7.970986907509402,14.491510548499049,7.970986907509402,NGC 4874,11.121794614601402,2733049.581889163,9.541687488113354,9.157213210025166,8.143245957531246,9.541687488113354,,,,,,,,,
SDSS J125923.41+275510.4,1,5,28.43653120888577,113.74612483554309,28.43653120888577,113.74612483554309,1.0,1.0,1.0,1.0,1.0,1.0,True,True,True,True,True,1,5,1.629347573,-0.0890035670000006,-0.0890035670000006,1,5,0.4816289813231246,0.6485653170544482,1.629347573,1.374680912,1.629347573,1.4268600291999998,0.25,0.25,-0.2500000000000002,-0.2500000000000002,-0.2500000000000002,-0.2500000000000002,0.4816289813231246,3.242826585272241,,0.2508171688123812,,0.2342229118162562,False,True,10,,,,,,,,,,,,,,194.84755666233,27.91957249925,GiC,0.02311,17.692,18.699,1.007,18.515,17.648,17.315,17.029,0.8669987,1.1999989,4.46,,,NED,,,2007SDSS6.C...0000:,-17.308,False,0.5575,Members of systems,E...,2149.9058342825188,False,1.2376674440486584e+18,0.3008961,0.3008592530164602,18.56569,17.65307,17.33895,0.008009547,0.00590124,0.006418677,0.03758528,0.02600133,0.01932177,18.52810472,17.62706867,17.31962823,True,0.901036050000002,1.2084764900000025,18.51517,17.6477,17.31539,0.008038871,0.005900831,0.00642233,18.477584720000003,17.62169867,17.29606823,17.9864934505,0.0047860785479501,"SDSS(cModelMag g,r)",17.9864934505,SDSS,Vmag_sdss,1.2084764900000025,0.901036050000002,SDSS(cModel extcorr),-17.0135065495,0.5575,0.3008592530164602,SDSS,False,3.2,0.9627496096526728,,,,1.2084764900000025,g-i,,1.0,0.0,3.611343066468633,10.452765451607544,3.611343066468633,NGC 4874,6.93393727298965,24765960.068006214,5.210490324902926,5.32227495915478,4.655457884239831,5.210490324902926,1.475155307285141,0.1541922657148586,0.2062862844715829,-0.2952898514715836,,,,,0.0671976386872049
IC 4045,122,81,4194.368255976506,16777.47302390602,4194.368255976506,13871.614696165496,1.0,0.8268,1.0,0.8268,1.0,0.8268,True,True,True,True,True,122,81,1.6616898965,1.3632955328240262,1.4149774366127048,114,79,0.5039198863740713,0.6203263631276056,1.6616898965,1.486366425,1.6477756830983608,1.487150205617284,0.3023705853894534,0.25,97.50798258345428,90.1127237542332,101.75,94.25,57.44686704664412,49.005782687080846,0.2541105721977139,0.197357499835856,0.2860899579667552,0.2451247046356103,True,True,10,0.5050018105611229,0.0244684975783528,0.3750201684684828,0.3975329888789281,0.5050018105611229,0.0244684975783528,0.3750201684684828,,,,,,,195.20271749883,28.09074310012999,AGN,0.02324,13.77,15.1,1.3299999,14.662,13.846,13.414,13.087,0.816,1.2480001,44.33838272094727,0.489865,107.0,SIMBAD,B,2023ApJS..269....3M,,-21.23,True,5.542297840118408,Active (AGN/Seyfert/QSO),E4,21489.78902215048,False,1.2376673243347026e+18,5.502081,4.487809729906217,14.68412,13.88333,13.44538,0.002087751,0.001924474,0.001926547,0.03643563,0.025206,0.01873076,14.64768437,13.858124,13.42664924,True,0.7895603700000002,1.2210351300000006,14.66235,13.84622,13.41367,0.002066555,0.001902932,0.001907154,14.62591437,13.821014,13.39493924,14.1718437517,0.0014219428272293,"SDSS(cModelMag g,r)",14.1718437517,SDSS,Vmag_sdss,1.2210351300000006,0.7895603700000002,SDSS(cModel extcorr),-20.8281562483,5.542297840118408,4.487809729906217,SDSS,False,3.2,14.360991135699894,,,,1.2210351300000006,g-i,29.3919,0.6628996863729552,107.0,17.926914966794676,11.253570340414583,11.253570340414583,NGC 4889,14.523987937328394,1410385.420436005,16.280093408251062,16.5859127028359,17.762894982087342,16.280093408251062,1.5386611911641577,0.1230287053358423,0.5885714316878206,0.7747241011362056,0.5596609466761701,-0.0546591361150471,0.1909190502300431,0.1841011182384397,0.0050863929959768
IC 4041,79,410,8139.379069882199,32557.5162795288,8139.379069882199,32557.5162795288,1.0,1.0,1.0,1.0,1.0,1.0,True,True,True,True,True,79,410,1.442257229,-0.409942108262658,-0.409942108262658,73,397,0.6242555368126654,0.623777168550932,1.442257229,1.4275487575,1.4769684546582278,1.467071420080488,0.2499999999999999,0.2499999999999999,-23.499999999999982,-26.249999999999982,-23.499999999999982,-26.249999999999982,45.57065418732458,247.63953591472,0.2184728755995741,0.2282723453082947,0.3046475864628763,0.286407183760909,True,True,10,0.6249411162215723,0.0253608508255578,-0.2231394862260988,-0.2231394862260988,0.6249411162215723,0.0253608508255578,-0.2231394862260988,,,,,,,195.17022562979,27.99661329542,EmG,0.02364,14.77,15.88,1.1099997,15.211,14.424,14.029,13.716,0.78700066,1.1820002,37.85297775268555,0.427613,46.0,SIMBAD,B,2023ApJS..269....3M,,-20.23,True,4.731622219085693,Regular galaxies,SB0,18653.18992812199,False,1.2376673243347028e+18,8.122255,6.18257866402919,15.20113,14.45026,14.03753,0.002461462,0.002187198,0.002222568,0.03503172,0.02423478,0.01800904,15.16609828,14.42602522,14.01952096,True,0.7400730600000003,1.1465773200000005,15.21078,14.42402,14.02894,0.002449258,0.00217353,0.002211044,15.17574828,14.39978522,14.01093096,14.719455174599998,0.0016382113613866,"SDSS(cModelMag g,r)",14.719455174599998,SDSS,Vmag_sdss,1.1465773200000005,0.7400730600000003,SDSS(cModel extcorr),-20.2805448254,4.731622219085693,6.18257866402919,SDSS,False,3.0,18.54773599208757,,,,1.1465773200000005,g-i,25.65678,0.6778008369019194,46.0,14.556474023159591,7.326479510101546,7.326479510101546,NGC 4889,10.941280504545706,4777517.0532554295,12.976197584332814,12.460693364664875,13.44954686405998,12.976197584332814,1.529544614235888,-0.0872873852358879,0.5336925489724629,-0.9436346572351209,0.5639401356708589,0.0610009805507134,0.1737150377606318,-0.3968545239867306,0.0234272510521206
LEDA 93697,17,46,2279.6093339914987,9118.437335965998,2279.6093339914987,8018.753793248498,1.0,0.8794,1.0,0.8794,1.0,0.8794,True,True,True,True,True,17,46,1.463321551,0.4469115704651438,0.5694906141176475,15,46,0.5069397055412687,0.6223567393780123,1.463321551,1.321315298,1.5746124890588236,1.312203655326087,0.2842847395951784,0.2499999999999999,3.922901978621793,1.922901978621793,5.500000000000005,3.5000000000000053,7.60409558311903,28.628410011388567,0.3029698242562643,0.22010944400831,0.3747207983590374,0.3731288885899359,True,True,10,0.5054789750170743,0.0786208362440788,-0.0370956973236988,0.0283388081605984,0.5054789750170743,0.0786208362440788,-0.0370956973236988,,,,,,,194.78946173427,28.040939888210005,G,0.02405,16.31,17.918,1.6079998,17.043,16.281,15.894,15.9247,0.76199913,1.1489992,19.48542022705078,0.178551,104.0,SIMBAD,B,2023ApJS..269....3M,,-18.69,False,2.435677528381348,Regular galaxies,,9763.705057692605,False,1.2376673243345062e+18,5.6618,3.6328996062065686,17.1439,16.39382,16.00554,0.005157129,0.004285455,0.004461778,0.03241689,0.02242585,0.01666481,17.111483109999998,16.37139415,15.98887519,True,0.7400889599999978,1.1226079199999983,17.04341,16.28146,15.89397,0.005082193,0.004223837,0.004397622,17.01099311,16.259034149999998,15.87730519,16.664830623599997,0.0032960103179535,"SDSS(cModelMag g,r)",16.664830623599997,SDSS,Vmag_sdss,1.1226079199999983,0.7400889599999978,SDSS(cModel extcorr),-18.335169376400003,2.435677528381348,3.6328996062065686,SDSS,False,3.2,11.62527873986102,,,,1.1226079199999983,g-i,10.71306,0.5497987662143161,104.0,7.587472772618228,13.496180661054373,7.587472772618228,NGC 4874,10.334551676290827,3213664.769495788,8.424610261686864,10.63924476111486,10.90232478082048,8.424610261686864,1.4971582099471412,-0.0338366589471412,0.3387367342496155,0.1081748362155283,0.5791418441520544,-0.0736628691349801,0.1125982274044054,-0.1496939247281043,0.0096021166001033
LEDA 1822852,148,493,6397.151821829776,25588.607287319097,6397.151821829776,25061.481977200325,1.0,0.9794,1.0,0.9794,1.0,0.9794,True,True,True,True,True,148,493,1.4842062805,0.238167915339863,0.263836305662162,146,478,0.583579255642318,0.5932052838373565,1.4842062805,1.465434128,1.5106268943648649,1.5044893872008114,0.2552583214212784,0.25,22.15764753930975,23.986522360628925,24.74999999999997,26.49999999999997,85.20257132377843,283.5521256742564,0.2330704011117306,0.2334334567760013,0.3107731880356117,0.297328264950067,True,True,10,0.5867176555645399,0.0191637611359196,0.0909708087491558,0.1011831937935528,0.5867176555645399,0.0191637611359196,0.0909708087491558,,,,,,,194.8321465,27.9734965,GiC,0.02413,17.13,18.677,1.5470009,17.467,16.764,16.417,16.253,0.7029991,1.0499992,18.0,0.15,65.0,SIMBAD,E,2003A&A...412...45P,,-17.87,False,2.25,Members of systems,E,9048.519406200978,False,1.2376674440485934e+18,8.52919,6.381656004999118,17.6732,16.96056,16.56978,0.009480073,0.007693281,0.009048044,0.03435463,0.02376637,0.01766096,17.638845370000002,16.93679363,16.55211904,True,0.7020517400000017,1.0867263300000012,17.46698,16.76352,16.41689,0.009182482,0.007446554,0.008720091,17.43262537,16.73975363,16.399229039999998,17.2146348434,0.0059758089667964,"SDSS(cModelMag g,r)",17.2146348434,SDSS,Vmag_sdss,1.0867263300000012,0.7020517400000017,SDSS(cModel extcorr),-17.7853651566,2.25,6.381656004999118,SDSS,False,3.2,20.42129921599718,,,,1.0867263300000012,g-i,9.0,0.5,65.0,3.63361296207342,10.684204687228403,3.63361296207342,NGC 4874,7.114280701002311,24244376.11935149,5.034642379475296,6.602291650877369,6.566236874225625,5.034642379475296,1.4880051275684905,-0.0037988470684904,0.2836381003770294,-0.0454701850371663,0.5834381682757228,0.0032794872888171,0.0953253250184713,-0.0043545162693154,0.0498041831632775
IC 4012,14,22,1431.9909932252583,5727.963972901033,1091.177136837647,3253.4835366077864,0.762,0.568,0.762,0.568,0.762,0.568,False,False,False,True,True,14,22,1.65255821,0.8136935127620721,1.0272627401428571,10,22,0.6065577232651985,0.446215627965264,1.65255821,1.591661196,1.5837124894285717,1.5706716163181818,0.335387323943662,0.25,6.621478873239435,2.621478873239435,8.5,4.5,6.065577232651985,9.816743815235808,0.253030766100991,0.2766618961047867,0.4080893597415324,0.3846657858799355,True,True,10,0.609677365748889,0.076938287550112,0.2804362219456456,0.3642587703679937,0.609677365748889,0.076938287550112,0.2804362219456456,,,,,,,195.03331660634,28.0785590405,G,0.02414,14.64,15.948,1.3079996,15.391,14.596,14.158,13.837,0.7950001,1.2329998,24.15780067443848,0.320614,132.0,SIMBAD,B,2023ApJS..269....3M,,-20.36,True,3.0197250843048096,Regular galaxies,E4,12148.90377340918,False,1.237667324334637e+18,2.751892,2.392528045022787,15.394,14.61975,14.17422,0.002454048,0.002219175,0.002220835,0.03471521,0.02401582,0.01784633,15.35928479,14.59573418,14.15637367,True,0.7635506100000011,1.2029111199999996,15.39131,14.59633,14.15753,0.002441914,0.002206201,0.002208593,15.35659479,14.57231418,14.13968367,14.8987899301,0.0016512596671278,"SDSS(cModelMag g,r)",14.8987899301,SDSS,Vmag_sdss,1.2029111199999996,0.7635506100000011,SDSS(cModel extcorr),-20.1012100699,3.0197250843048096,2.392528045022787,SDSS,False,3.2,7.6560897440729185,,,,1.2029111199999996,g-i,19.23684,0.796299309661687,132.0,10.100507741245288,6.092083214805208,6.092083214805208,NGC 4889,7.517203517879746,8754826.317242624,8.579479127153098,9.956858505697204,11.242904995612884,8.579479127153098,1.5265590682336332,0.1259991417663668,0.5157205151500985,0.2979729976119736,0.5653415076656884,0.0443358580832006,0.1680809745530345,0.1123552473926111,0.0118104912314363
LEDA 1821341,10,45,1780.587919682862,7122.351678731448,1780.587919682862,7122.351678731448,1.0,1.0,1.0,1.0,1.0,1.0,True,True,True,True,True,10,45,1.3416925700000002,-0.2479055514999999,-0.2479055514999999,10,43,0.7234439357437019,0.673821292865779,1.3416925700000002,1.412976108,1.2794061625000002,1.447555886311111,0.25,0.25,-1.25,-0.75,-1.25,-0.75,7.234439357437019,28.974315593228496,0.2164560486360641,0.1821336265992012,0.3473606644349118,0.2915084489205027,True,True,10,0.7168012353474965,0.0684746446227182,-0.0075566544832158,-0.0075566544832158,0.7168012353474965,0.0684746446227182,-0.0075566544832158,,,,,,,194.95908929166663,27.912638694444446,G,0.02417,17.4,18.68,1.2800007,18.175,17.473,17.133,16.908,0.70199966,1.0419998,13.800000190734863,0.16,130.0,SIMBAD,E,2003A&A...412...45P,,-17.6,False,1.725000023841858,Regular galaxies,dE,6948.361240074922,False,1.237667444048659e+18,3.069375,2.854372868449746,18.11478,17.37046,17.04203,0.01087559,0.01067839,0.01393049,0.03210047,0.02220696,0.01650215,18.08267953,17.348253040000003,17.02552785,True,0.734426489999997,1.0571516800000005,18.17536,17.47263,17.1335,0.0106127,0.01036232,0.01358298,18.14325953,17.45042304,17.11699785,17.639367900899998,0.0077185335450988,"SDSS(cModelMag g,r)",17.639367900899998,SDSS,Vmag_sdss,1.0571516800000005,0.734426489999997,SDSS(cModel extcorr),-17.360632099100002,1.725000023841858,2.854372868449746,SDSS,False,3.2,9.133993179039187,,,,1.0571516800000005,g-i,9.6,0.6956521642981797,130.0,4.247104473861549,5.529848434385949,4.247104473861549,NGC 4874,3.351519900976496,24575083.01502584,3.8690227693063854,1.277089500927224,1.277235988555259,3.8690227693063854,1.4809342166437836,-0.1392416466437833,0.2410734739409328,-0.4889790254409327,0.5867571513161229,0.1300440840313735,0.0819817158243739,-0.0895383703075897,0.0061685632905152
LEDA 126764,26,58,1674.5513727429827,6698.205490971929,1674.5513727429827,6698.205490971929,1.0,1.0,1.0,1.0,1.0,1.0,True,True,True,True,True,26,58,1.4270047125,0.5770046347211538,0.5770046347211538,26,54,0.5266251511602025,0.5663369692993677,1.4270047125,1.5241380704999998,1.4456381338076922,1.525030891327586,0.25,0.25,11.499999999999996,12.499999999999996,11.499999999999996,12.499999999999996,13.692253930165265,30.58219634216585,0.2922706122999838,0.2726228133786693,0.3703017962383143,0.3684932761930514,True,True,10,0.5318786550307104,0.0592238897004382,0.237819074817577,0.237819074817577,0.5318786550307104,0.0592238897004382,0.237819074817577,,,,,,,195.04644368118,28.065228974859995,G,0.02454,16.72,18.181,1.4610004,17.686,16.979,16.617,16.369,0.70700073,1.0690002,6.138000011444092,0.1023,0.0,SIMBAD,E,2022ApJS..262...36S,,-18.28,False,0.7672500014305115,Regular galaxies,,3136.4142146897498,False,1.2376673243346373e+18,2.413485,2.308736143132295,17.48973,16.76482,16.42676,0.006291914,0.005274798,0.005756008,0.03473548,0.02402985,0.01785675,17.454994520000003,16.74079015,16.40890325,True,0.7142043700000045,1.0460912700000016,17.68551,16.97856,16.61703,0.006164982,0.005166061,0.005631373,17.650774520000002,16.95453015,16.59917325,17.0236139417,0.0040422928640293,"SDSS(cModelMag g,r)",17.0236139417,SDSS,Vmag_sdss,1.0460912700000016,0.7142043700000045,SDSS(cModel extcorr),-17.9763860583,0.7672500014305115,2.308736143132295,SDSS,False,3.2,7.387955658023344,,,,1.0460912700000016,g-i,6.138,0.999999998135534,0.0,10.080125400252957,5.33485886520026,5.33485886520026,NGC 4889,7.209321264235895,12523796.877554407,8.49687072085895,9.61588772570229,10.90127165161599,8.49687072085895,1.491185223294093,-0.0641805107940929,0.3027812614255352,0.2742233732956186,0.5819454774622599,-0.0500668224315494,0.101326525572984,0.1364925492445931,0.0131822994943165
LEDA 126762,0,136,15145.116313050765,60580.46525220306,6.058046525220306,18186.25566871136,0.0004,0.3002,0.0004,0.3002,0.0004,0.3002,False,False,False,True,True,0,136,,,,0,135,,0.6092870006417493,,1.4001596775,,1.413459317639706,0.0003331112591605,0.25,-0.0453031312458361,-0.0449700199866755,-34.0,-33.75,,82.25374508663616,,0.2425294122453543,,0.332913562589785,False,True,10,,,,,,,,,,,,,,195.056824875,27.86717180555556,GiC,0.02468,16.35,17.985,1.6350002,16.852,16.131,15.772,15.538,0.72099876,1.079999,18.0,0.21,109.0,SIMBAD,E,2003A&A...412...45P,,-18.65,False,2.25,Members of systems,,9248.599687448155,False,1.2376674440487242e+18,9.405168,8.298743665543133,17.05794,16.29811,15.9368,0.007025983,0.005478811,0.006279691,0.03100745,0.02145081,0.01594025,17.026932549999998,16.27665919,15.92085975,True,0.7502733599999978,1.106072799999998,16.85216,16.13064,15.77173,0.006788294,0.005314642,0.006120022,16.82115255,16.10918919,15.75578975,16.574271267599997,0.0043298046569216,"SDSS(cModelMag g,r)",16.574271267599997,SDSS,Vmag_sdss,1.106072799999998,0.7502733599999978,SDSS(cModel extcorr),-18.425728732400003,2.25,8.298743665543133,SDSS,False,3.2,26.555979729738027,,,,1.106072799999998,g-i,12.6,0.7,109.0,10.036346692059166,6.703874464785301,6.703874464785301,NGC 4889,7.729863816758485,6855650.505560423,9.263461484388236,6.96887817762234,7.009606297712635,9.263461484388236,,,,,,,,,0.0082770826493084
LEDA 126790,0,0,2389.210623844748,9556.842495378994,0.0,0.0,0.0,0.0,0.0,0.0,0.0,0.0,False,False,False,False,False,0,0,,,,0,0,,,,,,,,0.2499999999999999,,,0.0,0.0,,,,,,,False,False,10,,,,,,,,,,,,,,194.88166679166665,28.10054077777778,GiC,0.02478,17.15,18.71,1.5599995,18.346,17.604,17.34,17.948,0.7420006,1.0060005,,,,,,,,-17.85,False,,Members of systems,,,False,1.2376673243345715e+18,2.817489,2.7577334203021246,18.24314,17.44118,17.22931,0.01075226,0.008930437,0.01085025,0.03427516,0.0237114,0.01762011,18.20886484,17.4174686,17.211689890000002,True,0.791396240000001,0.997174949999998,18.34628,17.60409,17.34026,0.01048076,0.008677593,0.01055335,18.31200484,17.5803786,17.32263989,17.731941058399997,0.0068699448106885,"SDSS(cModelMag g,r)",17.731941058399997,SDSS,Vmag_sdss,0.997174949999998,0.791396240000001,SDSS(cModel extcorr),-17.268058941600003,,2.7577334203021246,SDSS,False,3.2,8.8247469449668,,,,0.997174949999998,g-i,,1.0,0.0,8.525911831846972,10.944320215131466,8.525911831846972,NGC 4874,9.120498226867308,3093126.542168448,8.159286631814357,10.741011947741686,11.630806226720008,8.159286631814357,,,,,,,,,
LEDA 126747,0,0,1129.5196895896547,4518.078758358618,0.0,0.0,0.0,0.0,0.0,0.0,0.0,0.0,False,False,False,False,False,0,0,,,,0,0,,,,,,,,0.25,,,0.0,0.0,,,,,,,False,False,10,,,,,,,,,,,,,,195.2735663333333,28.06205241666667,GiC,0.02479,17.24,18.35,1.1100006,17.699,17.174,16.906,16.761,0.5249996,0.79299927,15.295379638671877,0.115863,146.0,SIMBAD,B,2023ApJS..269....3M,,-17.76,False,1.9119224548339844,Members of systems,,7892.911754406793,False,1.2376673243347028e+18,4.505288,2.8125748380841693,17.84722,17.31416,17.0314,0.006973567,0.006562028,0.007597563,0.03369695,0.02331139,0.01732286,17.81352305,17.29084861,17.01407714,True,0.5226744399999994,0.7994459099999993,17.69851,17.17393,16.90626,0.006896334,0.006468179,0.00748832,17.66481305,17.15061861,16.88893714,17.495145130399997,0.0048129065691671,"SDSS(cModelMag g,r)",17.495145130399997,SDSS,Vmag_sdss,0.7994459099999993,0.5226744399999994,SDSS(cModel extcorr),-17.504854869600003,1.9119224548339844,2.8125748380841693,SDSS,False,3.2,9.000239481869341,,,,0.7994459099999993,g-i,6.951779999999999,0.4545019583837956,146.0,20.78871895869716,13.689219773714356,13.689219773714356,NGC 4889,17.22541285176701,799843.8254829817,19.15466510837211,18.99673308887874,20.05739994845535,19.15466510837211,,,,,,,,,0.0031553207875675
LEDA 44723,33,55,1555.549164869149,6222.196659476596,1555.549164869149,6222.196659476596,1.0,1.0,1.0,1.0,1.0,1.0,True,True,True,True,True,33,55,1.60288157,0.9902981858333334,0.9902981858333334,29,54,0.5056414799157296,0.5667117985176439,1.60288157,1.470200122,1.5620459814242424,1.4768719542363635,0.25,0.25,19.25,15.5,19.25,15.5,14.663602917556158,30.602437119952768,0.2666940720330744,0.2729925871858251,0.3822249166445454,0.3818839948898386,True,True,10,0.504445808941175,0.0488003655950988,0.2406316958381338,0.2406316958381338,0.504445808941175,0.0488003655950988,0.2406316958381338,,,,,,,195.05362670104,28.07549425166,G,0.02503,15.17,16.272,1.1019993,15.71,14.941,14.538,14.255,0.76900005,1.1719999,32.3455810546875,0.329009,141.0,SIMBAD,B,2023ApJS..269....3M,,-19.83,False,4.0431976318359375,Regular galaxies,,16848.06529826377,False,1.237667324334637e+18,3.693606,2.8483601358201445,15.68578,14.9407,14.52751,0.002688938,0.002380718,0.002415233,0.03489778,0.02414212,0.01794018,15.65088222,14.91655788,14.50956982,True,0.7343243400000006,1.1413124000000003,15.70972,14.9407,14.53802,0.002689929,0.002380718,0.002415377,15.67482222,14.91655788,14.52007982,15.207630859399998,0.0017856079256142,"SDSS(cModelMag g,r)",15.207630859399998,SDSS,Vmag_sdss,1.1413124000000003,0.7343243400000006,SDSS(cModel extcorr),-19.7923691406,4.0431976318359375,2.8483601358201445,SDSS,False,3.2,9.114752434624462,,,,1.1413124000000003,g-i,19.74054,0.6103009856778941,141.0,10.766224514631908,6.001330664989362,6.001330664989362,NGC 4889,7.9312208886153295,8923974.057392621,9.193523506772758,10.339509730627752,11.624997193098944,9.193523506772758,1.5214175171760398,0.0814640528239603,0.4847700191816246,0.5055281666517087,0.5677548771654903,-0.0633090682243153,0.1583782857913504,0.0822534100467834,0.0061420923180394
LEDA 44792,140,344,10480.025005470206,41920.100021880826,10480.025005470206,41920.100021880826,1.0,1.0,1.0,1.0,1.0,1.0,True,True,True,True,True,140,344,1.402798812,0.5340185400285713,0.5340185400285713,134,336,0.6290267374052407,0.6419153701524173,1.402798812,1.4142934660000002,1.4444140696142858,1.435891161991279,0.25,0.25,54.0,50.0,54.0,50.0,84.28958281230226,215.6835643712122,0.218722688127356,0.2118083871929715,0.2956065384594103,0.2846473367023184,True,True,10,0.6304713924304235,0.0189904157681695,0.2280766827826395,0.2280766827826395,0.6304713924304235,0.0189904157681695,0.2280766827826395,,,,,,,195.16152855812,28.014533048270003,G,0.02535,14.844,15.75,0.90600014,15.348,14.657,14.19,14.01,0.691,1.158,37.79082107543945,0.478809,86.0,SIMBAD,B,2023ApJS..269....3M,,-20.156,False,4.723852634429932,Regular galaxies,,19928.299771655613,False,1.2376673243347026e+18,8.492435,6.624339914621609,15.29,14.676,14.0979,0.002666358,0.002396727,0.002344526,0.03537844,0.02447464,0.01818728,15.25462156,14.65152536,14.07971272,True,0.6030961999999978,1.1749088399999987,15.34815,14.65673,14.19015,0.002652036,0.00238594,0.002335772,15.31277156,14.63225536,14.17196272,14.888794801999998,0.0017873701358782,"SDSS(cModelMag g,r)",14.888794801999998,SDSS,Vmag_sdss,1.1749088399999987,0.6030961999999978,SDSS(cModel extcorr),-20.111205198,4.723852634429932,6.624339914621609,SDSS,False,3.2,21.197887726789148,,,,1.1749088399999987,g-i,28.72854,0.7601988838149616,86.0,14.310547135940766,7.1344746840721545,7.1344746840721545,NGC 4889,10.713362638896784,5162893.025077918,12.696784374505777,12.416473425471562,13.475701807894415,12.696784374505777,1.5267254660668796,-0.1239266540668797,0.5167221769850912,0.0172963630434801,0.5652634029359888,0.0652079894944347,0.1683949860971239,0.0596816966855155,0.0135434088873025
2MASX J12595670+2755483,84,1108,8717.949985132587,34871.799940530334,8717.949985132587,45697.89360198867,1.0,1.3104541113427164,1.0,0.9708,1.0,1.3104541113427164,True,True,True,True,True,84,1108,1.4663447415,-2.2453505797062023,-3.397661652226193,82,1092,0.6095089929083739,0.5719342053932613,1.4663447415,1.475005549,1.5036358460357149,1.490243118150722,0.1907735630237714,0.2500000000000001,-127.37710783033876,-126.3247308219584,-193.0000000000001,-191.0000000000001,49.97973741848666,624.5521522894414,0.2284706263289518,0.2548315830062702,0.2418117603911203,0.340415089607666,True,True,10,0.6127423180540357,0.0259141951827701,-0.8402825525120845,-1.2913800974625549,0.6127423180540357,0.0259141951827701,-0.8402825525120845,,,,,,,194.98605391892,27.93003702706,GiC,0.02571,15.32,16.765,1.4449997,15.814,15.043,14.676,14.39,0.7709999,1.1380005,31.542781829833984,0.331515,58.0,SIMBAD,B,2023ApJS..269....3M,,-19.68,False,3.942847728729248,Members of systems,SB0,16862.375614467303,False,1.237667444048659e+18,8.262528,6.633687811045823,15.93959,15.16513,14.76233,0.003439481,0.00282651,0.00302959,0.0309996,0.02144538,0.01593621,15.9085904,15.14368462,14.74639379,True,0.7649057800000012,1.1621966100000003,15.81388,15.04323,14.67614,0.003382762,0.002782559,0.002975706,15.7828804,15.02178462,14.66020379,15.4472959898,0.0021839537858206,"SDSS(cModelMag g,r)",15.4472959898,SDSS,Vmag_sdss,1.1621966100000003,0.7649057800000012,SDSS(cModel extcorr),-19.5527040102,3.942847728729248,6.633687811045823,SDSS,False,3.0,19.901063433137463,,,,1.1621966100000003,g-i,19.8909,0.6306006904307556,58.0,4.946322630784332,3.786178024082734,3.786178024082734,NGC 4889,2.515147953862152,41090897.67710551,3.960631449791072,2.065968970769727,2.903983908380136,3.960631449791072,1.517427597486738,-0.051082855986738,0.4607519764013439,-2.7061025561075462,0.5696276876028387,0.043114630451197,0.1508488557622078,-0.9911314082742924,0.0806069500895684
IC 4033,41,176,7566.579202264627,30266.31680905851,7566.579202264627,30266.31680905851,1.0,1.0,1.0,1.0,1.0,1.0,True,True,True,True,True,41,176,1.458596397,-0.0812486478780489,-0.0812486478780489,38,169,0.6260889071328192,0.6331312706279525,1.458596397,1.43485561,1.5033378153658536,1.4922843288125,0.25,0.25,-3.0,-4.25,-3.0,-4.25,23.79137847104713,106.99918473612396,0.2197618350746011,0.2282765899859528,0.2713228758635016,0.3166575921302441,True,True,10,0.6250314219419311,0.0351547885618329,-0.0789105829009897,-0.0789105829009897,0.6250314219419311,0.0351547885618329,-0.0789105829009897,,,,,,,195.11830877411,27.97241464842,EmG,0.02574,15.23,16.741,1.5109997,15.527,14.794,14.436,14.153,0.73300076,1.0910006,35.63478088378906,0.359436,97.0,SIMBAD,B,2023ApJS..269....3M,,-19.77,True,4.454347610473633,Regular galaxies,S...,19071.443057095606,False,1.2376674440487242e+18,8.827339,6.308491027635609,15.48044,14.81165,14.44996,0.003040772,0.002536087,0.002700216,0.03497763,0.02419736,0.01798123,15.44546237,14.78745264,14.43197877,True,0.6580097299999998,1.013483599999999,15.52668,14.79415,14.43624,0.003012475,0.002525534,0.002695346,15.49170237,14.76995264,14.41825877,15.0472366293,0.00194761131273,"SDSS(cModelMag g,r)",15.0472366293,SDSS,Vmag_sdss,1.013483599999999,0.6580097299999998,SDSS(cModel extcorr),-19.9527633707,4.454347610473633,6.308491027635609,SDSS,False,3.0,18.925473082906827,,,,1.013483599999999,g-i,21.56616,0.6051997364690085,97.0,11.659939657279867,4.489900101982722,4.489900101982722,NGC 4889,8.061199803991885,19906140.829717465,10.132900717572817,9.406657165658928,10.360003406512774,10.132900717572817,1.5240877433189015,-0.0654913463189015,0.5008439281137351,-0.5820925759917841,0.5665015117396547,0.0585299102022763,0.1634173047366617,-0.2423278876376515,0.010852172293866
LEDA 126801,18,63,5260.839680428989,21043.358721715955,1291.0100575772738,5391.308504503627,0.2453999999999999,0.2562,0.2454,0.2562,0.2454,0.2562,False,False,False,True,True,18,63,1.3953605105,0.2278472741229507,0.1764652734999998,18,60,0.6582301295708212,0.6121455595967745,1.3953605105,1.393023128,1.4450590319444443,1.4259480604603174,0.2394613583138173,0.25,2.913934426229508,3.632318501170959,2.25,3.0,11.84814233227478,36.72873357580647,0.2153722903293521,0.2376984136893149,0.3036407206329609,0.3058426781062145,True,True,10,0.6552047224562101,0.0498127965989052,0.1665873651668252,0.1450834227922313,0.6552047224562101,0.0498127965989052,0.1665873651668252,,,,,,,194.78782038806,27.8975533285,GiC,0.02615,17.18,18.36,1.1800003,17.569,16.822,16.457,16.193,0.74699974,1.1119995,13.199999809265137,0.2,,SIMBAD,E,2003A&A...412...45P,,-17.82,False,1.649999976158142,Members of systems,,7173.49906142318,False,1.2376674440485934e+18,4.594318,4.291893499706958,17.64809,16.89255,16.50446,0.008106869,0.006181642,0.007094086,0.04454578,0.03081656,0.02290001,17.60354422,16.86173344,16.48155999,True,0.7418107800000016,1.121984229999999,17.56895,16.82227,16.45729,0.007975766,0.006101303,0.006990657,17.52440422,16.791453439999998,16.43438999,17.155875859799995,0.0049345308631597,"SDSS(cModelMag g,r)",17.155875859799995,SDSS,Vmag_sdss,1.121984229999999,0.7418107800000016,SDSS(cModel extcorr),-17.844124140200005,1.649999976158142,4.291893499706958,SDSS,False,3.2,13.734059199062267,,,,1.121984229999999,g-i,12.0,0.9090909222269192,0.0,6.950425040230947,13.880221918296847,6.950425040230947,NGC 4874,10.363985001425442,3910751.813217066,8.58598618713295,8.68139070211671,7.855333165697257,8.58598618713295,1.4889833408997235,-0.0936228303997237,0.2895266323444261,-0.0616793582214754,0.5829790091248258,0.0722257133313842,0.0971713242877908,0.0694160408790344,0.014667812451028
2MASX J12595104+2749592,0,0,885.6778352039772,3542.711340815908,0.0,0.0,0.0,0.0,0.0,0.0,0.0,0.0,False,False,False,False,False,0,0,,,,0,0,,,,,,,,0.25,,,0.0,0.0,,,,,,,False,False,10,,,,,,,,,,,,,,194.9625044108,27.83295082283,GiC,0.02634,16.29,17.78,1.4899998,17.144,16.395,16.049,15.765,0.74899864,1.0949993,24.960420608520508,0.191321,17.0,SIMBAD,B,2023ApJS..269....3M,,-18.71,False,3.1200525760650635,Members of systems,SBa,13660.080393049311,False,1.237667444048659e+18,3.982427,2.4758934744040366,16.97805,16.21085,15.85805,0.005321739,0.00428197,0.00481274,0.03088952,0.02136923,0.01587963,16.94716048,16.18948077,15.84217037,True,0.7576797100000014,1.104990110000001,17.1438,16.39516,16.04923,0.005189636,0.004178458,0.004684424,17.11291048,16.37379077,16.03335037,16.4901294511,0.003338150800487,"SDSS(cModelMag g,r)",16.4901294511,SDSS,Vmag_sdss,1.104990110000001,0.7576797100000014,SDSS(cModel extcorr),-18.5098705489,3.1200525760650635,2.4758934744040366,SDSS,False,3.0,7.427680423212109,,,,1.104990110000001,g-i,11.47926,0.4598985001110691,17.0,8.296946049062022,9.433580826854312,8.296946049062022,NGC 4874,8.11359828441877,3988392.194052256,8.46962794736223,5.945349234362124,4.990911453497621,8.46962794736223,,,,,,,,,
LEDA 126756,54,189,5326.3502539467145,21305.401015786865,5326.3502539467145,21305.401015786865,1.0,1.0,1.0,1.0,1.0,1.0,True,True,True,True,True,54,189,1.538845682,0.2873334305000008,0.2873334305000008,53,184,0.5893644959329777,0.611413201291443,1.538845682,1.430299716,1.4742505504074075,1.438128996851852,0.2499999999999999,0.2499999999999999,6.750000000000014,7.000000000000014,6.750000000000014,7.000000000000014,31.23631828444781,112.50002903762552,0.2095535966895128,0.2422772031889589,0.2972005751598173,0.3324428825816969,True,True,10,0.5877015161021182,0.0281351373638326,0.057041001773696,0.057041001773696,0.5877015161021182,0.0281351373638326,0.057041001773696,,,,,,,195.10342316666663,27.92662455555556,G,0.02653,16.57,18.52,1.9500008,17.209,16.542,16.214,15.947,0.6669998,0.99499893,23.97917938232422,0.156264,159.0,SIMBAD,B,2023ApJS..269....3M,,-18.43,False,2.997397422790528,Regular galaxies,,13214.700421836067,False,1.2376674440487242e+18,10.60795,6.584942530563399,17.43762,16.78736,16.51007,0.008155019,0.006782672,0.007871005,0.03299034,0.02282256,0.01695961,17.404629659999998,16.764537439999998,16.49311039,True,0.6400922199999997,0.9115192699999994,17.20902,16.54179,16.21383,0.007910382,0.006540264,0.007601303,17.176029659999998,16.518967439999997,16.19687039,17.016975250199994,0.0052147477111506,"SDSS(cModelMag g,r)",17.016975250199994,SDSS,Vmag_sdss,0.9115192699999994,0.6400922199999997,SDSS(cModel extcorr),-17.983024749800006,2.997397422790528,6.584942530563399,SDSS,False,3.2,21.07181609780288,,,,0.9115192699999994,g-i,9.375839999999998,0.39099920187057,159.0,11.021812546914266,4.77344387144913,4.77344387144913,NGC 4889,7.684682376730175,16808310.510826156,9.710825311160958,8.291319481255403,8.96930753292957,9.710825311160958,1.4912957435265644,0.0475499384734356,0.3034465579423295,-0.0161131274423287,0.5818936008679851,0.005807915234133,0.1015350897602353,-0.0444940879865392,0.0118839401341816
LEDA 126770,19,94,1892.153506134464,7568.614024537856,2407.556605267719,9535.657045083122,1.2723896858591497,1.2598947461408398,1.0,1.0,1.2723896858591497,1.2598947461408398,True,True,True,True,True,19,94,1.412769868,-0.3052246265987486,-0.2883538220921051,19,94,0.6609750747622638,0.6671418552013677,1.412769868,1.3753766005,1.342063651,1.3842710606702124,0.2524793618190294,0.25,-4.733060010988769,-4.733060010988769,-4.5,-4.5,12.558526420483012,62.71133438892856,0.1943523717172813,0.1917203564224494,0.3152070222300494,0.2670249333643055,True,True,10,0.665602353885627,0.0442362522653933,-0.1677301558689223,-0.1595467828108013,0.665602353885627,0.0442362522653933,-0.1677301558689223,,,,,,,195.0236725,27.926465555555552,G,0.02653,18.057,18.784,0.7270012,18.307,17.735,17.433,17.266,0.5719986,0.87399864,12.0,0.17,155.0,SIMBAD,E,2003A&A...412...45P,,-16.943,False,1.5,Regular galaxies,,6613.087234291442,False,1.237667444048724e+18,3.483352,2.661912552547668,18.32106,17.7197,17.45893,0.01153686,0.0106469,0.01440574,0.0318165,0.02201051,0.01635617,18.2892435,17.69768949,17.442573829999997,True,0.5915540099999994,0.8466696700000007,18.30723,17.73506,17.43327,0.01153755,0.01057839,0.01439955,18.2754135,17.71304949,17.41691383,17.930226634099995,0.007863418834128,"SDSS(cModelMag g,r)",17.930226634099995,SDSS,Vmag_sdss,0.8466696700000007,0.5915540099999994,SDSS(cModel extcorr),-17.069773365900005,1.5,2.661912552547668,SDSS,False,3.2,8.518120168152539,,,,0.8466696700000007,g-i,10.2,0.8500000000000001,155.0,6.905496776299876,3.080113028894752,3.080113028894752,NGC 4889,3.9383040374325753,62844439.643469065,5.762967630263122,4.068760980576809,4.775189154304871,5.762967630263122,1.4760920312809684,-0.0633221632809684,0.211925063884967,-0.5171496904837156,0.5890300029004221,0.0765723509852049,0.0728439640106691,-0.2405741198795914,0.0181875376971458
NGC 4875,83,132,2200.333207198052,8801.33282879221,2200.333207198052,7713.488091153493,1.0,0.8764,1.0,0.8764,1.0,0.8764,True,True,True,True,True,83,132,1.593175219,0.9271394491268056,1.0094614702831326,82,129,0.5152093860966355,0.6028503132225742,1.593175219,1.4681285195,1.6135975860120482,1.5013870554924245,0.285257873117298,0.2499999999999999,45.34596074851667,45.20173436786856,50.00000000000001,49.75000000000001,42.2471696599241,77.76769040571207,0.2711476369176414,0.2299651731601292,0.3048803959210012,0.2827385959461554,True,True,10,0.5182084919570591,0.0308666942333955,0.2476737850987916,0.2811118748664735,0.5182084919570591,0.0308666942333955,0.2476737850987916,,,,,,,194.90795580391,27.90733340062,GiC,0.02671,14.57,15.92,1.3500004,15.367,14.541,14.153,13.833,0.82599926,1.2139997,29.86680030822754,0.383589,115.0,SIMBAD,B,2023ApJS..269....3M,,-20.43,True,3.7333500385284415,Members of systems,,16567.377877547176,False,1.2376674440486587e+18,3.47767,3.014775254107091,15.39778,14.56522,14.16586,0.002560771,0.002236889,0.002306748,0.03416076,0.02363226,0.0175613,15.363619239999998,14.54158774,14.1482987,True,0.8220314999999978,1.215320539999999,15.36718,14.54056,14.15294,0.002544876,0.002222457,0.002294919,15.33301924,14.51692774,14.1353787,14.868620655,0.0016864466193428,"SDSS(cModelMag g,r)",14.868620655,SDSS,Vmag_sdss,1.215320539999999,0.8220314999999978,SDSS(cModel extcorr),-20.131379345,3.7333500385284415,3.014775254107091,SDSS,False,3.2,9.647280813142691,,,,1.215320539999999,g-i,23.01534,0.7705994536569043,115.0,3.1525686136990174,7.869878982823536,3.1525686136990174,NGC 4874,4.78141583304099,38506918.90996041,3.929293797283165,2.517992996236803,1.4670386222069929,3.929293797283165,1.5270613231279206,0.0661138958720792,0.5187439292729308,0.4083955198538749,0.5651057565023873,-0.0468972645453281,0.1690287863833007,0.0786449987154909,0.0213122333250824
LEDA 93696,39,68,6996.457932138317,27985.83172855327,5591.569179364943,12022.713310586483,0.7992,0.4296,0.7992,0.4296,0.7992,0.4296,False,False,False,True,True,39,68,1.471813893,0.3478075539314569,0.8676182933205128,39,66,0.5311471394531099,0.640436258236018,1.471813893,1.3860957875,1.4551447446666668,1.388055737352941,0.4650837988826816,0.25,7.374301675977652,8.304469273743017,22.0,22.5,20.714738438671283,42.26879304357719,0.2742257530133301,0.2038848909469879,0.4247488507730038,0.3060938249857406,True,True,10,0.5328843992002186,0.0461888601679105,0.0288195057927123,0.2619305976388263,0.5328843992002186,0.0461888601679105,0.0288195057927123,,,,,,,194.76993002245,28.050391403130003,G,0.02689,16.53,18.06,1.5299988,17.005,16.29,15.933,15.654,0.71499825,1.0719995,10.979999542236328,0.121,125.0,SIMBAD,C,2006AJ....131.1163S,,-18.47,False,1.372499942779541,Regular galaxies,,6130.413423194526,False,1.2376673243345062e+18,7.938399,5.803594064877603,17.20397,16.49918,16.14204,0.005875899,0.004978854,0.005413767,0.0328658,0.02273641,0.01689559,17.171104200000002,16.47644359,16.12514441,True,0.6946606100000032,1.0459597900000013,17.00517,16.29045,15.93348,0.005735601,0.004852596,0.005270808,16.9723042,16.26771359,15.91658441,16.751254440099995,0.0037990655178284,"SDSS(cModelMag g,r)",16.751254440099995,SDSS,Vmag_sdss,1.0459597900000013,0.6946606100000032,SDSS(cModel extcorr),-18.248745559900005,1.372499942779541,5.803594064877603,SDSS,False,3.2,18.57150100760833,,,,1.0459597900000013,g-i,7.26,0.66120221335832,125.0,8.746598536574846,14.650855454897236,8.746598536574846,NGC 4874,11.51180486839094,2189058.9906040514,9.603901547815774,11.804232723247267,12.039512553593994,9.603901547815774,1.4957194354099257,-0.0239055424099257,0.3300757708526136,0.0177317830788432,0.5798171840536351,-0.0469327848534165,0.1098830970135049,-0.0810635912207926,0.0089834492682935
Z 160-235,0,0,1289.7111665867458,5158.844666346983,0.0,0.0,0.0,0.0,0.0,0.0,0.0,0.0,False,False,False,False,False,0,0,,,,0,0,,,,,,,,0.25,,,0.0,0.0,,,,,,,False,False,10,,,,,,,,,,,,,,194.94217517401,27.85723506096,GiC,0.02699,15.0,16.258,1.2579994,15.598,14.813,14.451,14.165,0.78499985,1.1469994,35.63898086547852,0.241217,153.0,SIMBAD,B,2023ApJS..269....3M,,-20.0,False,4.454872608184815,Members of systems,S0...,19969.73381437064,False,1.2376674440486587e+18,4.439259,3.1794672124307453,15.60991,14.83156,14.4557,0.002780801,0.002415345,0.002514627,0.03319907,0.02296696,0.01706691,15.57671093,14.80859304,14.43863309,True,0.7681178899999992,1.1380778399999991,15.59794,14.81347,14.45058,0.002767158,0.002404923,0.002506799,15.56474093,14.79050304,14.43351309,15.113521374899998,0.0018250124415073,"SDSS(cModelMag g,r)",15.113521374899998,SDSS,Vmag_sdss,1.1380778399999991,0.7681178899999992,SDSS(cModel extcorr),-19.886478625100004,4.454872608184815,3.1794672124307453,SDSS,False,3.0,9.538401637292235,,,,1.1380778399999991,g-i,14.47302,0.4061008381420693,153.0,6.538809249956871,8.673173585012453,6.538809249956871,NGC 4874,6.775550475184559,6581459.73053908,6.848695485084608,4.439584266507969,3.337658862729874,6.848695485084608,,,,,,,,,
LEDA 126763,3,13,571.0355874365433,2284.142349746173,571.0355874365433,2284.142349746173,1.0,1.0,1.0,1.0,1.0,1.0,True,True,True,True,True,3,13,1.501981108,0.0146169970833329,0.0146169970833329,3,13,0.6107580137708174,0.6520542531327569,1.501981108,1.372951487,1.5117404553333331,1.4105803455384618,0.25,0.25,-0.2500000000000009,-0.2500000000000009,-0.2500000000000009,-0.2500000000000009,1.832274041312452,8.476705290725839,0.1992942632813809,0.205932775150409,0.1985617811798614,0.2749297737003158,False,True,10,,,,,,,,,,,,,,195.0558333333333,28.053416666666667,GiC,0.02716,17.31,18.735,1.4250011,18.066,17.576,17.288,17.118,0.48999977,0.7779999,23.923620223999023,0.110128,81.0,SIMBAD,B,2023ApJS..269....3M,,-17.69,False,2.990452527999878,Members of systems,,13486.880114119487,False,1.2376673243346373e+18,5.57706,2.5653439373339,17.77352,17.37881,17.08642,0.009343303,0.009583651,0.01136317,0.03462406,0.02395277,0.01779947,17.738895940000003,17.35485723,17.06862053,True,0.3840387100000022,0.6702754100000021,18.06555,17.57608,17.28782,0.00910119,0.009323749,0.01100583,18.030925940000003,17.55212723,17.27002053,17.502313101099997,0.0068298168456967,"SDSS(cModelMag g,r)",17.502313101099997,SDSS,Vmag_sdss,0.6702754100000021,0.3840387100000022,SDSS(cModel extcorr),-17.497686898900003,2.990452527999878,2.5653439373339,SDSS,False,3.2,8.20910059946848,,,,0.6702754100000021,g-i,6.60768,0.2761990007420153,81.0,10.056494062975387,4.730572229394344,4.730572229394344,NGC 4889,6.978071934432116,17505784.60585937,8.437501738526649,9.32991404387002,10.605540081525024,8.437501738526649,1.4832158904247073,0.0187652175752928,0.25480842169635,-0.240191424613017,,,,,0.0106498651759044
NGC 4883,83,248,8962.149714533487,35848.59885813394,8962.149714533487,26965.31606108835,1.0,0.7522,1.0,0.7522,1.0,0.7522,True,False,False,True,True,83,248,1.475650823,0.0482225576065993,0.401939281771084,75,240,0.6030679084874431,0.6253895897978803,1.475650823,1.437388031,1.5418866296626506,1.4537828022419357,0.3323584153150759,0.25,0.5751130018611832,-4.76601967561821,20.999999999999982,14.999999999999986,45.23009313655823,150.09350155149127,0.2279850156682713,0.219188696612151,0.3525540294804503,0.2776406952925684,True,True,10,0.6017412736971928,0.02803890319539,-0.0633899039660674,0.1014296018588883,0.6017412736971928,0.02803890319539,-0.0633899039660674,,,,,,,194.98340521471,28.034715581050005,GiG,0.02719,14.27,15.2,0.92999935,14.821,14.007,13.584,13.254,0.8140001,1.2370005,38.738399505615234,0.533751,80.0,SIMBAD,B,2023ApJS..269....3M,,-20.73,True,4.842299938201904,Members of systems,,21862.00344133771,False,1.2376673243345718e+18,6.498521,5.874312168409293,14.84764,14.04769,13.60803,0.002187753,0.001979091,0.001982934,0.03000656,0.0207584,0.01542571,14.81763344,14.0269316,13.59260429,True,0.7907018400000005,1.225029150000001,14.82103,14.0069,13.58407,0.002165257,0.001957995,0.001964019,14.79102344,13.9861416,13.56864429,14.341119354399998,0.0014724161555133,"SDSS(cModelMag g,r)",14.341119354399998,SDSS,Vmag_sdss,1.225029150000001,0.7907018400000005,SDSS(cModel extcorr),-20.6588806456,4.842299938201904,5.874312168409293,SDSS,False,3.2,18.79779893890974,,,,1.225029150000001,g-i,32.02506,0.8267006486769769,80.0,6.371719626894357,4.36928950469581,4.36928950469581,NGC 4889,4.096655204134222,25083030.479686186,4.86785370959485,6.50773941549859,7.768595190392093,4.86785370959485,1.535843108871569,-0.0601922858715688,0.5716074759362235,-0.5233849183296242,0.5609837136343667,0.040757560062826,0.1856010099959742,-0.2489909139620417,0.0125712616116315
IC 4026,88,283,8238.004192518425,32952.0167700737,8238.004192518425,32952.0167700737,1.0,1.0,1.0,1.0,1.0,1.0,True,True,True,True,True,88,283,1.4790424635,0.3437855129772726,0.3437855129772726,82,274,0.5631622293725922,0.6332567172898297,1.4790424635,1.412051048,1.4993022473636364,1.4314158663604242,0.25,0.25,17.25,13.5,17.25,13.5,46.17930280855256,173.51234053741334,0.2329945163954308,0.203789414057885,0.3163344185214265,0.3067790916056944,True,True,10,0.5668677409695058,0.0246227935590336,0.0378667027456846,0.0378667027456846,0.5668677409695058,0.0246227935590336,0.0378667027456846,,,,,,,195.09225412222,28.04701061643,EmG,0.02727,14.63,15.5,0.8699999,15.128,14.365,13.958,13.671,0.7630005,1.1700001,38.0908203125,0.505528,73.0,SIMBAD,B,2023ApJS..269....3M,,-20.369999,True,4.7613525390625,Regular galaxies,SB0,21557.70523275521,False,1.2376673243346373e+18,6.247734,5.73849487368473,15.10569,14.36515,13.95655,0.002351962,0.002099375,0.002134596,0.03497309,0.02419422,0.0179789,15.07071691,14.34095578,13.9385711,True,0.72976113,1.132145809999999,15.12822,14.36483,13.95826,0.002345893,0.002099178,0.002134811,15.09324691,14.34063578,13.9402811,14.6301578433,0.0015697421405785,"SDSS(cModelMag g,r)",14.6301578433,SDSS,Vmag_sdss,1.132145809999999,0.72976113,SDSS(cModel extcorr),-20.369842156700003,4.7613525390625,5.73849487368473,SDSS,False,3.0,17.21548462105419,,,,1.132145809999999,g-i,30.33168,0.7962989442379181,73.0,11.52247080190528,5.219269139559637,5.219269139559637,NGC 4889,8.181683973547786,12948621.650616655,9.877115397745982,10.3688043585137,11.600167881128444,9.877115397745982,1.5310312267429362,-0.0519887632429363,0.5426414816759761,-0.1988559686987034,0.5632423413200207,0.003625399649485,0.176520443814864,-0.1386537410691794,0.0093329548424264
LEDA 126781,40,281,2065.599729966584,8262.398919866331,2065.599729966584,8262.398919866331,1.0,1.0,1.0,1.0,1.0,1.0,True,True,True,True,True,40,281,1.4718216395,-1.1614561661437517,-1.1614561661437517,40,268,0.6075783455212445,0.5898497407897253,1.4718216395,1.499375263,1.504031515125,1.510541788010676,0.2500000000000001,0.2500000000000001,-30.250000000000043,-27.000000000000043,-30.250000000000043,-27.000000000000043,24.30313382084978,158.0797305316464,0.2146151976040827,0.231749893629631,0.222919505219053,0.2886197309142282,True,True,10,0.6059070902373076,0.0343267833768839,-0.382091225585483,-0.382091225585483,0.6059070902373076,0.0343267833768839,-0.382091225585483,,,,,,,194.945554,27.991910222222227,G,0.02806,17.43,18.62,1.1900005,18.251,17.563,17.235,17.037,0.6879997,1.0159988,7.31,,,NED,,,2007SDSS6.C...0000:,-17.57,False,0.91375,Regular galaxies,,4252.921520533966,False,1.2376673243345718e+18,2.776629,2.564177870091956,18.14186,17.46356,17.15899,0.009592406,0.008309748,0.009472908,0.02683427,0.01856383,0.01379491,18.115025730000003,17.44499617,17.145195089999998,True,0.6700295600000032,0.969830640000005,18.25128,17.56304,17.23544,0.009388872,0.008102566,0.009229952,18.224445730000003,17.54447617,17.22164509,17.709708289599998,0.0062852658188029,"SDSS(cModelMag g,r)",17.709708289599998,SDSS,Vmag_sdss,0.969830640000005,0.6700295600000032,SDSS(cModel extcorr),-17.290291710400002,0.91375,2.564177870091956,SDSS,False,3.2,8.205369184294259,,,,0.969830640000005,g-i,,1.0,0.0,3.1592827355387763,4.756950415681944,3.1592827355387763,NGC 4874,1.7996555516984636,50873973.30364028,1.6096442042332475,3.649533123418309,4.797335710604216,1.6096442042332475,1.4797631973079342,-0.0079415578079342,0.2340243113774907,-1.3954804775212422,0.5873068108093693,0.0186002794279382,0.0797718698027378,-0.4618630953882208,0.0530304666252977
LEDA 44809,98,85,4064.1241799524896,16256.496719809958,4064.1241799524896,15336.379005468714,1.0,0.9434,1.0,0.9434,1.0,0.9434,True,True,True,True,True,98,85,1.5404093765,1.21479568134126,1.233225416487245,91,83,0.5632495353874707,0.6345486786131453,1.5404093765,1.416660145,1.5832308994081634,1.482456100164706,0.26499894000424,0.25,75.4750900996396,69.00508797964808,76.75,70.25,51.25570772025983,52.66754032489106,0.2503312141317086,0.2312453416376687,0.2794576952873813,0.3153851430654539,True,True,10,0.5635167538240615,0.0256312598311694,0.4101448597721198,0.4188257089754597,0.5635167538240615,0.0256312598311694,0.4101448597721198,,,,,,,195.17849319377,27.963118502520004,EmG,0.02809,14.96,16.013,1.0530005,15.47,14.708,14.333,14.034,0.7620001,1.1370001,38.44841766357422,0.368079,93.0,SIMBAD,B,2023ApJS..269....3M,,-20.04,False,4.806052207946777,Regular galaxies,,22392.20132427161,False,1.2376674440487242e+18,5.390098,4.745714837436945,15.38528,14.70841,14.32423,0.00274017,0.002341676,0.002453262,0.03404471,0.02355197,0.01750164,15.35123529,14.68485803,14.30672836,True,0.6663772599999991,1.0445069300000007,15.46956,14.70831,14.33325,0.00273654,0.002341676,0.00245403,15.43551529,14.68475803,14.31574836,14.9480727066,0.0017807222943599,"SDSS(cModelMag g,r)",14.9480727066,SDSS,Vmag_sdss,1.0445069300000007,0.6663772599999991,SDSS(cModel extcorr),-20.0519272934,4.806052207946777,4.745714837436945,SDSS,False,3.2,15.186287479798224,,,,1.0445069300000007,g-i,22.08474,0.5743991909691238,93.0,14.824994851296887,7.716076510397371,7.716076510397371,NGC 4889,11.250885684039533,4121922.4246655065,13.32967281160282,12.414042853786256,13.259452735934262,13.32967281160282,1.5257386137938378,0.0146707627061621,0.5107816413459183,0.7040140399953418,0.5657266170808822,-0.0022098632568207,0.1665326841668641,0.2436121756052556,0.0070796638844453
2MASX J13004737+2755196,0,9,3888.133038247917,15552.532152991676,0.0,4740.411800231863,0.0,0.3048,0.0,0.3048,0.0,0.3048,False,False,False,False,True,0,9,,,,0,8,,0.591767089049329,,1.401457992,,1.461712100666667,,0.2499999999999998,,,-2.2499999999999987,-1.999999999999999,,4.734136712394632,,0.168262883630049,,0.224750280482863,False,True,10,,,,,,,,,,,,,,195.19752473185,27.92218747244999,GiC,0.02857,15.47,16.81,1.3399992,15.851,15.077,14.701,14.426,0.77400017,1.1499996,31.648378372192383,0.292167,45.0,SIMBAD,B,2023ApJS..269....3M,,-19.529999,False,3.956047296524048,Members of systems,Sa,18735.979374562656,False,1.2376674440487898e+18,6.373846,4.726940625399687,15.90804,15.14599,14.74369,0.003241365,0.002699972,0.002844043,0.03149147,0.02178566,0.01618908,15.87654853,15.12420434,14.72750092,True,0.7523441900000005,1.1490476099999984,15.85108,15.07733,14.70059,0.003198296,0.002668474,0.002810951,15.81958853,15.05554434,14.68440092,15.422665457899996,0.0020745433518924,"SDSS(cModelMag g,r)",15.422665457899996,SDSS,Vmag_sdss,1.1490476099999984,0.7523441900000005,SDSS(cModel extcorr),-19.577334542100004,3.956047296524048,4.726940625399687,SDSS,False,3.0,14.18082187619906,,,,1.1490476099999984,g-i,17.53002,0.5538994697877673,45.0,15.990139227927934,9.28360218270498,9.28360218270498,NGC 4889,12.563946363412294,2441529.4593276647,14.624740862878175,13.2864986118464,13.930517174191545,14.624740862878175,,,,,,,,,0.0561484967569039
SDSS J130041.19+280242.4,10,33,876.5563541589966,3506.225416635986,876.5563541589966,3506.225416635986,1.0,1.0,1.0,1.0,1.0,1.0,True,True,True,True,True,10,33,1.502351565,0.3773303539500001,0.3773303539500001,10,33,0.5376112934288916,0.6740687781919223,1.502351565,1.363662074,1.4247960757,1.4120608807575756,0.25,0.25,1.75,1.75,1.75,1.75,5.376112934288916,22.24426968033344,0.2923907752268836,0.1722531979781943,0.3853745504825259,0.2047826310065683,True,True,10,0.5408332769631704,0.090965130791837,-0.0152734650451655,-0.0152734650451655,0.5408332769631704,0.090965130791837,-0.0152734650451655,,,,,,,195.17167543485,28.04512661346,G,0.02877,17.15,18.487,1.3369999,18.054,17.328,16.977,16.693,0.72600174,1.0770016,7.07,,,NED,,,2007SDSS6.C...0000:,-17.85,False,0.88375,Regular galaxies,E3,4213.752716134498,False,1.2376673243347028e+18,1.786883,1.6703788591993995,17.90871,17.17143,16.81345,0.006900973,0.005767426,0.00626357,0.03569281,0.02469212,0.01834889,17.87301719,17.14673788,16.79510111,True,0.7262793099999989,1.0779160799999978,18.05374,17.32846,16.9766,0.006820921,0.005682242,0.006168075,18.01804719,17.30376788,16.958251110000003,17.434512397099997,0.0044254286970797,"SDSS(cModelMag g,r)",17.434512397099997,SDSS,Vmag_sdss,1.0779160799999978,0.7262793099999989,SDSS(cModel extcorr),-17.565487602900003,0.88375,1.6703788591993995,SDSS,False,3.2,5.345212349438079,,,,1.0779160799999978,g-i,,1.0,0.0,15.347205718876296,8.371679110705964,8.371679110705964,NGC 4889,11.82133988688467,3267162.795549767,13.70584592135592,13.725316032854009,14.85242231244942,13.70584592135592,1.484344629358847,0.0180069356411531,0.2616030697391722,0.1157272842108279,0.585156353048037,-0.0443230760848666,0.0884175506050635,-0.1036910156502291,0.0105820354808364
LEDA 1821892,17,68,3011.513918800005,12046.055675200016,3011.513918800005,12046.055675200016,1.0,1.0,1.0,1.0,1.0,1.0,True,True,True,True,True,17,68,1.472442075,-0.0848083295000003,-0.0848083295000003,15,62,0.5910819189942887,0.550715551820819,1.472442075,1.5572504045,1.4749976645294116,1.578442751132353,0.25,0.25,-3.552713678800501e-15,-0.5000000000000036,-3.552713678800501e-15,-0.5000000000000036,8.86622878491433,34.14436421289078,0.2556625673249512,0.2679274579111759,0.3540225457614866,0.3384789368963265,True,True,10,0.5953671439620649,0.0606989096398438,0.0262944070805518,0.0262944070805518,0.5953671439620649,0.0606989096398438,0.0262944070805518,,,,,,,195.14344216666663,27.934681972222226,G,0.02923,16.81,18.512,1.7019997,17.386,16.689,16.424,16.16,0.6970005,0.9619999,12.59999942779541,0.19,,SIMBAD,E,2003A&A...412...45P,,-18.19,False,1.5749999284744265,Regular galaxies,dG,7625.491314689721,False,1.2376674440487242e+18,3.510405,3.2549950920190702,17.75474,16.97528,16.84774,0.01036726,0.008362913,0.01274201,0.03349451,0.02317134,0.01721879,17.72124549,16.95210866,16.83052121,True,0.7691368300000008,0.8907242800000006,17.3859,16.68892,16.42357,0.01006553,0.008036132,0.01242769,17.35240549,16.66574866,16.40635121,17.2574547603,0.0065125209007042,"SDSS(cModelMag g,r)",17.2574547603,SDSS,Vmag_sdss,0.8907242800000006,0.7691368300000008,SDSS(cModel extcorr),-17.7425452397,1.5749999284744265,3.2549950920190702,SDSS,False,3.2,10.415984294461026,,,,0.8907242800000006,g-i,11.4,0.9047619458499158,0.0,13.050826799854024,6.345023801094404,6.345023801094404,NGC 4889,9.60274429844382,7301166.306122093,11.666926795841402,10.410278932454403,11.130289001241543,11.666926795841402,1.4872922661303312,-0.0148501911303311,0.2793469020945098,-0.3641552315945102,0.5837727750963431,0.0115943688657218,0.0939800748036647,-0.0676856677231128,0.0093907533269506
2MASX J13004540+2750076,0,0,998.3218594767478,3993.2874379069926,0.0,0.0,0.0,0.0,0.0,0.0,0.0,0.0,False,False,False,False,False,0,0,,,,0,0,,,,,,,,0.2499999999999999,,,0.0,0.0,,,,,,,False,False,10,,,,,,,,,,,,,,195.1891958333333,27.835455555555555,GiC,0.02927,16.71,18.048,1.3380013,17.603,16.898,16.562,16.325,0.7049999,1.0410004,10.019999504089355,0.103,115.0,SIMBAD,C,2006AJ....131.1163S,,-18.29,False,1.2524999380111694,Members of systems,I,6072.086296415636,False,1.2376674440487898e+18,3.110505,2.269864676479541,17.50216,16.77746,16.45893,0.006669195,0.005489769,0.006412807,0.02759026,0.01908681,0.01418355,17.47456974,16.75837319,16.44474645,True,0.7161965499999994,1.0298232899999995,17.60312,16.89836,16.56232,0.006535726,0.005343677,0.006230035,17.57552974,16.87927319,16.54813645,17.042013775499996,0.0042388282506088,"SDSS(cModelMag g,r)",17.042013775499996,SDSS,Vmag_sdss,1.0298232899999995,0.7161965499999994,SDSS(cModel extcorr),-17.957986224500004,1.2524999380111694,2.269864676479541,SDSS,False,3.0,6.809594029438623,,,,1.0298232899999995,g-i,6.18,0.6167664975909253,115.0,17.097135710689983,11.836187983514154,11.836187983514154,NGC 4889,14.251720516392304,1267928.1230958253,16.090072171012523,14.06345865866405,14.25268333442153,16.090072171012523,,,,,,,,,
2MASX J12595013+2755292,20,61,2814.5671323543347,11258.268529417335,2814.5671323543347,11258.268529417335,1.0,1.0,1.0,1.0,1.0,1.0,True,True,True,True,True,20,61,1.402172651,0.3220139950499996,0.3220139950499996,19,61,0.6447652782434092,0.6869342509836647,1.402172651,1.416601516,1.4281368082,1.4239378103934428,0.25,0.25,4.7499999999999964,3.749999999999997,4.7499999999999964,3.749999999999997,12.250540286624776,41.90298931000355,0.2061429195802998,0.1810371975777259,0.3744087258414992,0.2232187696819579,True,True,10,0.6462741963343044,0.0510601501353407,0.0949190738342575,0.0949190738342575,0.6462741963343044,0.0510601501353407,0.0949190738342575,,,,,,,194.95877298074,27.92484964126,GiC,0.0328,16.05,17.563,1.5130005,16.699,15.917,15.55,15.265,0.7819996,1.1489992,12.0,0.152,130.0,SIMBAD,C,2006AJ....131.1163S,,-18.95,False,1.5,Members of systems,S0...,8114.346440645568,False,1.237667444048659e+18,4.288744,3.4333973959291373,16.77092,15.98019,15.60941,0.004491246,0.003575742,0.003852796,0.03131631,0.02166448,0.01609903,16.73960369,15.95852552,15.59331097,True,0.7810781699999989,1.1462927199999982,16.69916,15.91709,15.54959,0.00444064,0.003537403,0.003809073,16.667843689999998,15.89542552,15.53349097,16.2687675697,0.0028002815009222,"SDSS(cModelMag g,r)",16.2687675697,SDSS,Vmag_sdss,1.1462927199999982,0.7810781699999989,SDSS(cModel extcorr),-18.7312324303,1.5,3.4333973959291373,SDSS,False,3.0,10.300192187787411,,,,1.1462927199999982,g-i,9.12,0.7599999999999999,130.0,3.790616106701856,5.058301216262191,3.790616106701856,NGC 4874,2.627388738047591,33537255.935967512,3.2176604041907355,0.7235798360625639,1.4620444673537998,3.2176604041907355,1.503751825690588,-0.101579174690588,0.3784281960671194,-0.0564142010171198,0.5760468965476448,0.0702272997866595,0.1250411265716366,-0.030122052737379,0.0068997679372909
2MASX J13001027+2751502,0,0,2858.226539382497,11432.906157529997,0.0,0.0,0.0,0.0,0.0,0.0,0.0,0.0,False,False,False,False,False,0,0,,,,0,0,,,,,,,,0.2499999999999998,,,0.0,0.0,,,,,,,False,False,10,,,,,,,,,,,,,,195.04265407771,27.863970120340003,GiC,0.03311,15.54,17.103,1.5630007,16.517,15.931,15.639,15.399,0.58600044,0.87800026,14.579999923706056,0.195,70.0,SIMBAD,C,2006AJ....131.1163S,,-19.46,False,1.8224999904632568,Members of systems,SB0,9948.394155911205,False,1.2376674440487242e+18,3.614824,3.3671248299694847,16.3652,15.76924,15.44841,0.004105712,0.003577852,0.004090663,0.03125388,0.02162129,0.01606693,16.33394612,15.74761871,15.432343070000002,True,0.5863274100000009,0.9016030499999984,16.51719,15.93079,15.63924,0.004031604,0.003498494,0.003979875,16.485936119999998,15.90916871,15.62317307,15.9780129481,0.002699940147322,"SDSS(cModelMag g,r)",15.9780129481,SDSS,Vmag_sdss,0.9016030499999984,0.5863274100000009,SDSS(cModel extcorr),-19.0219870519,1.8224999904632568,3.3671248299694847,SDSS,False,3.0,10.101374489908457,,,,0.9016030499999984,g-i,11.7,0.8024691400016143,70.0,9.53222029409924,6.799744501636793,6.799744501636793,NGC 4889,7.447525628401955,6795957.090384706,8.858008499642901,6.472803993154566,6.408752903972819,8.858008499642901,,,,,,,,,
SDSS J130018.34+280333.4,25,54,1962.6485047320589,7850.594018928235,1962.6485047320589,7850.594018928235,1.0,1.0,1.0,1.0,1.0,1.0,True,True,True,True,True,25,54,1.442924298,0.6657749442,0.6657749442,25,54,0.5974493978967627,0.5770416080376239,1.442924298,1.43916547,1.4207302966400002,1.4133820569814814,0.25,0.25,11.5,11.5,11.5,11.5,14.936234947419068,31.16024683403169,0.2164309853184119,0.2590919553777036,0.4091727266964761,0.3489159828975794,True,True,10,0.599249583902425,0.0425124331177812,0.2876471155621081,0.2876471155621081,0.599249583902425,0.0425124331177812,0.2876471155621081,,,,,,,195.07642091666665,28.05928861111111,G,0.03325,17.34,18.559,1.2189999,18.024,17.445,17.147,17.005,0.5790005,0.8770008,7.19,,,NED,,,2007SDSS6.C...0000:,-17.66,False,0.89875,Regular galaxies,,4925.877325383879,False,1.2376673243346373e+18,2.885166,2.499460786169786,17.89298,17.3703,17.04342,0.008126638,0.007430765,0.008764295,0.03495962,0.0241849,0.01797197,17.858020380000003,17.3461151,17.02544803,True,0.5119052800000041,0.8325723500000031,18.02426,17.44511,17.14746,0.007932713,0.00728797,0.008557238,17.989300380000003,17.420925099999998,17.129488029999997,17.5459962648,0.0055065855550401,"SDSS(cModelMag g,r)",17.5459962648,SDSS,Vmag_sdss,0.8325723500000031,0.5119052800000041,SDSS(cModel extcorr),-17.4540037352,0.89875,2.499460786169786,SDSS,False,3.2,7.998274515743316,,,,0.8325723500000031,g-i,,1.0,0.0,11.161045014245286,5.428971965492022,5.428971965492022,NGC 4889,7.997448471531705,11656904.061614731,9.532883260229973,10.300335501594487,11.56347924397909,9.532883260229973,1.4824886577453154,-0.0395643597453152,0.2504307131295109,0.4153442310704891,0.5860275192067355,0.0132220646956895,0.0849151221131741,0.2027319934489339,0.0081947890138338
SDSS J125939.47+275116.5,4,28,5758.961038536103,23035.84415414441,894.9425453885104,8749.013609744048,0.1554,0.3798,0.1554,0.3798,0.1554,0.3798,False,False,False,True,True,4,28,1.2443358194999998,0.1738252849178514,-1.37200846,4,25,0.7364569162113589,0.6471791282633151,1.2443358194999998,1.495053874,1.2935166515,1.523406392857143,0.1022906793048973,0.25,1.1358609794628751,1.4427330173775674,-3.0,-2.25,2.945827664845436,16.17947820658288,0.0476013904073095,0.1822902426119741,0.2139465957419419,0.2500012365966627,False,True,10,,,,,,,,,,,,,,194.914488,27.854598,G,0.03134,16.944,17.817,0.8729992,16.852,16.194,15.884,15.786,0.65799904,0.96799946,1.3,,,NED,,,2007SDSS6.C...0000:,-18.056,False,0.1625,Regular galaxies,,841.4049069157564,False,1.2376674440486587e+18,7.100106,4.281511687141951,17.10436,16.50766,16.2426,0.008723604,0.008380204,0.009606543,0.03476916,0.02405314,0.01787406,17.06959084,16.483606860000002,16.22472594,True,0.5859839799999982,0.844864900000001,16.84402,16.18769,15.88271,0.008331817,0.008050052,0.009112405,16.80925084,16.16363686,15.86483594,16.7138602918,0.0061023705855008,"SDSS(cModelMag g,r)",16.7138602918,SDSS,Vmag_sdss,0.844864900000001,0.5859839799999982,SDSS(cModel extcorr),-18.2861397082,0.1625,4.281511687141951,SDSS,False,3.2,13.700837398854246,,,,0.844864900000001,g-i,,1.0,0.0,6.33395251914865,9.691787640136402,6.33395251914865,NGC 4874,7.344624258083354,6218517.51404302,6.992167767907786,4.905100591038215,3.6404520281923394,6.992167767907786,1.496341969227498,-0.2520061497274981,0.3338232256955542,-0.1599979407777028,,,,,0.004425973876508
Z 160-243,0,0,1550.1138334538089,6200.455333815232,0.0,0.0,0.0,0.0,0.0,0.0,0.0,0.0,False,False,False,False,False,0,0,,,,0,0,,,,,,,,0.2500000000000001,,,0.0,0.0,,,,,,,False,False,10,,,,,,,,,,,,,,195.03808781594,27.86648430942,AGN,0.01773,15.51,16.39,0.87999916,15.916,15.468,15.248,15.012,0.44799995,0.6680002,22.35378074645996,0.261167,169.0,SIMBAD,B,2023ApJS..269....3M,,-19.49,False,2.794222593307495,Active (AGN/Seyfert/QSO),SBa,8321.13461168583,False,1.2376674440487242e+18,3.132543,2.65306309039477,15.86195,15.37971,15.09212,0.00307231,0.002811671,0.003154876,0.03147462,0.021774,0.01618041,15.83047538,15.357936,15.07593959,True,0.4725393800000024,0.754535790000002,15.91562,15.46847,15.24831,0.003029629,0.002769403,0.003096362,15.88414538,15.446696,15.23212959,15.5416771458,0.0020829337993751,"SDSS(cModelMag g,r)",15.5416771458,SDSS,Vmag_sdss,0.754535790000002,0.4725393800000024,SDSS(cModel extcorr),-19.4583228542,2.794222593307495,2.65306309039477,SDSS,False,3.0,7.959189271184309,,,,0.754535790000002,g-i,15.67002,0.7010008811364749,169.0,9.24798151811349,6.63645018247312,6.63645018247312,NGC 4889,7.190272560852883,7334604.91579182,8.581861852077317,6.189431047367285,6.124486777387311,8.581861852077317,,,,,,,,,
NGC 4874,9004,3652,265676.9066457777,1062707.6265831112,264008.9101965845,236703.4421912261,0.9937217108169014,0.2227361846948354,0.9856,0.2092,0.9937217108169014,0.2227361846948354,True,False,False,True,True,9004,3652,1.51450555,0.8306757360763316,1.3612295954988891,8767,3508,0.5661931727411272,0.5513059352876132,1.51450555,1.511606456,1.5329916741262772,1.539873563402519,1.1153572916075258,0.2499999999999999,4930.715171049316,4854.326621040799,8091.0,7890.0,4963.815545421463,1933.981220988947,0.2466743167127738,0.2616904882260918,0.2977248244135982,0.3497781643282818,True,True,10,0.5661416830751886,0.0026262527099722,0.3200962790986804,0.5109922242811614,0.5661416830751886,0.0026262527099722,0.3200962790986804,,,,,,,194.89878906845,27.959248303390005,LIN,0.02391,12.71,13.7,0.9899998,12.6472,11.7979,11.66,11.1535,0.84929943,0.9871998,140.40420532226562,2.26074,63.0,SIMBAD,B,2023ApJS..269....3M,,-22.29,True,17.550525665283203,Active (AGN/Seyfert/QSO),,69955.70961435766,True,1.2376674440486584e+18,29.67989,29.58632953200881,12.91115,12.10644,11.64227,0.001804969,0.001734343,0.001838514,0.03009333,0.02081842,0.01547032,12.88105667,12.08562158,11.62679968,True,0.7954350899999998,1.25425699,12.79304,11.98041,11.52575,0.001763336,0.001690713,0.001796031,12.76294667,11.95959158,11.51027968,12.4017499669,0.0012628226591444,"SDSS(cModelMag g,r)",12.4017499669,SDSS,Vmag_sdss,1.25425699,0.7954350899999998,SDSS(cModel extcorr),-22.5982500331,17.550525665283203,29.58632953200881,SDSS,False,4.8,142.0143817536423,,,,1.25425699,g-i,135.64440000000002,0.9660992680999791,63.0,0.0,7.230359733741266,7.230359733741236,NGC 4889,3.615325668910727,1.0947123389942932e+27,1.6476759061251465,3.067469305851432,3.3988032379001165,1.6476759061251465,1.5681295248850335,-0.0536239748850335,0.7659613931623128,0.0647143429140187,0.5458289381994835,0.0203127448757051,0.2465291311601622,0.0735671479385181,0.029743776146057
NGC 4869,475,1103,14579.072312772238,58316.28925108895,14517.840209058597,46967.93936282704,0.9958,0.8054,0.9958,0.8054,0.9958,0.8054,True,True,True,True,True,475,1103,1.532126527,0.4558960240638798,0.6616745817652631,459,1067,0.5545115196339063,0.5910128984493448,1.532126527,1.499418582,1.560020498322105,1.5134051133390751,0.3091010677924013,0.25,134.06152222498133,129.1891606655078,199.25,192.25,254.52078751196305,630.6107626454509,0.2494416113738895,0.233896633497391,0.2973756025659626,0.2812597689522688,True,True,10,0.5541950104057931,0.0113844192625911,0.1295273413533107,0.2107250961108852,0.5541950104057931,0.0113844192625911,0.1295273413533107,,,,,,,194.84732847876,27.9115921901,EmG,0.0228791612896412,13.52,14.9,1.3799992,14.429,13.624,13.195,12.914,0.8050003,1.2340002,49.683780670166016,0.690853,47.0,SIMBAD,B,2023ApJS..269....3M,,-21.48,True,6.210472583770752,Regular galaxies,,23717.064620554364,False,1.2376674440486584e+18,7.956479,7.458111597766792,14.35112,13.44835,13.10265,0.002026937,0.00177299,0.001854436,0.03790001,0.02621905,0.01948356,14.31321999,13.42213095,13.08316644,True,0.8910890400000007,1.2300535499999992,14.31396,13.44071,13.0601,0.00200983,0.001768293,0.001849584,14.27605999,13.41449095,13.04061644,13.7774774564,0.0013359957012654,"SDSS(cModelMag g,r)",13.7774774564,SDSS,Vmag_sdss,1.2300535499999992,0.8910890400000007,SDSS(cModel extcorr),-21.2225225436,6.210472583770752,7.458111597766792,SDSS,False,3.2,23.86595711285373,,,,1.2300535499999992,g-i,41.45118,0.8343000359650669,47.0,3.9518547463563447,10.63187370503541,3.9518547463563447,NGC 4874,7.159220890833464,19184895.842508864,5.514877770275918,5.417389790280318,4.648666042057671,5.514877770275918,1.5452265594502672,-0.0131000324502672,0.6280928528299268,-0.1721968287660469,0.5565792580185686,-0.0023842476127754,0.2033086432482583,-0.0737813018949475,0.0398428323519797
NGC 4889,6136,3024,103523.02287897348,414092.09151589393,142108.2136202775,249614.7127657809,1.3727208660281602,0.6028,0.9304,0.6028,1.3727208660281602,0.6028,True,False,False,True,True,6136,3024,1.5529257319999998,1.1422528261345268,1.3725878105899607,5916,2932,0.5275329308150225,0.5966602103708917,1.5529257319999998,1.463695087,1.5718173442866687,1.487769960256283,0.5693102463620437,0.2499999999999999,4414.40581500118,4246.782357666488,5380.0,5183.0,3120.884818701673,1749.4077368074545,0.2700861857876898,0.2351353606330571,0.3560581727908167,0.3091504389239802,True,True,10,0.5271745498705469,0.0035272531016815,0.3588250316775927,0.4532475833049851,0.5271745498705469,0.0035272531016815,0.3588250316775927,,,,,,,195.0337375,27.977025,EmG,0.0215,11.3,13.0,1.6999998,12.3528,11.5017,11.527,10.8346,0.85109997,0.82579994,175.40460205078125,1.8169,75.0,SIMBAD,B,2023ApJS..269....3M,,-23.7,True,21.925575256347656,Regular galaxies,,78815.62927836124,True,1.237667444048724e+18,29.67856,23.02623275480716,12.42321,11.59573,11.37449,0.001673849,0.001673236,0.001773992,0.0316632,0.02190446,0.01627736,12.3915468,11.57382554,11.35821264,True,0.817721259999999,1.033334159999999,12.34061,11.5143,11.21793,0.001639316,0.001640705,0.001737578,12.3089468,11.49239554,11.20165264,11.899091256599998,0.001202314310135,"SDSS(cModelMag g,r)",11.899091256599998,SDSS,Vmag_sdss,1.033334159999999,0.817721259999999,SDSS(cModel extcorr),-23.1009087434,21.925575256347656,23.02623275480716,SDSS,False,4.8,110.52591722307436,,,,1.033334159999999,g-i,109.014,0.6215002270489998,75.0,7.230359733741236,0.0,7.230359733741236,NGC 4874,3.6150343526425774,1.739255948418119e+27,5.663826045561618,5.355075206236344,6.509825718401151,5.663826045561618,1.5764977338183803,-0.0235720018183807,0.8163353394586159,0.3259174866759109,0.541901022288217,-0.0147264724176701,0.2623208885235557,0.096504143154037,0.0688862624543003
SDSS J130042.56+280658.6,67,378,33515.96889116345,134063.87556465383,12729.36498486388,53893.677976990846,0.3798,0.402,0.3798,0.402,0.3798,0.402,False,False,False,True,True,67,378,1.500261297,-0.4003294432456554,-0.5114224249029846,64,368,0.6061413481420082,0.6037600856135706,1.500261297,1.426273115,1.480889258507463,1.4583307069550264,0.2361940298507462,0.2499999999999999,-22.281343283582075,-22.91940298507461,-27.499999999999982,-27.999999999999982,38.79304628108852,222.183711505794,0.2048656783713193,0.2296106071719339,0.2904116855107411,0.3398989002951711,True,True,10,0.6054935654300824,0.025735218737197,-0.2144824687534973,-0.2624115576394252,0.6054935654300824,0.025735218737197,-0.2144824687534973,,,,,,,195.17736,28.11632,LSB,0.020701,18.24,,,17.648,17.011,16.672,16.539,0.63700104,0.97599983,19.49800109863281,0.32496667,0.0,SIMBAD,E,2022ApJS..262...36S,,-16.76,False,2.4372501373291016,LSB/BCD/Dwarf,,8443.75520948361,False,1.2376673243347028e+18,11.91151,10.328826039187028,17.68241,17.11709,16.79583,0.01207821,0.01098925,0.01302848,0.03757682,0.02599547,0.01931742,17.64483318,17.09109453,16.77651258,True,0.5537386499999997,0.8683206000000006,17.64823,17.01133,16.67162,0.01193298,0.01076021,0.01265084,17.61065318,16.98533453,16.65230258,17.308127376499996,0.0081584786103829,"SDSS(cModelMag g,r)",17.308127376499996,SDSS,Vmag_sdss,0.8683206000000006,0.5537386499999997,SDSS(cModel extcorr),-17.691872623500004,2.4372501373291016,10.328826039187028,SDSS,False,3.2,33.05224332539849,,,,0.8683206000000006,g-i,19.4980002,0.9999999539115416,0.0,17.505922735581176,11.300121635809452,11.300121635809452,NGC 4889,14.283435461421483,1409406.2808470242,15.876891870068407,16.49968578807866,17.730224698415352,15.876891870068407,1.4864486737865164,0.0138126232134836,0.2742687454947201,-0.6745981887403756,0.5841687451081204,0.0213248203219619,0.0923881205738829,-0.3068705893273802,0.0080864921378048
Coma cluster,0,0,,,,,,,,,,,False,False,False,False,False,0,0,,,,0,0,,,,,,,,,,,,,,,,,,,False,False,10,,,,,,,,,,,,,,195.01707133,27.977025,CLUSTER,0.0215,,,,,,,,,,,,,MANUAL,,,,,False,,Other,,,False,,,,,,,,,,,,,,,,False,,,,,,,,,,,,,,,,,,,,,,,,,False,3.0,,,,,,,,1.0,0.0,6.358175050921624,0.8831094568555958,0.8831094568555958,NGC 4889,2.7446453246900377,2529590562.3847885,4.783116072677927,4.6200981044769165,5.823396359669688,4.783116072677927,,,,,,,,,
