name,N_inner,N_annulus,A_ap_geom,A_bg_geom,A_ap_eff,A_bg_eff,A_ap_eff_over_geom,A_bg_eff_over_geom,f_cov_ap_geom,f_cov_bg_geom,cov_ap_depthw,cov_bg_depthw,coverage_ok_ap,coverage_ok_bg,coverage_ok_both,good_ap_area,good_bg_area,N_inner_color,N_annulus_color,median_color,median_color_bgsub,median_color_bgsub_geom,N_inner_Pblue,N_annulus_Pblue,Pblue_mean_inner_raw,Pblue_mean_annulus,median_color_inner_raw,median_color_annulus,mean_color_inner_raw,mean_color_annulus,alpha_eff,alpha_geom,N_eff_bgsub_color,N_eff_bgsub_Pblue,N_geom_bgsub_color,N_geom_bgsub_Pblue,sum_Pblue_inner,sum_Pblue_annulus,Pblue_std_inner,Pblue_std_annulus,color_std_inner,color_std_annulus,Pblue_inner_meets_min,Pblue_annulus_nonzero,min_gc_for_Pblue,Pblue_mean,Pblue_mean_err,Pblue_mean_bgsub,Pblue_mean_bgsub_geom,fb,fb_err,fb_bgsub,mu_blue,mu_blue_err,mu_blue_bgsub,mu_red,mu_red_err,mu_red_bgsub,ra,dec,otype,z,Vmag_simbad_raw,Bmag_simbad_raw,BV_simbad_raw,gmag_simbad_raw,rmag_simbad_raw,imag_simbad_raw,zmag_simbad_raw,gr_simbad_raw,gi_simbad_raw,major_axis_arcsec,galdim_minaxis,galdim_angle,dim_source,galdim_qual,galdim_bibcode,dim_ref,MV_simbad_raw,show_label,Re_arcsec,otype_family,morph_type,major_kpc,is_large_E,sdss_objid,Re_r_arcsec,Re_r_arcsec_circ,g_cmodel_sdss,r_cmodel_sdss,i_cmodel_sdss,gerr_cmodel_sdss,rerr_cmodel_sdss,ierr_cmodel_sdss,Ag_sdss,Ar_sdss,Ai_sdss,g0_cmodel_sdss,r0_cmodel_sdss,i0_cmodel_sdss,sdss_phot_ok,gr0_sdss,gi0_sdss,g_model_sdss,r_model_sdss,i_model_sdss,gerr_model_sdss,rerr_model_sdss,ierr_model_sdss,g0_model_sdss,r0_model_sdss,i0_model_sdss,Vmag_sdss,Vmag_sdss_err,V_source,mV_app,mV_src,mV_app_col,gi_primary,gr_primary,color_src,MV_abs,Re_simbad_proxy_arcsec,Re_best_arcsec,Re_best_src,Re_best_is_proxy,Re_GCS_scale,Re_GCS_arcsec,n_gcs_prior,n_gcs_red_prior,n_gcs_blue_prior,gal_color,gal_color_src,minor_axis_arcsec,q_axis,pa_deg,R_NGC 4874_arcmin,R_NGC 4889_arcmin,R_nearBCG_arcmin,nearer_BCG,R_bcg_mid_arcmin,tidal_proxy,R_xray_peak_arcmin,R_sz_peak_arcmin,R_geom_arcmin,R_cluster_arcmin,median_color_exp,Delta_median_color,median_color_bgsub_exp,Delta_median_color_bgsub,Pblue_mean_exp,Delta_Pblue_mean,Pblue_mean_bgsub_exp,Delta_Pblue_mean_bgsub,gc_bg_voronoi_density_arcsec2_inv
LEDA 126771,996,2718,7105.498434652183,28421.993738608737,14504.062985445711,52281.353607793535,2.041244976525801,1.839468198065711,1.0,0.9996,2.041244976525801,1.839468198065711,True,True,True,True,True,996,2718,1.5078367535,0.3181191107760761,0.4357225322108435,985,2612,0.5423649305540773,0.5141423334753346,1.5078367535,1.571487512,1.521941957865462,1.5961861696585729,0.2774232491043155,0.2499999999999999,241.9636089344704,260.37047333952785,316.5000000000001,332.0000000000001,534.2294565957661,1342.9397750375738,0.2648820092796951,0.2754440057376375,0.3552975259104897,0.3597180796091446,True,True,10,0.5424164053063523,0.0083190036398015,0.1641801456694565,0.2015687466673742,0.5424164053063523,0.0083190036398015,0.1641801456694565,,,,,,,195.015438,27.964525,GiC,0.01778,17.26,18.49,1.2299995,17.207,16.401,16.026,15.919,0.80600166,1.1810017,7.15,,,NED,,,2007SDSS6.C...0000:,-17.74,False,0.89375,Members of systems,,2668.9116594673533,False,1.237667444048724e+18,9.422453,7.926310613697409,17.79433,16.6457,16.29974,0.0094071,0.006945321,0.008212235,0.03074882,0.02127189,0.0158073,17.76358118,16.62442811,16.2839327,True,1.139153069999999,1.479648479999998,17.20481,16.39346,16.02829,0.009123255,0.006616065,0.007813034,17.17406118,16.37218811,16.0124827,17.081480868699998,0.005627364442639,"SDSS(cModelMag g,r)",17.081480868699998,SDSS,Vmag_sdss,1.479648479999998,1.139153069999999,SDSS(cModel extcorr),-17.918519131300002,0.89375,7.926310613697409,SDSS,False,3.2,25.36419396383171,,,,1.479648479999998,g-i,,1.0,0.0,6.189979712058423,1.2259049075518114,1.2259049075518114,NGC 4889,2.6149297151740294,948659310.2687525,4.695446512465112,4.140232257504728,5.284277745147377,4.695446512465112,1.515161534425818,-0.0073247809258181,0.5937636742752423,-0.2756445634991662,0.5664076510351883,-0.023991245728836,0.1913809346972308,-0.0272007890277742,0.185297071222889
SDSS J130033.33+275849.3,9,20,937.5218308173672,3750.087323269469,937.5218308173672,3750.087323269469,1.0,1.0,1.0,1.0,1.0,1.0,True,True,True,True,True,9,20,1.360935226,0.5857033179444442,0.5857033179444442,9,19,0.6494373929576077,0.6884206647461429,1.360935226,1.3954174345,1.4467399074444445,1.4587196376,0.25,0.25,3.999999999999999,4.249999999999999,3.999999999999999,4.249999999999999,5.844936536618469,13.079992630176717,0.2356032366337687,0.1725852502089676,0.2236381005849163,0.3750830588034956,False,True,10,,,,,,,,,,,,,,195.138894,27.980364,AG?,0.0172,17.93,19.883,1.9529991,19.081,18.425,18.046,17.767,0.65600014,1.0349998,5.6,,,NED,,,2007SDSS6.C...0000:,-17.07,False,0.7,Other,,2023.575699311731,False,1.2376673243346378e+18,2.985155,2.87915143393122,18.883,18.21784,17.98378,0.01951113,0.01799711,0.0203615,0.0350279,0.02423214,0.01800708,18.8479721,18.19360786,17.96577292,True,0.6543642399999996,0.8821991800000006,19.07247,18.41958,18.04261,0.01881794,0.01724832,0.01971573,19.0374421,18.39534786,18.02460292,18.4518971984,0.0132944048221074,"SDSS(cModelMag g,r)",18.4518971984,SDSS,Vmag_sdss,0.8821991800000006,0.6543642399999996,SDSS(cModel extcorr),-16.548102801600002,0.7,2.87915143393122,SDSS,False,3.2,9.213284588579905,,,,0.8821991800000006,g-i,,1.0,0.0,12.78648642089626,5.575562057885486,5.575562057885486,NGC 4889,9.176988092179403,10558192.339535872,11.238010979748395,10.585858629837157,11.548665794849926,11.238010979748395,1.4841363520819462,-0.1232011260819461,0.4548102105019447,0.1308931074424995,,,,,0.0057562412467248
2MASX J12592536+2756038,59,81,543.9338566177796,2175.735426471118,543.9338566177796,2175.735426471118,1.0,1.0,1.0,1.0,1.0,1.0,True,True,True,True,True,59,81,1.55739996,1.0302802743050845,1.0302802743050845,55,77,0.5856827945221099,0.5527317549778307,1.55739996,1.535805504,1.526617414355932,1.5584266617160494,0.25,0.25,38.75,35.75,38.75,35.75,32.21255369871604,42.56034513329296,0.1935517741328286,0.2525709523496734,0.2356285778104068,0.2701270912114782,True,True,10,0.587936091857784,0.0245218583007859,0.3944799776155432,0.3944799776155432,0.587936091857784,0.0245218583007859,0.3944799776155432,,,,,,,194.85557934601,27.93449232493,GiC,0.02531,17.02,18.094,1.0739994,17.578,16.871,16.55,16.316,0.7069988,1.0279999,8.579999923706055,0.143,90.0,SIMBAD,C,2006AJ....131.1163S,,-17.98,False,1.0724999904632568,Members of systems,E/S0,4517.585880691035,False,1.2376674440486584e+18,2.307695,2.193041545887024,17.54884,16.90173,16.5925,0.006365186,0.005119016,0.005765975,0.03608074,0.02496049,0.01854832,17.51275926,16.87676951,16.57395168,True,0.6359897500000002,0.9388075799999988,17.57126,16.86209,16.54906,0.006325855,0.005087877,0.005734589,17.53517926,16.837129509999997,16.53051168,17.127525307499997,0.0039915406321228,"SDSS(cModelMag g,r)",17.127525307499997,SDSS,Vmag_sdss,0.9388075799999988,0.6359897500000002,SDSS(cModel extcorr),-17.872474692500003,1.0724999904632568,2.193041545887024,SDSS,False,3.0,6.579124637661071,,,,0.9388075799999988,g-i,8.58,1.0,90.0,2.729744081742917,9.780915934680484,2.729744081742917,NGC 4874,6.203938961804454,55677532.40481717,4.366033477022266,4.8557645708570965,4.412367571661328,4.366033477022266,1.51411912338712,0.0432808366128798,0.5890949950424444,0.44118527926264,0.5668934747556568,0.0210426171021271,0.1899661396749521,0.204513837940591,0.0384720702035971
GMP 2550,0,0,0.0429343001257277,0.1717372005029111,0.0429343001257277,0.1717372005029111,1.0,1.0,1.0,1.0,1.0,1.0,True,True,True,True,True,0,0,,,,0,0,,,,,,,0.25,0.25,0.0,0.0,0.0,0.0,,,,,,,False,False,10,,,,,,,,,,,,,,195.16241666666667,28.00980555555556,G,0.0197870221271543,18.45,19.149,0.6989994,18.84,,,17.14,,,5.64,,,NED,,,2007SDSS6.C...0000:,-16.55,False,0.705,Regular galaxies,Sa,2337.200564489691,False,1.2376673243347026e+18,0.03022349,0.0194839051715349,25.11438,24.80202,24.3618,0.9671926,0.9461214,1.06993,0.03529272,0.02441534,0.01814322,25.07908728,24.77760466,24.34365678,True,0.3014826200000016,0.7354304999999997,25.11438,24.80202,24.3618,0.7037622,0.7457531,0.7792174,25.07908728,24.77760466,24.34365678,24.8912125342,0.6847271732867282,"SDSS(cModelMag g,r)",24.8912125342,SDSS,Vmag_sdss,0.7354304999999997,0.3014826200000016,SDSS(cModel extcorr),-10.108787465800004,0.705,0.0194839051715349,SDSS,False,3.0,0.0584517155146048,,,,0.7354304999999997,g-i,,1.0,0.0,14.293750168346756,7.095479904962103,7.095479904962103,NGC 4889,10.68914735252012,5243609.097782694,12.687443740561982,12.348553607574654,13.39181096772086,12.687443740561982,,,,,,,,,
SDSS J125942.36+280158.5,3,8,86.83772465062565,347.3508986025024,86.83772465062565,347.3508986025024,1.0,1.0,1.0,1.0,1.0,1.0,True,True,True,True,True,3,8,1.542382231,0.6601661406666661,0.6601661406666661,3,8,0.6339780841067214,0.7482245730396887,1.542382231,1.3233241355,1.504555417333333,1.3200121075000002,0.2500000000000001,0.2500000000000001,0.9999999999999992,0.9999999999999992,0.9999999999999992,0.9999999999999992,1.901934252320164,5.98579658431751,0.1069134552708949,0.0408687591648746,0.1243136526812009,0.1737241719007049,False,True,10,,,,,,,,,,,,,,194.92654,28.03292,G,0.0263,18.76,,,,,,,,,7.01,,,NED,,,2007SDSS6.C...0000:,-16.24,False,0.87625,Regular galaxies,,3830.719656152631,False,,,,,,,,,,,,,,,,False,,,,,,,,,,,,,,,18.76000022888184,SIMBAD,,,,,-16.239999771118164,0.87625,0.87625,SIMBAD_proxy(maj/8),True,3.2,2.8040000000000003,,,,,,,1.0,0.0,4.658388816802186,6.5950896621409445,4.658388816802186,NGC 4874,4.420100998732925,16892294.263873734,3.739317684323733,6.205568933008458,7.239094258789691,3.739317684323733,1.4771611340447448,0.0652210969552551,0.4235700812385452,0.2365960594281209,,,,,0.0223876158655105
[EDG2007] 265,0,0,,,,,,,,,,,False,False,False,False,False,0,0,,,,0,0,,,,,,,,,,,,,,,,,,,False,False,10,,,,,,,,,,,,,,194.9585970391,27.926986743809994,G,0.0324991497951559,18.7,19.808,1.1079998,,,,16.79,,,,,,,,,,-16.3,False,,Regular galaxies,S0,,False,,,,,,,,,,,,,,,,False,,,,,,,,,,,,,,,18.700000762939453,SIMBAD,,,,,-16.299999237060547,,,,False,3.0,,,,,1.1079998016357422,B-V,,1.0,0.0,3.714364178304284,4.987373806968976,3.714364178304284,NGC 4874,2.502206745942982,35382194.38556053,3.1039547875919764,0.6575491425886265,1.5233465223901923,3.1039547875919764,,,,,,,,,
SDSS J125926.45+275124.7,7,1,293.7341386009883,1174.936554403953,293.7341386009883,1174.936554403953,1.0,1.0,1.0,1.0,1.0,1.0,True,True,True,True,True,7,1,1.535569439,1.4871095471785716,1.4871095471785716,7,1,0.6467180082538568,0.7785472108774695,1.535569439,1.356876971,1.5233003150000002,1.356876971,0.25,0.25,6.75,6.75,6.75,6.75,4.527026057776998,0.7785472108774695,0.1421517848934979,,0.1394301033975799,,False,True,10,,,,,,,,,,,,,,194.860237,27.856882,AG?,0.0166,17.72,19.12,1.4000015,18.222,17.548,17.219,17.109,0.6739998,1.0030003,5.7,,,NED,,,2007SDSS6.C...0000:,-17.28,False,0.7125,Other,,1989.313383896663,False,1.2376674440486587e+18,1.636773,1.6115768694940298,18.40277,17.78439,17.48174,0.01155121,0.009478468,0.01134825,0.03713348,0.02568877,0.01908951,18.36563652,17.75870123,17.462650489999998,True,0.6069352899999991,0.902986030000001,18.21467,17.54108,17.2171,0.01133046,0.009241914,0.01105062,18.17753652,17.515391230000002,17.198010489999998,17.997544698899997,0.0073282627513608,"SDSS(cModelMag g,r)",17.997544698899997,SDSS,Vmag_sdss,0.902986030000001,0.6069352899999991,SDSS(cModel extcorr),-17.002455301100003,0.7125,1.6115768694940298,SDSS,False,3.2,5.157045982380896,,,,0.902986030000001,g-i,,1.0,0.0,6.473196152724098,11.686638514517265,6.473196152724098,NGC 4874,8.726999228596645,5125597.822852792,7.689057200125938,6.40682711892343,5.182358592542751,7.689057200125938,1.4944225467513188,0.0411468922486812,0.5008793153508349,0.9862302318277368,,,,,0.0037317601684052
[EDG2007] 205,0,0,8.946175954949059,35.784703819796235,0.0,0.0,0.0,0.0,0.0,0.0,0.0,0.0,False,False,False,False,False,0,0,,,,0,0,,,,,,,,0.25,,,0.0,0.0,,,,,,,False,False,10,,,,,,,,,,,,,,194.95266666666663,28.06555555555555,G,0.0248738745789262,16.402,16.86,0.45800018,,,,15.43,,,2.25,,,NED,,,2007SDSS6.C...0000:,-18.598,False,0.28125,Regular galaxies,S0,1164.8829837900923,False,,,,,,,,,,,,,,,,False,,,,,,,,,,,,,,,16.402000427246094,SIMBAD,,,,,-18.597999572753903,0.28125,0.28125,SIMBAD_proxy(maj/8),True,3.0,0.84375,,,,0.4580001831054687,B-V,,1.0,0.0,6.987802776110886,6.83039169356473,6.83039169356473,NGC 4889,5.889335488482466,8666233.075343845,5.8560654656329945,8.072721870488818,9.230912364552152,5.8560654656329945,,,,,,,,,
SDSS J125928.50+280109.3,8,14,253.4129805165205,1013.6519220660824,253.4129805165205,1013.6519220660824,1.0,1.0,1.0,1.0,1.0,1.0,True,True,True,True,True,8,14,1.6217468935,1.0090985256562504,1.0090985256562504,8,14,0.4696296779078739,0.6548896796361365,1.6217468935,1.4003391265,1.663161660625,1.3861169930714288,0.2499999999999999,0.2499999999999999,4.5,4.5,4.5,4.5,3.7570374232629913,9.168455514905911,0.3033312701154184,0.2030118708930577,0.3809584062117154,0.2342585494161587,False,True,10,,,,,,,,,,,,,,194.868763,28.01926,AG?,0.02,18.07,19.32,1.25,18.957,18.273,17.981,17.7,0.684,0.97599983,,,,,,,,-16.93,False,,Other,dE...,,False,1.2376673243345715e+18,1.546279,1.4968843288803138,19.44061,18.70204,18.3377,0.01648695,0.01424145,0.01676991,0.02756381,0.01906852,0.01416995,19.41304619,18.68297148,18.32353005,True,0.7300747100000002,1.089516139999997,19.37617,18.70203,18.37457,0.01651298,0.01424145,0.0165647,19.34860619,18.68296148,18.36040005,18.9723021111,0.0107839751387107,"SDSS(cModelMag g,r)",18.9723021111,SDSS,Vmag_sdss,1.089516139999997,0.7300747100000002,SDSS(cModel extcorr),-16.027697888900004,,1.4968843288803138,SDSS,False,3.2,4.790029852417004,,,,1.089516139999997,g-i,,1.0,0.0,3.9364758003449736,9.099940169738574,3.9364758003449736,NGC 4874,6.007658358463847,20254446.13837329,4.251613668608372,6.723889558154812,7.304298487099928,4.251613668608372,1.472354781066444,0.1493921124335562,0.4020437163956352,0.6070548092606152,,,,,0.0135588768770922
LEDA 1821898,14,35,187.7649764592416,751.0599058369664,187.7649764592416,751.0599058369664,1.0,1.0,1.0,1.0,1.0,1.0,True,True,True,True,True,14,35,1.651720678,0.751305211125,0.751305211125,10,34,0.4646105055455406,0.5935066281621554,1.651720678,1.440664747,1.6486263280714286,1.4851929916000002,0.25,0.25,5.25,1.5,5.25,1.5,4.646105055455406,20.17922535751328,0.1616972501635096,0.2334555554526871,0.106783547078825,0.2530954390179122,True,True,10,0.4710152515321273,0.0444834468898332,-0.0334653824057047,-0.0334653824057047,0.4710152515321273,0.0444834468898332,-0.0334653824057047,,,,,,,194.89658333333333,27.934722222222224,GiC,0.013986,18.055,18.894,0.8389988,19.052,18.382,18.634,17.93,0.6700001,0.41799927,18.0,0.22,140.0,SIMBAD,E,2003A&A...412...45P,,-16.945,False,2.25,Members of systems,dE,5309.701121044464,False,1.2376674440486584e+18,1.644091,1.504632345685636,19.03822,18.33431,18.69287,0.02135029,0.01277457,0.03714409,0.03265684,0.02259186,0.01678817,19.00556316,18.31171814,18.67608183,True,0.6938450199999977,0.3294813300000001,19.04652,18.37262,18.63309,0.01436916,0.01167669,0.0226659,19.01386316,18.350028140000003,18.61630183,18.586194598199995,0.0115512837846124,"SDSS(cModelMag g,r)",18.586194598199995,SDSS,Vmag_sdss,0.3294813300000001,0.6938450199999977,SDSS(cModel extcorr),-16.413805401800005,2.25,1.504632345685636,SDSS,False,3.2,4.814823506194036,,,,0.3294813300000001,g-i,13.2,0.7333333333333333,140.0,1.4762016110232756,7.699363667759468,1.4762016110232756,NGC 4874,4.202187406603415,344110770.7383304,2.6925663184285145,2.686683262469344,2.434267919951952,2.6925663184285145,1.4810959611972176,0.1706247168027823,0.4411931158471822,0.3101120952778178,0.5822841747014018,-0.1112689231692745,0.1451460027503339,-0.1786113851560387,0.0540687952948477
GMP 2710,0,0,456.1795393785864,1824.718157514345,0.0,0.0,0.0,0.0,0.0,0.0,0.0,0.0,False,False,False,False,False,0,0,,,,0,0,,,,,,,,0.25,,,0.0,0.0,,,,,,,False,False,10,,,,,,,,,,,,,,195.09645,27.87357,LSB,0.024180061260914,18.77,,,,,,,,,180.0,2.55,90.0,SIMBAD,D,2021ApJ...923..257K,,-16.23,False,22.5,LSB/BCD/Dwarf,,90667.41915678944,False,1.2376674440487247e+18,2.350547,2.178373030670072,20.02861,19.40042,19.08525,0.04244016,0.0454784,0.06293637,0.03027344,0.02094303,0.01556291,19.99833656,19.37947697,19.06968709,True,0.6188595900000031,0.9286494700000034,20.03835,19.40046,19.12771,0.04110111,0.03730221,0.05305912,20.008076560000003,19.37951697,19.11214709,19.6232094019,0.0319804028296442,"SDSS(cModelMag g,r)",19.6232094019,SDSS,Vmag_sdss,0.9286494700000034,0.6188595900000031,SDSS(cModel extcorr),-15.3767905981,22.5,2.178373030670072,SDSS,False,3.2,6.970793698144231,,,,0.9286494700000034,g-i,153.0,0.85,90.0,11.672533159808324,7.041562931608006,7.041562931608006,NGC 4889,8.93482197971644,5669796.369039666,10.700455674655702,8.638835140410078,8.874499731200157,10.700455674655702,,,,,,,,,
SDSS J130036.67+275427.4,4,4,566.7602358295749,2267.0409433183,566.7602358295749,2267.0409433183,1.0,1.0,1.0,1.0,1.0,1.0,True,True,True,True,True,4,4,1.5069088110000002,1.1477614211250002,1.1477614211250002,4,3,0.6370420391718491,0.7456603060408115,1.5069088110000002,1.4365895595,1.4781604435,1.659128743,0.2499999999999999,0.2499999999999999,3.0,3.25,3.0,3.25,2.5481681566873964,2.2369809181224345,0.1775753641530824,0.0409290082491387,0.1988537014483837,0.5474047218849389,False,True,10,,,,,,,,,,,,,,195.152805,27.907624,AG?,0.0207,17.87,19.705,1.8349991,19.18,18.48,18.16,18.02,0.70000076,1.0200005,,,,,,,,-17.13,False,,Other,,,False,1.2376674440487242e+18,2.476099,2.238584536415381,18.94413,18.24794,17.93828,0.02049401,0.01608855,0.0209796,0.03127096,0.02163311,0.01607572,18.91285904,18.22630689,17.92220428,True,0.6865521500000007,0.9906547600000016,19.16911,18.46992,18.15826,0.01984765,0.01553743,0.0203259,19.13783904,18.44828689,18.14218428,18.4977932715,0.0126769654492005,"SDSS(cModelMag g,r)",18.4977932715,SDSS,Vmag_sdss,0.9906547600000016,0.6865521500000007,SDSS(cModel extcorr),-16.502206728500003,,2.238584536415381,SDSS,False,3.2,7.16347051652922,,,,0.9906547600000016,g-i,,1.0,0.0,13.81693253073622,7.5611217572675535,7.5611217572675535,NGC 4889,10.533593624750129,4438521.947148785,12.546399111194985,10.996333713749689,11.55194400556421,12.546399111194985,1.4830972999297385,0.0238115110702616,0.450156574820127,0.6976048463048732,,,,,0.0033134853345534
LEDA 44609,0,0,54.242554881431104,216.9702195257244,0.0,0.0,0.0,0.0,0.0,0.0,0.0,0.0,False,False,False,False,False,0,0,,,,0,0,,,,,,,,0.25,,,0.0,0.0,,,,,,,False,False,10,,,,,,,,,,,,,,194.8685896631961,28.0853875547228,EmG,0.01241,15.56,17.074,1.513999,16.4245,17.182,16.978,15.2565,-0.7574997,-0.5535011,22.258378982543945,0.320484,102.0,SIMBAD,B,2023ApJS..269....3M,,-19.439999,False,2.782297372817993,Regular galaxies,,5837.20361486106,False,1.2376673243345715e+18,0.8051003,0.7450953391098465,17.9676,17.18176,17.03503,0.006155745,0.004922047,0.00561561,0.03216669,0.02225277,0.01653619,17.93543331,17.15950723,17.01849381,True,0.7759260800000014,0.9169395000000016,17.90654,17.18175,16.97764,0.006204564,0.004922047,0.005642612,17.87437331,17.15949723,16.96110381,17.467636922799997,0.0038474806339206,"SDSS(cModelMag g,r)",17.467636922799997,SDSS,Vmag_sdss,0.9169395000000016,0.7759260800000014,SDSS(cModel extcorr),-17.532363077200003,2.782297372817993,0.7450953391098465,SDSS,False,3.2,2.384305085151509,,,,0.9169395000000016,g-i,19.22904,0.863901185934533,102.0,7.735536095618524,10.89833112363583,7.735536095618524,NGC 4874,8.732325466574386,3708627.520475572,7.552308173449165,10.148560091293891,10.953648526823317,7.552308173449165,,,,,,,,,
LEDA 1822726,16,39,317.49987466667034,1269.999498666681,317.49987466667034,1269.999498666681,1.0,1.0,1.0,1.0,1.0,1.0,True,True,True,True,True,16,39,1.4677656585,0.4828708246874996,0.4828708246874996,15,39,0.5502187865375482,0.5268205264826765,1.4677656585,1.616237676,1.4606256478750002,1.6101686406410256,0.2500000000000001,0.2500000000000001,6.2499999999999964,5.2499999999999964,6.2499999999999964,5.2499999999999964,8.253281798063222,20.546000532824383,0.2571257292436198,0.2516525977729282,0.2992175940316641,0.3197444928887756,True,True,10,0.5584901775700613,0.064303315139583,0.2160568353563213,0.2160568353563213,0.5584901775700613,0.064303315139583,0.2160568353563213,,,,,,,194.8320833333333,27.96833333333333,GiC,0.0257,17.7,18.995,1.2950001,,,,16.74,,,15.0,0.15,132.0,SIMBAD,E,2003A&A...412...45P,,-17.3,False,1.875,Members of systems,E,8015.789974468368,False,1.2376674440485934e+18,2.898254,2.163066977359321,18.12296,17.42215,17.06719,0.0110812,0.008891906,0.01078947,0.03495746,0.02418341,0.01797086,18.08800254,17.39796659,17.04921914,True,0.6900359499999986,1.0387833999999962,17.85776,17.16272,16.83729,0.01077501,0.008615483,0.01038941,17.822802539999998,17.13853659,16.81931914,17.670881329499995,0.0069400557722083,"SDSS(cModelMag g,r)",17.670881329499995,SDSS,Vmag_sdss,1.0387833999999962,0.6900359499999986,SDSS(cModel extcorr),-17.329118670500005,1.875,2.163066977359321,SDSS,False,3.2,6.9218143275498285,,,,1.0387833999999962,g-i,9.0,0.6,132.0,3.576827064912382,10.69842772302969,3.576827064912382,NGC 4874,7.110535658130785,25342835.633193992,5.036946055865869,6.492513096829805,6.401706381937094,5.036946055865869,1.5018179567307937,-0.0340522982307935,0.5340013715335157,-0.051130546846016,0.5726265285407971,-0.0141363509707358,0.1732705860905142,0.0427862492658071,0.0266938034197876
SDSS J130027.87+275916.2,4,4,298.19495261476175,1192.7798104590472,298.19495261476175,1192.7798104590472,1.0,1.0,1.0,1.0,1.0,1.0,True,True,True,True,True,4,4,1.271546511,0.85137741525,0.85137741525,4,3,0.7887917856401293,0.5432779270595615,1.271546511,1.680676383,1.25924867375,1.829864653,0.2499999999999999,0.2499999999999999,3.0,3.25,3.0,3.25,3.155167142560517,1.6298337811786845,0.0421494957136387,0.2020645978745241,0.0857259072125729,0.4422208894883727,False,True,10,,,,,,,,,,,,,,195.116153,27.98785,G,0.032,18.9,,,20.14,19.566,19.185,19.19,0.5739994,0.9549999,,,,,,,,-16.1,False,,Regular galaxies,,,False,1.2376673243346378e+18,1.865894,1.6237679211857292,19.9411,19.4771,18.96818,0.03339727,0.03077869,0.03457493,0.03492086,0.02415809,0.01795205,19.90617914,19.45294191,18.95022795,True,0.4532372299999991,0.9559511900000004,20.13209,19.56009,19.18021,0.03140876,0.03020178,0.03390007,20.09716914,19.53593191,19.16225795,19.6287691743,0.0227433457183556,"SDSS(cModelMag g,r)",19.6287691743,SDSS,Vmag_sdss,0.9559511900000004,0.4532372299999991,SDSS(cModel extcorr),-15.371230825700003,,1.6237679211857292,SDSS,False,3.2,5.1960573477943335,,,,0.9559511900000004,g-i,,1.0,0.0,11.645222236367356,4.414862824956863,4.414862824956863,NGC 4889,8.029897136732751,20905302.481369592,10.070689135422157,9.584486399185083,10.612507882737976,10.070689135422157,1.4574928665539506,-0.1859463555539506,0.3354811906085313,0.5158962246414687,,,,,0.0040827205367517
SDSS J130044.10+280215.4,9,42,1275.2294012057014,5100.917604822804,1275.2294012057014,5100.917604822804,1.0,1.0,1.0,1.0,1.0,1.0,True,True,True,True,True,9,42,1.222088198,-0.3394129139166673,-0.3394129139166673,9,40,0.6939637837774009,0.6731772785674508,1.222088198,1.3384295245,1.3062246281111112,1.3373106853333334,0.2500000000000001,0.2500000000000001,-1.500000000000005,-1.0000000000000036,-1.500000000000005,-1.0000000000000036,6.245674053996607,26.927091142698032,0.1994874729684913,0.1914387816501881,0.2365829373183606,0.2881463821558121,False,True,10,,,,,,,,,,,,,,195.183767,28.037623,G,0.0296505124221637,18.74,,,19.762,19.025,18.76,18.55,0.7369995,1.0019989,5.04,,,NED,,,2007SDSS6.C...0000:,-16.26,False,0.63,Regular galaxies,dE,3092.507251557792,False,1.237667324334703e+18,3.67666,3.3579016494928724,19.80252,19.01752,18.73545,0.0376345,0.03206315,0.04505836,0.03542991,0.02451025,0.01821374,19.76709009,18.99300975,18.71723626,True,0.7740803399999976,1.04985383,19.75126,19.01752,18.75314,0.03781127,0.03206316,0.04085517,19.71583009,18.99300975,18.73492626,19.3003826894,0.0244121290320374,"SDSS(cModelMag g,r)",19.3003826894,SDSS,Vmag_sdss,1.04985383,0.7740803399999976,SDSS(cModel extcorr),-15.6996173106,0.63,3.3579016494928724,SDSS,False,3.2,10.745285278377192,,,,1.04985383,g-i,,1.0,0.0,15.812851724050397,8.739746534349745,8.739746534349745,NGC 4889,12.2534349633107,2882220.380588912,14.179099233631849,14.07456911019516,15.169843993491948,14.179099233631849,1.4649272865564589,-0.2428390885564588,0.3687779622131,-0.7081908761297673,,,,,0.0084624606609875
SDSS J130042.51+280325.4,0,7,248.9661741433356,995.8646965733428,248.9661741433356,995.8646965733428,1.0,1.0,1.0,1.0,1.0,1.0,True,True,True,True,True,0,7,,,,0,7,,0.6605474866884417,,1.325057253,,1.3800268807142857,0.2499999999999999,0.2499999999999999,-1.7499999999999991,-1.7499999999999991,-1.7499999999999991,-1.7499999999999991,,4.623832406819092,,0.2045043317498504,,0.5376359282668931,False,True,10,,,,,,,,,,,,,,195.177164,28.057068,AG?,0.0194034234176765,18.89,19.9,1.0100002,19.963,19.353,19.001,18.796,0.6099987,0.9619999,4.38,,,NED,,,2007SDSS6.C...0000:,-16.11,False,0.5475,Other,E,1780.7025809747108,False,1.237667324334703e+18,1.652209,1.4836927893601883,19.82357,19.2173,18.97882,0.02552688,0.02375429,0.02733007,0.03578467,0.02475567,0.01839611,19.78778533,19.19254433,18.96042389,True,0.5952409999999979,0.8273614400000007,19.95295,19.34726,18.99389,0.02524754,0.02330548,0.02704838,19.91716533,19.32250433,18.97549389,19.42659314,0.0174916748231837,"SDSS(cModelMag g,r)",19.42659314,SDSS,Vmag_sdss,0.8273614400000007,0.5952409999999979,SDSS(cModel extcorr),-15.573406860000002,0.5475,1.4836927893601883,SDSS,False,3.2,4.747816925952603,,,,0.8273614400000007,g-i,,1.0,0.0,15.871383599883272,8.987792574235101,8.987792574235101,NGC 4889,12.380431045087844,2669358.374272354,14.225681179816473,14.341886663747886,15.487782306646691,14.225681179816473,,,,,,,,,0.00601132821831
LEDA 126776,3,14,395.7418125977223,1582.9672503908891,395.7418125977223,1582.9672503908891,1.0,1.0,1.0,1.0,1.0,1.0,True,True,True,True,True,3,14,1.470548197,-0.1498814034166664,-0.1498814034166664,3,14,0.7298215227597042,0.6564713301915859,1.470548197,1.3889396575,1.448226066,1.4164399992857142,0.25,0.25,-0.5,-0.5,-0.5,-0.5,2.1894645682791127,9.190598622682202,0.0383633297275838,0.2204766262610618,0.1115145831086663,0.2576794613381331,False,True,10,,,,,,,,,,,,,,194.982068,27.917708,AG?,0.0221,18.6,19.4,0.79999924,19.098,18.351,17.99,17.771,0.74699974,1.1079998,,,,,,,,-16.4,False,,Other,,,False,1.237667444048659e+18,1.914637,1.8705950577746049,18.97418,18.17768,17.90312,0.01600784,0.01249071,0.01526711,0.03164002,0.02188842,0.01626544,18.94253998,18.15579158,17.88685456,True,0.7867484000000005,1.0556854199999997,19.04726,18.29776,17.94525,0.01570451,0.01218498,0.01496806,19.01561998,18.27587158,17.92898456,18.468358424,0.0098684138582562,"SDSS(cModelMag g,r)",18.468358424,SDSS,Vmag_sdss,1.0556854199999997,0.7867484000000005,SDSS(cModel extcorr),-16.531641576000002,,1.8705950577746049,SDSS,False,3.2,5.985904184878735,,,,1.0556854199999997,g-i,,1.0,0.0,5.069401188463505,4.490732752015702,4.490732752015702,NGC 4889,3.1395482006302893,27607790.125222903,4.308124983811095,2.0204434136499447,2.514964433780144,4.308124983811095,1.4837636824670448,-0.0132154854670447,0.4531411233307676,-0.6030225267474341,,,,,0.0115545103388718
LEDA 126788,2,6,58.12972163641214,232.5188865456485,58.12972163641214,232.5188865456485,1.0,1.0,1.0,1.0,1.0,1.0,True,True,True,True,True,2,6,1.440586207,0.1919488029999996,0.1919488029999996,2,6,0.7480353037005627,0.5223271168306166,1.440586207,1.664849872,1.440586207,1.6388394953333334,0.25,0.25,0.4999999999999995,0.4999999999999995,0.4999999999999995,0.4999999999999995,1.4960706074011254,3.1339627009837,0.0320223852594209,0.2539394687776882,0.0126908625949557,0.2808086937660198,False,True,10,,,,,,,,,,,,,,194.90421277709,28.01860403441,G,0.024,17.66,18.99,1.3299999,18.332,17.657,17.298,17.027,0.67500114,1.0340004,5.15,,,NED,,,2007SDSS6.C...0000:,-17.34,False,0.64375,Regular galaxies,,2575.340032849998,False,1.2376673243345715e+18,0.7451016,0.7169236957302317,19.00812,18.2928,17.92681,0.009992042,0.008145009,0.008788479,0.02636337,0.01823806,0.01355283,18.981756630000003,18.27456194,17.91325717,True,0.707194690000005,1.0684994600000015,18.99973,18.2928,17.92404,0.009992715,0.00814501,0.008789997,18.97336663,18.27456194,17.910487170000003,18.5545117629,0.0063147935585577,"SDSS(cModelMag g,r)",18.5545117629,SDSS,Vmag_sdss,1.0684994600000015,0.707194690000005,SDSS(cModel extcorr),-16.4454882371,0.64375,0.7169236957302317,SDSS,False,3.2,2.2941558263367416,,,,1.0684994600000015,g-i,,1.0,0.0,3.5729184388639337,7.301377327556016,3.5729184388639337,NGC 4874,4.469488111838428,28469423.58169261,3.125072957755687,5.720976300699203,6.571980767793369,3.125072957755687,1.4818132364668202,-0.0412270294668202,0.4444055992448787,-0.2524567962448791,,,,,0.0226448588503987
LEDA 126769,6,5,237.3370088226941,949.3480352907764,238.1772371145072,1278.5198249069228,1.003540232920188,1.346734577183092,1.0,1.0,1.003540232920188,1.346734577183092,True,True,True,True,True,6,5,1.421759853,1.2030705966674946,1.1282824482083331,6,5,0.6773532714685703,0.7009342955125629,1.421759853,1.408691543,1.4241234023333336,1.2801836694,0.1862913914000876,0.25,5.068543042999561,5.068543042999561,4.75,4.75,4.064119628811421,3.5046714775628147,0.1718694589506151,0.105529657986429,0.2370386804996447,0.3244559263360413,False,True,10,,,,,,,,,,,,,,195.02969312757,27.93096707335,G,0.0259,17.68,18.96,1.2799988,18.51,17.799,17.474,17.206,0.71100044,1.0359993,4.76,,,NED,,,2007SDSS6.C...0000:,-17.32,False,0.595,Regular galaxies,,2562.852048345726,False,1.2376674440487242e+18,1.484421,1.448626900297438,18.4128,17.85435,17.59505,0.009880901,0.007790447,0.009046526,0.0320367,0.02216284,0.01646936,18.3807633,17.83218716,17.578580640000002,True,0.5485761400000015,0.8021826599999997,18.50375,17.78884,17.47232,0.009852035,0.007736923,0.008990379,18.4717133,17.76667716,17.45585064,18.0471033774,0.0061268697657922,"SDSS(cModelMag g,r)",18.0471033774,SDSS,Vmag_sdss,0.8021826599999997,0.5485761400000015,SDSS(cModel extcorr),-16.952896622600004,0.595,1.448626900297438,SDSS,False,3.2,4.635606080951802,,,,0.8021826599999997,g-i,,1.0,0.0,7.142896880814425,2.77177616437084,2.77177616437084,NGC 4889,4.034346597131883,84678729.59154405,5.93478082304757,4.378328599160347,5.141007148399312,5.93478082304757,1.493300576001364,-0.071540723001364,0.4958543095271597,0.7072162871403349,,,,,0.008891265620713
SDSS J130004.03+280030.7,0,1,25.249687015248224,100.9987480609929,25.249687015248224,100.9987480609929,1.0,1.0,1.0,1.0,1.0,1.0,True,True,True,True,True,0,1,,,,0,1,,0.0424835508403894,,1.969953825,,1.969953825,0.25,0.25,-0.25,-0.25,-0.25,-0.25,,0.0424835508403894,,,,,False,True,10,,,,,,,,,,,,,,195.01666666666668,28.008638888888893,G,0.0213,18.79,20.05,1.2599983,,,,17.89,,,3.78,,,NED,,,2007SDSS6.C...0000:,-16.21,False,0.4725,Regular galaxies,dE,1683.0993269278852,False,,,,,,,,,,,,,,,,False,,,,,,,,,,,,,,,18.790000915527344,SIMBAD,,,,,-16.209999084472656,0.4725,0.4725,SIMBAD_proxy(maj/8),True,3.2,1.512,,,,1.2599983215332031,B-V,,1.0,0.0,6.913095764827263,2.101416376086782,2.101416376086782,NGC 4889,3.610695798679805,190738040.2727615,5.265741069605533,5.935835133340452,7.2114813800308895,5.265741069605533,,,,,,,,,0.0243137317348147
2MASS J13001763+2759145,1,2,20.39548013577064,81.58192054308252,20.39548013577064,81.58192054308252,1.0,1.0,1.0,1.0,1.0,1.0,True,True,True,True,True,1,2,1.45308106,0.6118976559999998,0.6118976559999998,1,2,0.7696096528762956,0.3953073784600368,1.45308106,1.6823668079999998,1.45308106,1.6823668079999998,0.25,0.25,0.4999999999999999,0.4999999999999999,0.4999999999999999,0.4999999999999999,0.7696096528762956,0.7906147569200735,,0.5421279091735894,,0.6016808695938072,False,True,10,,,,,,,,,,,,,,195.07346713314004,27.987527267230004,AG?,0.0199,17.86,19.1,1.2399998,18.441,17.759,17.42,17.162,0.6819992,1.0209999,,,,,,,,-17.14,False,,Other,dE,,False,1.237667324334637e+18,0.4946538,0.4246594374280313,20.32242,19.70241,18.56413,0.03321347,0.01990917,0.01458043,0.03390989,0.02345871,0.01743233,20.28851011,19.67895129,18.54669767,True,0.6095588200000002,1.7418124400000004,20.40423,19.75189,18.82401,0.02318501,0.0198409,0.01467887,20.37032011,19.72843129,18.806577670000003,19.9188704062,0.0179837448664331,"SDSS(cModelMag g,r)",19.9188704062,SDSS,Vmag_sdss,1.7418124400000004,0.6095588200000002,SDSS(cModel extcorr),-15.081129593800004,,0.4246594374280313,SDSS,False,3.2,1.3589101997697002,,,,1.7418124400000004,g-i,,1.0,0.0,9.410406514646391,2.1973860055077354,2.1973860055077354,NGC 4889,5.798409958374031,165238125.1709585,7.821794898263096,7.504207123975578,8.609584360188519,7.821794898263096,1.450925195531051,0.0021558644689489,0.306066355026245,0.3058313009737547,,,,,0.0202774553967186
SDSS J130037.31+275441.0,0,4,293.81126960054155,1175.245078402166,293.81126960054155,1175.245078402166,1.0,1.0,1.0,1.0,1.0,1.0,True,True,True,True,True,0,4,,,,0,4,,0.6470329992312548,,1.4930068825,,1.58238484225,0.25,0.25,-1.0000000000000002,-1.0000000000000002,-1.0000000000000002,-1.0000000000000002,,2.588131996925019,,0.2119135544584792,,0.3918912561338901,False,True,10,,,,,,,,,,,,,,195.155462,27.911388,G,0.0203,18.97,,,20.28,19.632,19.355,19.39,0.6480007,0.92500114,,,,,,,,-16.03,False,,Regular galaxies,,,False,1.2376674440487247e+18,1.772235,1.6117884458133198,20.04689,19.62288,19.24647,0.03853008,0.03399298,0.04356273,0.03153339,0.02181465,0.01621062,20.01535661,19.60106535,19.23025938,True,0.4142912600000024,0.7850972300000016,20.27356,19.62292,19.3539,0.03907331,0.03399298,0.04277908,20.24202661,19.60110535,19.33768938,19.760924766599995,0.0255302403383215,"SDSS(cModelMag g,r)",19.760924766599995,SDSS,Vmag_sdss,0.7850972300000016,0.4142912600000024,SDSS(cModel extcorr),-15.239075233400005,,1.6117884458133198,SDSS,False,3.2,5.157723026602624,,,,0.7850972300000016,g-i,,1.0,0.0,13.90561130259767,7.558888727070661,7.558888727070661,NGC 4889,10.5909997825847,4434199.458158128,12.61511511368559,11.109554650255715,11.689102575963512,12.61511511368559,,,,,,,,,0.0043609851767552
LEDA 44652,27,98,508.1011373092506,2032.4045492370017,508.1011373092506,2032.4045492370017,1.0,1.0,1.0,1.0,1.0,1.0,True,True,True,True,True,27,98,1.590290739,0.2813176028611106,0.2813176028611106,26,98,0.5623108295979689,0.6015207617127488,1.590290739,1.4425418235,1.5802601325555554,1.474441969265306,0.2500000000000001,0.2500000000000001,2.4999999999999893,1.4999999999999891,2.4999999999999893,1.4999999999999891,14.62008156954719,58.94903464784938,0.210148031971214,0.2280540114260181,0.222576824825028,0.2996470895022741,True,True,10,0.5645973314598182,0.0381753033781224,-0.0022203093848877,-0.0022203093848877,0.5645973314598182,0.0381753033781224,-0.0022203093848877,,,,,,,194.93419145873,27.958426533770005,G,0.02303,15.65,16.982,1.3320007,16.086,15.334,14.98,14.705,0.7520008,1.1060009,29.214000701904297,0.245933,17.0,SIMBAD,B,2023ApJS..269....3M,,-19.35,False,3.651750087738037,Regular galaxies,,14034.977986785983,False,1.2376674440486584e+18,4.470431,2.9823621949387413,16.39336,15.69551,15.2701,0.00375288,0.003144176,0.003308895,0.02879819,0.01992246,0.01480452,16.36456181,15.67558754,15.25529548,True,0.688974270000001,1.1092663300000023,16.56185,15.82116,15.46881,0.003718602,0.00312167,0.003297646,16.53305181,15.80123754,15.45400548,15.9480669907,0.0024101453181839,"SDSS(cModelMag g,r)",15.9480669907,SDSS,Vmag_sdss,1.1092663300000023,0.688974270000001,SDSS(cModel extcorr),-19.0519330093,3.651750087738037,2.9823621949387413,SDSS,False,3.2,9.543559023803972,,,,1.1092663300000023,g-i,14.75598,0.5050995976404609,17.0,1.8768710136025093,5.391951496346297,1.8768710136025093,NGC 4874,1.796724117447937,176670435.0904041,0.821417422941886,1.7766252611808269,2.755925318296296,0.821417422941886,1.540821161703992,0.049469577296008,0.708686257160184,-0.4273686542990733,0.5544487834413762,0.010148548018442,0.22620703649296,-0.2284273458778477,0.0817179613125281
2MASX J12594422+2752037,0,0,699.0016307361486,2796.0065229445936,0.0,0.0,0.0,0.0,0.0,0.0,0.0,0.0,False,False,False,False,False,0,0,,,,0,0,,,,,,,,0.25,,,0.0,0.0,,,,,,,False,False,10,,,,,,,,,,,,,,194.93420593099,27.86768975075,GiC,0.02081,16.24,17.6,1.3600006,17.176,16.454,16.107,15.839,0.7220001,1.0690002,10.379999160766602,0.149,125.0,SIMBAD,C,2006AJ....131.1163S,,-18.76,False,1.2974998950958252,Members of systems,Sa,4518.207037945425,False,1.2376674440486587e+18,3.182949,2.6788155270063365,16.93554,16.21725,15.87043,0.005330642,0.004340208,0.005006252,0.03389742,0.02345008,0.01742592,16.90164258,16.19379992,15.85300408,True,0.7078426600000007,1.048638500000001,17.16968,16.44698,16.10516,0.005197311,0.004230452,0.004858051,17.13578258,16.42352992,16.08773408,16.4740154106,0.0033665987936403,"SDSS(cModelMag g,r)",16.4740154106,SDSS,Vmag_sdss,1.048638500000001,0.7078426600000007,SDSS(cModel extcorr),-18.5259845894,1.2974998950958252,2.6788155270063365,SDSS,False,3.0,8.03644658101901,,,,1.048638500000001,g-i,8.94,0.8612717459352615,125.0,5.805578152393829,8.418923553850055,5.805578152393829,NGC 4874,6.261876044369649,8509225.385867087,6.186097053081873,3.865562478183184,2.688944706987111,6.186097053081873,,,,,,,,,
LEDA 44651,117,434,877.3720803855807,3509.4883215423224,877.3720803855807,3509.4883215423224,1.0,1.0,1.0,1.0,1.0,1.0,True,True,True,True,True,117,434,1.574717934,0.1633769008867518,0.1633769008867518,113,423,0.5315541285842897,0.5646928496944787,1.574717934,1.5219069205,1.5727606966495729,1.5258031809907833,0.25,0.25,8.499999999999972,7.249999999999972,8.499999999999972,7.249999999999972,60.06561653002474,238.86507542076453,0.2533594556122677,0.2408574779702609,0.3357726694420414,0.2838784439209701,True,True,10,0.5313856877170786,0.0243783008724519,0.002923131476449,0.002923131476449,0.5313856877170786,0.0243783008724519,0.002923131476449,,,,,,,194.91780643067,27.96824372093,EmG,0.02527,16.02,17.375,1.3549995,16.524,15.713,15.343,15.066,0.8109999,1.1809998,15.59999942779541,0.17,,SIMBAD,E,2003A&A...412...45P,,-18.98,False,1.9499999284744265,Regular galaxies,,8201.208355040244,False,1.2376674440486584e+18,4.562069,3.4445137577959444,16.52127,15.65185,15.38442,0.004146011,0.003265507,0.003529765,0.02833875,0.01960462,0.01456833,16.49293125,15.63224538,15.36985167,True,0.8606858700000029,1.1230795800000006,16.48264,15.65183,15.30425,0.004147299,0.003265507,0.003532375,16.45430125,15.63222538,15.28968167,15.975126586699998,0.0025693415931882,"SDSS(cModelMag g,r)",15.975126586699998,SDSS,Vmag_sdss,1.1230795800000006,0.8606858700000029,SDSS(cModel extcorr),-19.0248734133,1.9499999284744265,3.4445137577959444,SDSS,False,3.2,11.022444024947022,,,,1.1230795800000006,g-i,10.2,0.6538461778290888,0.0,1.143241826114986,6.165774818373137,1.143241826114986,NGC 4874,2.567857154960452,740049702.939747,0.5123744718224101,2.716126832407561,3.4665675174659327,0.5123744718224101,1.5402085530522582,0.0345093809477417,0.7059425474487495,-0.5425656465619977,0.5547342944378333,-0.0233486067207546,0.2253755836025911,-0.222452452126142,0.1440490826562563
LEDA 44692,39,116,989.7362501528918,3958.945000611566,1046.6230461532484,5507.255187403875,1.0574767227042243,1.3910916131830908,1.0,1.0,1.0574767227042243,1.3910916131830908,True,True,True,True,True,39,116,1.428861805,0.6010623883366355,0.3399065578589737,39,112,0.6343555806988858,0.59092150600653,1.428861805,1.4644570565,1.4748614695128204,1.4807033621465515,0.1900444069755604,0.2500000000000001,16.95484879083499,17.71502641873723,9.999999999999986,10.999999999999986,24.739867647256546,66.18320867273137,0.1841202912551723,0.2410082322585709,0.1970279030691117,0.3321633501110062,True,True,10,0.6329457810690282,0.0282870749179424,0.3104394055831564,0.2086944434233141,0.6329457810690282,0.0282870749179424,0.3104394055831564,,,,,,,194.997788,27.940571,AG?,0.02037,17.0,18.426,1.4260006,17.949,17.251,16.93,16.753,0.69799995,1.0189991,15.0,0.19,152.0,SIMBAD,E,2003A&A...412...45P,,-18.0,False,1.875,Other,,6394.566526569033,False,1.237667444048659e+18,3.603683,3.39333514899597,17.77126,17.03383,16.77582,0.01014868,0.008201313,0.01231581,0.03052491,0.02111699,0.01569219,17.74073509,17.01271301,16.76012781,True,0.7280220800000023,0.980607280000001,17.94316,17.24211,16.92641,0.009819054,0.007915523,0.01199781,17.91263509,17.22099301,16.91071781,17.301202062799998,0.0063817958634173,"SDSS(cModelMag g,r)",17.301202062799998,SDSS,Vmag_sdss,0.980607280000001,0.7280220800000023,SDSS(cModel extcorr),-17.698797937200002,1.875,3.39333514899597,SDSS,False,3.2,10.858672476787106,,,,0.980607280000001,g-i,11.4,0.76,152.0,5.365422707671368,2.9006686586244066,2.9006686586244066,NGC 4889,2.350966696447629,78351167.74373455,4.157109190852259,2.7463224734333567,3.730435362824387,4.157109190852259,1.5101872138751733,-0.0813254088751733,0.5714850277625554,0.0295773605740801,0.5687259715699896,0.0642198094990386,0.1846296209706789,0.1258097846124775,0.0650328489604344
NGC 4871,261,1015,2398.501990161032,9594.007960644123,2398.501990161032,9594.007960644123,1.0,1.0,1.0,1.0,1.0,1.0,True,True,True,True,True,261,1015,1.530008888,0.0053258641111106,0.0053258641111106,255,980,0.5545228543715334,0.5232049719070582,1.530008888,1.568245396,1.5585901935862068,1.5819040168729064,0.25,0.25,7.249999999999943,9.999999999999943,7.249999999999943,9.999999999999943,141.40332786474102,512.740872468917,0.2533009974298569,0.2642737894196286,0.2893536114165551,0.3154107743569335,True,True,10,0.5555458308176391,0.015910123065984,0.0528587009461517,0.0528587009461517,0.5555458308176391,0.015910123065984,0.0528587009461517,,,,,,,194.87484625967,27.95643601638,LIN,0.02267,14.07,15.1,1.0300007,14.941,14.106,13.714,13.427,0.83500004,1.2270002,52.43561935424805,0.50443,173.0,SIMBAD,B,2023ApJS..269....3M,,-20.93,True,6.554452419281006,Active (AGN/Seyfert/QSO),,24808.144936631103,False,1.2376674440486584e+18,7.112396,6.061512107483321,14.75373,13.95491,13.51942,0.00225232,0.001986918,0.002022592,0.03223551,0.02230038,0.01657157,14.72149449,13.93260962,13.50284843,True,0.7888848700000004,1.2186460599999993,14.78072,13.95487,13.55432,0.002252901,0.001986918,0.002023563,14.74848449,13.93256962,13.53774843,14.246052416699998,0.0014923157559214,"SDSS(cModelMag g,r)",14.246052416699998,SDSS,Vmag_sdss,1.2186460599999993,0.7888848700000004,SDSS(cModel extcorr),-20.753947583300004,6.554452419281006,6.061512107483321,SDSS,False,3.2,19.39683874394663,,,,1.2186460599999993,g-i,30.2658,0.5771992468617239,173.0,1.2800806234345117,8.510292224237439,1.2800806234345117,NGC 4874,4.895281890110502,524721496.4463904,2.8966461809391744,4.120441608021069,4.137281695045918,2.8966461809391744,1.5793534758379293,-0.0493445878379292,0.8812621491168326,-0.875936285005722,0.5364905006566962,0.0190553301609428,0.2785043781458907,-0.2256456771997389,0.1473467593021575
LEDA 44636,567,2330,7398.340303127973,29593.3612125119,7398.340303127973,29593.3612125119,1.0,1.0,1.0,1.0,1.0,1.0,True,True,True,True,True,567,2330,1.511998767,-0.0763756767301582,-0.0763756767301582,555,2274,0.5627819457257618,0.5382821591568641,1.511998767,1.546108686,1.5210770353809524,1.5602010243922746,0.2499999999999999,0.2499999999999999,-15.499999999999886,-13.499999999999886,-15.499999999999886,-13.499999999999886,312.3439798777978,1224.0536299227088,0.2529168129043312,0.2598483990188763,0.3083395236863525,0.3113091969995559,True,True,10,0.5635471703961599,0.0106365933570247,0.0121716614219666,0.0121716614219666,0.5635471703961599,0.0106365933570247,0.0121716614219666,,,,,,,194.90967227334,27.9872092223,G,0.02274,15.89,17.13,1.2399988,16.067,15.302,14.949,14.69,0.7649994,1.1179991,16.380001068115234,0.191,40.0,SIMBAD,C,2006AJ....131.1163S,,-19.11,False,2.0475001335144043,Regular galaxies,,7772.914363365936,False,1.2376674440486584e+18,11.87046,9.669535656718242,15.95328,15.08686,14.78829,0.004022595,0.003141123,0.003505534,0.02670622,0.01847524,0.01372908,15.92657378,15.06838476,14.77456092,True,0.8581890200000011,1.1520128599999993,15.88893,15.08683,14.75734,0.004017561,0.003141123,0.003505975,15.86222378,15.06835476,14.74361092,15.410242258199998,0.0024808574586486,"SDSS(cModelMag g,r)",15.410242258199998,SDSS,Vmag_sdss,1.1520128599999993,0.8581890200000011,SDSS(cModel extcorr),-19.5897577418,2.0475001335144043,9.669535656718242,SDSS,False,3.2,30.94251410149837,,,,1.1520128599999993,g-i,11.46,0.6996336540116384,40.0,1.7740098519987533,6.602014748429761,1.7740098519987533,NGC 4874,3.209572672402764,202123181.63643128,1.3586289450693565,3.907450396804947,4.67924577881494,1.3586289450693565,1.5529971041772617,-0.0409983371772617,0.7632190351665449,-0.8395947118967031,0.5487740913544976,0.0147730790416622,0.2427326316403893,-0.2305609702184227,0.1324584759150074
LEDA 44635,1,14,77.61702782978477,310.4681113191391,77.61702782978477,310.4681113191391,1.0,1.0,1.0,1.0,1.0,1.0,True,True,True,True,True,1,14,1.563053559,-3.8166075425,-3.8166075425,1,13,0.5595207643492933,0.5427305357543448,1.563053559,1.537046029,1.563053559,1.4937049942857143,0.25,0.25,-2.5,-2.25,-2.5,-2.25,0.5595207643492933,7.055496964806483,,0.2257109575083516,,0.4001247863281437,False,True,10,,,,,,,,,,,,,,194.90829870729,28.00101128048,AG?,0.01659,16.6,18.097,1.4969997,17.174,16.488,16.137,15.894,0.6859989,1.0370007,15.59999942779541,0.22,160.0,SIMBAD,E,2003A&A...412...45P,,-18.4,False,1.9499999284744265,Other,,5441.222914766356,False,1.2376673243345715e+18,0.9128454,0.9005910840236022,18.52368,17.80939,17.44767,0.007781437,0.006436219,0.006889253,0.0264065,0.01826789,0.013575,18.4972735,17.79112211,17.434095,True,0.7061513899999987,1.0631784999999994,18.51647,17.80939,17.44732,0.00778239,0.006436219,0.006888817,18.4900635,17.79112211,17.433745000000002,18.0706441799,0.0049596971654637,"SDSS(cModelMag g,r)",18.0706441799,SDSS,Vmag_sdss,1.0631784999999994,0.7061513899999987,SDSS(cModel extcorr),-16.929355820100003,1.9499999284744265,0.9005910840236022,SDSS,False,3.2,2.881891468875528,,,,1.0631784999999994,g-i,13.2,0.8461538771905853,160.0,2.5559392034720934,6.800069018774756,2.5559392034720934,NGC 4874,3.650077139964449,71092609.43666686,2.078891357354849,4.671546174956523,5.495984536306576,2.078891357354849,1.492767630155452,0.0702859288445481,0.493467388139486,-4.310074930639486,,,,,0.0495639068081912
LEDA 44708,3076,1596,17708.400284345254,70833.601137381,34272.5983304642,76905.95180284635,1.9353864708356625,1.0857269793990578,0.9966,0.926,1.935386470835662,1.0857269793990578,True,True,True,True,True,3076,1596,1.6315518400000002,1.2923073954848878,1.441240059086151,2915,1545,0.4842821414699955,0.5823271540918185,1.6315518400000002,1.467165509,1.6413015489996747,1.4857571292255638,0.4456429902632808,0.25,2364.753787539804,2226.481580043231,2677.0,2528.75,1411.682442385037,899.6954530718594,0.2810318110699751,0.2487214916319041,0.3633885218861584,0.3390822746228683,True,True,10,0.4850742391912335,0.0053431033507622,0.3475294803462178,0.4079133941593416,0.4850742391912335,0.0053431033507622,0.3475294803462178,,,,,,,195.02544773316,27.97831516639,GiC,0.02546,15.994,16.9,0.9059992,15.673,15.063,14.668,14.47,0.6100006,1.0050001,33.0,0.19,141.0,SIMBAD,E,2003A&A...412...45P,,-19.006,False,4.125,Members of systems,,17475.131767561055,True,1.237667444048724e+18,29.67596,21.289625536295947,14.9193,14.1867,14.21833,0.003678388,0.002947346,0.003564937,0.03112322,0.0215309,0.01599977,14.88817678,14.1651691,14.20233023,True,0.7230076800000003,0.6858465500000008,14.86612,14.16533,13.99254,0.003643368,0.0029113,0.003584315,14.83499678,14.1437991,13.97654023,14.4516022488,0.0023018200250846,"SDSS(cModelMag g,r)",14.4516022488,SDSS,Vmag_sdss,0.6858465500000008,0.7230076800000003,SDSS(cModel extcorr),-20.5483977512,4.125,21.289625536295947,SDSS,False,4.8,102.19020257422056,,,,0.6858465500000008,g-i,11.4,0.3454545454545454,141.0,6.808717792229988,0.4460255600518625,0.4460255600518625,NGC 4889,3.195093429759157,19604608378.98008,5.231906951641359,5.026675708751676,6.211031601618863,5.231906951641359,1.5746999841336593,0.0568518558663408,0.8604204088884684,0.4318869865964194,0.5386592964282391,-0.0535850572370055,0.2721885040280957,0.075340976318122,0.0164237138457238
NGC 4867,34,42,483.009634806793,1932.038539227172,483.009634806793,1601.27354131148,1.0,0.8288,1.0,0.8288,1.0,0.8288,True,True,True,True,True,34,42,1.5352376295,0.9877401882490062,1.0814717501911764,27,42,0.5424400026260325,0.6111665801521783,1.5352376295,1.469337133,1.599538671,1.480719081690476,0.3016409266409267,0.25,21.33108108108108,14.331081081081075,23.5,16.5,14.645880070902878,25.66899636639149,0.2745351570241469,0.2238474181233073,0.3356547590755634,0.3062785996813701,True,True,10,0.5380216723871873,0.0521250244068586,0.2512505668353018,0.3003457801057846,0.5380216723871873,0.0521250244068586,0.2512505668353018,,,,,,,194.81354404998,27.970726764919995,GiG,0.01608,14.14,15.5,1.3599997,15.032,14.241,13.841,13.55,0.7909994,1.191,40.27842330932617,0.416479,29.0,SIMBAD,B,2023ApJS..269....3M,,-20.86,True,5.034802913665772,Members of systems,,13625.543880861853,False,1.2376674440485932e+18,3.110425,2.6237095855033408,15.11597,14.36658,13.93513,0.002393813,0.002170279,0.002220664,0.03611428,0.02498369,0.01856556,15.07985572,14.341596310000002,13.916564439999998,True,0.7382594099999995,1.1632912800000028,15.12918,14.34617,13.94233,0.002383182,0.002156744,0.002211281,15.09306572,14.321186310000002,13.92376444,14.6342826681,0.0016133381188074,"SDSS(cModelMag g,r)",14.6342826681,SDSS,Vmag_sdss,1.1632912800000028,0.7382594099999995,SDSS(cModel extcorr),-20.3657173319,5.034802913665772,2.6237095855033408,SDSS,False,3.2,8.395870673610691,,,,1.1632912800000028,g-i,24.98874,0.6204001534045659,29.0,4.569675982565631,11.674099701382229,4.569675982565631,NGC 4874,8.094370235768503,12565299.208565678,6.017478753601243,7.467228679649561,7.324685765794328,6.017478753601243,1.5705642385236531,-0.0353266090236532,0.8418975144401442,0.145842673808862,0.5405867926313433,-0.002565120244156,0.2665753321743553,-0.0153247653390535,0.0315932055867341
LEDA 93586,91,242,4661.697332369612,18646.78932947845,4661.697332369612,18217.91317490045,1.0,0.977,1.0,0.977,1.0,0.977,True,True,True,True,True,91,242,1.459183542,0.4386612040007427,0.4621332177747257,90,228,0.5579016101672744,0.5714160344850545,1.459183542,1.4996955289999998,1.4496626127032963,1.503518960107438,0.2558853633572158,0.2499999999999999,29.07574206755377,31.658137154554787,30.50000000000003,33.00000000000003,50.211144915054696,130.28285586259244,0.2527639660051498,0.2585817678617828,0.3356555716417227,0.3547227701667112,True,True,10,0.5589408493022743,0.0254840720397764,0.1885244502843271,0.1970440274617398,0.5589408493022743,0.0254840720397764,0.1885244502843271,,,,,,,195.07823815868,27.93707411511,AG?,0.01762,15.44,17.014,1.5740004,16.015,15.328,14.969,14.712,0.6869993,1.0459995,24.275821685791016,0.351716,21.0,SIMBAD,B,2023ApJS..269....3M,,-19.560001,False,3.034477710723877,Other,,8981.746748780071,False,1.237667444048724e+18,8.799917,6.885906656543145,16.25826,15.61518,15.28695,0.004178265,0.003474837,0.003990825,0.03321066,0.02297498,0.01707287,16.225049339999998,15.59220502,15.26987713,True,0.6328443199999985,0.9551722099999987,16.10304,15.43026,15.09065,0.004094635,0.003405106,0.003888506,16.06982934,15.40728502,15.07357713,15.841671191199998,0.0026716667923643,"SDSS(cModelMag g,r)",15.841671191199998,SDSS,Vmag_sdss,0.9551722099999987,0.6328443199999985,SDSS(cModel extcorr),-19.1583288088,3.034477710723877,6.885906656543145,SDSS,False,3.2,22.034901300938063,,,,0.9551722099999987,g-i,21.10296,0.8692995142715133,21.0,9.603819551299852,3.3627549725350083,3.3627549725350083,NGC 4889,6.220453361781339,46973884.432992496,8.258962992383225,6.960767149064751,7.735418800697746,8.258962992383225,1.5432298816006909,-0.0840463396006909,0.7194742670160579,-0.2808130630153151,0.5533261809186301,0.0056146683836442,0.2294762314586714,-0.0409517811743443,0.0149973361646861
2MASX J12595140+2804232,0,0,1503.1971760729252,6012.788704291703,0.0,346.3366293672021,0.0,0.0576,0.0,0.0576,0.0,0.0576,False,False,False,False,True,0,0,,,,0,0,,,,,,,,0.2499999999999999,,,0.0,0.0,,,,,,,False,False,10,,,,,,,,,,,,,,194.9642041666666,28.073136111111115,GiC,0.02499,16.23,17.71,1.4799995,17.094,16.332,15.956,15.696,0.76199913,1.1379995,12.420000076293944,0.157,30.0,SIMBAD,C,2006AJ....131.1163S,,-18.77,False,1.5525000095367432,Members of systems,dE,6459.265286761224,False,1.2376673243345718e+18,4.428126,4.186172657629508,16.98375,16.17769,15.80135,0.005579471,0.004649387,0.005074465,0.03171808,0.02194242,0.01630557,16.95203192,16.15574758,15.78504443,True,0.7962843399999997,1.1669874900000003,17.08994,16.32525,15.95608,0.005424786,0.004500934,0.004899067,17.058221919999998,16.303307580000002,15.93977443,16.472224159399996,0.0035718124786545,"SDSS(cModelMag g,r)",16.472224159399996,SDSS,Vmag_sdss,1.1669874900000003,0.7962843399999997,SDSS(cModel extcorr),-18.527775840600004,1.5525000095367432,4.186172657629508,SDSS,False,3.2,13.395752504414428,,,,1.1669874900000003,g-i,9.42,0.7584541016211389,30.0,7.661562179920471,6.842327918477881,6.842327918477881,NGC 4889,6.300911554447308,7863550.58902267,6.458437236064703,8.570201520041481,9.761569045536197,6.458437236064703,,,,,,,,,0.0001398859972268
2MASX J12595178+2805542,0,0,1851.7486161442089,7406.9944645768355,0.0,0.0,0.0,0.0,0.0,0.0,0.0,0.0,False,False,False,False,False,0,0,,,,0,0,,,,,,,,0.25,,,0.0,0.0,,,,,,,False,False,10,,,,,,,,,,,,,,194.96569290311,28.09852632739,GiC,0.02551,16.63,,,17.5469,16.7776,16.029,16.2132,0.76930046,1.5179005,16.158000946044922,0.200117,33.0,SIMBAD,B,2023ApJS..269....3M,,-18.37,False,2.0197501182556152,Members of systems,,8572.745285400755,False,1.2376673243345718e+18,5.830349,4.693977734701383,17.34017,16.58586,16.18467,0.00583099,0.004898649,0.005221633,0.03414907,0.02362417,0.01755529,17.30602093,16.56223583,16.16711471,True,0.7437851000000002,1.138906219999999,17.13472,16.4033,16.01762,0.005725819,0.00479839,0.005104617,17.10057093,16.37967583,16.00006471,16.857187720999995,0.0037508329156691,"SDSS(cModelMag g,r)",16.857187720999995,SDSS,Vmag_sdss,1.138906219999999,0.7437851000000002,SDSS(cModel extcorr),-18.142812279000005,2.0197501182556152,4.693977734701383,SDSS,False,3.2,15.020728751044423,,,,1.138906219999999,g-i,12.00702,0.7431005877579813,33.0,9.076884162328206,8.132074719274469,8.132074719274469,NGC 4889,7.823438860335195,4697969.392061481,7.943043660473657,10.09374135696854,11.279384077077344,7.943043660473657,,,,,,,,,
LEDA 1822111,14,74,3237.3782925675446,12949.513170270176,3237.3782925675446,12949.513170270176,1.0,1.0,1.0,1.0,1.0,1.0,True,True,True,True,True,14,74,1.4118670355,-0.6097215652500008,-0.6097215652500008,11,69,0.6343911555710237,0.5672927811146643,1.4118670355,1.529850833,1.3447365995714289,1.5881793849729733,0.25,0.25,-4.500000000000004,-6.250000000000004,-4.500000000000004,-6.250000000000004,6.978302711281261,39.14320189691184,0.2119668746464709,0.2520289022743277,0.2697940346976773,0.311875286264089,True,True,10,0.6473970972731993,0.0647621369518405,-0.2422211276566154,-0.2422211276566154,0.6473970972731993,0.0647621369518405,-0.2422211276566154,,,,,,,195.147592,27.942744,G,0.02325,16.79,18.66,1.8699989,17.396,16.709,16.413,16.809,0.6870003,0.9829998,15.59999942779541,0.16,106.0,SIMBAD,E,2003A&A...412...45P,,-18.21,False,1.9499999284744265,Regular galaxies,Ep,7564.120773938286,False,1.2376674440487245e+18,9.370414,6.820201613629062,17.77633,16.9329,16.86924,0.009347812,0.007510891,0.009751973,0.03400051,0.02352139,0.01747892,17.742329490000003,16.90937861,16.851761080000003,True,0.8329508800000021,0.8905684100000002,17.38996,16.70088,16.4093,0.009112361,0.007235961,0.009469623,17.35595949,16.677358610000002,16.391821080000003,17.240888470799998,0.0058588718016683,"SDSS(cModelMag g,r)",17.240888470799998,SDSS,Vmag_sdss,0.8905684100000002,0.8329508800000021,SDSS(cModel extcorr),-17.759111529200002,1.9499999284744265,6.820201613629062,SDSS,False,3.2,21.824645163613,,,,0.8905684100000002,g-i,9.6,0.6153846379567893,106.0,13.223913206359375,6.374840056939515,6.374840056939515,NGC 4889,9.730213424055975,7186990.201818213,11.804583787926733,10.65058436073202,11.4151669972896,11.804583787926733,1.5115526676785611,-0.0996856321785613,0.5776005288255384,-1.1873220940755391,0.5680895912725223,0.0793075060006769,0.1864828604054779,-0.4287039880620933,0.0237239837062478
IC 4042,71,71,2239.2470946628705,8956.988378651478,2239.2470946628705,8956.988378651478,1.0,1.0,1.0,1.0,1.0,1.0,True,True,True,True,True,71,71,1.608821945,1.2597028634999998,1.2597028634999998,67,70,0.5408076505758319,0.6797673009578975,1.608821945,1.396476326,1.6219257617605631,1.40660287443662,0.2500000000000001,0.2500000000000001,53.24999999999999,49.49999999999999,53.24999999999999,49.49999999999999,36.234112588580736,47.583711067052825,0.2620886046674259,0.1763760552918735,0.280172920557757,0.2341667800339988,True,True,10,0.5411366978179767,0.0332352420577914,0.3635855371200183,0.3635855371200183,0.5411366978179767,0.0332352420577914,0.3635855371200183,,,,,,,195.17816482645,27.97127198246,AGN,0.02126,14.01,15.272,1.2620001,14.831,14.014,13.615,13.303,0.8170004,1.2160006,45.97157669067383,0.541699,176.0,SIMBAD,B,2023ApJS..269....3M,,-20.99,True,5.7464470863342285,Active (AGN/Seyfert/QSO),SB0...,20432.05701533376,False,1.2376673243347026e+18,5.549952,5.291939620488159,14.70794,13.9173,13.5144,0.002069553,0.001892664,0.001908793,0.03447001,0.02384619,0.01772028,14.67346999,13.89345381,13.49667972,True,0.7800161800000023,1.1767902700000017,14.72069,13.91728,13.50959,0.002069884,0.001892664,0.001908852,14.68621999,13.89343381,13.49186972,14.2032604438,0.0014024751194482,"SDSS(cModelMag g,r)",14.2032604438,SDSS,Vmag_sdss,1.1767902700000017,0.7800161800000023,SDSS(cModel extcorr),-20.7967395562,5.7464470863342285,5.291939620488159,SDSS,False,3.0,15.875818861464476,,,,1.1767902700000017,g-i,32.501940000000005,0.7070007674240508,176.0,14.822780767650086,7.660920391671334,7.660920391671334,NGC 4889,11.230606207253237,4204435.732815439,13.304269486704335,12.481566228943471,13.362724946682183,13.304269486704335,1.580322253524902,0.0284996914750981,0.8856010443323097,0.3741018191676901,0.5360389943288472,0.0050977034891295,0.2798192355278075,0.0837663015922107,0.0072137407262977
LEDA 126748,0,0,2766.9076060957204,11067.630424382884,0.0,0.0,0.0,0.0,0.0,0.0,0.0,0.0,False,False,False,False,False,0,0,,,,0,0,,,,,,,,0.2499999999999999,,,0.0,0.0,,,,,,,False,False,10,,,,,,,,,,,,,,195.270102,27.891744,GiC,0.01936,16.82,,,17.232,16.521,16.149,15.88,0.71100044,1.0830002,17.399999618530273,0.2,169.0,SIMBAD,E,2003A&A...412...45P,,-18.18,False,2.174999952316284,Members of systems,,7058.565227306851,False,1.2376674440487898e+18,7.376378,5.956006159773696,17.39137,16.69682,16.33549,0.00752236,0.006143379,0.00718639,0.02832137,0.01959259,0.0145594,17.363048629999998,16.67722741,16.3209306,True,0.6858212199999976,1.0421180299999977,17.22411,16.5117,16.14762,0.007333662,0.005960906,0.006964068,17.19578863,16.492107410000003,16.1330606,16.948414110199995,0.0047591773052222,"SDSS(cModelMag g,r)",16.948414110199995,SDSS,Vmag_sdss,1.0421180299999977,0.6858212199999976,SDSS(cModel extcorr),-18.051585889800005,2.174999952316284,5.956006159773696,SDSS,False,3.2,19.059219711275823,,,,1.0421180299999977,g-i,12.0,0.6896551875334813,169.0,20.09693317071727,13.534017713242957,13.534017713242957,NGC 4889,16.746347856621753,836458.1768533494,18.78824748180232,17.287700861850595,17.81233201275046,18.78824748180232,,,,,,,,,
CAIRNS J125935.95+275421.4,43,87,1278.024026685942,5112.096106743767,1278.024026685942,5112.096106743767,1.0,1.0,1.0,1.0,1.0,1.0,True,True,True,True,True,43,87,1.5052881,0.7592671237499999,0.7592671237499999,42,85,0.5683168868020646,0.616791752211609,1.5052881,1.474892045,1.5149408069302324,1.5078784490344828,0.25,0.25,21.25,20.75,21.25,20.75,23.86930924568671,52.42729893798676,0.248670906392695,0.2111771139547569,0.3052290754164247,0.2408125456508865,True,True,10,0.5687751886998238,0.0361720708699751,0.2567079331165692,0.2567079331165692,0.5687751886998238,0.0361720708699751,0.2567079331165692,,,,,,,194.89954166666664,27.906166666666664,GiC,0.0302008931792406,18.345,19.184,0.8390007,,,,16.71,,,,,,,,,,-16.655,False,,Members of systems,,,False,1.2376674440486587e+18,3.673451,3.361579004288147,18.60003,17.70458,17.3414,0.01309603,0.009878217,0.01165858,0.03478783,0.02406606,0.01788366,18.56524217,17.68051394,17.32351634,True,0.8847282300000003,1.24172583,18.37535,17.63023,17.30597,0.01289362,0.009743822,0.01164009,18.34056217,17.606163940000002,17.28808634,18.0332525143,0.0079244853685018,"SDSS(cModelMag g,r)",18.0332525143,SDSS,Vmag_sdss,1.24172583,0.8847282300000003,SDSS(cModel extcorr),-16.9667474857,,3.361579004288147,SDSS,False,3.2,10.757052813722073,,,,1.24172583,g-i,,1.0,0.0,3.185148063971962,8.28684203781493,3.185148063971962,NGC 4874,5.131635212573402,36933752.36205925,4.132778316254597,2.9317959650935865,1.9180680144259377,4.132778316254597,1.4936141489966532,0.0116739510033467,0.4972587188021247,0.2620084049478752,0.5764499765353488,-0.0076747878355249,0.1621361046670532,0.094571828449516,0.0235188217982402
CAIRNS J125947.21+280315.7,0,0,,,,,,,,,,,False,False,False,False,False,0,0,,,,0,0,,,,,,,,,,,,,,,,,,,False,False,10,,,,,,,,,,,,,,194.94695,28.054459,GiC,0.0317986651952398,18.03,,,,,,,,,,,,,,,,-16.97,False,,Members of systems,,,False,,,,,,,,,,,,,,,,False,,,,,,,,,,,,,,,18.030000686645508,SIMBAD,,,,,-16.969999313354492,,,,False,3.2,,,,,,,,1.0,0.0,6.256449660615467,6.535947827432121,6.256449660615467,NGC 4874,5.2794130940595,10699362.558612954,5.140231508165897,7.40154426638988,8.541041628389193,5.140231508165897,,,,,,,,,
SDSS J130036.58+275552.1,4,9,255.5349095379832,1022.139638151933,255.5349095379832,1022.139638151933,1.0,1.0,1.0,1.0,1.0,1.0,True,True,True,True,True,4,9,1.4380178105,0.6387728892500001,0.6387728892500001,4,8,0.7129654853481608,0.6539362812095453,1.4380178105,1.42087986,1.40961797225,1.500065075111111,0.2499999999999999,0.2499999999999999,1.7500000000000009,2.000000000000001,1.7500000000000009,2.000000000000001,2.851861941392644,5.231490249676362,0.087510789032386,0.2564011747639247,0.2363726575038044,0.4550841832813004,False,True,10,,,,,,,,,,,,,,195.152442,27.931156,AG?,0.0197,18.28,19.872,1.591999,19.608,18.992,18.668,18.531,0.6159992,0.94000053,,,,,,,,-16.72,False,,Other,dE...,,False,1.2376674440487247e+18,1.65558,1.503138272369407,19.21104,18.89862,18.36751,0.02216524,0.01941225,0.02387727,0.03313286,0.02292116,0.01703288,19.17790714,18.87569884,18.35047712,True,0.3022083000000002,0.8274300200000013,19.60176,18.98243,18.66691,0.0216376,0.01820901,0.02320841,19.56862714,18.95950884,18.649877120000003,18.989604243,0.014620656317295,"SDSS(cModelMag g,r)",18.989604243,SDSS,Vmag_sdss,0.8274300200000013,0.3022083000000002,SDSS(cModel extcorr),-16.010395757,,1.503138272369407,SDSS,False,3.2,4.8100424715821015,,,,0.8274300200000013,g-i,,1.0,0.0,13.549805019257818,6.866900684013097,6.866900684013097,NGC 4889,10.11415187299367,5811368.519951561,12.175569785497828,10.885317634820336,11.581955986277356,12.175569785497828,1.471963073973131,-0.0339452634731312,0.4002893654687935,0.2384835237812065,,,,,0.0074715722033805
[EDG2007] 34,0,26,257.27903123311626,1029.1161249324646,77.28662098242812,461.2498471947306,0.3004,0.4482,0.3004,0.4482,0.3004,0.4482,False,False,False,True,True,0,26,,,,0,26,,0.5760558760070912,,1.4540508995,,1.4547805458846157,0.1675591253904507,0.2500000000000001,-4.35653726015172,-4.35653726015172,-6.500000000000003,-6.500000000000003,,14.977452776184371,,0.2324476728235091,,0.3622336221442196,False,True,10,,,,,,,,,,,,,,194.80575,27.975861111111108,G,0.0228191197525055,14.252,15.27,1.0180006,,,,12.63,,,,,,,,,,-20.748001,False,,Regular galaxies,,,False,1.2376674440485932e+18,1.874306,1.5082592905333798,15.20173,16.55465,13.40318,0.003546592,0.01594048,0.003034608,0.03614368,0.02500403,0.01858068,15.16558632,16.529645969999997,13.38459932,True,-1.364059649999998,1.780986999999998,15.91572,16.55469,14.28355,0.00379974,0.01588495,0.003907721,15.87957632,16.52968597,14.26496932,15.960381513499998,0.0095166297987235,"SDSS(cModelMag g,r)",15.960381513499998,SDSS,Vmag_sdss,1.780986999999998,-1.364059649999998,SDSS(cModel extcorr),-19.039618486500004,,1.5082592905333798,SDSS,False,3.2,4.826429729706816,,,,1.780986999999998,g-i,,1.0,0.0,5.030148675168308,12.080900309922097,5.030148675168308,NGC 4874,8.518314691045559,9587593.424793923,6.43808090825853,7.958360248145907,7.834931272556568,6.43808090825853,,,,,,,,,0.0616665937895754
GMP 3397,0,0,,,,,,,,,,,False,False,False,False,False,0,0,,,,0,0,,,,,,,,,,,,,,,,,,,False,False,10,,,,,,,,,,,,,,194.87816666666663,28.04208333333333,G,0.0218451125945269,18.44,18.999,0.559,19.59,,,16.56,,,,,,,,,,-16.56,False,,Regular galaxies,E,,False,,,,,,,,,,,,,,,,False,,,,,,,,,,,,,,,18.440000534057617,SIMBAD,,,,,-16.559999465942383,,,,False,3.2,,,,,0.5590000152587891,B-V,,1.0,0.0,5.088759655690014,9.118667492967456,5.088759655690014,NGC 4874,6.439315345305412,10601249.55098387,5.0114792738270415,7.59485054817386,8.337845219251948,5.0114792738270415,,,,,,,,,
ECO 11254,1,10,22.28663910782999,89.14655643131994,22.28663910782999,89.14655643131994,1.0,1.0,1.0,1.0,1.0,1.0,True,True,True,True,True,1,10,1.793493005,-1.8489158075000007,-1.8489158075000007,1,10,0.29467054235383,0.6045101022248435,1.793493005,1.456963525,1.793493005,1.5160641963,0.25,0.25,-1.5000000000000004,-1.5000000000000004,-1.5000000000000004,-1.5000000000000004,0.29467054235383,6.045101022248435,,0.2721689396985881,,0.3653969943502969,False,True,10,,,,,,,,,,,,,,194.87958333333333,27.955111111111105,G,0.0236,17.445,18.295,0.8500004,,,,15.98,,,,,,,,,,-17.555,False,,Regular galaxies,dGs...,,False,1.2376674440486584e+18,0.5111978,0.4439112010123628,20.70378,20.05525,19.53803,0.04878202,0.03635725,0.05091146,0.0319505,0.02210321,0.01642505,20.6718295,20.03314679,19.52160495,True,0.6386827099999977,1.1502245499999972,20.67104,20.05523,19.59675,0.03549877,0.0281784,0.02956194,20.6390895,20.03312679,19.58032495,20.2850067011,0.0293285012189361,"SDSS(cModelMag g,r)",20.2850067011,SDSS,Vmag_sdss,1.1502245499999972,0.6386827099999977,SDSS(cModel extcorr),-14.7149932989,,0.4439112010123628,SDSS,False,3.2,1.420515843239561,,,,1.1502245499999972,g-i,,1.0,0.0,1.0476950734204786,8.27430763384251,1.0476950734204786,NGC 4874,4.659673315018867,954976212.3827528,2.684165348152892,3.8578059481156526,3.894361354592446,2.684165348152892,1.4426361485707968,0.3508568564292031,0.2689419386814584,-2.117857746181459,,,,,0.1610767415892596
CAIRNS J125930.08+274933.2,0,0,607.7179937789595,2430.871975115838,0.0,0.0,0.0,0.0,0.0,0.0,0.0,0.0,False,False,False,False,False,0,0,,,,0,0,,,,,,,,0.25,,,0.0,0.0,,,,,,,False,False,10,,,,,,,,,,,,,,194.8750833333333,27.825972222222216,GiC,0.029600477807884,18.04,19.535,1.4949989,,,,17.27,,,,,,,,,,-16.96,False,,Members of systems,,,False,1.237667444048659e+18,3.081825,2.3180610038446057,18.86981,18.20312,17.98181,0.01722863,0.01497491,0.02224523,0.03373774,0.02333961,0.01734383,18.83607226,18.17978039,17.964466169999998,True,0.656291870000004,0.8716060900000038,18.93217,18.2976,17.9555,0.01688243,0.01457615,0.02232136,18.89843226,18.27426039,17.93815617,18.4388600567,0.011311812544091,"SDSS(cModelMag g,r)",18.4388600567,SDSS,Vmag_sdss,0.8716060900000038,0.656291870000004,SDSS(cModel extcorr),-16.561139943300002,,2.3180610038446057,SDSS,False,3.2,7.417795212302739,,,,0.8716060900000038,g-i,,1.0,0.0,8.094773656240456,12.365836493345244,8.094773656240456,NGC 4874,9.804903910716964,2983685.0013163555,9.105491689501813,7.373960654628299,6.087145360107121,9.105491689501813,,,,,,,,,
CAIRNS J130005.15+275835.8,0,0,,,,,,,,,,,False,False,False,False,False,0,0,,,,0,0,,,,,,,,,,,,,,,,,,,False,False,10,,,,,,,,,,,,,,195.02141666666665,27.976666666666667,GiC,0.025991,17.075,17.925,0.8499985,,,,15.28,,,,,,,,,,-17.925,False,,Members of systems,E...,,False,,,,,,,,,,,,,,,,False,,,,,,,,,,,,,,,17.075000762939453,SIMBAD,,,,,-17.924999237060547,,,,False,3.2,,,,,0.8499984741210938,B-V,,1.0,0.0,6.581858039223303,0.6532131295581806,0.6532131295581806,NGC 4889,2.9670751973535388,6244014566.559483,5.011060203901075,4.794630509341119,5.98355115978951,5.011060203901075,,,,,,,,,
SDSS J130048.04+280557.3,4,20,309.4945520033037,1237.978208013215,309.4945520033037,1237.978208013215,1.0,1.0,1.0,1.0,1.0,1.0,True,True,True,True,True,4,20,1.461373551,-0.4622061552499996,-0.4622061552499996,4,20,0.6838359305070022,0.6317878943018913,1.461373551,1.538863765,1.39374123975,1.4942993798000002,0.2499999999999999,0.2499999999999999,-0.9999999999999992,-0.9999999999999992,-0.9999999999999992,-0.9999999999999992,2.735343722028009,12.635757886037826,0.1251258858330761,0.2055443513363276,0.2505580014518789,0.2350504196042412,False,True,10,,,,,,,,,,,,,,195.200181,28.099257,AG?,0.0208,18.54,,,19.581,18.913,18.525,18.348,0.66799927,1.0559998,,,,,,,,-16.46,False,,Other,,,False,1.2376673243347026e+18,1.705709,1.6542468546699474,19.43671,18.77347,18.25432,0.02015175,0.01774632,0.02004323,0.03673762,0.02541492,0.01888601,19.39997238,18.74805508,18.23543399,True,0.6519173000000009,1.1645383900000006,19.57783,18.90742,18.51773,0.01975505,0.01729138,0.01946131,19.54109238,18.88200508,18.49884399,19.005341173,0.0133376168485009,"SDSS(cModelMag g,r)",19.005341173,SDSS,Vmag_sdss,1.1645383900000006,0.6519173000000009,SDSS(cModel extcorr),-15.994658827000002,,1.6542468546699474,SDSS,False,3.2,5.293589934943832,,,,1.1645383900000006,g-i,,1.0,0.0,18.03797495888864,11.46657141852454,11.46657141852454,NGC 4889,14.675290569606592,1340144.4521215544,16.393497427501117,16.778103941679902,17.96937965482964,16.393497427501117,1.4716068018591746,-0.0102332508591747,0.3986937183028434,-0.860899873552843,,,,,0.0293158630291838
LEDA 44707,44,95,2119.834218488988,8479.336873955952,2119.834218488988,8479.336873955952,1.0,1.0,1.0,1.0,1.0,1.0,True,True,True,True,True,44,95,1.4637228,0.6686954752272728,0.6686954752272728,41,94,0.5902419501454097,0.5809824525815577,1.4637228,1.472892728,1.4543617782954543,1.4850190086105266,0.25,0.25,20.25,17.5,20.25,17.5,24.1999199559618,54.61235054266642,0.2428187616789908,0.2430939332120776,0.3271335490610924,0.291940736579348,True,True,10,0.5961582110481427,0.0389192176003013,0.2631560735928596,0.2631560735928596,0.5961582110481427,0.0389192176003013,0.2631560735928596,,,,,,,195.02249754606,28.02444605387,AG?,0.01969,15.42,17.106,1.6860008,16.097,15.42,15.058,14.808,0.67700005,1.0390005,30.13859939575196,0.259443,158.0,SIMBAD,B,2023ApJS..269....3M,,-19.58,False,3.767324924468994,Other,,12429.57926006816,False,1.237667324334637e+18,8.0829,6.024065583983504,16.20411,15.57045,15.21019,0.003592683,0.003169328,0.003341872,0.03196341,0.02211214,0.01643169,16.17214659,15.548337859999998,15.193758310000002,True,0.6238087300000021,0.978388279999999,16.08733,15.42348,15.05789,0.003533961,0.00310904,0.003277407,16.055366590000002,15.40136786,15.04145831,15.794099439299998,0.0023803924597612,"SDSS(cModelMag g,r)",15.794099439299998,SDSS,Vmag_sdss,0.978388279999999,0.6238087300000021,SDSS(cModel extcorr),-19.2059005607,3.767324924468994,6.024065583983504,SDSS,False,3.2,19.27700986874721,,,,0.978388279999999,g-i,15.566579999999998,0.5164997814130046,158.0,7.632822317137605,2.9069034241405785,2.9069034241405785,NGC 4889,4.504489693213677,73267944.5386993,5.998376595945934,6.879662300447626,8.16173295125818,5.998376595945934,1.5443068698451596,-0.0805840698451596,0.7242978082721054,-0.0556023330448326,0.552824242224195,0.0433339688239476,0.2309379558176444,0.0322181177752152,0.0441032895345914
LEDA 44542,0,0,50.95900867067071,203.8360346826829,0.0,0.0,0.0,0.0,0.0,0.0,0.0,0.0,False,False,False,False,False,0,0,,,,0,0,,,,,,,,0.2499999999999999,,,0.0,0.0,,,,,,,False,False,10,,,,,,,,,,,,,,194.77366666666663,28.07111111111111,GiC,0.0213681159383936,17.67,18.7,1.0300007,,,,16.77,,,5.37,,,NED,,,2007SDSS6.C...0000:,-17.33,False,0.67125,Members of systems,,2398.517812510782,False,,,,,,,,,,,,,,,,False,,,,,,,,,,,,,,,17.670000076293945,SIMBAD,,,,,-17.329999923706055,0.67125,0.67125,SIMBAD_proxy(maj/8),True,3.2,2.148,,,,1.0300006866455078,B-V,,1.0,0.0,9.432584430337522,14.886534733300534,9.432584430337522,NGC 4874,11.92644126207614,1831599.62889463,10.120002882325116,12.449411644348194,12.791716667136953,10.120002882325116,,,,,,,,,
LEDA 126789,9,33,1137.244386347468,4548.977545389871,1137.244386347468,4548.977545389871,1.0,1.0,1.0,1.0,1.0,1.0,True,True,True,True,True,9,33,1.431314086,-0.0002145088333336,-0.0002145088333336,9,32,0.6357323563770744,0.570484189410304,1.431314086,1.561667558,1.5229616843333331,1.5587775092424243,0.25,0.25,0.7499999999999982,0.9999999999999982,0.7499999999999982,0.9999999999999982,5.721591207393669,18.255494061129728,0.244356123780501,0.2444186937434389,0.2118275268562136,0.3102771063503468,False,True,10,,,,,,,,,,,,,,194.88287520245,27.861306842710004,GiC,0.01555,17.13,18.479,1.3490009,17.686,16.979,16.646,16.472,0.70700073,1.0400009,,,,,,,,-17.87,False,,Members of systems,,,False,1.2376674440486587e+18,3.297948,3.171032653312278,17.89645,17.14692,16.83727,0.007679672,0.006103572,0.007099581,0.03661212,0.02532809,0.01882149,17.85983788,17.121591910000003,16.81844851,True,0.7382459699999977,1.041389370000001,17.67802,16.97291,16.64441,0.007588045,0.006003326,0.006955452,17.64140788,16.94758191,16.62558851,17.4142727577,0.0047835206322695,"SDSS(cModelMag g,r)",17.4142727577,SDSS,Vmag_sdss,1.041389370000001,0.7382459699999977,SDSS(cModel extcorr),-17.5857272423,,3.171032653312278,SDSS,False,3.2,10.14730449059929,,,,1.041389370000001,g-i,,1.0,0.0,5.93675418757412,10.591393033331608,5.93675418757412,NGC 4874,7.786640119064498,6695692.997993048,6.964170238328738,5.397656169603307,4.132314006874767,6.964170238328738,1.507627379428521,-0.0763132934285211,0.5600202164004138,-0.5602347252337474,,,,,0.006110162497522
SDSS J130026.15+280032.0,6,24,516.5722151457799,2066.288860583121,516.5722151457799,2066.288860583121,1.0,1.0,1.0,1.0,1.0,1.0,True,True,True,True,True,6,24,1.371188912,-0.062803009999999,-0.062803009999999,6,24,0.7402605702257867,0.6170388513134385,1.371188912,1.433991922,1.3678865575,1.4558026588333333,0.2499999999999998,0.2499999999999998,3.552713678800501e-15,3.552713678800501e-15,3.552713678800501e-15,3.552713678800501e-15,4.44156342135472,14.808932431522525,0.0531860530887363,0.2324324070837641,0.1465844002608411,0.2853303506294765,False,True,10,,,,,,,,,,,,,,195.108997,28.008893,AG?,0.0185,17.57,19.263,1.6930008,18.77,18.096,17.755,17.479,0.6739998,1.0150013,,,,,,,,-17.43,False,,Other,,,False,1.2376673243346373e+18,2.34063,2.137171306818391,18.59731,17.98395,17.6853,0.01273419,0.01097699,0.01271677,0.03480448,0.02407758,0.01789222,18.56250552,17.95987242,17.66740778,True,0.602633100000002,0.8950977400000006,18.75998,18.08744,17.75028,0.01241237,0.01072785,0.01238956,18.72517552,18.06336242,17.73238778,18.196951991,0.0083188398851751,"SDSS(cModelMag g,r)",18.196951991,SDSS,Vmag_sdss,0.8950977400000006,0.602633100000002,SDSS(cModel extcorr),-16.803048009,,2.137171306818391,SDSS,False,3.2,6.838948181818852,,,,0.8950977400000006,g-i,,1.0,0.0,11.529228576925936,4.4220343555978525,4.4220343555978525,NGC 4889,7.947931031136703,20828257.24634969,9.90734055338408,9.766709586074011,10.884842388263737,9.90734055338408,1.489908117476053,-0.1187192054760526,0.4806603984141002,-0.5434634084140992,,,,,0.0121387113167712
LEDA 126768,994,2553,8324.504302008521,33298.0172080341,16992.35258854231,51219.50452650641,2.041244976525801,1.5382148494459975,1.0,0.937,2.041244976525801,1.5382148494459975,True,True,True,True,True,994,2553,1.5137279265,0.1749716221801911,0.5048853570015097,987,2492,0.5440217880821272,0.5064997430581711,1.5137279265,1.571154742,1.5334030055794767,1.5873512858100274,0.3317555049707414,0.2499999999999999,147.02819580969708,160.2652816129123,355.7500000000002,364.0000000000002,536.9495048370595,1262.1973597009624,0.2635382501882916,0.2756480826056907,0.3357717084519035,0.3544971751223061,True,True,10,0.5445877391635034,0.009030633487729,0.1203314854245678,0.2248822275877784,0.5445877391635034,0.009030633487729,0.1203314854245678,,,,,,,195.031143,27.958069,GiC,0.02072,17.58,18.963,1.3829994,17.473,17.07,16.516,16.448,0.40299988,0.9569988,13.800000190734863,0.21,,SIMBAD,E,2003A&A...412...45P,,-17.42,False,1.725000023841858,Members of systems,,5981.540402364631,False,1.237667444048724e+18,9.742112,8.97857217169769,16.64061,17.30416,16.22615,0.01173625,0.01412255,0.01469685,0.03165467,0.02189856,0.01627298,16.608955329999997,17.28226144,16.20987702,True,-0.6733061100000022,0.3990783099999966,17.468,17.05945,16.51539,0.01225075,0.01342484,0.01481177,17.436345329999998,17.037551439999998,16.49911702,16.996205934899997,0.0096219186755878,"SDSS(cModelMag g,r)",16.996205934899997,SDSS,Vmag_sdss,0.3990783099999966,-0.6733061100000022,SDSS(cModel extcorr),-18.003794065100003,1.725000023841858,8.97857217169769,SDSS,False,3.2,28.73143094943261,,,,0.3990783099999966,g-i,12.6,0.9130434656413609,0.0,7.014739872319045,1.1456400923274943,1.1456400923274943,NGC 4889,3.490958415183414,1159863549.2002096,5.564720607584505,4.739412184215819,5.783503014713256,5.564720607584505,1.5170920940033483,-0.0033641675033484,0.6024101324119042,-0.4274385102317131,0.5655078988244735,-0.02092015966097,0.1940011545328863,-0.0736696691083185,0.1620384810478159
LEDA 1821555,15,27,253.9501124880651,1015.8004499522604,253.9501124880651,1015.8004499522604,1.0,1.0,1.0,1.0,1.0,1.0,True,True,True,True,True,15,27,1.506068256,0.85988851455,0.85988851455,15,26,0.6313090803223547,0.6870276911561688,1.506068256,1.435954981,1.4593931623333334,1.4131811929629632,0.25,0.25,8.25,8.5,8.25,8.5,9.46963620483532,17.86271997006039,0.1687140927971906,0.137186673373277,0.2710142163539877,0.1960807572202237,True,True,10,0.6335003582787179,0.0411732743413997,0.3357883587777113,0.3357883587777113,0.6335003582787179,0.0411732743413997,0.3357883587777113,,,,,,,194.8837708333333,27.92104166666667,GiC,0.022732393087754,17.59,19.13,1.539999,18.177,17.48,17.162,16.891,0.6970005,1.0149994,15.59999942779541,0.16,144.0,SIMBAD,E,2003A&A...412...45P,,-17.41,False,1.9499999284744265,Members of systems,dE,7400.366751639261,False,1.2376674440486584e+18,1.967855,1.9101817555378544,18.68619,17.98285,17.64005,0.01504857,0.01222034,0.01481054,0.03477307,0.02405585,0.01787608,18.65141693,17.95879415,17.622173919999998,True,0.6926227800000007,1.0292430100000018,18.89739,18.22351,17.88339,0.01461084,0.01181884,0.01428423,18.86261693,18.19945415,17.865513919999998,18.232769489799995,0.0094895702598931,"SDSS(cModelMag g,r)",18.232769489799995,SDSS,Vmag_sdss,1.0292430100000018,0.6926227800000007,SDSS(cModel extcorr),-16.767230510200005,1.9499999284744265,1.9101817555378544,SDSS,False,3.2,6.112581617721134,,,,1.0292430100000018,g-i,9.6,0.6153846379567893,144.0,2.426685310337878,8.629124278288334,2.426685310337878,NGC 4874,5.206031873740555,79312192.1938589,3.757133910481079,3.411089956610184,2.763983118116543,3.757133910481079,1.4890972365727184,0.0169710194272816,0.4770286805090422,0.3828598340409578,0.5785551184777896,0.0549452398009282,0.1560056005029433,0.179782758274768,0.0220169157141011
GMP 2399,6,9,551.2930962211947,2205.1723848847787,551.2930962211947,2205.1723848847787,1.0,1.0,1.0,1.0,1.0,1.0,True,True,True,True,True,6,9,1.3351677005,0.854020979,0.854020979,5,9,0.6909867628346158,0.6112641487267783,1.3351677005,1.283057924,1.3539525965,1.4893145222222222,0.25,0.25,3.75,2.75,3.75,2.75,3.454933814173079,5.501377338541005,0.1189455566429288,0.3223749344157266,0.2274539185112852,0.4325741974817918,False,True,10,,,,,,,,,,,,,,195.22406,27.968243,GiC,0.0197,17.63,18.73,1.1000004,,,,,,,,,,,,,,-17.37,False,,Members of systems,,,False,1.2376673243347028e+18,2.670293,2.207827254666137,18.35245,17.66619,17.35618,0.01003664,0.008795105,0.01022614,0.0319718,0.02211794,0.016436,18.3204782,17.64407206,17.339744,True,0.676406140000001,0.9807342000000006,18.43203,17.75506,17.43065,0.009826553,0.008598464,0.009989215,18.4000582,17.73294206,17.414214,17.911398577399996,0.0066227103350618,"SDSS(cModelMag g,r)",17.911398577399996,SDSS,Vmag_sdss,0.9807342000000006,0.676406140000001,SDSS(cModel extcorr),-17.088601422600004,,2.207827254666137,SDSS,False,3.2,7.065047214931639,,,,0.9807342000000006,g-i,,1.0,0.0,17.246066332897517,10.099001505374988,10.099001505374988,NGC 4889,13.661287865208626,1902022.32665694,15.737100641511054,14.847518729279855,15.682741770377577,15.737100641511054,1.4963728293551024,-0.1612051288551024,0.5096141076279239,0.344406871372076,,,,,0.0047319311382136
SDSS J125948.57+275857.7,0,4,33.62373491974394,134.49493967897573,33.62373491974394,134.49493967897573,1.0,1.0,1.0,1.0,1.0,1.0,True,True,True,True,True,0,4,,,,0,4,,0.578778312505358,,1.4537591755,,1.52561599475,0.25,0.25,-1.0000000000000002,-1.0000000000000002,-1.0000000000000002,-1.0000000000000002,,2.315113250021432,,0.3297731430952531,,0.3371281845543019,False,True,10,,,,,,,,,,,,,,194.952406,27.982695,AG?,0.018,17.69,18.83,1.1399994,20.81,20.26,20.02,16.99,0.54999924,0.789999,,,,,,,,-17.31,False,,Other,dE,,False,1.2376674440486587e+18,0.7712224,0.5452514006140664,20.80794,20.24769,19.96783,0.03960525,0.03740309,0.04404699,0.02726468,0.01886158,0.01401617,20.78067532,20.22882842,19.95381383,True,0.551846900000001,0.8268614900000024,20.80585,20.24771,20.01403,0.03964962,0.03383691,0.04418748,20.77858532,20.22884842,20.00001383,20.445085649,0.0273982921545513,"SDSS(cModelMag g,r)",20.445085649,SDSS,Vmag_sdss,0.8268614900000024,0.551846900000001,SDSS(cModel extcorr),-14.554914351000004,,0.5452514006140664,SDSS,False,3.2,1.7448044819650126,,,,0.8268614900000024,g-i,,1.0,0.0,3.170430437528054,4.322899258764681,3.170430437528054,NGC 4874,1.1411288210228172,55881131.24374011,1.5247013591054364,3.108445940951461,4.311558827744364,1.5247013591054364,,,,,,,,,0.0310723831911915
SDSS J125953.93+275813.6,12,47,551.6635317148472,2206.6541268593883,729.6178814890967,2846.784299191292,1.3225776937276932,1.2900908504600883,1.0,1.0,1.3225776937276932,1.2900908504600883,True,True,True,True,True,12,47,1.5436339365,0.1006476225774333,0.1360920962291665,12,47,0.5953173744998282,0.6546095459113875,1.5436339365,1.437489539,1.51471976475,1.4676419262553189,0.256295456489754,0.25,-0.0458864550184401,-0.0458864550184401,0.2499999999999982,0.2499999999999982,7.143808493997939,30.76664865783521,0.1776985208984583,0.1969618969308928,0.2223606973174674,0.2316649259135813,True,True,10,0.5943657335887871,0.0499377414496876,-0.0627469549461925,-0.0466061134494467,0.5943657335887871,0.0499377414496876,-0.0627469549461925,,,,,,,194.974723,27.970469,G,0.0225,17.78,18.93,1.1499996,18.658,17.963,17.541,17.474,0.6950016,1.1170006,,,,,,,,-17.22,False,,Regular galaxies,S,,False,1.237667444048659e+18,2.250723,2.2085688930460337,18.55435,17.84544,17.52467,0.01273515,0.01070446,0.01284431,0.02852804,0.01973557,0.01466564,18.52582196,17.82570443,17.51000436,True,0.70011753,1.0158175999999983,18.59274,17.8912,17.54356,0.01265617,0.01054027,0.01279576,18.56421196,17.87146443,17.52889436,18.102752617299995,0.0081945309831007,"SDSS(cModelMag g,r)",18.102752617299995,SDSS,Vmag_sdss,1.0158175999999983,0.70011753,SDSS(cModel extcorr),-16.897247382700005,,2.2085688930460337,SDSS,False,3.0,6.625706679138101,,,,1.0158175999999983,g-i,,1.0,0.0,4.079981463054035,3.151806872879507,3.151806872879507,NGC 4889,0.4696311623195278,71668547.49220352,2.523618555490392,2.779053850233632,4.0658038844913404,2.523618555490392,1.4920407195783358,0.0515932169216641,0.4902117507857961,-0.3895641282083628,0.5771832854754156,0.0171824481133714,0.1600005937924532,-0.2227475487386457,0.0264235040665723
SDSS J125930.25+280115.0,10,8,162.94773293943328,651.7909317577331,162.94773293943328,651.7909317577331,1.0,1.0,1.0,1.0,1.0,1.0,True,True,True,True,True,10,8,1.4851309475,1.1979842614,1.1979842614,10,7,0.5715872403357442,0.6610216435752861,1.4851309475,1.4357334305,1.4889171227,1.4692040510000002,0.25,0.25,8.0,8.25,8.0,8.25,5.715872403357442,4.627151505027003,0.2278601670848809,0.0944561534738931,0.2881975792359482,0.4720738888086768,True,True,10,0.5770663217412795,0.0723915690077027,0.4613875341156044,0.4613875341156044,0.5770663217412795,0.0723915690077027,0.4613875341156044,,,,,,,194.87607,28.020844,G,0.024,17.82,19.182,1.3619995,18.391,18.414,18.057,17.044,-0.02299881,0.33400154,7.04,,,NED,,,2007SDSS6.C...0000:,-17.18,False,0.88,Regular galaxies,dGs...,3520.464821604657,False,1.2376673243345715e+18,1.462938,1.2003225761558354,19.04043,18.3196,18.02032,0.01254655,0.01038284,0.01157475,0.02727084,0.01886584,0.01401934,19.01315916,18.30073416,18.00630066,True,0.7124249999999996,1.0068585,19.12647,18.40746,18.0529,0.01245072,0.01025749,0.01148795,19.09919916,18.38859416,18.03888066,18.58282841,0.0079992479332738,"SDSS(cModelMag g,r)",18.58282841,SDSS,Vmag_sdss,1.0068585,0.7124249999999996,SDSS(cModel extcorr),-16.417171590000002,0.88,1.2003225761558354,SDSS,False,3.2,3.8410322436986735,,,,1.0068585,g-i,,1.0,0.0,3.886822757535111,8.756815184632249,3.886822757535111,NGC 4874,5.730108495663906,21233135.033039395,4.049327538680103,6.569658904254445,7.211848856611635,4.049327538680103,1.4811721691352329,0.0039587783647672,0.4415344307454107,0.7564498306545893,0.5822486574029453,-0.0051823356616658,0.1452494347050613,0.316138099410543,0.0182759733568604
[EDG2007] 474,0,0,53.456162496238825,213.8246499849553,0.0,0.0,0.0,0.0,0.0,0.0,0.0,0.0,False,False,False,False,False,0,0,,,,0,0,,,,,,,,0.25,,,0.0,0.0,,,,,,,False,False,10,,,,,,,,,,,,,,194.85670833333333,28.08158333333333,GiC,0.0256644214845458,17.9,19.322,1.4220009,,,,16.92,,,5.5,,,NED,,,2007SDSS6.C...0000:,-17.1,False,0.6875,Members of systems,,2935.180535298088,False,,,,,,,,,,,,,,,,False,,,,,,,,,,,,,,,17.899999618530273,SIMBAD,,,,,-17.100000381469727,0.6875,0.6875,SIMBAD_proxy(maj/8),True,3.2,2.2,,,,1.4220008850097656,B-V,,1.0,0.0,7.671050001945094,11.281142903182737,7.671050001945094,NGC 4874,8.944381191801774,3636578.168269682,7.631640740652824,10.22014877377248,10.960151269285896,7.631640740652824,,,,,,,,,
SDSS J130008.39+275716.7,292,1338,3094.576685268965,12378.30674107586,6316.789113279139,21268.709556302943,2.041244976525801,1.7182244713427075,1.0,0.935,2.041244976525801,1.7182244713427075,True,True,True,True,True,292,1338,1.5585626885,-0.6172046932551507,-0.2728964466224315,290,1282,0.5305179665551583,0.5053898185550983,1.5585626885,1.5987625335,1.5552383550787672,1.6014599110426009,0.296999171320536,0.25,-105.38489122687712,-90.75293763292711,-42.5,-30.5,153.8502103009959,647.9097473876361,0.2660120857204858,0.2757648143512024,0.3343090215236651,0.3784785261910361,True,True,10,0.5305913788083672,0.0155776065072387,-0.1329557179662044,-0.0279515068706295,0.5305913788083672,0.0155776065072387,-0.1329557179662044,,,,,,,195.03466666666665,27.95491666666668,GiC,0.0207009877479973,18.03,19.21,1.1799984,18.238,,17.431,17.267,,0.8070011,4.84,,,NED,,,2007SDSS6.C...0000:,-16.97,False,0.605,Members of systems,dE,2095.996991048066,False,1.237667444048724e+18,5.592635,5.230876154768637,18.41567,24.81021,17.79011,0.01423217,25.80334,0.01490458,0.03191571,0.02207914,0.01640717,18.38375429,24.788130860000003,17.773702829999998,True,-6.404376570000004,0.6100514600000011,18.23765,24.81021,17.43091,0.01861826,6.193195,0.02166967,18.20573429,24.788130860000003,17.41450283,22.1523364663,15.22397171828374,"SDSS(cModelMag g,r)",22.1523364663,SDSS,Vmag_sdss,0.6100514600000011,-6.404376570000004,SDSS(cModel extcorr),-12.847663533700004,0.605,5.230876154768637,SDSS,False,3.2,16.73880369525964,,,,0.6100514600000011,g-i,,1.0,0.0,7.20592089397856,1.3274135806833522,1.3274135806833522,NGC 4889,3.7108537413778473,746533184.4416767,5.777656592054801,4.856456594727542,5.864296781402549,5.777656592054801,1.4003612243700965,0.1582014641299034,0.0796039008471314,-0.6968085941022821,0.6199112227278579,-0.0893198439194907,0.0355701257232989,-0.1685258436895033,0.2347527035075592
SDSS J130025.97+280344.6,21,25,677.6392655927909,2710.557062371164,677.6392655927909,2710.557062371164,1.0,1.0,1.0,1.0,1.0,1.0,True,True,True,True,True,21,25,1.423210782,1.002877718904762,1.002877718904762,21,25,0.5102851127696952,0.6835915461534198,1.423210782,1.412319092,1.5715753616666668,1.41558011464,0.2499999999999999,0.2499999999999999,14.750000000000002,14.750000000000002,14.750000000000002,14.750000000000002,10.7159873681636,17.089788653835495,0.3199218701458299,0.1590813571741611,0.3920992769397066,0.2028057006985008,True,True,10,0.511950195431365,0.0690913775458947,0.308500330504752,0.308500330504752,0.511950195431365,0.0690913775458947,0.308500330504752,,,,,,,195.108242,28.062409,G,0.025,18.05,19.63,1.5799999,19.342,18.652,18.296,18.034,0.6899986,1.0459995,5.22,,,NED,,,2007SDSS6.C...0000:,-16.95,False,0.6525,Regular galaxies,,2715.8171061192106,False,1.2376673243346378e+18,2.475626,2.4477840177081527,19.13984,18.47298,18.20935,0.02169704,0.01877794,0.02210723,0.03545551,0.02452796,0.0182269,19.10438449,18.44845204,18.1911231,True,0.6559324500000017,0.9132613899999988,19.33166,18.64641,18.28921,0.02094592,0.01813107,0.0215745,19.29620449,18.62188204,18.2709831,18.7073843445,0.0142084100251035,"SDSS(cModelMag g,r)",18.7073843445,SDSS,Vmag_sdss,0.9132613899999988,0.6559324500000017,SDSS(cModel extcorr),-16.292615655500004,0.6525,2.4477840177081527,SDSS,False,3.2,7.832908856666089,,,,0.9132613899999988,g-i,,1.0,0.0,12.704784165362682,6.466741929014019,6.466741929014019,NGC 4889,9.41022727466008,6965241.482342461,11.063695705733316,11.616910369142364,12.85120894324086,11.063695705733316,1.478352317608274,-0.055141535608274,0.4289050726757477,0.5739726462290142,0.5835628709992509,-0.0716126755678858,0.14142223818104,0.1670780923237119,0.0099085279643556
LEDA 44637,2,3,443.8147068521442,1775.258827408576,443.8147068521442,1355.232588843707,1.0,0.7634,1.0,0.7634,1.0,0.7634,True,False,False,True,True,2,3,2.001537689,1.218204176260938,1.403540885375,1,3,0.3951506399506577,0.5985782516977549,2.001537689,1.594658143,2.001537689,1.6025099763333337,0.3274823159549385,0.2500000000000001,1.0175530521351843,0.0175530521351843,1.2499999999999996,0.2499999999999996,0.3951506399506577,1.7957347550932647,,0.0868429897225045,0.3742999884061007,0.0922768082300555,False,True,10,,,,,,,,,,,,,,194.905032,27.870463,AG?,0.0211,18.14,19.283,1.1430016,18.971,18.092,17.764,17.521,0.8790016,1.2070007,10.4,,,NED,,,20032MASX.C.......:,-16.86,False,1.3,Other,,4588.382250133997,False,1.237667444048659e+18,2.401519,1.980955218692897,18.61829,17.98405,17.71473,0.01376807,0.01096297,0.01380794,0.03536076,0.02446241,0.01817819,18.58292924,17.959587589999998,17.69655181,True,0.6233416500000004,0.8863774299999996,18.75309,18.05203,17.71051,0.01342186,0.01073602,0.01360451,18.71772924,18.02756759,17.69233181,18.2051576665,0.0085849862205673,"SDSS(cModelMag g,r)",18.2051576665,SDSS,Vmag_sdss,0.8863774299999996,0.6233416500000004,SDSS(cModel extcorr),-16.794842333500004,1.3,1.980955218692897,SDSS,False,3.2,6.33905669981727,,,,0.8863774299999996,g-i,,1.0,0.0,5.337391114872821,9.350728221171543,5.337391114872821,NGC 4874,6.6994594269974,9326963.292387102,6.121070166776896,4.2676191079995975,2.9811357603545683,6.121070166776896,1.4897223472300882,0.5118153417699118,0.4798283833478656,0.7383757929130723,,,,,0.0032055272368689
SDSS J125915.58+275356.9,8,22,899.1173205803764,3596.469282321506,898.398026723912,2365.0382000546224,0.9992,0.6576000000000001,0.9992,0.6576,0.9992,0.6576,True,False,False,True,True,8,22,1.430487053,-0.1121406329252965,0.41524289140625,8,22,0.4742572109979389,0.5948122491038127,1.430487053,1.4767187805000002,1.4463402681250002,1.5209982379545457,0.3798661800486617,0.2499999999999999,-0.357055961070559,-0.357055961070559,2.500000000000001,2.500000000000001,3.794057687983512,13.08586948028388,0.3314058228185678,0.241881297922871,0.3963743880263707,0.2318419188977303,False,True,10,,,,,,,,,,,,,,194.8147083333333,27.89930555555555,GiC,0.0175629147433489,18.18,19.362,1.1819992,18.135,17.429,17.163,17.058,0.7059994,0.9720001,6.21,,,NED,,,2007SDSS6.C...0000:,-16.82,False,0.77625,Members of systems,SBa,2290.336679764223,False,1.2376674440485934e+18,3.466226,2.819564249134048,18.76148,17.78226,17.80239,0.01765995,0.01494199,0.02021308,0.04119965,0.02850172,0.02117984,18.72028035,17.75375828,17.78121016,True,0.96652207,0.9390701899999988,18.13526,17.42892,17.16264,0.01751236,0.01418745,0.02014331,18.09406035,17.40041828,17.14146016,18.1400323287,0.0114080613812361,"SDSS(cModelMag g,r)",18.1400323287,SDSS,Vmag_sdss,0.9390701899999988,0.96652207,SDSS(cModel extcorr),-16.8599676713,0.77625,2.819564249134048,SDSS,False,3.0,8.458692747402145,,,,0.9390701899999988,g-i,,1.0,0.0,5.727336133549141,12.511599665563155,5.727336133549141,NGC 4874,9.033178703840244,6714980.752737872,7.334383120512385,7.273818436554839,6.427173278794688,7.334383120512385,1.4911967352949864,-0.0607096822949864,0.4864317717274369,-0.5985724046527334,,,,,0.011419309127454
SDSS J130000.97+275929.5,10,30,179.2810197087999,717.1240788351995,357.0333938236484,1193.818536448807,1.9914734666478675,1.6647307930140711,1.0,1.0,1.9914734666478675,1.6647307930140711,True,True,True,True,True,10,30,1.764657968,0.5449584171852728,0.745075515875,7,30,0.3748589883268641,0.637678792196002,1.764657968,1.3594432694999998,1.7158394369,1.4307259473999996,0.2990683951731039,0.25,1.0279481448068817,-1.9720518551931183,2.4999999999999982,-0.5000000000000018,2.6240129182880487,19.13036376588006,0.3498836144623417,0.2228620589262398,0.2765151471234532,0.2637896337821399,False,True,10,,,,,,,,,,,,,,195.004049,27.991542,G,0.0251,18.23,19.666,1.4360008,20.99,19.25,18.73,18.39,1.7399998,2.2600002,5.39,,,NED,,,2007SDSS6.C...0000:,-16.77,False,0.67375,Regular galaxies,dE...,2815.1393916964907,False,1.237667324334637e+18,1.270285,1.2590441808771493,21.19089,19.08823,18.61287,0.1205734,0.02314668,0.0315757,0.02965461,0.02051492,0.01524479,21.16123539,19.06771508,18.59762521,True,2.093520309999999,2.5636101799999977,20.98026,19.23927,18.72824,0.05403992,0.01973615,0.02014627,20.95060539,19.21875508,18.71299521,19.9160584071,0.0512867393810147,"SDSS(cModelMag g,r)",19.9160584071,SDSS,Vmag_sdss,2.5636101799999977,2.093520309999999,SDSS(cModel extcorr),-15.083941592900004,0.67375,1.2590441808771493,SDSS,False,3.2,4.028941378806878,,,,2.5636101799999977,g-i,,1.0,0.0,5.904586438136475,1.7980844571372088,1.7980844571372088,NGC 4889,2.445545509755977,304497760.25243115,4.266457759903924,4.718086361929905,5.990355299049678,4.266457759903924,1.4509888570497715,0.3136691109502285,0.3063514778802305,0.2386069393050423,,,,,0.0880593140246198
SDSS J130022.65+275754.8,1,2,58.71030481480469,234.84121925921875,58.71030481480469,234.84121925921875,1.0,1.0,1.0,1.0,1.0,1.0,True,True,True,True,True,1,2,1.23808622,0.638617029,0.638617029,1,2,0.7299133417963991,0.7724140437371023,1.23808622,1.198938382,1.23808622,1.198938382,0.25,0.25,0.5,0.5,0.5,0.5,0.7299133417963991,1.5448280874742046,,0.0082639924285101,,0.0903385255234138,False,True,10,,,,,,,,,,,,,,195.094378,27.965247,G,0.0214,18.3,20.122,1.8220005,21.37,20.09,19.76,17.5,1.2800007,1.6100006,,,,,,,,-16.7,False,,Regular galaxies,,,False,1.237667444048724e+18,0.7301825,0.720495015855537,21.60657,20.07719,19.73829,0.06104267,0.02998838,0.03839239,0.03425521,0.0236976,0.01760986,21.57231479,20.053492400000003,19.72068014,True,1.5188223899999969,1.8516346500000007,21.36275,20.07721,19.76054,0.06320942,0.02998838,0.03841232,21.32849479,20.0535124,19.74293014,20.6662095799,0.0306500055895675,"SDSS(cModelMag g,r)",20.6662095799,SDSS,Vmag_sdss,1.8516346500000007,1.5188223899999969,SDSS(cModel extcorr),-14.333790420099998,,0.720495015855537,SDSS,False,3.2,2.3055840507377185,,,,1.8516346500000007,g-i,,1.0,0.0,10.37156039822592,3.2901908643050426,3.2901908643050426,NGC 4889,6.791424717909634,49812695.692581646,8.870314907391709,8.0704680755758,9.021472577522427,8.870314907391709,1.4340060056219253,-0.1959197856219252,0.2302898449624582,0.4083271840375417,,,,,0.0093534930353407
SDSS J130042.87+280313.7,7,21,685.8804191582751,2743.5216766331005,685.8804191582751,2743.5216766331005,1.0,1.0,1.0,1.0,1.0,1.0,True,True,True,True,True,7,21,1.517101718,0.49104006275,0.49104006275,7,21,0.7074015298233689,0.607748433309119,1.517101718,1.368082207,1.4194045391428571,1.4395249462380952,0.25,0.25,1.75,1.75,1.75,1.75,4.951810708763582,12.7627170994915,0.063090995372562,0.2471773298890702,0.1851043796114151,0.3778382890118299,False,True,10,,,,,,,,,,,,,,195.178632,28.053822,G,0.0226,18.34,19.505,1.164999,19.257,18.571,18.194,18.057,0.6860008,1.0629997,,,,,,,,-16.66,False,,Regular galaxies,,,False,1.237667324334703e+18,3.361696,2.4626234777725764,19.22061,18.56256,18.24216,0.01990558,0.01770487,0.02046511,0.03574946,0.02473131,0.01837802,19.18486054,18.53782869,18.22378198,True,0.6470318499999976,0.9610785600000008,19.24647,18.56495,18.1867,0.01957542,0.01768835,0.0205074,19.21072054,18.54021869,18.16832198,18.7931117485,0.0132560509788579,"SDSS(cModelMag g,r)",18.7931117485,SDSS,Vmag_sdss,0.9610785600000008,0.6470318499999976,SDSS(cModel extcorr),-16.2068882515,,2.4626234777725764,SDSS,False,3.2,7.880395128872244,,,,0.9610785600000008,g-i,,1.0,0.0,15.873207804504696,8.951923374208246,8.951923374208246,NGC 4889,12.368583374097746,2698175.4252773672,14.228790495067251,14.30699637422826,15.444664935300308,14.228790495067251,1.4764115144499017,0.0406902035500984,0.420212736290132,0.070827326459868,,,,,0.0072283584611618
SDSS J130032.48+275833.2,10,34,1546.661832403406,6186.647329613625,1546.661832403406,6186.647329613625,1.0,1.0,1.0,1.0,1.0,1.0,True,True,True,True,True,10,34,1.489633687,0.2882980249500002,0.2882980249500002,9,31,0.5820267135561996,0.6458731619334966,1.489633687,1.413336073,1.4801963884,1.505540892970588,0.2499999999999999,0.2499999999999999,1.5000000000000018,1.2500000000000009,1.5000000000000018,1.2500000000000009,5.238240422005797,20.022068019938395,0.2176632411499756,0.2211499692483139,0.2576178652320234,0.3436736801171469,False,True,10,,,,,,,,,,,,,,195.135345,27.975893,G,0.0281361314299641,18.52,,,19.6,19.0,18.65,18.5,0.6000004,0.95000076,5.6881,,,NED,,,2007SDSS6.C...0000:,-16.48,False,0.7110125,Regular galaxies,dE,3317.9816163301944,False,1.2376673243346378e+18,4.940214,3.698039089380649,19.29109,18.99175,18.63312,0.03968271,0.06515902,0.04513678,0.03495927,0.02418466,0.0179718,19.25613073,18.96756534,18.6151482,True,0.2885653899999987,0.6409825299999987,19.58894,18.99175,18.64226,0.03764711,0.0527066,0.04052578,19.55398073,18.96756534,18.6242882,19.0758771499,0.041744909172162,"SDSS(cModelMag g,r)",19.0758771499,SDSS,Vmag_sdss,0.6409825299999987,0.2885653899999987,SDSS(cModel extcorr),-15.924122850100002,0.7110125,3.698039089380649,SDSS,False,3.2,11.833725086018076,,,,0.6409825299999987,g-i,,1.0,0.0,12.575474735129946,5.384449583914499,5.384449583914499,NGC 4889,8.971820232963056,11691849.54205354,11.039470714821793,10.332577720279088,11.2797738385707,11.039470714821793,1.470009921044419,0.0196237659555809,0.3915417177768179,-0.1032436928268176,,,,,0.0063509286621612
SDSS J130022.65+275754.9,5,1,35.62583740629503,142.5033496251801,35.62583740629503,142.5033496251801,1.0,1.0,1.0,1.0,1.0,1.0,True,True,True,True,True,5,1,1.61477134,1.55545720405,1.55545720405,5,1,0.5596563534238443,0.7764059598694333,1.61477134,1.186282719,1.6382596162000005,1.186282719,0.25,0.25,4.75,4.75,4.75,4.75,2.7982817671192217,0.7764059598694333,0.2833114193713572,,0.1966222572869113,,False,True,10,,,,,,,,,,,,,,194.8884583333333,28.031333333333333,G,0.0237,18.59,19.771,1.1809998,,,,17.75,,,4.49,,,NED,,,2007SDSS6.C...0000:,-16.41,False,0.56125,Regular galaxies,,2218.036527386589,False,,,,,,,,,,,,,,,,False,,,,,,,,,,,,,,,18.59000015258789,SIMBAD,,,,,-16.40999984741211,0.56125,0.56125,SIMBAD_proxy(maj/8),True,3.2,1.7960000000000005,,,,1.180999755859375,B-V,,1.0,0.0,4.3595937711144,8.357529524023352,4.3595937711144,NGC 4874,5.600676502770355,16191194.737635065,4.17963344763517,6.769256699218017,7.544494719721517,4.17963344763517,1.481009806343218,0.1337615336567821,0.4408072513822634,1.1146499526677367,,,,,0.010429189627934
SDSS J130020.39+280413.9,5,13,371.7770641698613,1487.108256679445,371.7770641698613,1487.108256679445,1.0,1.0,1.0,1.0,1.0,1.0,True,True,True,True,True,5,13,1.288421673,0.5033417253999999,0.5033417253999999,5,12,0.4123741305438239,0.6264658839363714,1.288421673,1.207815304,1.2933019668,1.2832321303846153,0.25,0.25,1.7499999999999991,1.9999999999999991,1.7499999999999991,1.9999999999999991,2.0618706527191195,7.517590607236456,0.3407348197192278,0.2195402759181005,0.5174824946128237,0.4072794464887138,False,True,10,,,,,,,,,,,,,,195.084967,28.070544,G,0.0235,18.59,,,19.91,19.29,18.91,18.86,0.61999893,1.0,4.11,,,NED,,,2007SDSS6.C...0000:,-16.41,False,0.51375,Regular galaxies,,2013.6731285631995,False,1.2376673243346378e+18,1.8881,1.8130722466886329,19.91841,19.17591,18.71256,0.02778827,0.02579221,0.02969451,0.0352913,0.02441436,0.01814248,19.8831187,19.15149564,18.69441752,True,0.731623060000004,1.1887011800000025,19.90314,19.28362,18.90176,0.02759279,0.02524135,0.02888741,19.8678487,19.25920564,18.88361752,19.4414610946,0.0190098441809053,"SDSS(cModelMag g,r)",19.4414610946,SDSS,Vmag_sdss,1.1887011800000025,0.731623060000004,SDSS(cModel extcorr),-15.558538905400004,0.51375,1.8130722466886329,SDSS,False,3.2,5.801831189403625,,,,1.1887011800000025,g-i,,1.0,0.0,11.909929601496849,6.23276119744283,6.23276119744283,NGC 4889,8.791233640761428,7831259.952389191,10.289687897614844,11.106066314244837,12.371331430591102,10.289687897614844,1.4617333788721636,-0.1733117058721636,0.3544733070208756,0.1488684183791242,,,,,0.0086865314597759
LEDA 126785,6,16,269.8531015785881,1079.412406314353,269.8531015785881,1079.412406314353,1.0,1.0,1.0,1.0,1.0,1.0,True,True,True,True,True,6,16,1.337716169,0.3287248140000003,0.3287248140000003,6,16,0.7619130005455371,0.5133745935927879,1.337716169,1.5134870325,1.3509455525,1.569450181,0.2499999999999999,0.2499999999999999,2.000000000000001,2.000000000000001,2.000000000000001,2.000000000000001,4.571478003273223,8.213993497484607,0.0897105827167277,0.3201716462842777,0.1680652817725082,0.451642698802558,False,True,10,,,,,,,,,,,,,,194.93366666666665,28.013,GiC,0.044067,18.62,19.718,1.0979996,,,,17.31,,,4.51,,,NED,,,2007SDSS6.C...0000:,-16.38,False,0.56375,Members of systems,,4042.1782468143897,False,1.237667324334572e+18,1.802485,1.544676431865832,19.29103,18.51719,18.1263,0.01700943,0.01532389,0.0173158,0.02599423,0.01798269,0.01336307,19.26503577,18.49920731,18.11293693,True,0.7658284600000016,1.1520988400000007,19.38072,18.73537,18.38664,0.0167432,0.01488413,0.01694963,19.35472577,18.71738731,18.37327693,18.8031969786,0.0114182403100267,"SDSS(cModelMag g,r)",18.8031969786,SDSS,Vmag_sdss,1.1520988400000007,0.7658284600000016,SDSS(cModel extcorr),-16.196803021400004,0.56375,1.544676431865832,SDSS,False,3.2,4.942964581970664,,,,1.1520988400000007,g-i,,1.0,0.0,3.7170116708140366,5.724243727208095,3.7170116708140366,NGC 4874,3.1981840096625103,30589355.53688435,2.5676790767970163,4.965290766963612,6.030413987689951,2.5676790767970163,1.4761831925187838,-0.1384670235187837,0.4191901436480463,-0.0904653296480459,,,,,0.0171522179514731
SDSS J125915.81+275309.7,1,98,5172.159510404085,20688.638041616345,454.1156050134787,8275.455216646538,0.0878,0.4,0.0878,0.4,0.0878,0.4,False,False,False,True,True,1,98,1.43334951,-6.395183183310874,-34.231947498249994,1,95,0.7243697695986725,0.6168170356806304,1.43334951,1.4557264085,1.43334951,1.5015450995510204,0.0548749999999999,0.2499999999999999,-4.377749999999999,-4.213125,-23.5,-22.75,0.7243697695986725,58.597618389659885,,0.2229849871593384,,0.2772095552409487,False,True,10,,,,,,,,,,,,,,194.815375,27.88605555555556,AG?,0.0219764618341702,18.78,20.136,1.355999,18.782,18.089,17.784,17.732,0.6929989,0.9979992,4.54,,,NED,,,2007SDSS6.C...0000:,-16.22,False,0.5675,Other,dE...,2083.9888841031925,False,1.237667444048594e+18,7.512209,6.762538775984814,19.53027,18.37165,18.37387,0.02616941,0.02266169,0.02920226,0.04164869,0.02881237,0.02141068,19.488621310000003,18.34283763,18.35245932,True,1.1457836800000043,1.1361619900000015,18.78214,18.08875,17.78445,0.02606315,0.02153244,0.02844043,18.74049131,18.05993763,17.76303932,18.8026089388,0.0171431849354588,"SDSS(cModelMag g,r)",18.8026089388,SDSS,Vmag_sdss,1.1361619900000015,1.1457836800000043,SDSS(cModel extcorr),-16.1973910612,0.5675,6.762538775984814,SDSS,False,3.2,21.64012408315141,,,,1.1361619900000015,g-i,,1.0,0.0,6.232298025271222,12.797800217231767,6.232298025271222,NGC 4874,9.393513238796247,5352025.630985823,7.798150616346147,7.488970246346225,6.538698855631585,7.798150616346147,1.4761965052921542,-0.0428469952921541,0.4192497679864866,-6.814432951297361,,,,,0.0145999857108539
SDSS J130005.34+275628.8,10,31,234.21500151891408,936.860006075656,478.0901952774662,1912.360781109864,2.041244976525801,2.041244976525801,1.0,1.0,2.041244976525801,2.041244976525801,True,True,True,True,True,10,31,1.4947647405,0.3821990483749995,0.3821990483749995,10,30,0.6379677124126303,0.6600378583602333,1.4947647405,1.435568635,1.4599347875000002,1.4613659714193548,0.2500000000000001,0.2500000000000001,2.2499999999999964,2.4999999999999964,2.2499999999999964,2.4999999999999964,6.379677124126303,19.801135750807,0.1625019301450548,0.1861763455794965,0.2121559971568473,0.3048628363888245,True,True,10,0.6421846939828342,0.0464523953830346,0.147156300212659,0.147156300212659,0.6421846939828342,0.0464523953830346,0.147156300212659,,,,,,,195.022289,27.941354,G,0.0237,18.91,19.995,1.085001,19.759,19.106,18.827,18.586,0.6529999,0.9320011,,,,,,,,-16.09,False,,Regular galaxies,,,False,1.2376674440487245e+18,1.657888,1.4390675074507826,19.70556,19.05372,18.94292,0.0256307,0.01995626,0.02691429,0.03154751,0.02182442,0.01621789,19.67401249,19.03189558,18.92670211,True,0.6421169100000022,0.7473103799999983,19.75329,19.09629,18.82524,0.02376873,0.01972249,0.02715298,19.72174249,19.07446558,18.80902211,19.285163513099995,0.0157816992417538,"SDSS(cModelMag g,r)",19.285163513099995,SDSS,Vmag_sdss,0.7473103799999983,0.6421169100000022,SDSS(cModel extcorr),-15.714836486900005,,1.4390675074507826,SDSS,False,3.2,4.605016023842505,,,,0.7473103799999983,g-i,,1.0,0.0,6.633122354117643,2.224598907121029,2.224598907121029,NGC 4889,3.3762597307846978,161733041.95716122,5.341340639113377,4.0328376795424985,4.940676851447108,5.341340639113377,1.465271837120837,0.0294929033791628,0.3703211117048497,0.0118779366701498,0.5896591300180153,0.0525255639648188,0.1236689738777813,0.0234873263348776,0.0466905321187353
ECO 11482,0,0,378.770364797065,1515.08145918826,0.0,0.0,0.0,0.0,0.0,0.0,0.0,0.0,False,False,False,False,False,0,0,,,,0,0,,,,,,,,0.25,,,0.0,0.0,,,,,,,False,False,10,,,,,,,,,,,,,,195.22821669836,27.842038408099995,GiC,0.02363,16.59,17.47,0.87999916,16.974,16.253,15.896,15.647,0.7210007,1.078001,4.199999809265137,0.07,0.0,SIMBAD,E,2022ApJS..262...36S,,-18.41,False,0.5249999761581421,Members of systems,Sa,2068.825434747248,False,1.2376674440487898e+18,2.63184,1.8300451702709009,16.97714,16.29624,15.9477,0.004498697,0.003730387,0.004007728,0.02746416,0.01899958,0.01411872,16.949675839999998,16.277240420000002,15.93358128,True,0.6724354199999958,1.016094559999999,16.9657,16.24574,15.89333,0.004474238,0.003703904,0.003977473,16.938235839999997,16.226740420000002,15.87921128,16.5429389422,0.0028716092161884,"SDSS(cModelMag g,r)",16.5429389422,SDSS,Vmag_sdss,1.016094559999999,0.6724354199999958,SDSS(cModel extcorr),-18.4570610578,0.5249999761581421,1.8300451702709009,SDSS,False,3.0,5.490135510812702,,,,1.016094559999999,g-i,4.2,1.0,0.0,18.83060520313208,13.112001211343856,13.112001211343856,NGC 4889,15.816622342789286,935484.8357294695,17.73177754088469,15.8370797140024,16.115765114648877,17.73177754088469,,,,,,,,,
2MASX J13001036+2757332,73,167,466.6535871019796,1866.6143484079191,952.5542904496612,3810.217161798646,2.041244976525801,2.041244976525801,1.0,1.0,2.041244976525801,2.041244976525801,True,True,True,True,True,73,167,1.552127987,0.6661966238253428,0.6661966238253428,71,163,0.5349844136159049,0.5341355318638662,1.552127987,1.549053641,1.575603124630137,1.560994453718563,0.2499999999999999,0.2499999999999999,31.25000000000001,30.25000000000001,31.25000000000001,30.25000000000001,37.98389336672925,87.06409169381018,0.2540883701107116,0.2667611480901644,0.3020680087525077,0.3458273036985742,True,True,10,0.5352968909703842,0.0312051445265827,0.2287331878231653,0.2287331878231653,0.5352968909703842,0.0312051445265827,0.2287331878231653,,,,,,,195.04316666666665,27.959241666666667,GiC,0.02111,17.406,18.211,0.8050003,17.846,17.167,16.815,16.683,0.67900085,1.0310001,10.019999504089355,0.127,35.0,SIMBAD,C,2006AJ....131.1163S,,-17.594,False,1.2524999380111694,Members of systems,dG,4422.771035867883,False,1.237667444048724e+18,3.635255,2.3293110229189824,17.34061,17.45125,17.22457,0.009019969,0.008283022,0.01234929,0.03225569,0.02231434,0.01658195,17.308354310000002,17.42893566,17.20798805,True,-0.1205813499999983,0.1003662600000012,18.02295,17.50024,17.23492,0.008862869,0.008156103,0.0121892,17.990694310000002,17.47792566,17.21833805,17.369497306499998,0.0061285554479605,"SDSS(cModelMag g,r)",17.369497306499998,SDSS,Vmag_sdss,0.1003662600000012,-0.1205813499999983,SDSS(cModel extcorr),-17.630502693500002,1.2524999380111694,2.3293110229189824,SDSS,False,3.2,7.453795273340744,,,,0.1003662600000012,g-i,7.62,0.7604790795538593,35.0,7.651561601119317,1.1782038651879938,1.1782038651879938,NGC 4889,4.110267789121622,1065854498.4658695,6.188486481802898,5.364554628550224,6.3828637377170185,6.188486481802898,1.5086410615540933,0.0434869254459067,0.5645602265428897,0.1016363972824531,0.5694465678080881,-0.0341496768377038,0.1825311314820401,0.0462020563411252,0.1235244249051091
2MASX J13002014+2750365,0,0,738.0503027268439,2952.201210907376,0.0,0.0,0.0,0.0,0.0,0.0,0.0,0.0,False,False,False,False,False,0,0,,,,0,0,,,,,,,,0.25,,,0.0,0.0,,,,,,,False,False,10,,,,,,,,,,,,,,195.084042,27.843505,GiC,0.02625,16.41,18.139,1.7290001,17.593,16.893,16.544,16.329,0.70000076,1.0489998,10.019999504089355,0.167,90.0,SIMBAD,C,2006AJ....131.1163S,,-18.59,False,1.2524999380111694,Members of systems,0.68,5465.499831533646,False,1.2376674440487242e+18,3.253954,2.5545640411868384,17.46451,16.71094,16.39165,0.007043297,0.005895666,0.007878879,0.02920661,0.020205,0.01501448,17.43530339,16.690735,16.376635519999997,True,0.7445683900000013,1.0586678700000045,17.57266,16.88955,16.54452,0.006854549,0.005707774,0.007635425,17.54345339,16.869345,16.529505519999997,16.986008039899996,0.004520915346694,"SDSS(cModelMag g,r)",16.986008039899996,SDSS,Vmag_sdss,1.0586678700000045,0.7445683900000013,SDSS(cModel extcorr),-18.013991960100004,1.2524999380111694,2.5545640411868384,SDSS,False,3.2,8.174604931797884,,,,1.0586678700000045,g-i,10.02,1.0,90.0,12.02997810711324,8.443531432205637,8.443531432205637,NGC 4889,9.74263079542453,3518078.567787376,11.287065182535155,8.964585482371623,8.923079147707838,11.287065182535155,,,,,,,,,
GMP 2913,0,0,1731.3933846367024,6925.573538546814,0.0,0.0,0.0,0.0,0.0,0.0,0.0,0.0,False,False,False,False,False,0,0,,,,0,0,,,,,,,,0.2499999999999998,,,0.0,0.0,,,,,,,False,False,10,,,,,,,,,,,,,,195.03670265369,27.861825508330003,GiC,0.0174,18.437,19.175,0.73799896,,,,16.85,,,,,,,,,,-16.563,False,,Members of systems,S...,,False,1.2376674440487242e+18,5.912287,3.912656213434796,19.13227,18.36162,17.84997,0.02770943,0.02298616,0.02534881,0.03119805,0.02158266,0.01603823,19.10107195,18.34003734,17.83393177,True,0.7610346099999994,1.2671401799999984,19.03784,18.40429,17.99546,0.02777988,0.02254004,0.02706396,19.00664195,18.38270734,17.979421770000002,18.6420615301,0.0176915978752485,"SDSS(cModelMag g,r)",18.6420615301,SDSS,Vmag_sdss,1.2671401799999984,0.7610346099999994,SDSS(cModel extcorr),-16.357938469900002,,3.912656213434796,SDSS,False,3.0,11.737968640304388,,,,1.2671401799999984,g-i,,1.0,0.0,9.361506607494006,6.9137569214670105,6.9137569214670105,NGC 4889,7.391523231470502,6597178.068909254,8.738506028075252,6.312861874385418,6.191485143892582,8.738506028075252,,,,,,,,,
2MASX J12592022+2804278,0,0,1542.2182331781487,6168.872932712595,0.0,375.06747430892574,0.0,0.0607999999999999,0.0,0.0608,0.0,0.0608,False,False,False,False,True,0,0,,,,0,0,,,,,,,,0.25,,,0.0,0.0,,,,,,,False,False,10,,,,,,,,,,,,,,194.83417052457,28.0742983473,GiC,0.02389,15.94,17.487,1.5469999,16.8259,16.0755,15.72,15.526,0.75039864,1.1058989,19.042800903320312,0.306557,180.0,SIMBAD,B,2023ApJS..269....3M,,-19.060001,False,2.380350112915039,Members of systems,SB0p,9480.275913636968,False,1.2376673243345715e+18,3.843837,3.757343491019975,16.9151,16.04711,15.85105,0.004489343,0.003661211,0.004021861,0.03252118,0.022498,0.01671843,16.88257882,16.024612,15.834331570000002,True,0.8579668199999979,1.0482472499999975,16.79081,16.01027,15.71214,0.004453185,0.003636962,0.004005511,16.75828882,15.987771999999998,15.69542157,16.3663783962,0.0028379597823087,"SDSS(cModelMag g,r)",16.3663783962,SDSS,Vmag_sdss,1.0482472499999975,0.8579668199999979,SDSS(cModel extcorr),-18.6336216038,2.380350112915039,3.757343491019975,SDSS,False,3.0,11.272030473059925,,,,1.0482472499999975,g-i,18.393420000000003,0.9658988766086882,180.0,7.704977906023236,12.074209724900625,7.704977906023236,NGC 4874,9.461702361895744,3381305.615294291,7.933407918309556,10.46952783436178,11.08060436242012,7.933407918309556,,,,,,,,,
LEDA 44656,97,211,1264.4852265533918,5057.940906213568,1264.4852265533918,5057.940906213568,1.0,1.0,1.0,1.0,1.0,1.0,True,True,True,True,True,97,211,1.523256293,0.7080424405747424,0.7080424405747424,90,205,0.5414085108307108,0.5871095374294755,1.523256293,1.499066231,1.522057187618557,1.505450838,0.2499999999999999,0.2499999999999999,44.250000000000014,38.750000000000014,44.250000000000014,38.750000000000014,48.72676597476397,120.35745517304248,0.2615338623441831,0.2197252743040073,0.3092165881741422,0.2798925955882802,True,True,10,0.536742200333137,0.0273041968577809,0.2024159359635747,0.2024159359635747,0.536742200333137,0.0273041968577809,0.2024159359635747,,,,,,,194.93220379569,27.994682930960007,G,0.02225,15.15,16.384,1.2340012,15.8571,15.0374,14.58,14.277,0.8196993,1.2770996,23.4192008972168,0.37541,38.0,SIMBAD,B,2023ApJS..269....3M,,-19.85,False,2.9274001121521,Regular galaxies,,10880.271193358436,False,1.2376673243345715e+18,3.425483,3.409480300504473,15.72131,14.94977,14.54996,0.002742767,0.002407566,0.00243534,0.02641274,0.01827221,0.01357821,15.69489726,14.93149779,14.53638179,True,0.7633994700000013,1.158515470000001,15.72696,14.93492,14.52778,0.002730727,0.002398475,0.002432398,15.70054726,14.91664779,14.51420179,15.2344915727,0.0018117106775251,"SDSS(cModelMag g,r)",15.2344915727,SDSS,Vmag_sdss,1.158515470000001,0.7633994700000013,SDSS(cModel extcorr),-19.7655084273,2.9274001121521,3.409480300504473,SDSS,False,3.2,10.910336961614314,,,,1.158515470000001,g-i,22.5246,0.961800537040394,38.0,2.7667993742539423,5.482977187375842,2.7667993742539423,NGC 4874,2.407029787069425,62236733.52219954,1.4700631849743762,3.89579690792044,4.9332023582323234,1.4700631849743762,1.556975965889959,-0.0337196728899586,0.7810392887504336,-0.0729968481756911,0.5469197121041527,-0.0101775117710156,0.2481328754372032,-0.0457169394736284,0.0558646727724863
2MASX J12592016+2753098,1,51,1837.1616651921347,7348.646660768541,251.69114813132248,3700.778458363037,0.137,0.5036,0.137,0.5036,0.137,0.5036,False,False,False,True,True,1,51,1.781948998,-3.526357423897834,-17.730920447749995,1,45,0.2748566821426897,0.6150518579711826,1.781948998,1.530421133,1.781948998,1.53834750272549,0.0680103256552819,0.2499999999999999,-2.4685266084193795,-2.060464654487688,-11.749999999999996,-10.249999999999998,0.2748566821426897,27.67733360870321,,0.2037206372844276,,0.2329001000641896,False,True,10,,,,,,,,,,,,,,194.834049763,27.885987371239995,GiC,0.02162,15.38,16.657,1.2769995,15.779,15.06,14.679,14.403,0.71899986,1.1000004,29.204219818115234,0.327136,44.0,SIMBAD,B,2023ApJS..269....3M,,-19.619999,False,3.650527477264404,Members of systems,-1.86,13193.831865445569,False,1.2376674440485932e+18,6.905388,4.916210954931332,16.04926,15.30652,14.94658,0.003408959,0.002863199,0.003092049,0.03977113,0.02751349,0.02044547,16.009488870000002,15.27900651,14.92613453,True,0.7304823600000017,1.0833543400000014,15.89968,15.17129,14.8176,0.003362945,0.002820483,0.003038891,15.85990887,15.14377651,14.79715453,15.5685042776,0.002192528745451,"SDSS(cModelMag g,r)",15.5685042776,SDSS,Vmag_sdss,1.0833543400000014,0.7304823600000017,SDSS(cModel extcorr),-19.4314957224,3.650527477264404,4.916210954931332,SDSS,False,3.2,15.731875055780264,,,,1.0833543400000014,g-i,19.62816,0.6721001321810606,44.0,5.576863312936564,11.911757005768564,5.576863312936564,NGC 4874,8.568579975084994,7340507.859035641,7.07854727161373,6.576931179443289,5.584381217004642,7.07854727161373,1.549414172550149,0.2325348254498513,0.7471720461583209,-4.273529470056155,,,,,0.0152742198634387
LEDA 1820946,0,0,777.3509107775153,3109.403643110062,0.0,0.0,0.0,0.0,0.0,0.0,0.0,0.0,False,False,False,False,False,0,0,,,,0,0,,,,,,,,0.2499999999999999,,,0.0,0.0,,,,,,,False,False,10,,,,,,,,,,,,,,195.233046,27.898499,GiC,0.02008,16.88,18.511,1.6310005,17.8705,17.1642,16.025,16.6473,0.70630074,1.845501,21.069780349731445,0.17962,142.0,SIMBAD,B,2023ApJS..269....3M,,-18.12,False,2.6337225437164307,Members of systems,,8857.385489570715,False,1.2376674440487898e+18,5.026748,3.665720953583065,17.33229,16.72034,16.38687,0.009437196,0.008089937,0.009884069,0.0289356,0.02001752,0.01487516,17.3033544,16.70032248,16.37199484,True,0.6030319199999994,0.9313595600000006,17.06194,16.37935,16.02368,0.00900143,0.007676336,0.009369091,17.0330044,16.35933248,16.00880484,16.9375655672,0.0061443654780203,"SDSS(cModelMag g,r)",16.9375655672,SDSS,Vmag_sdss,0.9313595600000006,0.6030319199999994,SDSS(cModel extcorr),-18.0624344328,2.6337225437164307,3.665720953583065,SDSS,False,3.2,11.730307051465807,,,,0.9313595600000006,g-i,10.7772,0.5115003488936403,142.0,18.09055354269622,11.56781613748748,11.56781613748748,NGC 4889,14.7463616639554,1308496.767834759,16.784951093473385,15.286144960227762,15.82567322904998,16.784951093473385,,,,,,,,,
LEDA 126800,28,12,454.2956218856392,1817.1824875425568,454.2956218856392,1817.1824875425568,1.0,1.0,1.0,1.0,1.0,1.0,True,True,True,True,True,28,12,1.6983456124999998,1.5526091592499998,1.5526091592499998,23,12,0.5038686524026389,0.6420171215921844,1.6983456124999998,1.360206897,1.649412301892857,1.405953796583333,0.25,0.25,25.0,20.0,25.0,20.0,11.588979005260695,7.704205459106213,0.2199018615808289,0.2645167491005173,0.2311177121660649,0.3654756674768965,True,True,10,0.5061895183769894,0.0448418847317082,0.4224481546910523,0.4224481546910523,0.5061895183769894,0.0448418847317082,0.4224481546910523,,,,,,,194.79814608712,28.009279335850003,G,0.02299,16.76,18.12,1.3600006,17.305,16.574,16.204,15.94,0.7310009,1.1009998,13.199999809265137,0.21,,SIMBAD,E,2003A&A...412...45P,,-18.24,False,1.649999976158142,Regular galaxies,,6330.831049976618,False,1.2376673243345062e+18,2.320151,2.051373679435748,17.4938,16.75879,16.37698,0.006093453,0.005099151,0.005449634,0.03288055,0.02274661,0.01690317,17.46091945,16.736043390000003,16.36007683,True,0.7248760599999962,1.100842619999998,17.2971,16.56852,16.19925,0.005992664,0.005003454,0.005335718,17.26421945,16.54577339,16.18234683,17.023242574599998,0.0039105815758396,"SDSS(cModelMag g,r)",17.023242574599998,SDSS,Vmag_sdss,1.100842619999998,0.7248760599999962,SDSS(cModel extcorr),-17.976757425400002,1.649999976158142,2.051373679435748,SDSS,False,3.2,6.564395774194392,,,,1.100842619999998,g-i,12.6,0.954545468338265,0.0,6.11939665651458,12.630821191487428,6.11939665651458,NGC 4874,9.242994182591325,5640321.120413978,7.215609507040487,9.181898598248504,9.290876047089526,7.215609507040487,1.516480005064769,0.1818656074352307,0.5996687503561837,0.952940408893816,0.5657931676045986,-0.0596036492276091,0.193170407014541,0.2292777476765113,0.0096321310271207
LEDA 44616,34,35,1422.2631619824142,5689.052647929658,1421.1253514528282,3785.495631932394,0.9992,0.6654,0.9992,0.6654,0.9992,0.6654,True,False,False,True,True,34,35,1.6288887289999998,1.0906414517081453,1.2704522415,34,34,0.4717677594612606,0.6606815796743156,1.6288887289999998,1.39278178,1.6050743054705885,1.4283930386,0.3754132852419596,0.2499999999999999,20.86053501653141,21.23594830177337,25.25,25.5,16.040103821682862,22.46317370892673,0.2963489468718078,0.2079087899734434,0.3872159015434093,0.2751491733993484,True,True,10,0.4766794921151993,0.0492106072012987,0.2286508497908169,0.3115090971966204,0.4766794921151993,0.0492106072012987,0.2286508497908169,,,,,,,194.88102275683,28.046604796320004,EmG,0.02308,15.014,15.931,0.9169998,15.404,14.632,14.279,13.957,0.7720003,1.125,23.21999931335449,0.209,115.0,SIMBAD,C,2006AJ....131.1163S,,-19.986,False,2.9024999141693115,Regular galaxies,,11178.88372644241,False,1.2376673243345715e+18,6.934854,4.825542301445216,15.24406,14.39429,14.36976,0.002597582,0.002240397,0.002432704,0.02720708,0.01882173,0.01398656,15.21685292,14.37546827,14.35577344,True,0.8413846500000002,0.861079479999999,15.22128,14.39429,14.13101,0.002598232,0.002240398,0.002434631,15.19407292,14.37546827,14.11702344,14.7104359765,0.0016974949461703,"SDSS(cModelMag g,r)",14.7104359765,SDSS,Vmag_sdss,0.861079479999999,0.8413846500000002,SDSS(cModel extcorr),-20.2895640235,2.9024999141693115,4.825542301445216,SDSS,False,3.2,15.44173536462469,,,,0.861079479999999,g-i,12.54,0.5400516955565923,115.0,5.325221117073914,9.103196544208911,5.325221117073914,NGC 4874,6.523459754669351,9554733.184665523,5.172415927468721,7.764365270610436,8.53948698197187,5.172415927468721,1.5688401856004688,0.060048543399531,0.8341759441766805,0.2564655075314648,0.5413903008198908,-0.0647108087046914,0.2642353900562123,-0.0355845402653953,0.0100436314137448
2MASX J12590459+2754389,0,0,495.84205144457655,1983.368205778307,0.0,0.0,0.0,0.0,0.0,0.0,0.0,0.0,False,False,False,False,False,0,0,,,,0,0,,,,,,,,0.2499999999999999,,,0.0,0.0,,,,,,,False,False,10,,,,,,,,,,,,,,194.76933243666,27.91098112536,GiC,0.02136,15.46,16.836,1.3760004,16.031,15.266,14.878,14.586,0.76500034,1.1529999,30.323999404907227,0.265638,39.0,SIMBAD,B,2023ApJS..269....3M,,-19.54,False,3.7904999256134033,Members of systems,S0,13539.24470315163,False,1.2376674440485934e+18,4.291782,2.8881384260928527,15.97731,15.25162,14.87028,0.003181499,0.002726208,0.002848987,0.04436432,0.03069103,0.02280673,15.93294568,15.22092897,14.84747327,True,0.7120167099999986,1.0854724099999995,16.01041,15.24325,14.86925,0.003173799,0.002720876,0.002848636,15.96604568,15.21255897,14.84644327,15.5028558211,0.0020709055372553,"SDSS(cModelMag g,r)",15.5028558211,SDSS,Vmag_sdss,1.0854724099999995,0.7120167099999986,SDSS(cModel extcorr),-19.4971441789,3.7904999256134033,2.8881384260928527,SDSS,False,3.0,8.664415278278558,,,,1.0854724099999995,g-i,15.93828,0.5255995354432292,39.0,7.448393380007165,14.56406351047053,7.448393380007165,NGC 4874,10.987498569653363,3212192.871613098,9.09556076563282,9.501450723408729,8.784196704619301,9.09556076563282,,,,,,,,,
LEDA 126761,12,16,626.4517829250287,2505.807131700116,626.4517829250287,2505.807131700116,1.0,1.0,1.0,1.0,1.0,1.0,True,True,True,True,True,12,16,1.5614366325,1.1152600790000002,1.1152600790000002,12,16,0.5554711082362284,0.5766150827218186,1.5614366325,1.3385296605,1.4646344825833333,1.3962957196875,0.2499999999999999,0.2499999999999999,8.000000000000002,8.000000000000002,8.000000000000002,8.000000000000002,6.66565329883474,9.225841323549098,0.1958702872739089,0.2736497181605851,0.3039198847249628,0.3735051813285104,True,True,10,0.55313878755829,0.0531700396863648,0.3609337599843506,0.3609337599843506,0.55313878755829,0.0531700396863648,0.3609337599843506,,,,,,,195.077274,28.097154,G,0.02608,17.04,,,18.0271,17.2866,16.345,16.7547,0.7404995,1.6821003,15.10818099975586,0.185831,172.0,SIMBAD,B,2023ApJS..269....3M,,-17.96,False,1.8885226249694824,Regular galaxies,,8189.209491651887,False,1.2376673243346373e+18,2.984147,2.7396117517756293,17.64105,16.9884,16.65755,0.008058333,0.006885627,0.00771767,0.0354602,0.0245312,0.01822931,17.6055898,16.9638688,16.63932069,True,0.6417210000000004,0.9662691099999988,17.38926,16.69533,16.33616,0.007796423,0.006673062,0.007489364,17.3537998,16.6707988,16.31793069,17.21697441,0.005236404550725,"SDSS(cModelMag g,r)",17.21697441,SDSS,Vmag_sdss,0.9662691099999988,0.6417210000000004,SDSS(cModel extcorr),-17.78302559,1.8885226249694824,2.7396117517756293,SDSS,False,3.2,8.766757605682015,,,,0.9662691099999988,g-i,11.14986,0.7380014841085222,172.0,12.56286733068016,7.567526255014786,7.567526255014786,NGC 4889,9.720538364282955,4565419.131852934,10.995968567563509,12.116571910577022,13.39978339508907,10.995968567563509,1.5120940638082068,0.0493425686917932,0.5800252967657835,0.5352347822342167,0.5678372694223239,-0.0146984818640338,0.1872176612861938,0.1737160986981567,0.0063647068516833
Z 160-A14,1,210,19947.406865435136,79789.62746174056,367.0322863240065,28931.718917627124,0.0184,0.3626,0.0184,0.3626,0.0184,0.3626,False,False,False,True,True,1,210,1.413074853,-2.296539304065638,-71.690517177,1,207,0.7783495978774786,0.6047401972677772,1.413074853,1.3924493720000002,1.413074853,1.4074449450857145,0.0126861555432984,0.2499999999999999,-1.664092664092664,-1.626034197462769,-51.49999999999999,-50.74999999999999,0.7783495978774786,125.18122083442988,,0.2479533552165936,,0.3463494097762953,False,True,10,,,,,,,,,,,,,,194.80802541595,28.076247957130004,GiC,0.02605,14.89,15.731,0.8409996,15.2864,14.5088,13.987,13.729,0.7776003,1.2993994,42.6622200012207,0.687217,72.0,SIMBAD,B,2023ApJS..269....3M,,-20.11,False,5.332777500152588,Members of systems,E1,23098.786248398344,False,1.2376673243345062e+18,14.07311,13.50878188094863,14.74425,14.0919,13.69844,0.002372164,0.002136026,0.00219536,0.03440632,0.02380214,0.01768754,14.70984368,14.06809786,13.68075246,True,0.6417458199999988,1.0290912199999998,14.81942,14.09186,13.70161,0.002373725,0.002136026,0.002195365,14.78501368,14.06805786,13.68392246,14.3212136462,0.0015919074914734,"SDSS(cModelMag g,r)",14.3212136462,SDSS,Vmag_sdss,1.0290912199999998,0.6417458199999988,SDSS(cModel extcorr),-20.6787863538,5.332777500152588,13.50878188094863,SDSS,False,3.2,43.22810201903562,,,,1.0290912199999998,g-i,41.23302,0.966499633606038,72.0,8.508403185891346,13.354927439395158,8.508403185891346,NGC 4874,10.598195894782828,2507474.1811365327,8.941889504576512,11.407203484410354,11.907206387730954,8.941889504576512,1.5776518828257258,-0.1645770298257258,0.8736411707658438,-3.170180474831482,,,,,0.0094880636107781
LEDA 44654,0,0,736.8976511531308,2947.5906046125247,0.0,0.0,0.0,0.0,0.0,0.0,0.0,0.0,False,False,False,False,False,0,0,,,,0,0,,,,,,,,0.2499999999999999,,,0.0,0.0,,,,,,,False,False,10,,,,,,,,,,,,,,194.91709818857,27.854942862280005,GiC,0.01267,16.34,17.112,0.77199936,16.475,15.712,15.338,15.056,0.7630005,1.1370001,19.979999542236328,0.207,90.0,SIMBAD,C,2006AJ....131.1163S,,-18.66,False,2.497499942779541,Members of systems,,5347.782336170842,False,1.2376674440486587e+18,4.427285,3.2375340032278377,16.47558,15.7564,15.36265,0.003993998,0.003255572,0.003452432,0.03462779,0.02395535,0.01780139,16.440952210000003,15.73244465,15.34484861,True,0.7085075600000028,1.0961036000000028,16.47495,15.7117,15.33763,0.003966227,0.003229247,0.003432823,16.44032221,15.68774465,15.31982861,16.012932749599997,0.0025240758921553,"SDSS(cModelMag g,r)",16.012932749599997,SDSS,Vmag_sdss,1.0961036000000028,0.7085075600000028,SDSS(cModel extcorr),-18.987067250400003,2.497499942779541,3.2375340032278377,SDSS,False,3.2,10.36010881032908,,,,1.0961036000000028,g-i,12.42,0.6216216358636538,90.0,6.333173914566013,9.58625784932954,6.333173914566013,NGC 4874,7.274704755144369,6283899.296861078,6.959660546582788,4.838479206817263,3.5815545330176044,6.959660546582788,,,,,,,,,0.0009394035272053
NGC 4894,38,155,1277.8110292580895,5111.244117032358,1649.0350638460964,6163.160197442008,1.2905155974460036,1.2058043122816844,0.9998,0.9078,1.2905155974460036,1.2058043122816844,True,True,True,True,True,38,155,1.551082622,-0.0733865901246417,0.0332458868026315,37,151,0.5997070223773175,0.5727973344792174,1.551082622,1.48845925,1.5716094981842106,1.5270515982451611,0.2675632323382606,0.25,-3.4723010124304,-3.4020480830773536,-0.75,-0.75,22.189159827960747,86.49239750636184,0.19743129478927,0.2442320118272589,0.301669383828276,0.3198367414583658,True,True,10,0.5993057325459672,0.0321769623716927,-0.0261587390618134,0.0148976412867656,0.5993057325459672,0.0321769623716927,-0.0261587390618134,,,,,,,195.06883071401,27.967522811130003,AG?,0.01547,15.04,16.106,1.0660009,15.602,14.896,14.534,14.267,0.7060003,1.0679998,36.62639999389648,0.272928,35.0,SIMBAD,B,2023ApJS..269....3M,,-19.96,True,4.5782999992370605,Other,,11928.963265800565,False,1.237667444048724e+18,7.417125,5.026950107692628,15.47466,14.59419,14.4706,0.002852344,0.002355901,0.002581416,0.03352223,0.02319052,0.01723304,15.44113777,14.57099948,14.45336696,True,0.8701382899999999,0.9877708100000008,15.34952,14.59441,14.31139,0.002860983,0.002355902,0.002606179,15.31599777,14.57121948,14.29415696,14.9177561789,0.0018165043200105,"SDSS(cModelMag g,r)",14.9177561789,SDSS,Vmag_sdss,0.9877708100000008,0.8701382899999999,SDSS(cModel extcorr),-20.0822438211,4.5782999992370605,5.026950107692628,SDSS,False,3.2,16.08624034461641,,,,0.9877708100000008,g-i,16.37568,0.4471004522073937,35.0,9.024995908507307,1.945041173130947,1.945041173130947,NGC 4889,5.4354458715513445,237850552.8189464,7.512870849978578,6.812002554574852,7.824452941874135,7.512870849978578,1.5641466140604707,-0.0130639920604707,0.8131546971225339,-0.8865412872471756,0.5435777761086167,0.0557279564373505,0.2578651182488527,-0.2840238573106661,0.0978768335056774
NGC 4886,653,1490,3271.834066869821,13087.336267479288,6678.614853024003,21721.32454685152,2.041244976525801,1.6597208249952913,1.0,0.9498,2.041244976525801,1.6597208249952913,True,True,True,True,True,653,1490,1.610701659,0.4630113651779659,0.6775233765267998,623,1387,0.4950829678227534,0.4909073704300331,1.610701659,1.635880318,1.613686283966309,1.6376531550919462,0.3074681214130683,0.2499999999999999,194.87249909452828,196.54171560007427,280.5000000000001,276.2500000000001,308.43668895357536,680.888522786456,0.2812471862837417,0.2799349252941097,0.3527409837775264,0.3770007719225245,True,True,10,0.4951418871035244,0.0109051601488247,0.1591041423316613,0.2219121428071939,0.4951418871035244,0.0109051601488247,0.1591041423316613,,,,,,,195.01853930586,27.98758513112,EmG,0.02125,14.294,15.1,0.8060007,14.837,14.07,13.673,13.374,0.7670002,1.1639996,52.4088020324707,0.575012,58.0,SIMBAD,B,2023ApJS..269....3M,,-20.706001,True,6.551100254058838,Regular galaxies,,23282.406744504948,False,1.237667324334637e+18,6.733684,6.629144494245015,14.71528,13.93851,13.60319,0.002147604,0.001930202,0.001987001,0.0307274,0.02125707,0.01579629,14.6845526,13.91725293,13.58739371,True,0.7672996699999999,1.097158890000001,14.70607,13.93849,13.5616,0.002147679,0.001930202,0.001988238,14.6753426,13.91723293,13.54580371,14.2218457947,0.0014395209060958,"SDSS(cModelMag g,r)",14.2218457947,SDSS,Vmag_sdss,1.097158890000001,0.7672996699999999,SDSS(cModel extcorr),-20.7781542053,6.551100254058838,6.629144494245015,SDSS,False,3.2,21.213262381584048,,,,1.097158890000001,g-i,34.50072,0.6583001072725252,58.0,6.569382104886389,1.024666966590929,1.024666966590929,NGC 4889,3.005746076700202,1620503836.8985834,4.951124720564601,5.081365527295721,6.316685581679086,4.951124720564601,1.5799014953304025,0.0308001636695975,0.883716581321305,-0.4207052161433391,0.5362350919370658,-0.0410932048335412,0.279248168475501,-0.1201440261438397,0.2322646468826266
NGC 4872,106,383,856.6734104780056,3426.6936419120225,856.6734104780056,3426.6936419120225,1.0,1.0,1.0,1.0,1.0,1.0,True,True,True,True,True,106,383,1.613079056,0.2359270923537737,0.2359270923537737,100,380,0.508632326078289,0.5465084724339798,1.613079056,1.524575542,1.609979651216981,1.5578576362167105,0.25,0.25,10.25,5.0,10.25,5.0,50.863232607828905,207.67321952491235,0.2657939713776943,0.2631912419271746,0.2885101184170001,0.3079502959046635,True,True,10,0.5095073259559809,0.0265166313011284,-0.0096757228562999,-0.0096757228562999,0.5095073259559809,0.0265166313011284,-0.0096757228562999,,,,,,,194.89217171503,27.94685519906,AGN,0.02395,14.1,14.7,0.5999994,15.141,14.305,13.908,13.583,0.8359995,1.2329998,34.20000076293945,0.4,171.0,SIMBAD,D,2008ApJS..175...86P,,-20.9,True,4.275000095367432,Active (AGN/Seyfert/QSO),,17067.662871420504,False,1.2376674440486584e+18,3.66361,3.2854048505957945,15.09876,14.28353,13.83417,0.002393065,0.002126852,0.002146294,0.03174773,0.02196293,0.01632081,15.06701227,14.26156707,13.81784919,True,0.8054452000000012,1.2491630800000006,15.09115,14.2712,13.86226,0.002384469,0.002119282,0.002147931,15.05940227,14.24923707,13.84593919,14.581799602,0.0015928899909877,"SDSS(cModelMag g,r)",14.581799602,SDSS,Vmag_sdss,1.2491630800000006,0.8054452000000012,SDSS(cModel extcorr),-20.418200398,4.275000095367432,3.2854048505957945,SDSS,False,3.2,10.513295521906542,,,,1.2491630800000006,g-i,24.0,0.7017543703100557,171.0,0.8221462634038075,7.717651089955757,0.8221462634038075,NGC 4874,4.129079699002495,1973715313.1549392,2.335873126069854,3.061188955350869,3.0665392548997885,2.335873126069854,1.5717524151824025,0.0413266408175978,0.8472190387579652,-0.6112919464041915,0.540033033717155,-0.0305257077611741,0.2681879651569122,-0.2778636880132121,0.1921035773983953
NGC 4865,0,0,1074.529155090701,4298.116620362803,0.0,0.0,0.0,0.0,0.0,0.0,0.0,0.0,False,False,False,False,False,0,0,,,,0,0,,,,,,,,0.25,,,0.0,0.0,,,,,,,False,False,10,,,,,,,,,,,,,,194.83280739129,28.08430245029,EmG,0.01528,13.692,14.6,0.908,14.261,13.468,13.037,12.729,0.79299927,1.224,73.39920043945312,0.624383,115.0,SIMBAD,B,2023ApJS..269....3M,,-21.307999,True,9.17490005493164,Regular galaxies,,23617.47217651173,False,1.2376673243345715e+18,6.145326,4.314469660766079,14.35781,13.49159,13.13639,0.002000163,0.001844716,0.001876281,0.03386509,0.02342771,0.0174093,14.32394491,13.46816229,13.1189807,True,0.8557826199999994,1.20496421,14.30048,13.45579,13.07131,0.001977089,0.001821732,0.001855465,14.26661491,13.43236229,13.0539007,13.8090331642,0.0013627494051976,"SDSS(cModelMag g,r)",13.8090331642,SDSS,Vmag_sdss,1.20496421,0.8557826199999994,SDSS(cModel extcorr),-21.1909668358,9.17490005493164,4.314469660766079,SDSS,False,3.2,13.806302914451454,,,,1.20496421,g-i,37.46298,0.5104003827794167,115.0,8.277217331995425,12.436812404650697,8.277217331995425,NGC 4874,9.9268194754727,2834538.6060434026,8.454716833636692,11.006890990480466,11.643385210055836,8.454716833636692,,,,,,,,,
NGC 4873,380,1112,3334.5851927118024,13338.340770847204,3334.5851927118024,13338.340770847204,1.0,1.0,1.0,1.0,1.0,1.0,True,True,True,True,True,380,1112,1.5848640375,0.4644205776052628,0.4644205776052628,369,1088,0.5162695964125817,0.5430650295935349,1.5848640375,1.53154142,1.5854275525894737,1.5441830553615108,0.2500000000000001,0.2500000000000001,101.99999999999989,96.99999999999989,101.99999999999989,96.99999999999989,190.50348107624265,590.854752197766,0.2653990674894385,0.261072167134697,0.3249985733410924,0.3082656341872856,True,True,10,0.5152403952478002,0.0131763254287997,0.1149322975528366,0.1149322975528366,0.5152403952478002,0.0131763254287997,0.1149322975528366,,,,,,,194.88664867224,27.98361769396,EmG,0.01943,14.36,15.4,1.04,14.94,14.138,13.737,13.444,0.80200005,1.2029991,24.18000030517578,0.339,85.0,SIMBAD,C,2006AJ....131.1163S,,-20.64,True,3.0225000381469727,Regular galaxies,,9843.600725478636,False,1.2376674440486584e+18,6.776,5.920350224852851,14.79966,14.0643,13.58516,0.002274498,0.002038532,0.002055469,0.02887073,0.01997264,0.01484181,14.77078927,14.04432736,13.57031819,True,0.7264619100000012,1.2004710799999998,14.83407,14.04072,13.6358,0.002263589,0.002025374,0.002055678,14.80519927,14.02074736,13.62095819,14.332176743099998,0.001521909141096,"SDSS(cModelMag g,r)",14.332176743099998,SDSS,Vmag_sdss,1.2004710799999998,0.7264619100000012,SDSS(cModel extcorr),-20.6678232569,3.0225000381469727,5.920350224852851,SDSS,False,3.2,18.945120719529125,,,,1.2004710799999998,g-i,20.34,0.8411910563808462,85.0,1.5974341779075851,7.803757355433282,1.5974341779075851,NGC 4874,4.319723223776247,272212924.176568,2.281312971202051,4.493711521141899,4.977491715173646,2.281312971202051,1.577403686658616,0.0074603508413839,0.8725295667554982,-0.4081089891502354,0.5373992149719307,-0.0221588197241304,0.2758580592534594,-0.1609257617006227,0.1406352860916989
NGC 4898A,76,101,1875.664119839065,7502.656479356263,1875.664119839065,7930.066063615952,1.0,1.0569677667417825,1.0,0.9568,1.0,1.0569677667417825,True,True,True,True,True,76,101,1.6355400785,1.1709763660341113,1.1445112088256582,67,98,0.4888012823303764,0.6154281792685274,1.6355400785,1.477948281,1.6180309319210526,1.4822763767524751,0.2365256612986903,0.2499999999999999,52.11090820883228,43.82048519272835,50.75000000000001,42.50000000000001,32.74968591613522,60.31196156831569,0.2858748188170099,0.209779659889229,0.3811311903079617,0.2886074567242599,True,True,10,0.4924486419375578,0.0343461066447639,0.2795333196365568,0.267404009219962,0.4924486419375578,0.0343461066447639,0.2795333196365568,,,,,,,195.07366377992,27.95526275171,GiC,0.02291,13.862,15.0,1.1379995,14.544,13.772,13.361,13.057,0.77199936,1.1829996,31.6200008392334,0.432,85.0,SIMBAD,C,2006AJ....131.1163S,,-21.138,True,3.952500104904175,Members of systems,,15113.913266434003,False,1.237667444048724e+18,5.481787,4.4979517106256175,14.56954,13.79776,13.41057,0.002162378,0.001929308,0.001974395,0.03344134,0.02313457,0.01719146,14.53609866,13.77462543,13.39337854,True,0.76147323,1.14272012,14.53884,13.76106,13.36086,0.002137342,0.00190748,0.001956161,14.50539866,13.73792543,13.34366854,14.0768294543,0.0014428178107379,"SDSS(cModelMag g,r)",14.0768294543,SDSS,Vmag_sdss,1.14272012,0.76147323,SDSS(cModel extcorr),-20.9231705457,3.952500104904175,4.4979517106256175,SDSS,False,3.2,14.393445474001975,,,,1.14272012,g-i,25.92,0.819734323594294,85.0,9.27106840502208,2.4863009828800005,2.4863009828800005,NGC 4889,5.743936092994074,114536085.6124651,7.821480735838882,6.863349057626816,7.785409517046283,7.821480735838882,1.5831845548694958,0.0523555236305042,0.8984205237405538,0.2725558422935574,0.5347049966669752,-0.0422563547294174,0.2837040463598678,-0.0041707267233109,0.0295186362669279
NGC 4898B,61,74,1213.0981883084005,4852.392753233602,1213.0981883084005,5515.52553832079,1.0,1.1366609874366167,1.0,0.9786,1.0,1.1366609874366167,True,True,True,True,True,61,74,1.610607648,1.2107539917873436,1.1561095962991803,52,72,0.5010446527348085,0.5971802911976071,1.610607648,1.4986151975,1.5971884508032783,1.4927175098918917,0.2199424478918703,0.2499999999999999,44.7242588560016,36.16414375178534,42.5,34.0,26.05432194221004,42.99698096622771,0.2965064604475072,0.2222939473755216,0.3934141524632028,0.3162317934897066,True,True,10,0.501670404182956,0.0391771335705739,0.3198076879200277,0.2949541495376305,0.501670404182956,0.0391771335705739,0.3198076879200277,,,,,,,195.07540991934,27.956592492190005,GiC,0.02124,14.333,15.284,0.9510002,15.528,14.72,14.257,14.034,0.8079996,1.2709999,23.71422004699707,0.229277,143.0,SIMBAD,B,2023ApJS..269....3M,,-20.667,True,2.964277505874634,Members of systems,,10530.1203642135,False,1.237667444048724e+18,4.745432,4.300018683606119,15.44832,14.66071,14.28996,0.002791024,0.002316615,0.002410867,0.03351657,0.02318661,0.01723013,15.41480343,14.63752339,14.27272987,True,0.7772800400000008,1.14207356,15.41488,14.63501,14.2501,0.002757302,0.002302538,0.002399149,15.38136343,14.61182339,14.23286987,14.9462082064,0.0017825874247805,"SDSS(cModelMag g,r)",14.9462082064,SDSS,Vmag_sdss,1.14207356,0.7772800400000008,SDSS(cModel extcorr),-20.0537917936,2.964277505874634,4.300018683606119,SDSS,False,3.2,13.760059787539582,,,,1.14207356,g-i,13.75662,0.5801000400914302,143.0,9.361824069433174,2.525822445468637,2.525822445468637,NGC 4889,5.825587395626785,109267261.53099062,7.904453350781524,6.970871504804305,7.899177969894845,7.904453350781524,1.5635024818196983,0.0471051661803014,0.8102698017175265,0.400484190069817,0.5438779789173633,-0.0422075747344072,0.2569908804922457,0.0628168074277819,0.0213520897490081
NGC 4908,109,129,2543.515368258702,10174.061473034808,2543.515368258702,10110.982291901992,1.0,0.9938,1.0,0.9938,1.0,0.9938,True,True,True,True,True,109,129,1.616315413,1.2025825101444976,1.2051476541422017,105,127,0.4966288292082061,0.6601470192556571,1.616315413,1.389683278,1.6369947811100918,1.422100678348837,0.251559669953713,0.25,76.54880257597102,73.05192191587844,76.75,73.25,52.14602706686164,83.83867144546845,0.2717937134426174,0.1975699122763901,0.3480863179136924,0.2511849927968291,True,True,10,0.499343788792734,0.0263761110170203,0.2984825648100689,0.2997279043987615,0.499343788792734,0.0263761110170203,0.2984825648100689,,,,,,,195.21476199117,28.04287393961,LIN,0.0291601732022224,13.58,14.9,1.3199997,14.4498,13.6108,13.173,12.884,0.83899975,1.2767992,57.34199905395508,0.666983,57.0,SIMBAD,B,2023ApJS..269....3M,,-21.42,True,7.167749881744385,Active (AGN/Seyfert/QSO),,34623.26656031884,False,1.2376673243347026e+18,6.996706,5.6766798692894485,14.39785,13.60594,13.14518,0.001954095,0.001809066,0.001801665,0.03499835,0.0242117,0.01799189,14.36285165,13.5817283,13.12718811,True,0.7811233499999997,1.2356635399999991,14.41202,13.59609,13.16484,0.001948188,0.001803014,0.001802313,14.37702165,13.5718783,13.14684811,13.8919888735,0.0013345866287514,"SDSS(cModelMag g,r)",13.8919888735,SDSS,Vmag_sdss,1.2356635399999991,0.7811233499999997,SDSS(cModel extcorr),-21.108011126500003,7.167749881744385,5.6766798692894485,SDSS,False,3.2,18.165375581726234,,,,1.2356635399999991,g-i,40.01898,0.6978999801235523,57.0,17.474909905471062,10.371261002423465,10.371261002423465,NGC 4889,13.90681024752937,1764223.2490023563,15.843472882463004,15.687381709728466,16.761282024874784,15.843472882463004,1.5873692048912325,0.0289462081087674,0.9171624479218364,0.2854200622226612,0.5327547081848445,-0.0334109193921104,0.2893835929119902,0.0090989718980787,0.0187065416785667
NGC 4906,95,48,3203.538746606606,12814.154986426423,3203.538746606606,11271.330726060683,1.0,0.8796000000000002,1.0,0.8796,1.0,0.8796,True,True,True,True,True,95,48,1.628163566,1.4155845310319524,1.4411790468421053,86,43,0.5322703140674195,0.618294905544579,1.628163566,1.48029411,1.654319581884211,1.490213559041667,0.2842201000454751,0.25,81.3574351978172,73.77853569804456,83.0,75.25,45.77524700979808,26.586680938416897,0.2438802352060889,0.243215854488089,0.2744543913121461,0.3492732429462789,True,True,10,0.533831995738203,0.0251650849642077,0.445966075782459,0.4565451325451305,0.533831995738203,0.0251650849642077,0.445966075782459,,,,,,,195.16566822405,27.923956527790004,G,0.02502,14.08,15.2,1.1199999,14.8718,14.015,13.613,13.304,0.8568001,1.2588005,40.18302154541016,0.581649,10.0,SIMBAD,B,2023ApJS..269....3M,,-20.92,True,5.0228776931762695,Regular galaxies,,20922.29806972467,False,1.2376674440487242e+18,6.121517,5.710892442779653,14.70623,14.02911,13.55231,0.00223731,0.001985066,0.002017172,0.03238968,0.02240703,0.01665082,14.67384032,14.00670297,13.53565918,True,0.6671373500000009,1.1381811400000004,14.76267,14.00413,13.58521,0.00222274,0.001970411,0.002009759,14.73028032,13.98172297,13.56855918,14.2702292835,0.0014876550348944,"SDSS(cModelMag g,r)",14.2702292835,SDSS,Vmag_sdss,1.1381811400000004,0.6671373500000009,SDSS(cModel extcorr),-20.7297707165,5.0228776931762695,5.710892442779653,SDSS,False,3.2,18.27485581689489,,,,1.1381811400000004,g-i,34.89894,0.8684996463135876,10.0,14.303675424398635,7.683317025303405,7.683317025303405,NGC 4889,10.896480183182728,4208647.047333927,12.950768903990348,11.59475844941888,12.248639443753294,12.950768903990348,1.57880612998053,0.0493574360194699,0.8788107339430353,0.536773797088917,0.5367455954234946,-0.0029135996852917,0.2777615020962657,0.1682045736861933,0.0039695371115736
IC 3968,17,68,415.0519263599141,1660.207705439656,415.0519263599141,1660.207705439656,1.0,1.0,1.0,1.0,1.0,1.0,True,True,True,True,True,17,68,1.800525093,0.2459472884999995,0.2459472884999995,16,66,0.4204765606293328,0.5668850060456787,1.800525093,1.5545778045,1.7088835127058826,1.5490060920735294,0.25,0.25,-3.552713678800501e-15,-0.5000000000000036,-3.552713678800501e-15,-0.5000000000000036,6.727624970069326,37.41441039901479,0.2813038547721274,0.2331082095185256,0.2929445802238675,0.2836952887684296,True,True,10,0.4202951235254837,0.06916816509739,-0.1643050389591226,-0.1643050389591226,0.4202951235254837,0.06916816509739,-0.1643050389591226,,,,,,,194.85620569633,27.97320929685,EmG,0.02033,15.32,16.795,1.4750004,16.049,15.263,14.883,14.595,0.78600025,1.1659994,25.70639991760254,0.234956,46.0,SIMBAD,B,2023ApJS..269....3M,,-19.68,True,3.2132999897003174,Regular galaxies,Sa:,10937.764362427635,False,1.2376674440486584e+18,3.370826,2.58688286920158,16.11325,15.32203,14.93424,0.003265347,0.002761985,0.002858132,0.03228942,0.02233767,0.01659928,16.08096058,15.29969233,14.91764072,True,0.7812682500000001,1.163319859999998,16.08525,15.28769,14.91323,0.003244352,0.002744535,0.002842484,16.052960579999997,15.26535233,14.89663072,15.6100123125,0.0021089966512832,"SDSS(cModelMag g,r)",15.6100123125,SDSS,Vmag_sdss,1.163319859999998,0.7812682500000001,SDSS(cModel extcorr),-19.389987687500003,3.2132999897003174,2.58688286920158,SDSS,False,3.0,7.760648607604738,,,,1.163319859999998,g-i,14.09736,0.5483988440694407,46.0,2.4070929719197043,9.410032222679204,2.4070929719197043,NGC 4874,5.840027155534421,80578508.25872569,3.75999678076209,5.439773011723768,5.541774035298311,3.75999678076209,1.5484744622419753,0.2520506307580248,0.7429633359300647,-0.4970160474300651,0.5508819035799822,-0.1305867800544985,0.2365943511924151,-0.4008993901515377,0.0428532053996
IC 3955,1,35,2745.907112711464,10983.628450845858,507.9928158516208,4547.222178650185,0.185,0.414,0.185,0.414,0.185,0.414,False,False,False,True,True,1,35,1.754868074,-4.463922377298309,-12.1617765035,1,32,0.3803497738529028,0.6055171795434682,1.754868074,1.590473666,1.754868074,1.5475384202,0.1117149758454106,0.2499999999999999,-2.9100241545893715,-2.5748792270531395,-7.749999999999998,-6.999999999999999,0.3803497738529028,19.37654974539098,,0.1812385769452056,,0.273432879509107,False,True,10,,,,,,,,,,,,,,194.77512315877,27.99670897925,GiC,0.02557,14.31,15.591,1.2809992,15.059,14.2273,13.806,13.5935,0.8317003,1.2530003,43.19741821289063,0.520313,37.0,SIMBAD,B,2023ApJS..269....3M,,-20.689999,True,5.399677276611328,Members of systems,SB0,22970.942107715884,False,1.237667444048593e+18,6.792245,5.796123975447121,14.9788,14.17417,13.7218,0.00237146,0.002062952,0.002107351,0.03477185,0.024055,0.01787545,14.94402815,14.150115,13.70392455,True,0.7939131499999998,1.2401035999999994,14.98426,14.16541,13.76454,0.002362423,0.002057863,0.002108699,14.94948815,14.141355,13.74666455,14.465619391499995,0.0015578184864595,"SDSS(cModelMag g,r)",14.465619391499995,SDSS,Vmag_sdss,1.2401035999999994,0.7939131499999998,SDSS(cModel extcorr),-20.5343806085,5.399677276611328,5.796123975447121,SDSS,False,3.0,17.388371926341364,,,,1.2401035999999994,g-i,31.21878,0.7227001355993988,37.0,6.927529747294869,13.753045835834664,6.927529747294869,NGC 4874,10.271723935975638,3961395.0487366505,8.20343859811122,9.927659769217453,9.86537209817872,8.20343859811122,1.5743826466948223,0.1804854273051777,0.858999139681325,-5.322921516979634,,,,,0.0111583134481685
IC 3998,74,298,1735.0124544597732,6940.0498178390935,1735.0124544597732,6940.0498178390935,1.0,1.0,1.0,1.0,1.0,1.0,True,True,True,True,True,74,298,1.4677313855,-0.0373055213378374,-0.0373055213378374,71,293,0.6052779195431505,0.5860138139654706,1.4677313855,1.494935988,1.5212644380945948,1.5206121740838925,0.2499999999999999,0.2499999999999999,-0.4999999999999858,-2.249999999999986,-0.4999999999999858,-2.249999999999986,42.97473228756368,171.7020474918829,0.220741596334473,0.2352674148337169,0.3175757012480327,0.2749020352588353,True,True,10,0.6045146122732935,0.0265303771091961,-7.006199389969492e-05,-7.006199389969492e-05,0.6045146122732935,0.0265303771091961,-7.006199389969492e-05,,,,,,,194.94492123014,27.97385772552,G,0.03142,14.61,15.909,1.2990007,15.3933,14.5528,14.139,13.854,0.8404999,1.2543001,35.339820861816406,0.43574,7.0,SIMBAD,B,2023ApJS..269....3M,,-20.39,True,4.417477607727051,Regular galaxies,SB0,22929.32790588228,False,1.2376674440486584e+18,5.116478,4.553736992641008,15.48041,14.66306,14.27212,0.002716808,0.002324977,0.002409557,0.02731829,0.01889867,0.01404374,15.45309171,14.64416133,14.25807626,True,0.8089303799999996,1.1950154499999996,15.44581,14.62817,14.25422,0.002696275,0.002306417,0.002395132,15.41849171,14.60927133,14.24017626,14.9658227858,0.0017670355449308,"SDSS(cModelMag g,r)",14.9658227858,SDSS,Vmag_sdss,1.1950154499999996,0.8089303799999996,SDSS(cModel extcorr),-20.0341772142,4.417477607727051,4.553736992641008,SDSS,False,3.0,13.661210977923025,,,,1.1950154499999996,g-i,26.1444,0.7398000148961769,7.0,2.5970946098972965,4.710113721038631,2.5970946098972965,NGC 4874,1.1818856405573146,79138128.74996634,0.9643724024103008,2.5680610700511366,3.718832549865224,0.9643724024103008,1.5630584226755575,-0.0953270371755576,0.8082809800076429,-0.8455865013454804,0.5440849361132349,0.0604296761600585,0.2563881886140854,-0.2564582506079851,0.0570200337690375
IC 4011,39,32,100.49529740559316,401.9811896223726,189.5022715895801,650.739812160616,1.885682977032846,1.6188314999812083,1.0,0.997,1.8856829770328465,1.6188314999812083,True,True,True,True,True,39,32,1.783652401,1.4325115742690049,1.482203091564103,21,32,0.4900043978960966,0.5714772385063724,1.783652401,1.4695653835,1.751648058,1.514290794125,0.2912105084832386,0.25,29.681263728536365,11.681263728536363,31.0,13.0,10.290092355818029,18.28727163220392,0.1890052484012052,0.2724080047057314,0.3002148686951186,0.3858227796943859,True,True,10,0.488502333383171,0.0380903647914156,0.2349096823933992,0.2707967187140767,0.488502333383171,0.0380903647914156,0.2349096823933992,,,,,,,195.02664187002,28.004124776700003,G,0.02425,15.05,16.207,1.1570005,15.678,14.916,14.517,14.233,0.7620001,1.1610003,17.219999313354492,0.258,15.0,SIMBAD,C,2006AJ....131.1163S,,-19.95,True,2.1524999141693115,Regular galaxies,E1,8698.200669748132,False,1.237667324334637e+18,1.014002,0.9942091823348834,16.62321,15.84426,15.45266,0.00354938,0.003090188,0.003090666,0.03155479,0.02182946,0.01622163,16.59165521,15.82243054,15.43643837,True,0.7692246699999981,1.1552168399999996,16.62722,15.84291,15.44673,0.003547512,0.003078342,0.003082022,16.59566521,15.82108054,15.43050837,16.127812654699998,0.0023327748278016,"SDSS(cModelMag g,r)",16.127812654699998,SDSS,Vmag_sdss,1.1552168399999996,0.7692246699999981,SDSS(cModel extcorr),-18.8721873453,2.1524999141693115,0.9942091823348834,SDSS,False,3.2,3.181469383471627,,,,1.1552168399999996,g-i,15.48,0.8989547396784688,15.0,7.289882437924954,1.6688801879551816,1.6688801879551816,NGC 4889,3.859615205478872,377011525.4284291,5.6445996976052095,6.079873254215437,7.335571695374009,5.6445996976052095,1.5367518567196146,0.2469005442803855,0.6904609324397033,0.7420506418293016,0.5563453144774447,-0.0678429810942737,0.2206840400718724,0.0142256423215267,0.093873680536033
IC 4021,20,21,777.4896163539572,3109.958465415829,777.4896163539572,3109.958465415829,1.0,1.0,1.0,1.0,1.0,1.0,True,True,True,True,True,20,21,1.5950410305,1.2202403440125,1.2202403440125,13,21,0.6479904347702733,0.6279906185124806,1.5950410305,1.427812139,1.6460834896999998,1.4736927379047615,0.25,0.25,14.75,7.75,14.75,7.75,8.423875652013553,13.187802988762094,0.1396524353081766,0.2375590184314734,0.2775131973939391,0.2802099608307363,True,True,10,0.6447351421732959,0.0343069663234932,0.3911235462355633,0.3911235462355633,0.6447351421732959,0.0343069663234932,0.3911235462355633,,,,,,,195.06145537668,28.04129991474,LIN,0.01912,14.75,15.974,1.224,15.4985,14.6876,14.269,13.968,0.81089973,1.2294998,25.3218002319336,0.362693,49.0,SIMBAD,B,2023ApJS..269....3M,,-20.25,True,3.165225028991699,Active (AGN/Seyfert/QSO),E3,10147.779409867928,False,1.237667324334637e+18,3.041007,2.828285123050337,15.40342,14.66715,14.24484,0.002457547,0.002221335,0.002240282,0.03434348,0.02375866,0.01765523,15.36907652,14.64339134,14.22718477,True,0.725685180000001,1.141891750000001,15.42407,14.66149,14.24243,0.002453489,0.002217651,0.002239004,15.38972652,14.63773134,14.22477477,14.930922263799998,0.0016531443376999,"SDSS(cModelMag g,r)",14.930922263799998,SDSS,Vmag_sdss,1.141891750000001,0.725685180000001,SDSS(cModel extcorr),-20.0690777362,3.165225028991699,2.828285123050337,SDSS,False,3.2,9.05051239376108,,,,1.141891750000001,g-i,21.76158,0.859400982579281,49.0,9.924647517951785,4.126548397941443,4.126548397941443,NGC 4889,6.68578316531927,25871383.722603098,8.285585263395243,8.96824937381079,10.228415969778473,8.285585263395243,1.5638485439222765,0.0311924865777235,0.8118197209831375,0.4084206230293625,0.5437166940000455,0.1010184481732503,0.2574605675177572,0.133662978717806,0.0057893139007675
IC 4030,11,4,574.1572098072011,2296.6288392288043,574.1572098072011,2296.6288392288043,1.0,1.0,1.0,1.0,1.0,1.0,True,True,True,True,True,11,4,1.621557588,1.4923868992272726,1.4923868992272726,10,4,0.4797944404383186,0.7633616427021405,1.621557588,1.4208775765,1.6675771067272729,1.4090431835,0.25,0.25,10.0,9.0,10.0,9.0,4.797944404383187,3.053446570808562,0.3009963740285098,0.0140837997354749,0.2852198028984817,0.0950003170755643,True,True,10,0.479332391370431,0.0877451102302295,0.402996227100217,0.402996227100217,0.479332391370431,0.0877451102302295,0.402996227100217,,,,,,,195.1165418506,27.95599470558,G,0.02336,15.27,16.5,1.2299995,15.909,15.116,14.736,14.44,0.7930002,1.1730003,26.8411808013916,0.290645,12.0,SIMBAD,B,2023ApJS..269....3M,,-19.73,True,3.35514760017395,Regular galaxies,SB0,13074.57116618589,False,1.2376674440487242e+18,3.214207,2.7953293218139783,15.75536,15.07075,14.72363,0.00295596,0.002528128,0.00266926,0.03450034,0.02386717,0.01773587,15.72085966,15.04688283,14.70589413,True,0.6739768300000009,1.0149655299999996,15.83601,15.07099,14.70557,0.002963471,0.002528128,0.002669879,15.80150966,15.04712283,14.68783413,15.3132133303,0.0019218908618506,"SDSS(cModelMag g,r)",15.3132133303,SDSS,Vmag_sdss,1.0149655299999996,0.6739768300000009,SDSS(cModel extcorr),-19.6867866697,3.35514760017395,2.7953293218139783,SDSS,False,3.0,8.385987965441934,,,,1.0149655299999996,g-i,17.4387,0.6496994349479542,12.0,11.542040785274944,4.565895315467575,4.565895315467575,NGC 4889,7.99733748320981,18983923.76721572,10.077621936173257,9.104555489358455,9.970949398224786,10.077621936173257,1.5551937652323635,0.0663638227676362,0.7730572903928714,0.7193296088344012,0.5477503204936951,-0.068417929123264,0.2457140132749063,0.1572822138253106,0.0031226753689488
IC 4040,8,60,1386.757495376423,5547.029981505692,1386.757495376423,5547.029981505692,1.0,1.0,1.0,1.0,1.0,1.0,True,True,True,True,True,8,60,1.395443506,-1.3799788977500005,-1.3799788977500005,8,58,0.4893467587432527,0.5757050435826186,1.395443506,1.480225282,1.376572785875,1.4798939466333334,0.25,0.25,-7.0,-6.5,-7.0,-6.5,3.914774069946022,33.390892527791884,0.2104607045556218,0.2502710947963444,0.3935324193561555,0.386317980960019,False,True,10,,,,,,,,,,,,,,195.15820968252208,28.05746747143528,EmG,0.02553,15.04,15.1,0.06000042,15.2684,14.7118,14.641,14.302,0.5566006,0.6274004,44.41517639160156,0.294473,152.0,SIMBAD,B,2023ApJS..269....3M,,-19.96,True,5.551897048950195,Regular galaxies,Scd,23582.69984675301,False,,,,,,,,,,,,,,,,False,,,,,,,,,,,,,,,15.039999961853027,SIMBAD,,,,,-19.960000038146973,5.551897048950195,5.551897048950195,SIMBAD_proxy(maj/8),True,3.0,16.655691146850586,,,,0.0600004196166992,B-V,17.66838,0.3978005140454851,152.0,14.952516011317968,8.170947078353194,8.170947078353194,NGC 4889,11.49374385752144,3515663.4381460515,13.30521384728729,13.512247316411145,14.680742678674878,13.30521384728729,1.5613791078841888,-0.1659356018841888,0.8007597798277342,-2.1807386775777347,,,,,0.0109481579792783
2MASX J12592529+2758048,35,87,616.9130243103846,2467.652097241538,616.9130243103846,2467.652097241538,1.0,1.0,1.0,1.0,1.0,1.0,True,True,True,True,True,35,87,1.636627854,0.6682442271428569,0.6682442271428569,34,84,0.5087475890575343,0.5554289024631462,1.636627854,1.55831848,1.6435046133428568,1.5476614185057471,0.25,0.25,13.249999999999996,12.999999999999996,13.249999999999996,12.999999999999996,17.297418027956166,46.65602780690429,0.2613666099151213,0.2410342173241709,0.2682366062934613,0.2796461269378183,True,True,10,0.5113866645463904,0.0446313354656606,0.168327636554447,0.168327636554447,0.5113866645463904,0.0446313354656606,0.168327636554447,,,,,,,194.85554288412,27.96793530272,GiC,0.02571,15.59,17.055,1.4650002,16.205,15.399,15.024,14.746,0.80599976,1.1809998,27.22559928894043,0.252018,69.0,SIMBAD,B,2023ApJS..269....3M,,-19.41,False,3.4031999111175537,Members of systems,S...,14554.46396629703,False,1.2376674440486584e+18,3.895401,3.1338853299605423,16.22602,15.44426,15.08308,0.003544416,0.002906817,0.003070116,0.03289751,0.02275835,0.01691189,16.193122489999997,15.42150165,15.06616811,True,0.7716208399999971,1.1269543799999957,16.25363,15.44428,15.07672,0.003545425,0.002906817,0.003070455,16.22073249,15.42152165,15.05980811,15.727866194399995,0.0022479149216731,"SDSS(cModelMag g,r)",15.727866194399995,SDSS,Vmag_sdss,1.1269543799999957,0.7716208399999971,SDSS(cModel extcorr),-19.272133805600003,3.4031999111175537,3.1338853299605423,SDSS,False,3.0,9.401655989881627,,,,1.1269543799999957,g-i,15.12108,0.5553993445478528,69.0,2.350342798744093,9.458336239252912,2.350342798744093,NGC 4874,5.867369879702429,86370699.46573423,3.795320634065584,5.332270504159892,5.366717249647854,3.795320634065584,1.5458063400833018,0.0908215139166983,0.731013532972945,-0.0627693058300881,0.5521254025316149,-0.0407387379852245,0.2329730868266445,-0.0646454502721974,0.0406711292165219
LEDA 44602,12,29,596.9988378524981,2387.9953514099925,596.9988378524981,2387.9953514099925,1.0,1.0,1.0,1.0,1.0,1.0,True,True,True,True,True,12,29,1.503883796,0.509738982875,0.509738982875,10,29,0.5866870558766627,0.5045936126210357,1.503883796,1.64548107,1.548876798166667,1.5730573230344826,0.25,0.25,4.75,2.75,4.75,2.75,5.866870558766627,14.633214766010038,0.2564762320164621,0.2793973619447216,0.3589247110746885,0.3786694901092798,True,True,10,0.5971333158893931,0.0760911413223623,0.2313029467391422,0.2313029467391422,0.5971333158893931,0.0760911413223623,0.2313029467391422,,,,,,,194.86970481719,28.04052671511,AG?,0.01876,16.033,16.995,0.9619999,16.142,15.367,14.989,14.695,0.7750006,1.1529999,16.979999542236328,0.159,10.0,SIMBAD,C,2006AJ....131.1163S,,-18.967,False,2.122499942779541,Other,,6679.580151249703,False,1.2376673243345715e+18,4.108369,3.0651745140028503,16.32349,15.46277,15.20181,0.003432369,0.002888707,0.002987799,0.0276596,0.01913479,0.0142192,16.2958304,15.44363521,15.1875908,True,0.8521951899999998,1.1082395999999992,16.24869,15.42865,15.09022,0.003410304,0.002870681,0.002968471,16.2210304,15.40951521,15.0760008,15.7830352379,0.0022102437730609,"SDSS(cModelMag g,r)",15.7830352379,SDSS,Vmag_sdss,1.1082395999999992,0.8521951899999998,SDSS(cModel extcorr),-19.2169647621,2.122499942779541,3.0651745140028503,SDSS,False,3.2,9.808558444809124,,,,1.1082395999999992,g-i,9.54,0.5618374709769602,10.0,5.114322390000249,9.48786280045,5.114322390000249,NGC 4874,6.710439138827572,10219808.521643868,5.181454843642449,7.740982843002722,8.424834279947602,5.181454843642449,1.544557354941174,-0.0406735589411739,0.7254196637806076,-0.2156806809056076,0.5527075017094174,0.0444258141799757,0.2312779225427076,2.502419643457543e-05,0.0170005241642352
GMP 3308,1,3,6.74454452485734,26.97817809942936,6.74454452485734,26.97817809942936,1.0,1.0,1.0,1.0,1.0,1.0,True,True,True,True,True,1,3,1.916477955,0.9246145334999996,0.9246145334999996,0,3,,0.6511968657554953,1.916477955,1.322484562,1.916477955,1.476208923333333,0.25,0.25,0.2499999999999997,-0.7500000000000002,0.2499999999999997,-0.7500000000000002,,1.953590597266485,,0.316729623225117,,0.2759395908298314,False,True,10,,,,,,,,,,,,,,194.904625,27.97233333333333,G,0.0254,18.842,19.827,0.9850006,,,,17.18,,,1.63,,,NED,,,2007SDSS6.C...0000:,-16.158,False,0.20375,Regular galaxies,,861.1939840015141,False,1.2376674440486584e+18,0.244203,0.2442025115935115,19.70403,18.79249,18.31042,0.02178344,0.01549438,0.01698046,0.02840151,0.01964803,0.01460059,19.67562849,18.77284197,18.29581941,True,0.9027865199999994,1.3798090800000011,19.65594,18.79245,18.32617,0.01530694,0.0103765,0.01030636,19.627538490000003,18.77280197,18.31156941,19.1329844432,0.0127803329073071,"SDSS(cModelMag g,r)",19.1329844432,SDSS,Vmag_sdss,1.3798090800000011,0.9027865199999994,SDSS(cModel extcorr),-15.867015556800002,0.20375,0.2442025115935115,SDSS,False,3.2,0.7814480370992372,,,,1.3798090800000011,g-i,,1.0,0.0,0.8438193844712493,6.847369302714706,0.8438193844712493,NGC 4874,3.275995326230869,1827424138.854424,1.1955021679819942,3.3449326223621503,3.934501192612019,1.1955021679819942,1.4687170554024973,0.4477608995975026,0.3857513196045414,0.5388632138954582,,,,,0.1305189284383018
GMP 3424,5,14,54.30071983682732,217.20287934730928,54.30071983682732,217.20287934730928,1.0,1.0,1.0,1.0,1.0,1.0,True,True,True,True,True,5,14,1.69026524,0.55161070375,0.55161070375,4,14,0.4497061715121687,0.4669159930641836,1.69026524,1.6266493375,1.7103479338,1.655296966,0.25,0.25,1.5,0.5,1.5,0.5,1.798824686048675,6.53682390289857,0.1840675458496447,0.3028288669535596,0.0885852149013898,0.2346665422118848,False,True,10,,,,,,,,,,,,,,194.87218854122,27.942225323719995,GiC,0.018723,18.773,19.713,0.9399986,,,,16.6,,,4.07,,,NED,,,2007SDSS6.C...0000:,-16.227,False,0.50875,Members of systems,dE,1597.9678781737423,False,1.2376674440486587e+18,0.7651168,0.6929096452031184,19.4459,18.66516,18.09538,0.01389681,0.01033258,0.01118378,0.03378501,0.02337231,0.01736813,19.412114990000003,18.64178769,18.07801187,True,0.7703273000000017,1.3341031200000053,19.42248,18.66515,18.23525,0.01390406,0.01033258,0.01111262,19.38869499,18.64177769,18.21788187,18.947621883,0.0083443166513606,"SDSS(cModelMag g,r)",18.947621883,SDSS,Vmag_sdss,1.3341031200000053,0.7703273000000017,SDSS(cModel extcorr),-16.052378117,0.50875,0.6929096452031184,SDSS,False,3.2,2.217310864649979,,,,1.3341031200000053,g-i,,1.0,0.0,1.740950474354002,8.812489114538266,1.740950474354002,NGC 4874,5.222622061718022,210004062.8417536,3.371613128889898,4.02661869197651,3.7773626433075527,3.371613128889898,1.472913522640443,0.2173517173595569,0.4045461699251842,0.1470645338248157,,,,,0.082957520941249
GMP 3016,0,0,1597.46228364295,6389.8491345718,0.0,0.0,0.0,0.0,0.0,0.0,0.0,0.0,False,False,False,False,False,0,0,,,,0,0,,,,,,,,0.25,,,0.0,0.0,,,,,,,False,False,10,,,,,,,,,,,,,,195.00431,28.081882,GiC,0.0259012519921365,17.69,,,18.097,17.801,17.62,17.598,0.29599953,0.47699928,,,,,,,,-17.31,False,,Members of systems,Sm,,False,1.2376673243346376e+18,4.326953,3.758279887606998,18.15024,17.79452,17.61773,0.01102482,0.01418379,0.02078182,0.03413647,0.02361546,0.01754881,18.11610353,17.77090454,17.60018119,True,0.3451989900000001,0.5159223399999995,18.08871,17.79452,17.61286,0.01104497,0.01418379,0.0207957,18.05457353,17.77090454,17.59531119,17.9024361259,0.0095111889708295,"SDSS(cModelMag g,r)",17.9024361259,SDSS,Vmag_sdss,0.5159223399999995,0.3451989900000001,SDSS(cModel extcorr),-17.0975638741,,3.758279887606998,SDSS,False,3.0,11.274839662820996,,,,0.5159223399999995,g-i,,1.0,0.0,9.240048633938718,6.481592608988784,6.481592608988784,NGC 4889,7.1160066883778645,7774952.545345972,7.829687434596076,9.54103921141628,10.805921175217025,7.829687434596076,,,,,,,,,
LEDA 44644,69,242,431.2032761352652,1724.8131045410607,431.2032761352652,1724.8131045410607,1.0,1.0,1.0,1.0,1.0,1.0,True,True,True,True,True,69,242,1.693212319,0.331736236199275,0.331736236199275,66,236,0.4482718668423475,0.5393424256690955,1.693212319,1.5527578465,1.6602010149130435,1.5391011197975206,0.25,0.25,8.5,7.0,8.5,7.0,29.58594321159493,127.28481245790655,0.2641887618340592,0.2522123790130443,0.2852586810884976,0.3183315021637602,True,True,10,0.4516213535207591,0.0329140949771494,-0.0305180876076747,-0.0305180876076747,0.4516213535207591,0.0329140949771494,-0.0305180876076747,,,,,,,194.91524614901,27.95392092257,G,0.02679,15.59,16.99,1.3999996,16.304,15.505,15.137,14.871,0.79900074,1.1670008,17.399999618530273,0.18,,SIMBAD,E,2003A&A...412...45P,,-19.41,False,2.174999952316284,Regular galaxies,,9679.905540903545,False,1.2376674440486584e+18,3.810511,2.4784352700918784,16.24508,15.46987,15.10929,0.003544283,0.002971435,0.003119395,0.0298651,0.02066054,0.01535299,16.215214900000003,15.44920946,15.09393701,True,0.7660054400000025,1.1212778900000036,16.24361,15.46985,15.10885,0.003544733,0.002971435,0.00311957,16.213744900000002,15.44918946,15.09349701,15.753271690400002,0.002277100266552,"SDSS(cModelMag g,r)",15.753271690400002,SDSS,Vmag_sdss,1.1212778900000036,0.7660054400000025,SDSS(cModel extcorr),-19.2467283096,2.174999952316284,2.4784352700918784,SDSS,False,3.2,7.930992864294011,,,,1.1212778900000036,g-i,10.8,0.6206896687801332,0.0,0.9289221466799672,6.430505146456908,0.9289221466799672,NGC 4874,2.835053695788021,1372257580.6332672,1.1815771307024896,2.1738467741859644,2.696851197784204,1.1815771307024896,1.545231178996226,0.1479811400037738,0.7284375408517394,-0.3967013046524643,0.5523934608011636,-0.1007721072804044,0.2321924590197676,-0.2627105466274423,0.155325621407454
IC 3973,30,15,791.1873964160725,3164.74958566429,791.1873964160725,3164.74958566429,1.0,1.0,1.0,1.0,1.0,1.0,True,True,True,True,True,30,15,1.645846027,1.47028157725,1.47028157725,27,14,0.5253034286149877,0.6985457805495645,1.645846027,1.404515598,1.6515413955333331,1.3889185062,0.25,0.25,26.25,23.5,26.25,23.5,14.183192572604668,9.779640927693904,0.2554445286322203,0.0888786032914388,0.3099361244891201,0.2295775404840788,True,True,10,0.5263735251510497,0.047658627823754,0.4358212943390691,0.4358212943390691,0.5263735251510497,0.047658627823754,0.4358212943390691,,,,,,,194.87842956411,27.88420618177,AG?,0.01571,14.03,15.2,1.1700001,14.891,14.089,13.698,13.384,0.80200005,1.1929998,49.60697937011719,0.516492,137.0,SIMBAD,B,2023ApJS..269....3M,,-20.970001,True,6.200872421264648,Other,SBa,16402.50192279089,False,1.2376674440486587e+18,3.882846,3.346396984902192,14.89322,14.08936,13.69941,0.002220474,0.002004732,0.002069547,0.03677772,0.02544266,0.01890662,14.85644228,14.06391734,13.68050338,True,0.7925249399999998,1.1759388999999985,14.89146,14.08934,13.69809,0.002220656,0.002004732,0.002069685,14.85468228,14.06389734,13.67918338,14.3788525654,0.0014925865086144,"SDSS(cModelMag g,r)",14.3788525654,SDSS,Vmag_sdss,1.1759388999999985,0.7925249399999998,SDSS(cModel extcorr),-20.6211474346,6.200872421264648,3.346396984902192,SDSS,False,3.0,10.039190954706571,,,,1.1759388999999985,g-i,30.98952,0.6247008060859238,137.0,4.630095084965553,9.939705478723017,4.630095084965553,NGC 4874,6.858647504069512,12799943.130756486,5.790262446436393,4.601499854529899,3.44679858835706,5.790262446436393,1.5763469815781792,0.0694990454218207,0.8677968683466348,0.6024847089033651,0.5378917005410178,-0.011518175389968,0.2744238638810792,0.1613974304579899,0.0061698487731159
LEDA 126758,25,28,1698.541630663325,6794.166522653299,1698.541630663325,4656.721734626571,1.0,0.6854,1.0,0.6854,1.0,0.6854,True,False,False,True,True,25,28,1.479941245,0.8877013691027137,1.07402003406,24,26,0.5834201146618812,0.5387571490573022,1.479941245,1.4497186105,1.53758249828,1.4430301143928574,0.3647505106507149,0.25,14.78698570177998,14.51648672308141,18.0,17.5,14.002082751885148,14.007685875489855,0.2688088276237506,0.2542530231757942,0.4450796172566332,0.3211177387919712,True,True,10,0.594101842450035,0.0507942767300163,0.3812139017783794,0.4481884479136823,0.594101842450035,0.0507942767300163,0.3812139017783794,,,,,,,195.09029099217,27.89855164897,EmG,0.01626,16.81,18.205,1.3950005,17.331,16.638,16.31,16.046,0.6929989,1.0209999,8.819999694824219,0.147,90.0,SIMBAD,C,2006AJ....131.1163S,,-18.19,False,1.1024999618530271,Regular galaxies,,3016.4020063244934,False,1.2376674440487242e+18,4.537534,3.875358740150076,17.49151,16.7759,16.45208,0.00679767,0.005393971,0.006219325,0.03168688,0.02192084,0.01628953,17.459823120000003,16.75397916,16.435790469999997,True,0.7058439600000028,1.024032650000006,17.33054,16.6378,16.30969,0.006680677,0.005299928,0.006107788,17.29885312,16.61587916,16.293400469999998,17.0333751836,0.0042303145164289,"SDSS(cModelMag g,r)",17.0333751836,SDSS,Vmag_sdss,1.024032650000006,0.7058439600000028,SDSS(cModel extcorr),-17.9666248164,1.1024999618530271,3.875358740150076,SDSS,False,3.2,12.401147968480243,,,,1.024032650000006,g-i,8.82,1.0,90.0,10.785306699293509,5.581717257033833,5.581717257033833,NGC 4889,7.78829727836003,10873950.45529427,9.67058081100148,7.838952834924759,8.276451122264664,9.67058081100148,1.516250610511427,-0.036309365511427,0.5986413537270738,0.2890600153756398,0.5659000787089736,0.0282017637410613,0.1928590650772841,0.1883548367010953,0.0061920130129176
IC 4051,1376,541,15637.192825286134,62548.77130114454,15637.192825286134,60422.11307690562,1.0,0.966,1.0,0.966,1.0,0.966,True,True,True,True,True,1376,541,1.5534990605,1.4077213095208514,1.4126777530541426,1287,527,0.5630066720503499,0.606318847448118,1.5534990605,1.432681102,1.5587164843132264,1.4678222929205176,0.2587991718426501,0.25,1235.9896480331263,1150.6128364389233,1240.75,1155.25,724.5895869288004,319.5300326051582,0.2400112859398858,0.2402721073991101,0.2870858958048587,0.3139710826007847,True,True,10,0.5629680505399532,0.0066478380359794,0.4987146645127038,0.5008992796376304,0.5629680505399532,0.0066478380359794,0.4987146645127038,,,,,,,195.22692933466,28.007639484250003,EmG,0.01662,13.5,14.8,1.3000002,13.83,13.045,12.617,12.289,0.78499985,1.2130003,79.12799835205078,0.915775,103.0,SIMBAD,B,2023ApJS..269....3M,,-21.5,True,9.890999794006348,Regular galaxies,E3,27648.45590073015,True,1.2376673243347028e+18,16.32261,14.110691012813476,13.7839,13.09279,12.65764,0.001822794,0.001708321,0.001716669,0.03332343,0.02305299,0.01713084,13.75057657,13.06973701,12.64050916,True,0.680839559999999,1.1100674099999992,13.83039,13.04475,12.61681,0.001806036,0.001684989,0.00169446,13.79706657,13.02169701,12.59967916,13.3388812296,0.0012547536390096,"SDSS(cModelMag g,r)",13.3388812296,SDSS,Vmag_sdss,1.1100674099999992,0.680839559999999,SDSS(cModel extcorr),-21.6611187704,9.890999794006348,14.110691012813476,SDSS,False,4.8,67.73131686150468,,,,1.1100674099999992,g-i,54.9465,0.694400226776063,103.0,17.627269946582405,10.398940718506523,10.398940718506523,NGC 4889,14.012721219897164,1746533.0058117365,16.040313843896875,15.523522290152426,16.490726894251296,16.040313843896875,1.59989114084302,-0.0463920803430197,0.9732448378450628,0.4344764716757885,0.5269187631634218,0.0360492873765314,0.3063787819460681,0.1923358825666357,0.0114608532103374
2MASX J12592265+2753488,21,27,420.1028076094893,1680.4112304379578,420.1028076094893,1680.4112304379578,1.0,1.0,1.0,1.0,1.0,1.0,True,True,True,True,True,21,27,1.704885147,1.2384976715357143,1.2384976715357143,17,27,0.5027456484022738,0.6294736761329638,1.704885147,1.450983257,1.6417203463809524,1.5023174975185185,0.2499999999999999,0.2499999999999999,14.250000000000002,10.250000000000002,14.250000000000002,10.250000000000002,8.546676022838653,16.995789255590022,0.2578041623845913,0.2212025951343105,0.2793202641278018,0.2138256043549699,True,True,10,0.5122455249587086,0.0631433370304984,0.2623074476706201,0.2623074476706201,0.5122455249587086,0.0631433370304984,0.2623074476706201,,,,,,,194.84424989072,27.89687078928,GiC,0.01719,15.33,16.504,1.1739998,15.976,15.198,14.824,14.587,0.7779999,1.1519995,21.11699867248535,0.26625,28.0,SIMBAD,B,2023ApJS..269....3M,,-19.67,False,2.639624834060669,Members of systems,SB0,7626.343064574979,False,1.2376674440486584e+18,2.459718,2.2158852578663,15.96707,15.21206,14.84526,0.003031227,0.002621046,0.002734322,0.03866027,0.02674499,0.0198744,15.92840973,15.18531501,14.8253856,True,0.7430947200000002,1.1030241300000014,15.97594,15.19837,14.82378,0.003020651,0.002612454,0.002727866,15.93727973,15.17162501,14.803905599999998,15.479983845199998,0.0019839267732674,"SDSS(cModelMag g,r)",15.479983845199998,SDSS,Vmag_sdss,1.1030241300000014,0.7430947200000002,SDSS(cModel extcorr),-19.520016154800004,2.639624834060669,2.2158852578663,SDSS,False,3.0,6.6476557735989,,,,1.1030241300000014,g-i,15.975,0.756499550327425,28.0,4.729345314929385,11.136306999186456,4.729345314929385,NGC 4874,7.753571523239694,11608289.60366112,6.233601782469531,5.826946651820893,4.902425177798315,6.233601782469531,1.551418207745037,0.153466939254963,0.756147581862411,0.4823500896733033,0.5495099482386456,-0.037264423279937,0.2405897007522098,0.0217177469184102,0.0191278457147544
LEDA 126754,12,24,1666.8440811350647,6667.37632454026,1337.475690702776,3880.413020882431,0.8024,0.582,0.8024,0.582,0.8024,0.582,True,False,False,True,True,12,24,1.5419837175,0.6292230112237115,0.8799364455000002,12,23,0.6030169761005095,0.5828201629301176,1.5419837175,1.3240945439999998,1.5172238654166668,1.4408421275833334,0.3446735395189003,0.2499999999999999,3.7278350515463927,4.072508591065294,6.000000000000001,6.250000000000001,7.236203713206114,13.404863747392705,0.2076020834049529,0.2719423883331132,0.2102793101268079,0.4338263266179748,True,True,10,0.6011678278808554,0.0588155643477136,0.216142674998986,0.3218998331435074,0.6011678278808554,0.0588155643477136,0.216142674998986,,,,,,,195.1289845,28.10839552777778,AG?,0.01728,17.15,,,17.9,17.218,16.847,16.635,0.6819992,1.0529995,8.66,,,NED,,,2007SDSS6.C...0000:,-17.85,False,1.0825,Other,,3143.5640787654274,False,1.2376673243346373e+18,5.398847,3.839028196447303,18.08316,17.40036,16.98393,0.008912189,0.007605135,0.008446744,0.03684132,0.02548665,0.01893931,18.04631868,17.374873349999998,16.96499069,True,0.671445330000001,1.0813279899999984,17.89953,17.21823,16.84739,0.008727153,0.007435316,0.008246869,17.862688679999998,17.192743349999997,16.82845069,17.640165935299994,0.0057866339729505,"SDSS(cModelMag g,r)",17.640165935299994,SDSS,Vmag_sdss,1.0813279899999984,0.671445330000001,SDSS(cModel extcorr),-17.359834064700006,1.0825,3.839028196447303,SDSS,False,3.2,12.28489022863137,,,,1.0813279899999984,g-i,,1.0,0.0,15.12305481286862,9.357902117020313,9.357902117020313,NGC 4889,12.044941203348692,2438908.625594933,13.515132093288132,14.351768452649818,15.612169853305703,13.515132093288132,1.5025133298704494,0.0394703876295505,0.5371157611702668,0.0921072500534446,0.5723024445151297,0.0288653833657257,0.1742143697037808,0.0419283052952052,0.0060395414678
LEDA 126792,59,179,2508.4196759978363,10033.678703991343,2508.4196759978363,10033.678703991343,1.0,1.0,1.0,1.0,1.0,1.0,True,True,True,True,True,59,179,1.453575303,0.3613815897881356,0.3613815897881356,57,179,0.656188965660602,0.5931574381543568,1.453575303,1.439987242,1.4475529423728812,1.4858128583519554,0.25,0.25,14.25,12.25,14.25,12.25,37.40277104265432,106.17518142962987,0.1601696389734801,0.2410541535654176,0.21029392208346,0.286034677965636,True,True,10,0.656506187781932,0.0196807289629507,0.1908255674765378,0.1908255674765378,0.656506187781932,0.0196807289629507,0.1908255674765378,,,,,,,194.854351875,27.996733611111114,GiC,0.01828,17.17,18.55,1.3799992,17.599,16.871,16.498,16.262,0.72800064,1.1010017,22.81999969482422,0.375,0.0,SIMBAD,D,2019MNRAS.490..718B,,-17.83,False,2.852499961853028,Members of systems,,8752.33694498333,False,1.2376673243345715e+18,5.284765,4.742861806254429,17.77216,17.03003,16.68697,0.007943758,0.006591271,0.007141294,0.03034168,0.02099024,0.01559799,17.74181832,17.00903976,16.67137201,True,0.7327785599999999,1.0704463100000012,17.59938,16.87102,16.49768,0.00776324,0.006439277,0.006969848,17.56903832,16.85002976,16.48208201,17.2994789696,0.0050725552447834,"SDSS(cModelMag g,r)",17.2994789696,SDSS,Vmag_sdss,1.0704463100000012,0.7327785599999999,SDSS(cModel extcorr),-17.7005210304,2.852499961853028,4.742861806254429,SDSS,False,3.2,15.177157780014172,,,,1.0704463100000012,g-i,22.5,0.9859772261567208,0.0,3.2561917831787897,9.577722529803417,3.2561917831787897,NGC 4874,6.172936022397606,33687657.17964756,4.16127842076191,6.298146761148597,6.619106090820979,4.16127842076191,1.5102262233933517,-0.0566509203933516,0.5716597409233337,-0.2102781511351981,0.5687077908825722,0.0877983968993598,0.184682565989574,0.0061430014869638,0.0244553738624739
2MASX J12595760+2803543,0,4,983.9325989080372,3935.730395632149,0.0,1023.2899028643586,0.0,0.26,0.0,0.26,0.0,0.26,False,False,False,False,True,0,4,,,,0,4,,0.6673137301057235,,1.309565784,,1.36557909625,,0.25,,,-1.0,-1.0,,2.669254920422894,,0.1659165468594034,,0.2299025284802496,False,True,10,,,,,,,,,,,,,,194.990029,28.065089,GiC,0.01948,16.59,17.914,1.3239994,17.274,16.6,16.246,16.007,0.6739998,1.0279999,10.199999809265137,0.133,60.0,SIMBAD,C,2006AJ....131.1163S,,-18.41,False,1.274999976158142,Members of systems,1.48,4162.819773722052,False,1.2376673243345718e+18,3.773793,3.3346873663249745,17.14562,16.48442,16.16053,0.005768645,0.005163962,0.005571181,0.03240118,0.02241499,0.01665674,17.11321882,16.46200501,16.143873260000003,True,0.6512138100000016,0.9693455599999972,17.27383,16.60032,16.2458,0.00557226,0.005000859,0.00540826,17.24142882,16.57790501,16.22914326,16.719002672099997,0.0038570089643077,"SDSS(cModelMag g,r)",16.719002672099997,SDSS,Vmag_sdss,0.9693455599999972,0.6512138100000016,SDSS(cModel extcorr),-18.280997327900003,1.274999976158142,3.3346873663249745,SDSS,False,3.2,10.67099957223992,,,,0.9693455599999972,g-i,7.98,0.7823529558060769,60.0,7.980385598524684,5.768759615553481,5.768759615553481,NGC 4889,5.951789856016251,11213657.705951585,6.576611751099073,8.354839874898461,9.608369736829276,6.576611751099073,,,,,,,,,0.0010125644833217
2MASX J12592136+2758248,4,17,216.8778527802254,867.5114111209017,216.8778527802254,867.5114111209017,1.0,1.0,1.0,1.0,1.0,1.0,True,True,True,True,True,4,17,1.743083573,0.1549517723125004,0.1549517723125004,3,17,0.52201678766682,0.6187709520382628,1.743083573,1.494712283,1.77981045125,1.459061859647059,0.2499999999999999,0.2499999999999999,-0.2499999999999991,-1.2499999999999991,-0.2499999999999991,-1.2499999999999991,1.56605036300046,10.519106184650468,0.3032123423772125,0.1792013981663847,0.4142975718581397,0.2402991410961494,False,True,10,,,,,,,,,,,,,,194.83922998562,27.973574061,GiC,0.02021,16.12,17.608,1.487999,17.073,16.364,16.025,15.774,0.70899963,1.0480003,25.45439910888672,0.188872,84.0,SIMBAD,B,2023ApJS..269....3M,,-18.88,False,3.18179988861084,Members of systems,S...,10768.182295021958,False,1.2376674440485934e+18,3.18385,2.0754077089170355,16.91346,16.20368,15.84402,0.004764859,0.003991485,0.00444435,0.03376154,0.02335608,0.01735607,16.87969846,16.18032392,15.82666393,True,0.6993745400000009,1.0530345299999997,17.07322,16.36368,16.02497,0.004689825,0.003921284,0.004350529,17.03945846,16.34032392,16.007613929999998,16.457067481399996,0.0030598096528865,"SDSS(cModelMag g,r)",16.457067481399996,SDSS,Vmag_sdss,1.0530345299999997,0.6993745400000009,SDSS(cModel extcorr),-18.542932518600004,3.18179988861084,2.0754077089170355,SDSS,False,3.0,6.226223126751107,,,,1.0530345299999997,g-i,11.33232,0.4452008453047169,84.0,3.271183755412217,10.308836052079489,3.271183755412217,NGC 4874,6.739544688015576,32861673.78261265,4.659700245061834,6.259412783660264,6.260726507532487,4.659700245061834,1.529297778119863,0.2137857948801373,0.6570761152549456,-0.5021243429424451,,,,,0.0366539528751041
2MASX J13001702+2803502,6,16,515.957465429566,2063.829861718264,515.957465429566,2063.829861718264,1.0,1.0,1.0,1.0,1.0,1.0,True,True,True,True,True,6,16,1.291909275,0.3332723553333334,0.3332723553333334,6,16,0.7572508495989796,0.6748820552332724,1.291909275,1.4379553795,1.4246018319999998,1.3891626625,0.25,0.25,2.0,2.0,2.0,2.0,4.5435050975938776,10.798112883732358,0.0973040963956694,0.1474965662061857,0.4048085688113848,0.2702422891994456,False,True,10,,,,,,,,,,,,,,195.07096562464,28.06391252495,GiC,0.02047,15.52,16.855,1.3349991,16.03,15.268,14.864,14.573,0.76200104,1.1660004,25.399019241333008,0.28413,76.0,SIMBAD,B,2023ApJS..269....3M,,-19.48,False,3.174877405166626,Members of systems,SB0,10879.548116232978,False,1.2376673243346373e+18,3.127286,2.6070842519428004,15.99801,15.2678,14.86028,0.002968892,0.00259522,0.002638458,0.03496073,0.02418567,0.01797255,15.96304927,15.24361433,14.84230745,True,0.7194349400000011,1.120741820000001,16.02991,15.26779,14.86429,0.002970163,0.002595221,0.002638689,15.99494927,15.24360433,14.84631745,15.5285826554,0.0019560671570235,"SDSS(cModelMag g,r)",15.5285826554,SDSS,Vmag_sdss,1.120741820000001,0.7194349400000011,SDSS(cModel extcorr),-19.4714173446,3.174877405166626,2.6070842519428004,SDSS,False,3.0,7.821252755828401,,,,1.120741820000001,g-i,17.0478,0.671199145054283,76.0,11.07330362433684,5.57370602554676,5.57370602554676,NGC 4889,7.986281714570146,10850811.214546127,9.455970600789993,10.322933033857463,11.59429443118251,9.455970600789993,1.5503179676826024,-0.2584086926826023,0.751219901955072,-0.4179475466217386,,,,,0.0060955929367496
LEDA 126759,0,4,79.27004677791436,317.0801871116575,79.27004677791436,317.0801871116575,1.0,1.0,1.0,1.0,1.0,1.0,True,True,True,True,True,0,4,,,,0,4,,0.4823105037290509,,1.5941728865,,1.6016631125000005,0.2499999999999999,0.2499999999999999,-0.9999999999999998,-0.9999999999999998,-0.9999999999999998,-0.9999999999999998,,1.929242014916204,,0.3221957145059926,,0.2665279449932742,False,True,10,,,,,,,,,,,,,,195.07869072274,28.0093126217,AG?,0.02068,17.36,18.301,0.941,17.783,17.041,16.655,16.382,0.7420006,1.1280003,7.199999809265137,0.12,90.0,SIMBAD,C,2006AJ....131.1163S,,-17.64,False,0.8999999761581421,Other,,3114.9301629568845,False,1.2376673243346373e+18,0.9153376,0.8371983630548457,17.7664,17.04928,16.6611,0.005538598,0.004612247,0.004750346,0.03410693,0.02359502,0.01753363,17.73229307,17.02568498,16.643566370000002,True,0.7066080899999996,1.0887266999999987,17.78336,17.04129,16.65547,0.005534069,0.00460787,0.004746385,17.749253069999998,17.01769498,16.637936370000002,17.3053942969,0.0035442511863207,"SDSS(cModelMag g,r)",17.3053942969,SDSS,Vmag_sdss,1.0887266999999987,0.7066080899999996,SDSS(cModel extcorr),-17.6946057031,0.8999999761581421,0.8371983630548457,SDSS,False,3.2,2.6790347617755064,,,,1.0887266999999987,g-i,7.199999999999999,1.0,90.0,9.994119850176435,3.070038007499891,3.070038007499891,NGC 4889,6.44869233562492,61204581.57660031,8.360679129256683,8.40519604943308,9.577604222373392,8.360679129256683,,,,,,,,,0.0092372573197393
2MASX J12593697+2749327,0,0,308.0760658319677,1232.3042633278712,0.0,0.0,0.0,0.0,0.0,0.0,0.0,0.0,False,False,False,False,False,0,0,,,,0,0,,,,,,,,0.2499999999999999,,,0.0,0.0,,,,,,,False,False,10,,,,,,,,,,,,,,194.90404155527,27.825811902120005,GiC,0.02087,16.43,17.56,1.1299992,16.947,16.215,15.867,15.585,0.73200035,1.0800009,9.420000076293944,0.157,90.0,SIMBAD,C,2006AJ....131.1163S,,-18.57,False,1.1775000095367432,Members of systems,E/S0,4111.861149033748,False,1.2376674440486587e+18,1.923623,1.6504516069275927,16.91373,16.22208,15.89493,0.004322707,0.003604603,0.003867843,0.03279377,0.02268658,0.01685856,16.88093623,16.19939342,15.87807144,True,0.6815428099999998,1.0028647899999985,16.94714,16.21544,15.8668,0.00431943,0.003600004,0.003863313,16.91434623,16.192753420000003,15.84994144,16.468825972099996,0.0027683934405474,"SDSS(cModelMag g,r)",16.468825972099996,SDSS,Vmag_sdss,1.0028647899999985,0.6815428099999998,SDSS(cModel extcorr),-18.531174027900004,1.1775000095367432,1.6504516069275927,SDSS,False,3.0,4.951354820782778,,,,1.0028647899999985,g-i,9.42,0.9999999919008552,90.0,8.011027799500402,11.384669681317918,8.011027799500402,NGC 4874,9.15473728299137,3307988.3005194208,8.772911067802326,6.717383516002637,5.454334226680289,8.772911067802326,,,,,,,,,
LEDA 2816216,7,2,366.4293748023954,1465.717499209581,366.4293748023954,1465.717499209581,1.0,1.0,1.0,1.0,1.0,1.0,True,True,True,True,True,7,2,1.514409968,1.379225248,1.379225248,6,2,0.582329525994844,0.3888437756013336,1.514409968,1.89258608,1.536747557,1.89258608,0.25,0.25,6.5,5.5,6.5,5.5,3.493977155969064,0.7776875512026673,0.2169915940632578,0.549798285187225,0.1777691608036498,0.7673800357132302,False,True,10,,,,,,,,,,,,,,194.89701825286,27.863645236110003,AG?,0.02099,16.37,17.721,1.3509998,17.252,16.514,16.18,15.8223,0.73800087,1.0720005,16.157819747924805,0.237143,60.0,SIMBAD,B,2023ApJS..269....3M,,-18.63,False,2.0197274684906006,Other,S0...,7092.461702966269,False,1.2376674440486587e+18,2.057261,1.9181366942285152,17.05988,16.33126,15.99901,0.005030076,0.00404873,0.005326854,0.03587027,0.02481489,0.01844012,17.02400973,16.306445110000002,15.98056988,True,0.7175646199999974,1.0434398499999986,17.2523,16.51428,16.17959,0.004940682,0.003976932,0.005225486,17.21642973,16.48946511,16.16114988,16.5906466042,0.0031558421570568,"SDSS(cModelMag g,r)",16.5906466042,SDSS,Vmag_sdss,1.0434398499999986,0.7175646199999974,SDSS(cModel extcorr),-18.4093533958,2.0197274684906006,1.9181366942285152,SDSS,False,3.0,5.7544100826855455,,,,1.0434398499999986,g-i,14.22858,0.8806002432244868,60.0,5.736952369196935,9.940611734089536,5.736952369196935,NGC 4874,7.265291606303399,7568318.763181637,6.612498449431425,4.840789471929196,3.556627299146496,6.612498449431425,1.526273648479557,-0.0118636804795568,0.6435318503490228,0.7356933976509772,,,,,0.0032006304456719
SDSS J130051.15+280249.7,305,1861,22566.43619057704,90265.74476230812,22385.904701052423,74415.07998204682,0.992,0.8244,0.992,0.8244,0.992,0.8244,True,True,True,True,True,305,1861,1.459801757,-1.3399137552984075,-0.8668973038254102,300,1754,0.5864613204039109,0.5750181536397388,1.459801757,1.525294387,1.510466319177049,1.5409914520682428,0.3008248423095585,0.25,-254.8350315380884,-227.6467734109657,-160.2500000000001,-138.5000000000001,175.93839612117324,1008.581841484102,0.2516401640372281,0.2389883657698223,0.3176129149545727,0.2952619228193783,True,True,10,0.5854956819576045,0.0144068963941007,-0.4258592294448593,-0.254989185945814,0.5854956819576045,0.0144068963941007,-0.4258592294448593,,,,,,,195.2131504583333,28.047138916666665,GiC,0.02116,17.077,17.804,0.7270012,16.54,15.845,15.509,15.338,0.69500065,1.0310011,15.45,,,NED,,,2007SDSS6.C...0000:,-17.923,False,1.93125,Members of systems,,6835.279943101027,False,1.2376673243347026e+18,16.10263,14.125547910116966,16.62414,15.84471,15.56184,0.007099308,0.005981592,0.006733094,0.0350979,0.02428056,0.01804306,16.5890421,15.82042944,15.54379694,True,0.7686126600000005,1.0452451600000003,16.54006,15.84471,15.50868,0.007014956,0.005981592,0.006731189,16.5049621,15.82042944,15.49063694,16.125560630599995,0.004574614007793,"SDSS(cModelMag g,r)",16.125560630599995,SDSS,Vmag_sdss,1.0452451600000003,0.7686126600000005,SDSS(cModel extcorr),-18.874439369400005,1.93125,14.125547910116966,SDSS,False,3.2,45.20175331237429,,,,1.0452451600000003,g-i,,1.0,0.0,17.468374056075092,10.393129377674237,10.393129377674237,NGC 4889,13.910886998325816,1754632.819818562,15.833411246856118,15.721622625323963,16.80703925006569,15.833411246856118,1.53680284083067,-0.07700108383067,0.6906892765876933,-2.030603031886101,0.5563215529384758,0.0291741290191286,0.2207532374075285,-0.6466124668523878,0.0847134226323578
2MASS J12594779+2805520,0,0,372.75066830848647,1491.002673233946,0.0,0.0,0.0,0.0,0.0,0.0,0.0,0.0,False,False,False,False,False,0,0,,,,0,0,,,,,,,,0.2499999999999999,,,0.0,0.0,,,,,,,False,False,10,,,,,,,,,,,,,,194.949151,28.09779,AG?,0.02126,17.63,,,18.436,17.746,17.39,17.174,0.69000053,1.0460014,6.42,,,NED,,,2007SDSS6.C...0000:,-17.37,False,0.8025,Other,,2853.3675692931747,False,1.2376673243345718e+18,2.145145,1.8154447175111288,18.34495,17.66656,17.26984,0.009136708,0.007851311,0.00881276,0.03338294,0.02309416,0.01716144,18.31156706,17.64346584,17.25267856,True,0.6681012200000005,1.058888500000002,18.43615,17.74564,17.38951,0.009006577,0.00770586,0.008611602,18.40276706,17.722545840000002,17.372348560000002,17.9073873402,0.0059574197759134,"SDSS(cModelMag g,r)",17.9073873402,SDSS,Vmag_sdss,1.058888500000002,0.6681012200000005,SDSS(cModel extcorr),-17.0926126598,0.8025,1.8154447175111288,SDSS,False,3.2,5.809423096035614,,,,1.058888500000002,g-i,,1.0,0.0,8.729961281699477,8.518779360276742,8.518779360276742,NGC 4889,7.831813643749098,4458765.876157449,7.720237853218514,10.001990042147588,11.142645175769475,7.720237853218514,,,,,,,,,
LEDA 126799,1,5,303.3012361697466,1213.2049446789863,168.08954508527356,620.6756496977695,0.5542,0.5116,0.5542,0.5116,0.5542,0.5116,False,False,False,True,True,1,5,1.43334951,-0.4997758591927286,-0.3511812350000001,1,5,0.7243697695986725,0.5396788721390828,1.43334951,1.427624596,1.43334951,1.488817427,0.2708170445660672,0.25,-0.3540852228303359,-0.3540852228303359,-0.25,-0.25,0.7243697695986725,2.6983943606954144,,0.3120988474315835,,0.3771954466491239,False,True,10,,,,,,,,,,,,,,194.81092502101,27.89558741444,GiC,0.02138,17.66,18.903,1.243,18.078,17.31,16.94,16.647,0.76799965,1.1379986,4.82,,,NED,,,2007SDSS6.C...0000:,-17.34,False,0.6025,Members of systems,,2154.02581969888,False,1.2376674440485934e+18,1.815053,1.637611590469105,18.21153,17.42055,17.07506,0.007988362,0.006070899,0.006700076,0.04185935,0.0289581,0.02151897,18.16967065,17.391591899999998,17.05354103,True,0.7780787500000024,1.1161296199999988,18.07813,17.30966,16.93989,0.007958545,0.006025441,0.0066502,18.03627065,17.2807019,16.91837103,17.700604187499998,0.0048535173111029,"SDSS(cModelMag g,r)",17.700604187499998,SDSS,Vmag_sdss,1.1161296199999988,0.7780787500000024,SDSS(cModel extcorr),-17.299395812500002,0.6025,1.637611590469105,SDSS,False,3.2,5.2403570895011375,,,,1.1161296199999988,g-i,,1.0,0.0,6.023762050355562,12.781711915299352,6.023762050355562,NGC 4874,9.314272804510257,5841276.25483598,7.627758655471216,7.527767730735031,6.656745261141685,7.627758655471216,1.5011450538550428,-0.0677955438550428,0.5309876201772059,-1.0307634793699345,,,,,0.0091757962730022
IC 3960,0,0,1649.2701552704368,6597.080621081752,0.0,0.0,0.0,0.0,0.0,0.0,0.0,0.0,False,False,False,False,False,0,0,,,,0,0,,,,,,,,0.2499999999999998,,,0.0,0.0,,,,,,,False,False,10,,,,,,,,,,,,,,194.78310775251,27.85497013762,AGN,0.02193,14.47,15.5,1.0299997,15.258,14.441,14.011,13.684,0.8170004,1.2470007,27.792598724365234,0.455752,127.0,SIMBAD,B,2023ApJS..269....3M,,-20.529999,True,3.4740748405456543,Active (AGN/Seyfert/QSO),SB0,12731.337939964027,False,1.2376674440485932e+18,4.008224,3.849855021639004,15.21182,14.44691,14.01859,0.002464609,0.002157941,0.002203102,0.04592069,0.03176772,0.02360682,15.16589931,14.41514228,13.99498318,True,0.7507570299999973,1.1709161299999984,15.25751,14.44068,14.01121,0.002458372,0.002153396,0.002203247,15.21158931,14.40891228,13.98760318,14.7129526623,0.0016254506887726,"SDSS(cModelMag g,r)",14.7129526623,SDSS,Vmag_sdss,1.1709161299999984,0.7507570299999973,SDSS(cModel extcorr),-20.2870473377,3.4740748405456543,3.849855021639004,SDSS,False,3.0,11.549565064917012,,,,1.1709161299999984,g-i,27.34512,0.9838993564868428,127.0,8.761764177551566,15.17231121134076,8.761764177551566,NGC 4874,11.849328345355172,2125491.430812512,10.315876377677634,9.823039415549454,8.763843194514774,10.315876377677634,,,,,,,,,
LEDA 44815,8,6,281.03416396425115,1124.136655857004,281.03416396425115,1124.136655857004,1.0,1.0,1.0,1.0,1.0,1.0,True,True,True,True,True,8,6,1.63246939,1.3547908853125,1.3547908853125,8,6,0.5305927561919206,0.6608741968396938,1.63246939,1.480952025,1.580554502125,1.4934481401666666,0.2500000000000001,0.2500000000000001,6.499999999999999,6.499999999999999,6.499999999999999,6.499999999999999,4.244742049535365,3.965245181038163,0.219710883916806,0.1493755417098483,0.236085588662687,0.1873127812843128,False,True,10,,,,,,,,,,,,,,195.18600176463,28.100633416780003,AG?,0.02201,15.59,15.0,-0.59000015,16.075,15.316,14.929,14.644,0.7590008,1.1460009,28.14881896972656,0.177947,124.0,SIMBAD,B,2023ApJS..269....3M,,-19.41,False,3.5186023712158203,Other,,12940.29921511066,False,1.2376673243347028e+18,4.463411,2.5595434173924447,16.10457,15.36007,14.95219,0.003107573,0.002744932,0.002789071,0.03689124,0.02552119,0.01896498,16.06767876,15.33454881,14.93322502,True,0.7331299499999986,1.1344537399999997,16.07537,15.31628,14.92948,0.003089029,0.002728006,0.002772608,16.03847876,15.290758810000002,14.91051502,15.6251320895,0.0020606202037415,"SDSS(cModelMag g,r)",15.6251320895,SDSS,Vmag_sdss,1.1344537399999997,0.7331299499999986,SDSS(cModel extcorr),-19.3748679105,3.5186023712158203,2.5595434173924447,SDSS,False,3.2,8.190538935655823,,,,1.1344537399999997,g-i,10.67682,0.3792990395612223,124.0,17.416926733921628,10.955624493616314,10.955624493616314,NGC 4889,14.093504842993564,1529869.308590911,15.775609612384615,16.235863507972066,17.441757851417496,15.775609612384615,1.548132162002072,0.0843372279979279,0.7414302650375937,0.6133606202749062,,,,,0.0051634758958084
LEDA 44594,42,61,994.192922685451,3976.771690741804,994.192922685451,3976.771690741804,1.0,1.0,1.0,1.0,1.0,1.0,True,True,True,True,True,42,61,1.4524903555000002,0.9266523172916667,0.9266523172916667,41,60,0.652833095356871,0.593897205567743,1.4524903555000002,1.448209679,1.4601429740714285,1.5064899640491802,0.25,0.25,26.75,26.0,26.75,26.0,26.766156909631707,35.63383233406458,0.1573882369545072,0.2508653170435108,0.1973849575884096,0.2875176635665389,True,True,10,0.65138457885042,0.0233817826087615,0.4341051133988067,0.4341051133988067,0.65138457885042,0.0233817826087615,0.4341051133988067,,,,,,,194.86082575781,27.99848141603,EmG,0.02224,15.87,17.181,1.3109999,16.321,15.564,15.186,14.902,0.756999,1.1349993,20.88377952575684,0.264876,152.0,SIMBAD,B,2023ApJS..269....3M,,-19.130001,False,2.6104724407196045,Regular galaxies,,9698.10282510237,False,1.2376673243345715e+18,4.021479,3.3987307971420755,16.35921,15.61571,15.25638,0.003492939,0.002992923,0.003078346,0.02968151,0.02053353,0.01525862,16.32952849,15.59517647,15.24112138,True,0.7343520200000011,1.088407110000002,16.32059,15.5644,15.18556,0.003459516,0.002966559,0.003051536,16.29090849,15.54386647,15.170301380000002,15.8862607982,0.0022735569300984,"SDSS(cModelMag g,r)",15.8862607982,SDSS,Vmag_sdss,1.088407110000002,0.7343520200000011,SDSS(cModel extcorr),-19.1137392018,2.6104724407196045,3.3987307971420755,SDSS,False,3.2,10.875938550854642,,,,1.088407110000002,g-i,15.89256,0.7610001810447692,152.0,3.096396588393586,9.25137202932538,3.096396588393586,NGC 4874,5.875810145954458,39071384.47490165,3.889628182971125,6.10314487445162,6.485981040148003,3.889628182971125,1.542220406846315,-0.0897300513463148,0.7149531005598055,0.2116992167318613,0.5537966544292544,0.0975879244211656,0.2281061386597781,0.2059989747390286,0.0236508240580193
NGC 4876,15,59,1606.4172350205188,6425.668940082073,1606.4172350205188,6425.668940082073,1.0,1.0,1.0,1.0,1.0,1.0,True,True,True,True,True,15,59,1.388835212,-0.0150335443000002,-0.0150335443000002,15,58,0.5949184585056435,0.6733573797516212,1.388835212,1.427663142,1.5085400174,1.445710811220339,0.25,0.25,0.2499999999999964,0.4999999999999964,0.2499999999999964,0.4999999999999964,8.923776877584652,39.05472802559403,0.2176163343003142,0.1747478156583902,0.2853266134356132,0.2363533577951231,True,True,10,0.6015186224895102,0.0526690036171126,-0.0493935112703904,-0.0493935112703904,0.6015186224895102,0.0526690036171126,-0.0493935112703904,,,,,,,194.93501805293,27.91246772362,LIN,0.02235,14.18,15.1,0.9200001,14.952,14.155,13.761,13.463,0.79699993,1.191,36.99737930297852,0.421215,22.0,SIMBAD,B,2023ApJS..269....3M,,-20.82,True,4.6246724128723145,Active (AGN/Seyfert/QSO),,17263.682282364145,False,1.2376674440486587e+18,5.504371,4.55995894226145,14.99974,14.20316,13.77287,0.002342492,0.002081028,0.002123126,0.03254221,0.02251255,0.01672924,14.967197789999998,14.18064745,13.75614076,True,0.786550339999998,1.2110570299999992,14.95233,14.15514,13.76129,0.002319187,0.00205877,0.002101916,14.91978779,14.13262745,13.74456076,14.4931330894,0.0015588196594867,"SDSS(cModelMag g,r)",14.4931330894,SDSS,Vmag_sdss,1.2110570299999992,0.786550339999998,SDSS(cModel extcorr),-20.506866910600003,4.6246724128723145,4.55995894226145,SDSS,False,3.2,14.591868615236642,,,,1.2110570299999992,g-i,25.2729,0.6830997350659745,22.0,3.400942041714428,6.510209143461234,3.400942041714428,NGC 4874,3.728199572819825,34132730.2668044,3.5130969872231628,1.2884322842469462,0.002160211589768,3.5130969872231628,1.5737597575218012,-0.1849245455218011,0.8562093862745965,-0.8712429305745968,0.5390974963068849,0.0624211261826253,0.2709123971173969,-0.3203059083877874,0.0245250360225708
NGC 4864,0,0,46.76726650252685,187.06906601010743,0.0,33.44794900260721,0.0,0.1788,0.0,0.1788,0.0,0.1788,False,False,False,False,True,0,0,,,,0,0,,,,,,,,0.2499999999999999,,,0.0,0.0,,,,,,,False,False,10,,,,,,,,,,,,,,194.80470416666665,27.97691944444444,GiG,0.0226,13.872,14.8,0.92800045,16.692,15.813,15.395,15.088,0.8789997,1.296999,49.880218505859375,0.770732,137.0,SIMBAD,B,2023ApJS..269....3M,,-21.128,True,6.235027313232422,Members of systems,,23528.271761111053,False,1.2376674440485932e+18,0.6945562,0.6678541970788108,16.72558,15.81313,15.37613,0.00428332,0.003468532,0.003437714,0.03611832,0.02498649,0.01856764,16.68946168,15.78814351,15.35756236,True,0.9013181700000016,1.3318993200000016,16.6917,15.81319,15.39479,0.004292545,0.003468532,0.003444804,16.65558168,15.78820351,15.37622236,16.147683959699997,0.0026966634542703,"SDSS(cModelMag g,r)",16.147683959699997,SDSS,Vmag_sdss,1.3318993200000016,0.9013181700000016,SDSS(cModel extcorr),-18.852316040300003,6.235027313232422,0.6678541970788108,SDSS,False,3.2,2.1371334306521947,,,,1.3318993200000016,g-i,46.24392,0.9270993869958244,137.0,5.097288190766676,12.136057632486144,5.097288190766676,NGC 4874,8.577277557017746,9238788.165942028,6.496798309920575,8.032036784238091,7.914235696951442,6.496798309920575,,,,,,,,,
IC 3976,23,6,311.92078823445775,1247.6831529378312,311.92078823445775,1247.6831529378312,1.0,1.0,1.0,1.0,1.0,1.0,True,True,True,True,True,23,6,1.848713119,1.7404653160652173,1.7404653160652173,16,6,0.5709485523265079,0.4732664896693964,1.848713119,1.659799645,1.8369379982608696,1.6764548025,0.2499999999999999,0.2499999999999999,21.5,14.5,21.5,14.5,9.135176837224126,2.8395989380163784,0.2119732557544312,0.2849004273709436,0.3121271865824341,0.2165986035873445,True,True,10,0.5695357640842215,0.0474958204067611,0.5251670306777155,0.5251670306777155,0.5695357640842215,0.0474958204067611,0.5251670306777155,,,,,,,194.87250749055,27.85014087383,G,0.02264,14.42,15.5,1.0799999,15.275,14.429,14.001,13.72,0.8459997,1.2739992,36.413818359375,0.296348,154.0,SIMBAD,B,2023ApJS..269....3M,,-20.58,True,4.551727294921875,Regular galaxies,-2.39,17205.797800512744,False,1.2376674440486587e+18,3.589266,2.37658011132202,15.24133,14.42877,14.01754,0.002484288,0.002230985,0.002283173,0.03603545,0.02492916,0.01852504,15.20529455,14.40384084,13.99901496,True,0.8014537099999988,1.2062795899999994,15.27506,14.42877,14.00097,0.002486606,0.002230985,0.002283882,15.23902455,14.40384084,13.98244496,14.722436861099998,0.0016643487099098,"SDSS(cModelMag g,r)",14.722436861099998,SDSS,Vmag_sdss,1.2062795899999994,0.8014537099999988,SDSS(cModel extcorr),-20.2775631389,4.551727294921875,2.37658011132202,SDSS,False,3.2,7.605056356230465,,,,1.2062795899999994,g-i,17.78088,0.4883003431421847,154.0,6.693124713669252,11.446914216975696,6.693124713669252,NGC 4874,8.650683346052322,4810583.382440318,7.785615505308623,6.26443706480355,4.998372968350366,7.785615505308623,1.5685684947099463,0.2801446242900536,0.8329591136067482,0.907506202458469,0.5415169244590802,0.0280188396251412,0.2638666421197075,0.2613003885580079,0.0031359783639335
GMP 3196,0,5,1407.0573918148232,5628.229567259294,0.0,1796.5308778691665,0.0,0.3192,0.0,0.3192,0.0,0.3192,False,False,False,False,True,0,5,,,,0,4,,0.7566206006110667,,1.380503285,,1.3875044778,,0.2499999999999999,,,-1.2499999999999998,-1.0,,3.026482402444267,,0.0230950182415116,,0.0694104842577862,False,True,10,,,,,,,,,,,,,,194.93624720683,27.88975882822,GiC,0.02271,17.19,18.5,1.3099995,17.757,17.048,16.718,16.44,0.70899963,1.0389996,7.81,,,NED,,,2007SDSS6.C...0000:,-17.81,False,0.97625,Members of systems,S0,3701.378234184791,False,1.2376674440486587e+18,4.185131,3.527197023143628,17.92125,17.1966,16.84549,0.008459692,0.006717516,0.007866166,0.03361544,0.02325501,0.01728096,17.887634560000002,17.17334499,16.82820904,True,0.7142895700000018,1.0594255200000011,17.75659,17.04805,16.71803,0.008311094,0.006580545,0.007696064,17.72297456,17.02479499,16.700749039999998,17.4562037137,0.0052667190763909,"SDSS(cModelMag g,r)",17.4562037137,SDSS,Vmag_sdss,1.0594255200000011,0.7142895700000018,SDSS(cModel extcorr),-17.5437962863,0.97625,3.527197023143628,SDSS,False,3.0,10.581591069430884,,,,1.0594255200000011,g-i,,1.0,0.0,4.618121510862816,7.356816715676457,4.618121510862816,NGC 4874,4.964577640631892,15482960.920664232,4.874648079493075,2.546339680318003,1.3660720602999314,4.874648079493075,,,,,,,,,0.000614174267289
LEDA 44693,138,354,1945.288024490766,7781.152097963064,3633.357545413666,12525.733386431752,1.8677735634366024,1.6097530582535091,1.0,1.0,1.8677735634366024,1.6097530582535091,True,True,True,True,True,138,354,1.490254721,0.4144018046834949,0.5630237353097824,135,348,0.551526226702922,0.5812142583669996,1.490254721,1.4458517065,1.5418173805869566,1.4527021739887005,0.290071441992325,0.25,35.314709534716954,34.0551381866709,49.5,48.0,74.45604060489447,202.26256191171584,0.2621699609194136,0.2490723846020642,0.3431934609400628,0.3419769431593451,True,True,10,0.5494965691000722,0.0225631476927272,0.1148995839534549,0.1749362692635613,0.5494965691000722,0.0225631476927272,0.1148995839534549,,,,,,,195.00404093837,27.945440098500004,G,0.02282,16.92,18.329,1.4090004,17.561,16.867,16.552,16.332,0.69400024,1.0090008,10.199999809265137,0.16,,SIMBAD,E,2003A&A...412...45P,,-18.08,False,1.274999976158142,Regular galaxies,,4856.832924966436,False,1.237667444048659e+18,4.386122,4.274942082038647,17.59844,16.97189,16.62116,0.007980323,0.006489073,0.007581428,0.03067976,0.02122412,0.01577179,17.56776024,16.95066588,16.60538821,True,0.6170943599999994,0.9623720299999974,17.56062,16.867,16.55209,0.007917869,0.006374494,0.007529764,17.52994024,16.84577588,16.53631821,17.193674567599995,0.0050362049636896,"SDSS(cModelMag g,r)",17.193674567599995,SDSS,Vmag_sdss,0.9623720299999974,0.6170943599999994,SDSS(cModel extcorr),-17.806325432400005,1.274999976158142,4.274942082038647,SDSS,False,3.2,13.679814662523672,,,,0.9623720299999974,g-i,9.6,0.9411764881877616,0.0,5.639564580810199,2.463374842306604,2.463374842306604,NGC 4889,2.421375312768657,122454636.44596568,4.348139085518254,3.1385189537537834,4.159523110040409,4.348139085518254,1.5126215545009087,-0.0223668335009088,0.582387785986531,-0.167985981303036,0.5675914283084759,-0.0180948592084037,0.1879335892441952,-0.0730340052907403,0.0807739942852413
Z 160-261,0,0,724.8445351939713,2899.378140775885,0.0,0.0,0.0,0.0,0.0,0.0,0.0,0.0,False,False,False,False,False,0,0,,,,0,0,,,,,,,,0.25,,,0.0,0.0,,,,,,,False,False,10,,,,,,,,,,,,,,195.24690929998,27.89984733525,EmG,0.02296,14.61,15.6,0.9900007,15.223,14.451,14.073,13.789,0.77199936,1.1499996,43.78242111206055,0.277726,172.0,SIMBAD,B,2023ApJS..269....3M,,-20.39,False,5.472802639007568,Regular galaxies,Sa,20971.779567161822,False,1.2376674440487898e+18,6.601604,4.103573720301582,15.20598,14.4749,14.0864,0.002555124,0.002263519,0.002344405,0.02868793,0.01984618,0.01474784,15.17729207,14.45505382,14.07165216,True,0.7222382500000002,1.1056399100000007,15.2234,14.45095,14.07295,0.002540023,0.002249465,0.002330177,15.19471207,14.43110382,14.05820216,14.7411715025,0.0016973403393087,"SDSS(cModelMag g,r)",14.7411715025,SDSS,Vmag_sdss,1.1056399100000007,0.7222382500000002,SDSS(cModel extcorr),-20.2588284975,5.472802639007568,4.103573720301582,SDSS,False,3.0,12.310721160904745,,,,1.1056399100000007,g-i,16.663559999999997,0.3805993267788875,172.0,18.795360770604773,12.211645678657089,12.211645678657089,NGC 4889,15.43076803099586,1119954.7160465424,17.476097919895025,16.005614126996957,16.555749631024337,17.476097919895025,,,,,,,,,
Z 160-233,12,19,201.635542244912,806.5421689796475,201.635542244912,806.5421689796475,1.0,1.0,1.0,1.0,1.0,1.0,True,True,True,True,True,12,19,1.5892928735,1.0142192366041665,1.0142192366041665,11,19,0.526053081927486,0.5247557827747119,1.5892928735,1.452817609,1.6361978790000002,1.5766545880526317,0.2500000000000001,0.2500000000000001,7.249999999999998,6.249999999999998,7.249999999999998,6.249999999999998,5.786583901202346,9.970359872719529,0.2858052676916135,0.3122566039206088,0.2714978995879179,0.3742650273266075,True,True,10,0.5257639725957172,0.0822964907945428,0.2991648845793642,0.2991648845793642,0.5257639725957172,0.0822964907945428,0.2991648845793642,,,,,,,194.92626325622,27.92474257327,G,0.02304,15.42,16.553,1.1329994,16.061,15.26,14.906,14.614,0.8010006,1.1550007,12.179999351501465,0.159,135.0,SIMBAD,C,2006AJ....131.1163S,,-19.58,False,1.522499918937683,Regular galaxies,S0,5853.980025356828,False,1.2376674440486587e+18,1.628152,1.5087135896926172,16.03603,15.2603,14.90978,0.003075702,0.00274076,0.002914357,0.03189583,0.02206539,0.01639695,16.00413417,15.23823461,14.89338305,True,0.7658995599999994,1.1107511200000015,16.06121,15.26031,14.90636,0.003077073,0.00274076,0.002914458,16.02931417,15.23824461,14.88996305,15.5422534296,0.0020506247612405,"SDSS(cModelMag g,r)",15.5422534296,SDSS,Vmag_sdss,1.1107511200000015,0.7658995599999994,SDSS(cModel extcorr),-19.4577465704,1.522499918937683,1.5087135896926172,SDSS,False,3.0,4.526140769077852,,,,1.1107511200000015,g-i,9.54,0.7832512732296637,135.0,2.531219333405591,6.502889986809576,2.531219333405591,NGC 4874,3.357664111995029,73825753.3618029,2.751803007874973,1.1686093390818428,0.8684003151984409,2.751803007874973,1.5500084717628992,0.0392844017371007,0.7498337528072667,0.2643854837968997,0.5501669665877376,-0.0244029939920203,0.2386763600677646,0.0604885245115995,0.020269396702255
IC 3960A,0,0,168.34339464117303,673.3735785646921,0.0,0.0,0.0,0.0,0.0,0.0,0.0,0.0,False,False,False,False,False,0,0,,,,0,0,,,,,,,,0.25,,,0.0,0.0,,,,,,,False,False,10,,,,,,,,,,,,,,194.79017032975,27.86739742141,GiC,0.02306,16.53,17.637,1.1069984,17.035,16.281,15.91,15.624,0.7539997,1.125,9.779999732971191,0.163,90.0,SIMBAD,C,2006AJ....131.1163S,,-18.47,True,1.222499966621399,Members of systems,SB0,4704.452738832449,False,1.2376674440485934e+18,1.398571,1.2200337744417018,17.03168,16.29244,15.9277,0.00436742,0.003640158,0.003829222,0.04555633,0.03151566,0.02341951,16.98612367,16.26092434,15.90428049,True,0.7251993300000024,1.0818431800000017,17.03507,16.28125,15.91047,0.004359642,0.003632857,0.003821475,16.98951367,16.24973434,15.88705049,16.5482560653,0.0027962449205416,"SDSS(cModelMag g,r)",16.5482560653,SDSS,Vmag_sdss,1.0818431800000017,0.7251993300000024,SDSS(cModel extcorr),-18.4517439347,1.222499966621399,1.2200337744417018,SDSS,False,3.0,3.6601013233251054,,,,1.0818431800000017,g-i,9.78,1.0,90.0,7.970986907509402,14.491510548499049,7.970986907509402,NGC 4874,11.121794614601402,2733049.581889163,9.541687488113354,9.157213210025166,8.143245957531246,9.541687488113354,,,,,,,,,
SDSS J125923.41+275510.4,0,2,10.237151235198878,40.94860494079552,10.237151235198878,40.94860494079552,1.0,1.0,1.0,1.0,1.0,1.0,True,True,True,True,True,0,2,,,,0,2,,0.7440264083847575,,1.4504828129999998,,1.4504828129999998,0.2499999999999999,0.2499999999999999,-0.4999999999999999,-0.4999999999999999,-0.4999999999999999,-0.4999999999999999,,1.488052816769515,,0.0310888474150837,,0.0187381005988464,False,True,10,,,,,,,,,,,,,,194.84755666233,27.91957249925,GiC,0.02311,17.692,18.699,1.007,18.515,17.648,17.315,17.029,0.8669987,1.1999989,4.46,,,NED,,,2007SDSS6.C...0000:,-17.308,False,0.5575,Members of systems,E...,2149.9058342825188,False,1.2376674440486584e+18,0.3008961,0.3008592530164602,18.56569,17.65307,17.33895,0.008009547,0.00590124,0.006418677,0.03758528,0.02600133,0.01932177,18.52810472,17.62706867,17.31962823,True,0.901036050000002,1.2084764900000025,18.51517,17.6477,17.31539,0.008038871,0.005900831,0.00642233,18.477584720000003,17.62169867,17.29606823,17.9864934505,0.0047860785479501,"SDSS(cModelMag g,r)",17.9864934505,SDSS,Vmag_sdss,1.2084764900000025,0.901036050000002,SDSS(cModel extcorr),-17.0135065495,0.5575,0.3008592530164602,SDSS,False,3.2,0.9627496096526728,,,,1.2084764900000025,g-i,,1.0,0.0,3.611343066468633,10.452765451607544,3.611343066468633,NGC 4874,6.93393727298965,24765960.068006214,5.210490324902926,5.32227495915478,4.655457884239831,5.210490324902926,,,,,,,,,0.0300795004533182
IC 4045,84,47,1509.9725721515415,6039.890288606167,1509.9725721515415,6039.890288606167,1.0,1.0,1.0,1.0,1.0,1.0,True,True,True,True,True,84,47,1.7506987265,1.5440744017291668,1.5440744017291668,76,47,0.4494347315684763,0.5767140986257181,1.7506987265,1.477144109,1.7201549545952382,1.5046962215744684,0.25,0.25,72.25,64.25,72.25,64.25,34.157039599204204,27.10556263540875,0.2655760180820072,0.2400447038221791,0.2736570353972664,0.2926450767492691,True,True,10,0.4491521311875975,0.0302116537656633,0.3599890962027003,0.3599890962027003,0.4491521311875975,0.0302116537656633,0.3599890962027003,,,,,,,195.20271749883,28.09074310012999,AGN,0.02324,13.77,15.1,1.3299999,14.662,13.846,13.414,13.087,0.816,1.2480001,44.33838272094727,0.489865,107.0,SIMBAD,B,2023ApJS..269....3M,,-21.23,True,5.542297840118408,Active (AGN/Seyfert/QSO),E4,21489.78902215048,False,1.2376673243347026e+18,5.502081,4.487809729906217,14.68412,13.88333,13.44538,0.002087751,0.001924474,0.001926547,0.03643563,0.025206,0.01873076,14.64768437,13.858124,13.42664924,True,0.7895603700000002,1.2210351300000006,14.66235,13.84622,13.41367,0.002066555,0.001902932,0.001907154,14.62591437,13.821014,13.39493924,14.1718437517,0.0014219428272293,"SDSS(cModelMag g,r)",14.1718437517,SDSS,Vmag_sdss,1.2210351300000006,0.7895603700000002,SDSS(cModel extcorr),-20.8281562483,5.542297840118408,4.487809729906217,SDSS,False,3.2,14.360991135699894,,,,1.2210351300000006,g-i,29.3919,0.6628996863729552,107.0,17.926914966794676,11.253570340414583,11.253570340414583,NGC 4889,14.523987937328394,1410385.420436005,16.280093408251062,16.5859127028359,17.762894982087342,16.280093408251062,1.5810335035150835,0.1696652229849165,0.8887865421208176,0.6552878596083491,0.5357075107742938,-0.0865553795866962,0.2807845677320421,0.0792045284706582,0.0069203436041167
IC 4041,43,116,2930.176465157592,11720.705860630364,2930.176465157592,11720.705860630364,1.0,1.0,1.0,1.0,1.0,1.0,True,True,True,True,True,43,116,1.580191087,0.6325453556627908,0.6325453556627908,38,112,0.5608480482692614,0.6810981175086817,1.580191087,1.4051298774999998,1.5738475128139533,1.4163468939913793,0.25,0.25,14.0,10.0,14.0,10.0,21.31222583423193,76.28298916097235,0.2577396673949934,0.1626719044167199,0.3281394168129188,0.241166727677692,True,True,10,0.5613940892995348,0.0437892540307054,0.0595323185036641,0.0595323185036641,0.5613940892995348,0.0437892540307054,0.0595323185036641,,,,,,,195.17022562979,27.99661329542,EmG,0.02364,14.77,15.88,1.1099997,15.211,14.424,14.029,13.716,0.78700066,1.1820002,37.85297775268555,0.427613,46.0,SIMBAD,B,2023ApJS..269....3M,,-20.23,True,4.731622219085693,Regular galaxies,SB0,18653.18992812199,False,1.2376673243347028e+18,8.122255,6.18257866402919,15.20113,14.45026,14.03753,0.002461462,0.002187198,0.002222568,0.03503172,0.02423478,0.01800904,15.16609828,14.42602522,14.01952096,True,0.7400730600000003,1.1465773200000005,15.21078,14.42402,14.02894,0.002449258,0.00217353,0.002211044,15.17574828,14.39978522,14.01093096,14.719455174599998,0.0016382113613866,"SDSS(cModelMag g,r)",14.719455174599998,SDSS,Vmag_sdss,1.1465773200000005,0.7400730600000003,SDSS(cModel extcorr),-20.2805448254,4.731622219085693,6.18257866402919,SDSS,False,3.0,18.54773599208757,,,,1.1465773200000005,g-i,25.65678,0.6778008369019194,46.0,14.556474023159591,7.326479510101546,7.326479510101546,NGC 4889,10.941280504545706,4777517.0532554295,12.976197584332814,12.460693364664875,13.44954686405998,12.976197584332814,1.5686359978222122,0.0115550891777878,0.8332614419270419,-0.200716086264251,0.5414854641119361,0.0199086251875987,0.2639582595946542,-0.2044259410909901,0.0134597424459303
LEDA 93697,12,11,820.6593602369398,3282.6374409477585,820.6593602369398,3282.6374409477585,1.0,1.0,1.0,1.0,1.0,1.0,True,True,True,True,True,12,11,1.440204607,1.1048600848958334,1.1048600848958334,11,9,0.5561692113969102,0.6051534313375272,1.440204607,1.463321551,1.4958032985,1.4580475627272729,0.25,0.25,9.25,8.75,9.25,8.75,6.117861325366012,5.446380882037745,0.2516348456979411,0.2624481930134843,0.2718448130795898,0.2720537110313867,True,True,10,0.5576040306151693,0.0735529199035176,0.4338226469324932,0.4338226469324932,0.5576040306151693,0.0735529199035176,0.4338226469324932,,,,,,,194.78946173427,28.040939888210005,G,0.02405,16.31,17.918,1.6079998,17.043,16.281,15.894,15.9247,0.76199913,1.1489992,19.48542022705078,0.178551,104.0,SIMBAD,B,2023ApJS..269....3M,,-18.69,False,2.435677528381348,Regular galaxies,,9763.705057692605,False,1.2376673243345062e+18,5.6618,3.6328996062065686,17.1439,16.39382,16.00554,0.005157129,0.004285455,0.004461778,0.03241689,0.02242585,0.01666481,17.111483109999998,16.37139415,15.98887519,True,0.7400889599999978,1.1226079199999983,17.04341,16.28146,15.89397,0.005082193,0.004223837,0.004397622,17.01099311,16.259034149999998,15.87730519,16.664830623599997,0.0032960103179535,"SDSS(cModelMag g,r)",16.664830623599997,SDSS,Vmag_sdss,1.1226079199999983,0.7400889599999978,SDSS(cModel extcorr),-18.335169376400003,2.435677528381348,3.6328996062065686,SDSS,False,3.2,11.62527873986102,,,,1.1226079199999983,g-i,10.71306,0.5497987662143161,104.0,7.587472772618228,13.496180661054373,7.587472772618228,NGC 4874,10.334551676290827,3213664.769495788,8.424610261686864,10.63924476111486,10.90232478082048,8.424610261686864,1.5245941787600228,-0.0843895717600227,0.6360099562874484,0.468850128608385,0.5620114942465732,-0.0044074636314038,0.2041832341314611,0.2296394128010321,0.0075140840051075
LEDA 1822852,69,189,2302.974655858719,9211.89862343488,2302.974655858719,9211.89862343488,1.0,1.0,1.0,1.0,1.0,1.0,True,True,True,True,True,69,189,1.497612145,0.4533032926847831,0.4533032926847831,68,187,0.5892833200089459,0.561427030739176,1.497612145,1.525022451,1.4883439526521742,1.5222559900476194,0.2499999999999999,0.2499999999999999,21.75000000000002,21.25000000000002,21.75000000000002,21.25000000000002,40.07126576060832,104.98685474822592,0.2124712617114613,0.2259293494502269,0.2854865744278828,0.2819095626707685,True,True,10,0.5900306847032712,0.0256271602511529,0.2040496010700879,0.2040496010700879,0.5900306847032712,0.0256271602511529,0.2040496010700879,,,,,,,194.8321465,27.9734965,GiC,0.02413,17.13,18.677,1.5470009,17.467,16.764,16.417,16.253,0.7029991,1.0499992,18.0,0.15,65.0,SIMBAD,E,2003A&A...412...45P,,-17.87,False,2.25,Members of systems,E,9048.519406200978,False,1.2376674440485934e+18,8.52919,6.381656004999118,17.6732,16.96056,16.56978,0.009480073,0.007693281,0.009048044,0.03435463,0.02376637,0.01766096,17.638845370000002,16.93679363,16.55211904,True,0.7020517400000017,1.0867263300000012,17.46698,16.76352,16.41689,0.009182482,0.007446554,0.008720091,17.43262537,16.73975363,16.399229039999998,17.2146348434,0.0059758089667964,"SDSS(cModelMag g,r)",17.2146348434,SDSS,Vmag_sdss,1.0867263300000012,0.7020517400000017,SDSS(cModel extcorr),-17.7853651566,2.25,6.381656004999118,SDSS,False,3.2,20.42129921599718,,,,1.0867263300000012,g-i,9.0,0.5,65.0,3.63361296207342,10.684204687228403,3.63361296207342,NGC 4874,7.114280701002311,24244376.11935149,5.034642379475296,6.602291650877369,6.566236874225625,5.034642379475296,1.512147029814812,-0.0145348848148119,0.5802625172919498,-0.1269592246071667,0.5678125842056176,0.0222181004976536,0.1872895485165789,0.0167600525535089,0.029648828228309
IC 4012,11,10,515.5167575610932,2062.0670302443727,470.5636963017658,1280.1312123757066,0.9128,0.6208,0.9128,0.6208,0.9128,0.6208,True,False,False,True,True,11,10,1.752869407,1.316286028764439,1.455946793931818,7,10,0.534410160506456,0.6178680479675549,1.752869407,1.3064594975,1.657713071727273,1.4323576508000002,0.367590206185567,0.25,7.32409793814433,3.3240979381443303,8.5,4.5,3.740871123545192,6.178680479675549,0.2752893940451139,0.2828101088525535,0.4313580902231146,0.3499354250548229,False,True,10,,,,,,,,,,,,,,195.03331660634,28.0785590405,G,0.02414,14.64,15.948,1.3079996,15.391,14.596,14.158,13.837,0.7950001,1.2329998,24.15780067443848,0.320614,132.0,SIMBAD,B,2023ApJS..269....3M,,-20.36,True,3.0197250843048096,Regular galaxies,E4,12148.90377340918,False,1.237667324334637e+18,2.751892,2.392528045022787,15.394,14.61975,14.17422,0.002454048,0.002219175,0.002220835,0.03471521,0.02401582,0.01784633,15.35928479,14.59573418,14.15637367,True,0.7635506100000011,1.2029111199999996,15.39131,14.59633,14.15753,0.002441914,0.002206201,0.002208593,15.35659479,14.57231418,14.13968367,14.8987899301,0.0016512596671278,"SDSS(cModelMag g,r)",14.8987899301,SDSS,Vmag_sdss,1.2029111199999996,0.7635506100000011,SDSS(cModel extcorr),-20.1012100699,3.0197250843048096,2.392528045022787,SDSS,False,3.2,7.6560897440729185,,,,1.2029111199999996,g-i,19.23684,0.796299309661687,132.0,10.100507741245288,6.092083214805208,6.092083214805208,NGC 4889,7.517203517879746,8754826.317242624,8.579479127153098,9.956858505697204,11.242904995612884,8.579479127153098,1.5645759954934313,0.1882934115065686,0.8150777813039101,0.5012082474605286,,,,,0.0052161339767676
LEDA 1821341,5,12,641.0116510858303,2564.046604343321,641.0116510858303,2564.046604343321,1.0,1.0,1.0,1.0,1.0,1.0,True,True,True,True,True,5,12,1.121739885,0.3468269007,0.3468269007,5,12,0.6746301856190096,0.7361115634189375,1.121739885,1.2915216405,1.1629596018,1.3080993365,0.25,0.25,2.0,2.0,2.0,2.0,3.373150928095048,8.83333876102725,0.3002310849949998,0.128329272502069,0.4749526549972647,0.274876962765324,False,True,10,,,,,,,,,,,,,,194.95908929166663,27.912638694444446,G,0.02417,17.4,18.68,1.2800007,18.175,17.473,17.133,16.908,0.70199966,1.0419998,13.800000190734863,0.16,130.0,SIMBAD,E,2003A&A...412...45P,,-17.6,False,1.725000023841858,Regular galaxies,dE,6948.361240074922,False,1.237667444048659e+18,3.069375,2.854372868449746,18.11478,17.37046,17.04203,0.01087559,0.01067839,0.01393049,0.03210047,0.02220696,0.01650215,18.08267953,17.348253040000003,17.02552785,True,0.734426489999997,1.0571516800000005,18.17536,17.47263,17.1335,0.0106127,0.01036232,0.01358298,18.14325953,17.45042304,17.11699785,17.639367900899998,0.0077185335450988,"SDSS(cModelMag g,r)",17.639367900899998,SDSS,Vmag_sdss,1.0571516800000005,0.734426489999997,SDSS(cModel extcorr),-17.360632099100002,1.725000023841858,2.854372868449746,SDSS,False,3.2,9.133993179039187,,,,1.0571516800000005,g-i,9.6,0.6956521642981797,130.0,4.247104473861549,5.529848434385949,4.247104473861549,NGC 4874,3.351519900976496,24575083.01502584,3.8690227693063854,1.277089500927224,1.277235988555259,3.8690227693063854,1.5025313967616851,-0.3807915117616851,0.5371966779265009,-0.1903697772265009,,,,,0.0074128573786054
LEDA 126764,19,11,602.8384941874737,2411.3539767498955,602.8384941874737,2411.3539767498955,1.0,1.0,1.0,1.0,1.0,1.0,True,True,True,True,True,19,11,1.433058111,1.211222173657895,1.211222173657895,19,11,0.573750313758377,0.4440554979464602,1.433058111,1.532684658,1.4586781650526317,1.4347674319090908,0.2499999999999999,0.2499999999999999,16.25,16.25,16.25,16.25,10.901255961409165,4.884610477411062,0.2725662476724147,0.2973413379285983,0.316638078105427,0.4715577457409402,True,True,10,0.578126330527369,0.0604551319898508,0.5138551400351181,0.5138551400351181,0.578126330527369,0.0604551319898508,0.5138551400351181,,,,,,,195.04644368118,28.065228974859995,G,0.02454,16.72,18.181,1.4610004,17.686,16.979,16.617,16.369,0.70700073,1.0690002,6.138000011444092,0.1023,0.0,SIMBAD,E,2022ApJS..262...36S,,-18.28,False,0.7672500014305115,Regular galaxies,,3136.4142146897498,False,1.2376673243346373e+18,2.413485,2.308736143132295,17.48973,16.76482,16.42676,0.006291914,0.005274798,0.005756008,0.03473548,0.02402985,0.01785675,17.454994520000003,16.74079015,16.40890325,True,0.7142043700000045,1.0460912700000016,17.68551,16.97856,16.61703,0.006164982,0.005166061,0.005631373,17.650774520000002,16.95453015,16.59917325,17.0236139417,0.0040422928640293,"SDSS(cModelMag g,r)",17.0236139417,SDSS,Vmag_sdss,1.0460912700000016,0.7142043700000045,SDSS(cModel extcorr),-17.9763860583,0.7672500014305115,2.308736143132295,SDSS,False,3.2,7.387955658023344,,,,1.0460912700000016,g-i,6.138,0.999999998135534,0.0,10.080125400252957,5.33485886520026,5.33485886520026,NGC 4889,7.209321264235895,12523796.877554407,8.49687072085895,9.61588772570229,10.90127165161599,8.49687072085895,1.516471597596364,-0.0834134865963638,0.5996310955619739,0.6115910780959211,0.5657970859702228,0.0123292445571461,0.1931589961180633,0.3206961439170548,0.0046570709618209
LEDA 126762,0,10,5452.241872698273,21808.967490793097,0.0,1845.038649721096,0.0,0.0846,0.0,0.0846,0.0,0.0846,False,False,False,False,True,0,10,,,,0,10,,0.6653032511565764,,1.2579198545,,1.2269974335,,0.2499999999999999,,,-2.5,-2.5,,6.6530325115657645,,0.2083830714137432,,0.2983731041020095,False,True,10,,,,,,,,,,,,,,195.056824875,27.86717180555556,GiC,0.02468,16.35,17.985,1.6350002,16.852,16.131,15.772,15.538,0.72099876,1.079999,18.0,0.21,109.0,SIMBAD,E,2003A&A...412...45P,,-18.65,False,2.25,Members of systems,,9248.599687448155,False,1.2376674440487242e+18,9.405168,8.298743665543133,17.05794,16.29811,15.9368,0.007025983,0.005478811,0.006279691,0.03100745,0.02145081,0.01594025,17.026932549999998,16.27665919,15.92085975,True,0.7502733599999978,1.106072799999998,16.85216,16.13064,15.77173,0.006788294,0.005314642,0.006120022,16.82115255,16.10918919,15.75578975,16.574271267599997,0.0043298046569216,"SDSS(cModelMag g,r)",16.574271267599997,SDSS,Vmag_sdss,1.106072799999998,0.7502733599999978,SDSS(cModel extcorr),-18.425728732400003,2.25,8.298743665543133,SDSS,False,3.2,26.555979729738027,,,,1.106072799999998,g-i,12.6,0.7,109.0,10.036346692059166,6.703874464785301,6.703874464785301,NGC 4889,7.729863816758485,6855650.505560423,9.263461484388236,6.96887817762234,7.009606297712635,9.263461484388236,,,,,,,,,0.0036648329427004
LEDA 126790,0,0,860.1158245841098,3440.463298336438,0.0,0.0,0.0,0.0,0.0,0.0,0.0,0.0,False,False,False,False,False,0,0,,,,0,0,,,,,,,,0.25,,,0.0,0.0,,,,,,,False,False,10,,,,,,,,,,,,,,194.88166679166665,28.10054077777778,GiC,0.02478,17.15,18.71,1.5599995,18.346,17.604,17.34,17.948,0.7420006,1.0060005,,,,,,,,-17.85,False,,Members of systems,,,False,1.2376673243345715e+18,2.817489,2.7577334203021246,18.24314,17.44118,17.22931,0.01075226,0.008930437,0.01085025,0.03427516,0.0237114,0.01762011,18.20886484,17.4174686,17.211689890000002,True,0.791396240000001,0.997174949999998,18.34628,17.60409,17.34026,0.01048076,0.008677593,0.01055335,18.31200484,17.5803786,17.32263989,17.731941058399997,0.0068699448106885,"SDSS(cModelMag g,r)",17.731941058399997,SDSS,Vmag_sdss,0.997174949999998,0.791396240000001,SDSS(cModel extcorr),-17.268058941600003,,2.7577334203021246,SDSS,False,3.2,8.8247469449668,,,,0.997174949999998,g-i,,1.0,0.0,8.525911831846972,10.944320215131466,8.525911831846972,NGC 4874,9.120498226867308,3093126.542168448,8.159286631814357,10.741011947741686,11.630806226720008,8.159286631814357,,,,,,,,,
LEDA 126747,0,0,406.6270882522758,1626.5083530091033,0.0,0.0,0.0,0.0,0.0,0.0,0.0,0.0,False,False,False,False,False,0,0,,,,0,0,,,,,,,,0.25,,,0.0,0.0,,,,,,,False,False,10,,,,,,,,,,,,,,195.2735663333333,28.06205241666667,GiC,0.02479,17.24,18.35,1.1100006,17.699,17.174,16.906,16.761,0.5249996,0.79299927,15.295379638671877,0.115863,146.0,SIMBAD,B,2023ApJS..269....3M,,-17.76,False,1.9119224548339844,Members of systems,,7892.911754406793,False,1.2376673243347028e+18,4.505288,2.8125748380841693,17.84722,17.31416,17.0314,0.006973567,0.006562028,0.007597563,0.03369695,0.02331139,0.01732286,17.81352305,17.29084861,17.01407714,True,0.5226744399999994,0.7994459099999993,17.69851,17.17393,16.90626,0.006896334,0.006468179,0.00748832,17.66481305,17.15061861,16.88893714,17.495145130399997,0.0048129065691671,"SDSS(cModelMag g,r)",17.495145130399997,SDSS,Vmag_sdss,0.7994459099999993,0.5226744399999994,SDSS(cModel extcorr),-17.504854869600003,1.9119224548339844,2.8125748380841693,SDSS,False,3.2,9.000239481869341,,,,0.7994459099999993,g-i,6.951779999999999,0.4545019583837956,146.0,20.78871895869716,13.689219773714356,13.689219773714356,NGC 4889,17.22541285176701,799843.8254829817,19.15466510837211,18.99673308887874,20.05739994845535,19.15466510837211,,,,,,,,,
LEDA 44723,23,13,559.9976993528937,2239.990797411575,559.9976993528937,2239.990797411575,1.0,1.0,1.0,1.0,1.0,1.0,True,True,True,True,True,23,13,1.575038183,1.3517150233695652,1.3517150233695652,19,13,0.5076129086607788,0.4859721132461914,1.575038183,1.580440822,1.5502841096956523,1.6265449728461538,0.25,0.25,19.75,15.75,19.75,15.75,9.644645264554796,6.317637472200489,0.2908231953993474,0.297556241372799,0.411499463769075,0.2707773275913624,True,True,10,0.5107425660594571,0.0629293968170253,0.4276157572147138,0.4276157572147138,0.5107425660594571,0.0629293968170253,0.4276157572147138,,,,,,,195.05362670104,28.07549425166,G,0.02503,15.17,16.272,1.1019993,15.71,14.941,14.538,14.255,0.76900005,1.1719999,32.3455810546875,0.329009,141.0,SIMBAD,B,2023ApJS..269....3M,,-19.83,False,4.0431976318359375,Regular galaxies,,16848.06529826377,False,1.237667324334637e+18,3.693606,2.8483601358201445,15.68578,14.9407,14.52751,0.002688938,0.002380718,0.002415233,0.03489778,0.02414212,0.01794018,15.65088222,14.91655788,14.50956982,True,0.7343243400000006,1.1413124000000003,15.70972,14.9407,14.53802,0.002689929,0.002380718,0.002415377,15.67482222,14.91655788,14.52007982,15.207630859399998,0.0017856079256142,"SDSS(cModelMag g,r)",15.207630859399998,SDSS,Vmag_sdss,1.1413124000000003,0.7343243400000006,SDSS(cModel extcorr),-19.7923691406,4.0431976318359375,2.8483601358201445,SDSS,False,3.2,9.114752434624462,,,,1.1413124000000003,g-i,19.74054,0.6103009856778941,141.0,10.766224514631908,6.001330664989362,6.001330664989362,NGC 4889,7.9312208886153295,8923974.057392621,9.193523506772758,10.339509730627752,11.624997193098944,9.193523506772758,1.557584071988783,0.0174541110112169,0.7837628327359858,0.5679521906335794,0.5466362995572753,-0.0358937334978182,0.2489582173126199,0.1786575399020939,0.012348830556349
LEDA 44792,76,131,3772.809001969274,15091.236007877087,3772.809001969274,15091.236007877087,1.0,1.0,1.0,1.0,1.0,1.0,True,True,True,True,True,76,131,1.4060480015,0.7903376835263156,0.7903376835263156,72,123,0.6009552019233011,0.6564453611592098,1.4060480015,1.428823944,1.4647554723157896,1.4556390182900762,0.2500000000000001,0.2500000000000001,43.24999999999998,41.24999999999998,43.24999999999998,41.24999999999998,43.26877453847768,80.74277942258281,0.2487995703618159,0.2003239586794467,0.3486430722215527,0.2705167264173551,True,True,10,0.6018705154590137,0.0281225732074946,0.3215136424639343,0.3215136424639343,0.6018705154590137,0.0281225732074946,0.3215136424639343,,,,,,,195.16152855812,28.014533048270003,G,0.02535,14.844,15.75,0.90600014,15.348,14.657,14.19,14.01,0.691,1.158,37.79082107543945,0.478809,86.0,SIMBAD,B,2023ApJS..269....3M,,-20.156,False,4.723852634429932,Regular galaxies,,19928.299771655613,False,1.2376673243347026e+18,8.492435,6.624339914621609,15.29,14.676,14.0979,0.002666358,0.002396727,0.002344526,0.03537844,0.02447464,0.01818728,15.25462156,14.65152536,14.07971272,True,0.6030961999999978,1.1749088399999987,15.34815,14.65673,14.19015,0.002652036,0.00238594,0.002335772,15.31277156,14.63225536,14.17196272,14.888794801999998,0.0017873701358782,"SDSS(cModelMag g,r)",14.888794801999998,SDSS,Vmag_sdss,1.1749088399999987,0.6030961999999978,SDSS(cModel extcorr),-20.111205198,4.723852634429932,6.624339914621609,SDSS,False,3.2,21.197887726789148,,,,1.1749088399999987,g-i,28.72854,0.7601988838149616,86.0,14.310547135940766,7.1344746840721545,7.1344746840721545,NGC 4889,10.713362638896784,5162893.025077918,12.696784374505777,12.416473425471562,13.475701807894415,12.696784374505777,1.564802277583868,-0.1587542760838678,0.8160912380471297,-0.025753554520814,0.5432721990564875,0.0585983164025262,0.258755006646764,0.0627586358171703,0.0089555422046666
2MASX J12595670+2755483,16,262,3138.4619946477305,12553.847978590926,3138.4619946477305,14689.752507483989,1.0,1.170139429164316,1.0,1.0,1.0,1.170139429164316,True,True,True,True,True,16,262,1.477206129,-3.613604228575236,-4.479751796796873,14,255,0.5716416898784377,0.598257532469797,1.477206129,1.4551347605,1.54193653375,1.4731367891221372,0.2136497529858844,0.2499999999999999,-39.97623528230173,-40.48068701140053,-49.49999999999997,-49.74999999999998,8.002983658298128,152.55567077979822,0.2932034465459504,0.231344052996982,0.3345096834836521,0.3271570075407506,True,True,10,0.5753467682890463,0.0731374277693208,-1.752759044475225,-2.148861638493064,0.5753467682890463,0.0731374277693208,-1.752759044475225,,,,,,,194.98605391892,27.93003702706,GiC,0.02571,15.32,16.765,1.4449997,15.814,15.043,14.676,14.39,0.7709999,1.1380005,31.542781829833984,0.331515,58.0,SIMBAD,B,2023ApJS..269....3M,,-19.68,False,3.942847728729248,Members of systems,SB0,16862.375614467303,False,1.237667444048659e+18,8.262528,6.633687811045823,15.93959,15.16513,14.76233,0.003439481,0.00282651,0.00302959,0.0309996,0.02144538,0.01593621,15.9085904,15.14368462,14.74639379,True,0.7649057800000012,1.1621966100000003,15.81388,15.04323,14.67614,0.003382762,0.002782559,0.002975706,15.7828804,15.02178462,14.66020379,15.4472959898,0.0021839537858206,"SDSS(cModelMag g,r)",15.4472959898,SDSS,Vmag_sdss,1.1621966100000003,0.7649057800000012,SDSS(cModel extcorr),-19.5527040102,3.942847728729248,6.633687811045823,SDSS,False,3.0,19.901063433137463,,,,1.1621966100000003,g-i,19.8909,0.6306006904307556,58.0,4.946322630784332,3.786178024082734,3.786178024082734,NGC 4889,2.515147953862152,41090897.67710551,3.960631449791072,2.065968970769727,2.903983908380136,3.960631449791072,1.5521582359045358,-0.0749521069045358,0.7594619693465008,-4.3730661979217365,0.5491650523958809,0.0261817158931654,0.2415940916474873,-1.9943531361227125,0.0412680976497409
IC 4033,20,44,2723.968512815265,10895.87405126106,2723.968512815265,10895.87405126106,1.0,1.0,1.0,1.0,1.0,1.0,True,True,True,True,True,20,44,1.434355862,0.6395359044749999,0.6395359044749999,18,40,0.5916051320694881,0.636377725483435,1.434355862,1.4451271955,1.5076548761,1.5138572394545455,0.25,0.25,9.0,8.0,9.0,8.0,10.648892377250784,25.4551090193374,0.2375076204812232,0.2071630930293165,0.3187705020730259,0.2676117873415791,True,True,10,0.5920604948790812,0.0560318849880538,0.2385173140549506,0.2385173140549506,0.5920604948790812,0.0560318849880538,0.2385173140549506,,,,,,,195.11830877411,27.97241464842,EmG,0.02574,15.23,16.741,1.5109997,15.527,14.794,14.436,14.153,0.73300076,1.0910006,35.63478088378906,0.359436,97.0,SIMBAD,B,2023ApJS..269....3M,,-19.77,True,4.454347610473633,Regular galaxies,S...,19071.443057095606,False,1.2376674440487242e+18,8.827339,6.308491027635609,15.48044,14.81165,14.44996,0.003040772,0.002536087,0.002700216,0.03497763,0.02419736,0.01798123,15.44546237,14.78745264,14.43197877,True,0.6580097299999998,1.013483599999999,15.52668,14.79415,14.43624,0.003012475,0.002525534,0.002695346,15.49170237,14.76995264,14.41825877,15.0472366293,0.00194761131273,"SDSS(cModelMag g,r)",15.0472366293,SDSS,Vmag_sdss,1.013483599999999,0.6580097299999998,SDSS(cModel extcorr),-19.9527633707,4.454347610473633,6.308491027635609,SDSS,False,3.0,18.925473082906827,,,,1.013483599999999,g-i,21.56616,0.6051997364690085,97.0,11.659939657279867,4.489900101982722,4.489900101982722,NGC 4889,8.061199803991885,19906140.829717465,10.132900717572817,9.406657165658928,10.360003406512774,10.132900717572817,1.5612152752427948,-0.1268594132427949,0.8000260174037614,-0.1604901129287615,0.5449439492183488,0.0471165456607324,0.2538866074561806,-0.01536929340123,0.0061731952632944
LEDA 126801,5,17,1893.902284954436,7575.609139817743,426.12801411474805,1948.446670761124,0.225,0.2572,0.225,0.2572,0.225,0.2572,False,False,False,True,True,5,17,1.556849926,0.429912903668157,0.2686356942499999,5,17,0.5417166304751736,0.567888420364266,1.556849926,1.515546155,1.6673711152000004,1.537685522,0.218701399688958,0.25,1.2820762052877137,1.2820762052877137,0.75,0.75,2.708583152375868,9.654103146192522,0.3118801879952924,0.2556517281504111,0.39059904629863,0.2898414124049241,False,True,10,,,,,,,,,,,,,,194.78782038806,27.8975533285,GiC,0.02615,17.18,18.36,1.1800003,17.569,16.822,16.457,16.193,0.74699974,1.1119995,13.199999809265137,0.2,,SIMBAD,E,2003A&A...412...45P,,-17.82,False,1.649999976158142,Members of systems,,7173.49906142318,False,1.2376674440485934e+18,4.594318,4.291893499706958,17.64809,16.89255,16.50446,0.008106869,0.006181642,0.007094086,0.04454578,0.03081656,0.02290001,17.60354422,16.86173344,16.48155999,True,0.7418107800000016,1.121984229999999,17.56895,16.82227,16.45729,0.007975766,0.006101303,0.006990657,17.52440422,16.791453439999998,16.43438999,17.155875859799995,0.0049345308631597,"SDSS(cModelMag g,r)",17.155875859799995,SDSS,Vmag_sdss,1.121984229999999,0.7418107800000016,SDSS(cModel extcorr),-17.844124140200005,1.649999976158142,4.291893499706958,SDSS,False,3.2,13.734059199062267,,,,1.121984229999999,g-i,12.0,0.9090909222269192,0.0,6.950425040230947,13.880221918296847,6.950425040230947,NGC 4874,10.363985001425442,3910751.813217066,8.58598618713295,8.68139070211671,7.855333165697257,8.58598618713295,1.5134772884676182,0.0433726375323817,0.586220388722748,-0.1563074850545909,,,,,0.0092489641779332
2MASX J12595104+2749592,0,0,318.8440206734317,1275.3760826937269,0.0,0.0,0.0,0.0,0.0,0.0,0.0,0.0,False,False,False,False,False,0,0,,,,0,0,,,,,,,,0.25,,,0.0,0.0,,,,,,,False,False,10,,,,,,,,,,,,,,194.9625044108,27.83295082283,GiC,0.02634,16.29,17.78,1.4899998,17.144,16.395,16.049,15.765,0.74899864,1.0949993,24.960420608520508,0.191321,17.0,SIMBAD,B,2023ApJS..269....3M,,-18.71,False,3.1200525760650635,Members of systems,SBa,13660.080393049311,False,1.237667444048659e+18,3.982427,2.4758934744040366,16.97805,16.21085,15.85805,0.005321739,0.00428197,0.00481274,0.03088952,0.02136923,0.01587963,16.94716048,16.18948077,15.84217037,True,0.7576797100000014,1.104990110000001,17.1438,16.39516,16.04923,0.005189636,0.004178458,0.004684424,17.11291048,16.37379077,16.03335037,16.4901294511,0.003338150800487,"SDSS(cModelMag g,r)",16.4901294511,SDSS,Vmag_sdss,1.104990110000001,0.7576797100000014,SDSS(cModel extcorr),-18.5098705489,3.1200525760650635,2.4758934744040366,SDSS,False,3.0,7.427680423212109,,,,1.104990110000001,g-i,11.47926,0.4598985001110691,17.0,8.296946049062022,9.433580826854312,8.296946049062022,NGC 4874,8.11359828441877,3988392.194052256,8.46962794736223,5.945349234362124,4.990911453497621,8.46962794736223,,,,,,,,,
LEDA 126756,29,86,1917.4860914208173,7669.944365683273,1917.4860914208173,7669.944365683273,1.0,1.0,1.0,1.0,1.0,1.0,True,True,True,True,True,29,86,1.549043784,0.4448641711982761,0.4448641711982761,29,83,0.5828796017245195,0.5575656790631283,1.549043784,1.4893585475,1.503198483482758,1.482875975372093,0.2499999999999999,0.2499999999999999,7.500000000000007,8.250000000000007,7.500000000000007,8.250000000000007,16.903508450011064,46.27795136223965,0.1773913762294399,0.2581757305741697,0.2257404543642249,0.3516560138566076,True,True,10,0.58268083321247,0.0337102390287332,0.1837329766414386,0.1837329766414386,0.58268083321247,0.0337102390287332,0.1837329766414386,,,,,,,195.10342316666663,27.92662455555556,G,0.02653,16.57,18.52,1.9500008,17.209,16.542,16.214,15.947,0.6669998,0.99499893,23.97917938232422,0.156264,159.0,SIMBAD,B,2023ApJS..269....3M,,-18.43,False,2.997397422790528,Regular galaxies,,13214.700421836067,False,1.2376674440487242e+18,10.60795,6.584942530563399,17.43762,16.78736,16.51007,0.008155019,0.006782672,0.007871005,0.03299034,0.02282256,0.01695961,17.404629659999998,16.764537439999998,16.49311039,True,0.6400922199999997,0.9115192699999994,17.20902,16.54179,16.21383,0.007910382,0.006540264,0.007601303,17.176029659999998,16.518967439999997,16.19687039,17.016975250199994,0.0052147477111506,"SDSS(cModelMag g,r)",17.016975250199994,SDSS,Vmag_sdss,0.9115192699999994,0.6400922199999997,SDSS(cModel extcorr),-17.983024749800006,2.997397422790528,6.584942530563399,SDSS,False,3.2,21.07181609780288,,,,0.9115192699999994,g-i,9.375839999999998,0.39099920187057,159.0,11.021812546914266,4.77344387144913,4.77344387144913,NGC 4889,7.684682376730175,16808310.510826156,9.710825311160958,8.291319481255403,8.96930753292957,9.710825311160958,1.516621892517585,0.032421891482415,0.6003042261711589,-0.1554400549728827,0.5657270398606897,0.0169537933517802,0.1933629813969251,-0.0096300047554864,0.0108897309757638
LEDA 126770,10,41,681.1752622084069,2724.701048833628,842.6051870195017,3475.3927554244124,1.2369873566572724,1.2755134207887269,1.0,1.0,1.2369873566572724,1.2755134207887269,True,True,True,True,True,10,41,1.3534374525,-0.1630006659290146,-0.2102302450249999,10,41,0.611667492059177,0.6038064460062985,1.3534374525,1.525529461,1.3048485695,1.4644461481463416,0.2424489104733152,0.25,0.059594670594075,0.059594670594075,-0.25,-0.25,6.1166749205917705,24.75606428625824,0.2589199505878375,0.2040368471013875,0.4137080941236051,0.273485449903209,True,True,10,0.6158390271960247,0.0766988553253664,0.0156309458149586,-0.0030625799604313,0.6158390271960247,0.0766988553253664,0.0156309458149586,,,,,,,195.0236725,27.926465555555552,G,0.02653,18.057,18.784,0.7270012,18.307,17.735,17.433,17.266,0.5719986,0.87399864,12.0,0.17,155.0,SIMBAD,E,2003A&A...412...45P,,-16.943,False,1.5,Regular galaxies,,6613.087234291442,False,1.237667444048724e+18,3.483352,2.661912552547668,18.32106,17.7197,17.45893,0.01153686,0.0106469,0.01440574,0.0318165,0.02201051,0.01635617,18.2892435,17.69768949,17.442573829999997,True,0.5915540099999994,0.8466696700000007,18.30723,17.73506,17.43327,0.01153755,0.01057839,0.01439955,18.2754135,17.71304949,17.41691383,17.930226634099995,0.007863418834128,"SDSS(cModelMag g,r)",17.930226634099995,SDSS,Vmag_sdss,0.8466696700000007,0.5915540099999994,SDSS(cModel extcorr),-17.069773365900005,1.5,2.661912552547668,SDSS,False,3.2,8.518120168152539,,,,0.8466696700000007,g-i,10.2,0.8500000000000001,155.0,6.905496776299876,3.080113028894752,3.080113028894752,NGC 4889,3.9383040374325753,62844439.643469065,5.762967630263122,4.068760980576809,4.775189154304871,5.762967630263122,1.4959465764860738,-0.1425091239860736,0.5077050354446135,-0.6707057013736282,0.575362930678612,0.0404760965174126,0.1653017530335363,-0.1496708072185777,0.0147550273056296
NGC 4875,45,56,792.1199545912987,3168.4798183651947,792.1199545912987,3095.604782542795,1.0,0.977,1.0,0.977,1.0,0.977,True,True,True,True,True,45,56,1.660652145,1.2211266733066075,1.2312357591555556,44,55,0.4823186957201313,0.6143015460411395,1.660652145,1.3802669545,1.6820992310444445,1.4498108991071426,0.255885363357216,0.25,30.670419651995903,29.92630501535312,31.0,30.25,21.222022611685777,33.78658503226267,0.2800524420247223,0.2255387219077621,0.3113576847030671,0.2742145987714108,True,True,10,0.4826050209561606,0.0413041800481128,0.286116553056615,0.2906357878183045,0.4826050209561606,0.0413041800481128,0.286116553056615,,,,,,,194.90795580391,27.90733340062,GiC,0.02671,14.57,15.92,1.3500004,15.367,14.541,14.153,13.833,0.82599926,1.2139997,29.86680030822754,0.383589,115.0,SIMBAD,B,2023ApJS..269....3M,,-20.43,True,3.7333500385284415,Members of systems,,16567.377877547176,False,1.2376674440486587e+18,3.47767,3.014775254107091,15.39778,14.56522,14.16586,0.002560771,0.002236889,0.002306748,0.03416076,0.02363226,0.0175613,15.363619239999998,14.54158774,14.1482987,True,0.8220314999999978,1.215320539999999,15.36718,14.54056,14.15294,0.002544876,0.002222457,0.002294919,15.33301924,14.51692774,14.1353787,14.868620655,0.0016864466193428,"SDSS(cModelMag g,r)",14.868620655,SDSS,Vmag_sdss,1.215320539999999,0.8220314999999978,SDSS(cModel extcorr),-20.131379345,3.7333500385284415,3.014775254107091,SDSS,False,3.2,9.647280813142691,,,,1.215320539999999,g-i,23.01534,0.7705994536569043,115.0,3.1525686136990174,7.869878982823536,3.1525686136990174,NGC 4874,4.78141583304099,38506918.90996041,3.929293797283165,2.517992996236803,1.4670386222069929,3.929293797283165,1.5652590049124484,0.0953931400875516,0.8181367971546569,0.4029898761519506,0.5430593377553564,-0.0604543167991957,0.2593748922072829,0.026741660849332,0.0241832105910292
LEDA 93696,26,21,2518.724855569794,10074.899422279175,2457.7717140650047,5184.543242704864,0.9758,0.5146,0.9758,0.5146,0.9758,0.5146,True,False,False,True,True,26,21,1.4895473875,0.9552279476303964,1.207767531221154,26,20,0.5120373293085642,0.5726228353500782,1.4895473875,1.395481193,1.474361907423077,1.517256852047619,0.4740575204041974,0.2499999999999999,16.044792071511857,16.51884959191605,20.75,21.0,13.312970562022668,11.452456707001565,0.2585814710918751,0.3068140041556837,0.4099995120766004,0.3834929826199348,True,True,10,0.5071038092028157,0.0494328072756179,0.2982913773159857,0.3969840331739546,0.5071038092028157,0.0494328072756179,0.2982913773159857,,,,,,,194.76993002245,28.050391403130003,G,0.02689,16.53,18.06,1.5299988,17.005,16.29,15.933,15.654,0.71499825,1.0719995,10.979999542236328,0.121,125.0,SIMBAD,C,2006AJ....131.1163S,,-18.47,False,1.372499942779541,Regular galaxies,,6130.413423194526,False,1.2376673243345062e+18,7.938399,5.803594064877603,17.20397,16.49918,16.14204,0.005875899,0.004978854,0.005413767,0.0328658,0.02273641,0.01689559,17.171104200000002,16.47644359,16.12514441,True,0.6946606100000032,1.0459597900000013,17.00517,16.29045,15.93348,0.005735601,0.004852596,0.005270808,16.9723042,16.26771359,15.91658441,16.751254440099995,0.0037990655178284,"SDSS(cModelMag g,r)",16.751254440099995,SDSS,Vmag_sdss,1.0459597900000013,0.6946606100000032,SDSS(cModel extcorr),-18.248745559900005,1.372499942779541,5.803594064877603,SDSS,False,3.2,18.57150100760833,,,,1.0459597900000013,g-i,7.26,0.66120221335832,125.0,8.746598536574846,14.650855454897236,8.746598536574846,NGC 4874,11.51180486839094,2189058.9906040514,9.603901547815774,11.804232723247267,12.039512553593994,9.603901547815774,1.5226376093528613,-0.0330902218528612,0.6272470071055662,0.3279809405248302,0.5629233685393947,-0.055819559336579,0.2015277128876985,0.0967636644282871,0.0059108686177407
Z 160-235,0,0,464.2960199712284,1857.1840798849137,0.0,0.0,0.0,0.0,0.0,0.0,0.0,0.0,False,False,False,False,False,0,0,,,,0,0,,,,,,,,0.25,,,0.0,0.0,,,,,,,False,False,10,,,,,,,,,,,,,,194.94217517401,27.85723506096,GiC,0.02699,15.0,16.258,1.2579994,15.598,14.813,14.451,14.165,0.78499985,1.1469994,35.63898086547852,0.241217,153.0,SIMBAD,B,2023ApJS..269....3M,,-20.0,False,4.454872608184815,Members of systems,S0...,19969.73381437064,False,1.2376674440486587e+18,4.439259,3.1794672124307453,15.60991,14.83156,14.4557,0.002780801,0.002415345,0.002514627,0.03319907,0.02296696,0.01706691,15.57671093,14.80859304,14.43863309,True,0.7681178899999992,1.1380778399999991,15.59794,14.81347,14.45058,0.002767158,0.002404923,0.002506799,15.56474093,14.79050304,14.43351309,15.113521374899998,0.0018250124415073,"SDSS(cModelMag g,r)",15.113521374899998,SDSS,Vmag_sdss,1.1380778399999991,0.7681178899999992,SDSS(cModel extcorr),-19.886478625100004,4.454872608184815,3.1794672124307453,SDSS,False,3.0,9.538401637292235,,,,1.1380778399999991,g-i,14.47302,0.4061008381420693,153.0,6.538809249956871,8.673173585012453,6.538809249956871,NGC 4874,6.775550475184559,6581459.73053908,6.848695485084608,4.439584266507969,3.337658862729874,6.848695485084608,,,,,,,,,
LEDA 126763,1,4,205.57281147715568,822.2912459086227,205.57281147715568,822.2912459086227,1.0,1.0,1.0,1.0,1.0,1.0,True,True,True,True,True,1,4,1.318238307,0.0487437545000002,0.0487437545000002,1,4,0.7705134335045867,0.676830591304392,1.318238307,1.2694945525,1.318238307,1.3454724477500002,0.25,0.25,0.0,0.0,0.0,0.0,0.7705134335045867,2.707322365217568,,0.1930295222605116,,0.2553038672966234,False,True,10,,,,,,,,,,,,,,195.0558333333333,28.053416666666667,GiC,0.02716,17.31,18.735,1.4250011,18.066,17.576,17.288,17.118,0.48999977,0.7779999,23.923620223999023,0.110128,81.0,SIMBAD,B,2023ApJS..269....3M,,-17.69,False,2.990452527999878,Members of systems,,13486.880114119487,False,1.2376673243346373e+18,5.57706,2.5653439373339,17.77352,17.37881,17.08642,0.009343303,0.009583651,0.01136317,0.03462406,0.02395277,0.01779947,17.738895940000003,17.35485723,17.06862053,True,0.3840387100000022,0.6702754100000021,18.06555,17.57608,17.28782,0.00910119,0.009323749,0.01100583,18.030925940000003,17.55212723,17.27002053,17.502313101099997,0.0068298168456967,"SDSS(cModelMag g,r)",17.502313101099997,SDSS,Vmag_sdss,0.6702754100000021,0.3840387100000022,SDSS(cModel extcorr),-17.497686898900003,2.990452527999878,2.5653439373339,SDSS,False,3.2,8.20910059946848,,,,0.6702754100000021,g-i,6.60768,0.2761990007420153,81.0,10.056494062975387,4.730572229394344,4.730572229394344,NGC 4889,6.978071934432116,17505784.60585937,8.437501738526649,9.32991404387002,10.605540081525024,8.437501738526649,1.505634213083079,-0.187395906083079,0.5510933593555198,-0.5023496048555196,,,,,0.0059297758030363
NGC 4883,38,118,3226.373897232056,12905.495588928225,3226.373897232056,12846.130309219152,1.0,0.9954,1.0,0.9954,1.0,0.9954,True,True,True,True,True,38,118,1.552695249,0.4421351350019245,0.4472437115263157,33,118,0.5754783828941427,0.61053079049127,1.552695249,1.423971472,1.6332199936315788,1.4420635615254236,0.2511553144464537,0.25,8.363672895318459,3.3636728953184587,8.5,3.5,18.99078663550671,72.04263327796986,0.2514842595821854,0.2353842297225225,0.3792110384353821,0.3067743139462066,True,True,10,0.577307144665352,0.0428029129130191,0.0290074411962892,0.0315296198322471,0.577307144665352,0.0428029129130191,0.0290074411962892,,,,,,,194.98340521471,28.034715581050005,GiG,0.02719,14.27,15.2,0.92999935,14.821,14.007,13.584,13.254,0.8140001,1.2370005,38.738399505615234,0.533751,80.0,SIMBAD,B,2023ApJS..269....3M,,-20.73,True,4.842299938201904,Members of systems,,21862.00344133771,False,1.2376673243345718e+18,6.498521,5.874312168409293,14.84764,14.04769,13.60803,0.002187753,0.001979091,0.001982934,0.03000656,0.0207584,0.01542571,14.81763344,14.0269316,13.59260429,True,0.7907018400000005,1.225029150000001,14.82103,14.0069,13.58407,0.002165257,0.001957995,0.001964019,14.79102344,13.9861416,13.56864429,14.341119354399998,0.0014724161555133,"SDSS(cModelMag g,r)",14.341119354399998,SDSS,Vmag_sdss,1.225029150000001,0.7907018400000005,SDSS(cModel extcorr),-20.6588806456,4.842299938201904,5.874312168409293,SDSS,False,3.2,18.79779893890974,,,,1.225029150000001,g-i,32.02506,0.8267006486769769,80.0,6.371719626894357,4.36928950469581,4.36928950469581,NGC 4889,4.096655204134222,25083030.479686186,4.86785370959485,6.50773941549859,7.768595190392093,4.86785370959485,1.5772012327472025,-0.0245059837472023,0.8716228300300353,-0.4294876950281108,0.5374935701819342,0.0398135744834178,0.2755832820537987,-0.2465758408575094,0.010562814484867
IC 4026,52,107,2965.6815093066334,11862.726037226532,2965.6815093066334,11862.726037226532,1.0,1.0,1.0,1.0,1.0,1.0,True,True,True,True,True,52,107,1.5824943945,0.849226698125,0.849226698125,47,105,0.5369260385707547,0.6149280126977257,1.5824943945,1.425417578,1.559838152307692,1.476135634588785,0.25,0.25,25.25,20.75,25.25,20.75,25.23552381282547,64.5674413332612,0.2384487093219521,0.247485401588862,0.2995406505589617,0.324236943554168,True,True,10,0.5439640703710122,0.0334796529342624,0.2005202334919632,0.2005202334919632,0.5439640703710122,0.0334796529342624,0.2005202334919632,,,,,,,195.09225412222,28.04701061643,EmG,0.02727,14.63,15.5,0.8699999,15.128,14.365,13.958,13.671,0.7630005,1.1700001,38.0908203125,0.505528,73.0,SIMBAD,B,2023ApJS..269....3M,,-20.369999,True,4.7613525390625,Regular galaxies,SB0,21557.70523275521,False,1.2376673243346373e+18,6.247734,5.73849487368473,15.10569,14.36515,13.95655,0.002351962,0.002099375,0.002134596,0.03497309,0.02419422,0.0179789,15.07071691,14.34095578,13.9385711,True,0.72976113,1.132145809999999,15.12822,14.36483,13.95826,0.002345893,0.002099178,0.002134811,15.09324691,14.34063578,13.9402811,14.6301578433,0.0015697421405785,"SDSS(cModelMag g,r)",14.6301578433,SDSS,Vmag_sdss,1.132145809999999,0.72976113,SDSS(cModel extcorr),-20.369842156700003,4.7613525390625,5.73849487368473,SDSS,False,3.0,17.21548462105419,,,,1.132145809999999,g-i,30.33168,0.7962989442379181,73.0,11.52247080190528,5.219269139559637,5.219269139559637,NGC 4889,8.181683973547786,12948621.650616655,9.877115397745982,10.3688043585137,11.600167881128444,9.877115397745982,1.5706576214167078,0.0118367730832922,0.8423157513518014,0.0069109467731985,0.5405432708123605,0.0034207995586517,0.2667020745507835,-0.0661818410588203,0.0107172700288368
LEDA 126781,14,90,743.6159027879701,2974.4636111518817,743.6159027879701,2974.4636111518817,1.0,1.0,1.0,1.0,1.0,1.0,True,True,True,True,True,14,90,1.4800198595,-0.8409852917499987,-0.8409852917499987,14,88,0.6828279642119799,0.6130061337104054,1.4800198595,1.444180983,1.506572374857143,1.461289694355556,0.2499999999999999,0.2499999999999999,-8.49999999999999,-7.999999999999989,-8.49999999999999,-7.999999999999989,9.559591498967718,53.94453976651568,0.1406504735341403,0.2370447980070353,0.1342999052631582,0.2974898158205331,True,True,10,0.6854067971716733,0.0348886961964746,-0.2778885558018205,-0.2778885558018205,0.6854067971716733,0.0348886961964746,-0.2778885558018205,,,,,,,194.945554,27.991910222222227,G,0.02806,17.43,18.62,1.1900005,18.251,17.563,17.235,17.037,0.6879997,1.0159988,7.31,,,NED,,,2007SDSS6.C...0000:,-17.57,False,0.91375,Regular galaxies,,4252.921520533966,False,1.2376673243345718e+18,2.776629,2.564177870091956,18.14186,17.46356,17.15899,0.009592406,0.008309748,0.009472908,0.02683427,0.01856383,0.01379491,18.115025730000003,17.44499617,17.145195089999998,True,0.6700295600000032,0.969830640000005,18.25128,17.56304,17.23544,0.009388872,0.008102566,0.009229952,18.224445730000003,17.54447617,17.22164509,17.709708289599998,0.0062852658188029,"SDSS(cModelMag g,r)",17.709708289599998,SDSS,Vmag_sdss,0.969830640000005,0.6700295600000032,SDSS(cModel extcorr),-17.290291710400002,0.91375,2.564177870091956,SDSS,False,3.2,8.205369184294259,,,,0.969830640000005,g-i,,1.0,0.0,3.1592827355387763,4.756950415681944,3.1592827355387763,NGC 4874,1.7996555516984636,50873973.30364028,1.6096442042332475,3.649533123418309,4.797335710604216,1.6096442042332475,1.5009389439148677,-0.0209190844148674,0.53006450908029,-1.3710498008302887,0.5730361992567808,0.1123705979148924,0.1720775605849086,-0.4499661163867291,0.0412805591319865
LEDA 44809,53,31,1463.084704782896,5852.338819131585,1463.084704782896,5852.338819131585,1.0,1.0,1.0,1.0,1.0,1.0,True,True,True,True,True,53,31,1.560125663,1.3481486220990566,1.3481486220990566,48,31,0.5432185260739432,0.6317179762165104,1.560125663,1.449649441,1.5953302282641508,1.4658291846774194,0.2499999999999999,0.2499999999999999,45.25,40.25,45.25,40.25,26.07448925154928,19.58325726271182,0.2585705904347511,0.2629014655968921,0.2896099384049613,0.2969807000001805,True,True,10,0.5436013096583828,0.0353017301715111,0.4416051780817587,0.4416051780817587,0.5436013096583828,0.0353017301715111,0.4416051780817587,,,,,,,195.17849319377,27.963118502520004,EmG,0.02809,14.96,16.013,1.0530005,15.47,14.708,14.333,14.034,0.7620001,1.1370001,38.44841766357422,0.368079,93.0,SIMBAD,B,2023ApJS..269....3M,,-20.04,False,4.806052207946777,Regular galaxies,,22392.20132427161,False,1.2376674440487242e+18,5.390098,4.745714837436945,15.38528,14.70841,14.32423,0.00274017,0.002341676,0.002453262,0.03404471,0.02355197,0.01750164,15.35123529,14.68485803,14.30672836,True,0.6663772599999991,1.0445069300000007,15.46956,14.70831,14.33325,0.00273654,0.002341676,0.00245403,15.43551529,14.68475803,14.31574836,14.9480727066,0.0017807222943599,"SDSS(cModelMag g,r)",14.9480727066,SDSS,Vmag_sdss,1.0445069300000007,0.6663772599999991,SDSS(cModel extcorr),-20.0519272934,4.806052207946777,4.745714837436945,SDSS,False,3.2,15.186287479798224,,,,1.0445069300000007,g-i,22.08474,0.5743991909691238,93.0,14.824994851296887,7.716076510397371,7.716076510397371,NGC 4889,11.250885684039533,4121922.4246655065,13.32967281160282,12.414042853786256,13.259452735934262,13.32967281160282,1.5634602709546996,-0.0033346079546996,0.810080750583662,0.5380678715153946,0.5438976516172069,-0.0002963419588241,0.2569335904986928,0.1846715875830659,0.00711585951408
2MASX J13004737+2755196,0,1,1399.7278937692504,5598.911575077001,0.0,594.6044092731775,0.0,0.1062,0.0,0.1062,0.0,0.1062,False,False,False,False,True,0,1,,,,0,1,,0.9601201860096116,,1.20566242,,1.20566242,,0.25,,,-0.25,-0.25,,0.9601201860096116,,,,,False,True,10,,,,,,,,,,,,,,195.19752473185,27.92218747244999,GiC,0.02857,15.47,16.81,1.3399992,15.851,15.077,14.701,14.426,0.77400017,1.1499996,31.648378372192383,0.292167,45.0,SIMBAD,B,2023ApJS..269....3M,,-19.529999,False,3.956047296524048,Members of systems,Sa,18735.979374562656,False,1.2376674440487898e+18,6.373846,4.726940625399687,15.90804,15.14599,14.74369,0.003241365,0.002699972,0.002844043,0.03149147,0.02178566,0.01618908,15.87654853,15.12420434,14.72750092,True,0.7523441900000005,1.1490476099999984,15.85108,15.07733,14.70059,0.003198296,0.002668474,0.002810951,15.81958853,15.05554434,14.68440092,15.422665457899996,0.0020745433518924,"SDSS(cModelMag g,r)",15.422665457899996,SDSS,Vmag_sdss,1.1490476099999984,0.7523441900000005,SDSS(cModel extcorr),-19.577334542100004,3.956047296524048,4.726940625399687,SDSS,False,3.0,14.18082187619906,,,,1.1490476099999984,g-i,17.53002,0.5538994697877673,45.0,15.990139227927934,9.28360218270498,9.28360218270498,NGC 4889,12.563946363412294,2441529.4593276647,14.624740862878175,13.2864986118464,13.930517174191545,14.624740862878175,,,,,,,,,0.0012963193623721
SDSS J130041.19+280242.4,4,10,315.56028749723885,1262.2411499889554,315.56028749723885,1262.2411499889554,1.0,1.0,1.0,1.0,1.0,1.0,True,True,True,True,True,4,10,1.47546737,0.6053152750000002,0.6053152750000002,4,9,0.3594603873619301,0.5503057531417573,1.47546737,1.392243352,1.3411051147500002,1.41532648,0.25,0.25,1.5,1.75,1.5,1.75,1.4378415494477206,4.952751778275816,0.3394154602676762,0.2548404454717319,0.587573144492832,0.2822602972764178,False,True,10,,,,,,,,,,,,,,195.17167543485,28.04512661346,G,0.02877,17.15,18.487,1.3369999,18.054,17.328,16.977,16.693,0.72600174,1.0770016,7.07,,,NED,,,2007SDSS6.C...0000:,-17.85,False,0.88375,Regular galaxies,E3,4213.752716134498,False,1.2376673243347028e+18,1.786883,1.6703788591993995,17.90871,17.17143,16.81345,0.006900973,0.005767426,0.00626357,0.03569281,0.02469212,0.01834889,17.87301719,17.14673788,16.79510111,True,0.7262793099999989,1.0779160799999978,18.05374,17.32846,16.9766,0.006820921,0.005682242,0.006168075,18.01804719,17.30376788,16.958251110000003,17.434512397099997,0.0044254286970797,"SDSS(cModelMag g,r)",17.434512397099997,SDSS,Vmag_sdss,1.0779160799999978,0.7262793099999989,SDSS(cModel extcorr),-17.565487602900003,0.88375,1.6703788591993995,SDSS,False,3.2,5.345212349438079,,,,1.0779160799999978,g-i,,1.0,0.0,15.347205718876296,8.371679110705964,8.371679110705964,NGC 4889,11.82133988688467,3267162.795549767,13.70584592135592,13.725316032854009,14.85242231244942,13.70584592135592,1.507169169401867,-0.0317017994018669,0.5579680166862089,0.0473472583137912,,,,,0.0089665304275766
LEDA 1821892,8,24,1084.1450107680016,4336.580043072006,1084.1450107680016,4336.580043072006,1.0,1.0,1.0,1.0,1.0,1.0,True,True,True,True,True,8,24,1.555384538,0.4734118370000002,0.4734118370000002,6,21,0.5310326802514469,0.6994928691130484,1.555384538,1.4426302679999998,1.5257953795,1.4796603879166668,0.25,0.25,2.0,0.75,2.0,0.75,3.1861960815086814,14.689350251374016,0.2904024701187984,0.1618753459202472,0.3927812920492652,0.3731801564706357,False,True,10,,,,,,,,,,,,,,195.14344216666663,27.934681972222226,G,0.02923,16.81,18.512,1.7019997,17.386,16.689,16.424,16.16,0.6970005,0.9619999,12.59999942779541,0.19,,SIMBAD,E,2003A&A...412...45P,,-18.19,False,1.5749999284744265,Regular galaxies,dG,7625.491314689721,False,1.2376674440487242e+18,3.510405,3.2549950920190702,17.75474,16.97528,16.84774,0.01036726,0.008362913,0.01274201,0.03349451,0.02317134,0.01721879,17.72124549,16.95210866,16.83052121,True,0.7691368300000008,0.8907242800000006,17.3859,16.68892,16.42357,0.01006553,0.008036132,0.01242769,17.35240549,16.66574866,16.40635121,17.2574547603,0.0065125209007042,"SDSS(cModelMag g,r)",17.2574547603,SDSS,Vmag_sdss,0.8907242800000006,0.7691368300000008,SDSS(cModel extcorr),-17.7425452397,1.5749999284744265,3.2549950920190702,SDSS,False,3.2,10.415984294461026,,,,0.8907242800000006,g-i,11.4,0.9047619458499158,0.0,13.050826799854024,6.345023801094404,6.345023801094404,NGC 4889,9.60274429844382,7301166.306122093,11.666926795841402,10.410278932454403,11.130289001241543,11.666926795841402,1.5111776194969542,0.0442069185030458,0.5759207886925524,-0.1025089516925521,,,,,0.0049325077406519
2MASX J13004540+2750076,0,0,359.39586941162923,1437.5834776465167,0.0,0.0,0.0,0.0,0.0,0.0,0.0,0.0,False,False,False,False,False,0,0,,,,0,0,,,,,,,,0.25,,,0.0,0.0,,,,,,,False,False,10,,,,,,,,,,,,,,195.1891958333333,27.835455555555555,GiC,0.02927,16.71,18.048,1.3380013,17.603,16.898,16.562,16.325,0.7049999,1.0410004,10.019999504089355,0.103,115.0,SIMBAD,C,2006AJ....131.1163S,,-18.29,False,1.2524999380111694,Members of systems,I,6072.086296415636,False,1.2376674440487898e+18,3.110505,2.269864676479541,17.50216,16.77746,16.45893,0.006669195,0.005489769,0.006412807,0.02759026,0.01908681,0.01418355,17.47456974,16.75837319,16.44474645,True,0.7161965499999994,1.0298232899999995,17.60312,16.89836,16.56232,0.006535726,0.005343677,0.006230035,17.57552974,16.87927319,16.54813645,17.042013775499996,0.0042388282506088,"SDSS(cModelMag g,r)",17.042013775499996,SDSS,Vmag_sdss,1.0298232899999995,0.7161965499999994,SDSS(cModel extcorr),-17.957986224500004,1.2524999380111694,2.269864676479541,SDSS,False,3.0,6.809594029438623,,,,1.0298232899999995,g-i,6.18,0.6167664975909253,115.0,17.097135710689983,11.836187983514154,11.836187983514154,NGC 4889,14.251720516392304,1267928.1230958253,16.090072171012523,14.06345865866405,14.25268333442153,16.090072171012523,,,,,,,,,
2MASX J12595013+2755292,13,26,1013.2441676475604,4052.9766705902425,1013.2441676475604,4052.9766705902425,1.0,1.0,1.0,1.0,1.0,1.0,True,True,True,True,True,13,26,1.461812067,0.7773092962500002,0.7773092962500002,12,26,0.6436771456477839,0.7111029483104806,1.461812067,1.3690055415,1.4360939128461538,1.3445166559615382,0.2499999999999999,0.2499999999999999,6.500000000000002,5.500000000000002,6.500000000000002,5.500000000000002,7.724125747773407,18.488676656072496,0.2148608661712349,0.1443715170031987,0.435494508648984,0.1997884431534169,True,True,10,0.6473672422404455,0.0611658309842763,0.2621864785722685,0.2621864785722685,0.6473672422404455,0.0611658309842763,0.2621864785722685,,,,,,,194.95877298074,27.92484964126,GiC,0.0328,16.05,17.563,1.5130005,16.699,15.917,15.55,15.265,0.7819996,1.1489992,12.0,0.152,130.0,SIMBAD,C,2006AJ....131.1163S,,-18.95,False,1.5,Members of systems,S0...,8114.346440645568,False,1.237667444048659e+18,4.288744,3.4333973959291373,16.77092,15.98019,15.60941,0.004491246,0.003575742,0.003852796,0.03131631,0.02166448,0.01609903,16.73960369,15.95852552,15.59331097,True,0.7810781699999989,1.1462927199999982,16.69916,15.91709,15.54959,0.00444064,0.003537403,0.003809073,16.667843689999998,15.89542552,15.53349097,16.2687675697,0.0028002815009222,"SDSS(cModelMag g,r)",16.2687675697,SDSS,Vmag_sdss,1.1462927199999982,0.7810781699999989,SDSS(cModel extcorr),-18.7312324303,1.5,3.4333973959291373,SDSS,False,3.0,10.300192187787411,,,,1.1462927199999982,g-i,9.12,0.7599999999999999,130.0,3.790616106701856,5.058301216262191,3.790616106701856,NGC 4874,2.627388738047591,33537255.935967512,3.2176604041907355,0.7235798360625639,1.4620444673537998,3.2176604041907355,1.5335607447594284,-0.0717486777594282,0.6761687985453209,0.1011404977046793,0.5578325568678031,0.0895346853726424,0.216352956507711,0.0458335220645575,0.006157387743397
2MASX J13001027+2751502,0,0,1028.9615541776996,4115.846216710797,0.0,0.0,0.0,0.0,0.0,0.0,0.0,0.0,False,False,False,False,False,0,0,,,,0,0,,,,,,,,0.25,,,0.0,0.0,,,,,,,False,False,10,,,,,,,,,,,,,,195.04265407771,27.863970120340003,GiC,0.03311,15.54,17.103,1.5630007,16.517,15.931,15.639,15.399,0.58600044,0.87800026,14.579999923706056,0.195,70.0,SIMBAD,C,2006AJ....131.1163S,,-19.46,False,1.8224999904632568,Members of systems,SB0,9948.394155911205,False,1.2376674440487242e+18,3.614824,3.3671248299694847,16.3652,15.76924,15.44841,0.004105712,0.003577852,0.004090663,0.03125388,0.02162129,0.01606693,16.33394612,15.74761871,15.432343070000002,True,0.5863274100000009,0.9016030499999984,16.51719,15.93079,15.63924,0.004031604,0.003498494,0.003979875,16.485936119999998,15.90916871,15.62317307,15.9780129481,0.002699940147322,"SDSS(cModelMag g,r)",15.9780129481,SDSS,Vmag_sdss,0.9016030499999984,0.5863274100000009,SDSS(cModel extcorr),-19.0219870519,1.8224999904632568,3.3671248299694847,SDSS,False,3.0,10.101374489908457,,,,0.9016030499999984,g-i,11.7,0.8024691400016143,70.0,9.53222029409924,6.799744501636793,6.799744501636793,NGC 4889,7.447525628401955,6795957.090384706,8.858008499642901,6.472803993154566,6.408752903972819,8.858008499642901,,,,,,,,,
SDSS J130018.34+280333.4,14,20,706.5534617035411,2826.2138468141648,706.5534617035411,2826.2138468141648,1.0,1.0,1.0,1.0,1.0,1.0,True,True,True,True,True,14,20,1.603449932,1.13288388325,1.13288388325,14,20,0.5483421211557609,0.6715170339190345,1.603449932,1.3175849365,1.4996233342142855,1.3451276612999998,0.2499999999999999,0.2499999999999999,9.0,9.0,9.0,9.0,7.676789696180652,13.43034067838069,0.2011704846358541,0.2154588755693183,0.3080196493527963,0.3375501396641459,True,True,10,0.548329098749655,0.0527824730298342,0.3085015866357141,0.3085015866357141,0.548329098749655,0.0527824730298342,0.3085015866357141,,,,,,,195.07642091666665,28.05928861111111,G,0.03325,17.34,18.559,1.2189999,18.024,17.445,17.147,17.005,0.5790005,0.8770008,7.19,,,NED,,,2007SDSS6.C...0000:,-17.66,False,0.89875,Regular galaxies,,4925.877325383879,False,1.2376673243346373e+18,2.885166,2.499460786169786,17.89298,17.3703,17.04342,0.008126638,0.007430765,0.008764295,0.03495962,0.0241849,0.01797197,17.858020380000003,17.3461151,17.02544803,True,0.5119052800000041,0.8325723500000031,18.02426,17.44511,17.14746,0.007932713,0.00728797,0.008557238,17.989300380000003,17.420925099999998,17.129488029999997,17.5459962648,0.0055065855550401,"SDSS(cModelMag g,r)",17.5459962648,SDSS,Vmag_sdss,0.8325723500000031,0.5119052800000041,SDSS(cModel extcorr),-17.4540037352,0.89875,2.499460786169786,SDSS,False,3.2,7.998274515743316,,,,0.8325723500000031,g-i,,1.0,0.0,11.161045014245286,5.428971965492022,5.428971965492022,NGC 4889,7.997448471531705,11656904.061614731,9.532883260229973,10.300335501594487,11.56347924397909,9.532883260229973,1.5046452595148985,0.0988046724851015,0.5466641017838298,0.5862197814661703,0.5713088422285144,-0.0229797434788594,0.1771078957092061,0.131393690926508,0.0098076935899004
SDSS J125939.47+275116.5,0,11,2073.225973872997,8292.903895491985,22.39084051782837,2807.9772590135863,0.0108,0.3386,0.0108,0.3386,0.0108,0.3386,False,False,False,True,True,0,11,,,,0,11,,0.4864540787910654,,1.594658143,,1.64808656,0.0079740106320141,0.2500000000000001,-0.0877141169521559,-0.0877141169521559,-2.7500000000000013,-2.7500000000000013,,5.35099486670172,,0.2928705185073639,,0.3739677092126018,False,True,10,,,,,,,,,,,,,,194.914488,27.854598,G,0.03134,16.944,17.817,0.8729992,16.852,16.194,15.884,15.786,0.65799904,0.96799946,1.3,,,NED,,,2007SDSS6.C...0000:,-18.056,False,0.1625,Regular galaxies,,841.4049069157564,False,1.2376674440486587e+18,7.100106,4.281511687141951,17.10436,16.50766,16.2426,0.008723604,0.008380204,0.009606543,0.03476916,0.02405314,0.01787406,17.06959084,16.483606860000002,16.22472594,True,0.5859839799999982,0.844864900000001,16.84402,16.18769,15.88271,0.008331817,0.008050052,0.009112405,16.80925084,16.16363686,15.86483594,16.7138602918,0.0061023705855008,"SDSS(cModelMag g,r)",16.7138602918,SDSS,Vmag_sdss,0.844864900000001,0.5859839799999982,SDSS(cModel extcorr),-18.2861397082,0.1625,4.281511687141951,SDSS,False,3.2,13.700837398854246,,,,0.844864900000001,g-i,,1.0,0.0,6.33395251914865,9.691787640136402,6.33395251914865,NGC 4874,7.344624258083354,6218517.51404302,6.992167767907786,4.905100591038215,3.6404520281923394,6.992167767907786,,,,,,,,,0.0032006304456719
Z 160-243,0,0,558.0409800433711,2232.163920173485,0.0,0.0,0.0,0.0,0.0,0.0,0.0,0.0,False,False,False,False,False,0,0,,,,0,0,,,,,,,,0.2499999999999999,,,0.0,0.0,,,,,,,False,False,10,,,,,,,,,,,,,,195.03808781594,27.86648430942,AGN,0.01773,15.51,16.39,0.87999916,15.916,15.468,15.248,15.012,0.44799995,0.6680002,22.35378074645996,0.261167,169.0,SIMBAD,B,2023ApJS..269....3M,,-19.49,False,2.794222593307495,Active (AGN/Seyfert/QSO),SBa,8321.13461168583,False,1.2376674440487242e+18,3.132543,2.65306309039477,15.86195,15.37971,15.09212,0.00307231,0.002811671,0.003154876,0.03147462,0.021774,0.01618041,15.83047538,15.357936,15.07593959,True,0.4725393800000024,0.754535790000002,15.91562,15.46847,15.24831,0.003029629,0.002769403,0.003096362,15.88414538,15.446696,15.23212959,15.5416771458,0.0020829337993751,"SDSS(cModelMag g,r)",15.5416771458,SDSS,Vmag_sdss,0.754535790000002,0.4725393800000024,SDSS(cModel extcorr),-19.4583228542,2.794222593307495,2.65306309039477,SDSS,False,3.0,7.959189271184309,,,,0.754535790000002,g-i,15.67002,0.7010008811364749,169.0,9.24798151811349,6.63645018247312,6.63645018247312,NGC 4889,7.190272560852883,7334604.91579182,8.581861852077317,6.189431047367285,6.124486777387311,8.581861852077317,,,,,,,,,
NGC 4874,6335,5827,95643.68639247998,382574.74556992005,95586.3001806445,287828.9881131902,0.9994,0.7523470679812191,0.9994,0.6628,0.9994,0.752347067981219,True,False,False,True,True,6335,5827,1.531910136,1.068983965409758,1.1834198947198895,6162,5628,0.5531594571524607,0.5532372467445543,1.531910136,1.515486994,1.5438616707657458,1.5410999380660717,0.3320940701881448,0.2499999999999999,4399.887853013681,4292.974572981121,4878.25,4755.0,3408.568574973463,3113.619224678352,0.2519528332979737,0.2608059941406225,0.3008994398017571,0.3438810542277726,True,True,10,0.5526091914003046,0.0030185724717537,0.3848041798229775,0.4262857889060515,0.5526091914003046,0.0030185724717537,0.3848041798229775,,,,,,,194.89878906845,27.959248303390005,LIN,0.02391,12.71,13.7,0.9899998,12.6472,11.7979,11.66,11.1535,0.84929943,0.9871998,140.40420532226562,2.26074,63.0,SIMBAD,B,2023ApJS..269....3M,,-22.29,True,17.550525665283203,Active (AGN/Seyfert/QSO),,69955.70961435766,True,1.2376674440486584e+18,29.67989,29.58632953200881,12.91115,12.10644,11.64227,0.001804969,0.001734343,0.001838514,0.03009333,0.02081842,0.01547032,12.88105667,12.08562158,11.62679968,True,0.7954350899999998,1.25425699,12.79304,11.98041,11.52575,0.001763336,0.001690713,0.001796031,12.76294667,11.95959158,11.51027968,12.4017499669,0.0012628226591444,"SDSS(cModelMag g,r)",12.4017499669,SDSS,Vmag_sdss,1.25425699,0.7954350899999998,SDSS(cModel extcorr),-22.5982500331,17.550525665283203,29.58632953200881,SDSS,False,4.8,142.0143817536423,,,,1.25425699,g-i,135.64440000000002,0.9660992680999791,63.0,0.0,7.230359733741266,7.230359733741236,NGC 4889,3.615325668910727,1.0947123389942932e+27,1.6476759061251465,3.067469305851432,3.3988032379001165,1.6476759061251465,1.6211070791497206,-0.0891969431497206,1.0682653306254686,0.0007186347842893,0.5170309111561506,0.0355782802441539,0.3351737608891003,0.0496304189338772,0.101775175786225
NGC 4869,270,367,5248.466032598007,20993.864130392027,5248.466032598007,19339.547636917134,1.0,0.9212,1.0,0.9212,1.0,0.9212,True,True,True,True,True,270,367,1.5603311115,1.012099235951199,1.0552999077444445,261,355,0.5290092620739014,0.6106179303481676,1.5603311115,1.486195368,1.5844151222629632,1.4927805502098093,0.2713851498046027,0.25,170.4016500217108,164.65827181936604,178.25,172.25,138.07141740128827,216.76936527359948,0.2599983430510794,0.2181545930145391,0.3300833199020525,0.2589795864633449,True,True,10,0.5291797090897978,0.0152399879373882,0.3037851241556045,0.321546217448419,0.5291797090897978,0.0152399879373882,0.3037851241556045,,,,,,,194.84732847876,27.9115921901,EmG,0.0228791612896412,13.52,14.9,1.3799992,14.429,13.624,13.195,12.914,0.8050003,1.2340002,49.683780670166016,0.690853,47.0,SIMBAD,B,2023ApJS..269....3M,,-21.48,True,6.210472583770752,Regular galaxies,,23717.064620554364,False,1.2376674440486584e+18,7.956479,7.458111597766792,14.35112,13.44835,13.10265,0.002026937,0.00177299,0.001854436,0.03790001,0.02621905,0.01948356,14.31321999,13.42213095,13.08316644,True,0.8910890400000007,1.2300535499999992,14.31396,13.44071,13.0601,0.00200983,0.001768293,0.001849584,14.27605999,13.41449095,13.04061644,13.7774774564,0.0013359957012654,"SDSS(cModelMag g,r)",13.7774774564,SDSS,Vmag_sdss,1.2300535499999992,0.8910890400000007,SDSS(cModel extcorr),-21.2225225436,6.210472583770752,7.458111597766792,SDSS,False,3.2,23.86595711285373,,,,1.2300535499999992,g-i,41.45118,0.8343000359650669,47.0,3.9518547463563447,10.63187370503541,3.9518547463563447,NGC 4874,7.159220890833464,19184895.842508864,5.514877770275918,5.417389790280318,4.648666042057671,5.514877770275918,1.589961656191605,-0.0296305446916049,0.9287733414166012,0.0833258945345978,0.5315464762215169,-0.002366767131719,0.2929021542655311,0.0108829698900734,0.0283824117422125
NGC 4889,4517,1546,37268.28823643047,149073.15294572184,62713.60916213199,146236.79492798282,1.6827606560375432,0.9809733814460088,0.886,0.9564,1.6827606560375432,0.9809733814460088,True,True,True,True,True,4517,1546,1.593451029,1.3801304915435375,1.469094800317246,4327,1499,0.5041112217055225,0.6073358185829575,1.593451029,1.45334304,1.605402317963693,1.4801928968408795,0.4288497241273411,0.25,3853.9983264991306,3684.154263533116,4130.5,3952.25,2181.289256319796,910.3963920558532,0.2767544009810485,0.2317327045384675,0.3634501938614596,0.3013635895386868,True,True,10,0.5040550291881201,0.0042622962585103,0.4138254841038401,0.4514552838648098,0.5040550291881201,0.0042622962585103,0.4138254841038401,,,,,,,195.0337375,27.977025,EmG,0.0215,11.3,13.0,1.6999998,12.3528,11.5017,11.527,10.8346,0.85109997,0.82579994,175.40460205078125,1.8169,75.0,SIMBAD,B,2023ApJS..269....3M,,-23.7,True,21.925575256347656,Regular galaxies,,78815.62927836124,True,1.237667444048724e+18,29.67856,23.02623275480716,12.42321,11.59573,11.37449,0.001673849,0.001673236,0.001773992,0.0316632,0.02190446,0.01627736,12.3915468,11.57382554,11.35821264,True,0.817721259999999,1.033334159999999,12.34061,11.5143,11.21793,0.001639316,0.001640705,0.001737578,12.3089468,11.49239554,11.20165264,11.899091256599998,0.001202314310135,"SDSS(cModelMag g,r)",11.899091256599998,SDSS,Vmag_sdss,1.033334159999999,0.817721259999999,SDSS(cModel extcorr),-23.1009087434,21.925575256347656,23.02623275480716,SDSS,False,4.8,110.52591722307436,,,,1.033334159999999,g-i,109.014,0.6215002270489998,75.0,7.230359733741236,0.0,7.230359733741236,NGC 4874,3.6150343526425774,1.739255948418119e+27,5.663826045561618,5.355075206236344,6.509825718401151,5.663826045561618,1.632486889653881,-0.0390358606538809,1.119232447244178,0.2608980442993596,0.5117272625260831,-0.007672233337963,0.350618819179994,0.063206664923846,0.0159357856646675
SDSS J130042.56+280658.6,16,209,12065.748800818845,48262.99520327537,4278.514524770362,20965.44511630282,0.3546,0.4344,0.3546,0.4344,0.3546,0.4344,False,False,False,True,True,16,209,1.585924052,-2.6814208416278493,-3.641753956437499,15,199,0.5479005100763632,0.5150271811325029,1.585924052,1.60082006,1.59885596875,1.6005460289330145,0.2040745856353591,0.25,-26.651588397790064,-25.61084254143647,-36.25,-34.75,8.218507651145448,102.49040904536808,0.2080643924781162,0.2587656279239917,0.225732486589331,0.3044893867358327,True,True,10,0.5524952434043136,0.0557625764624154,-0.8418839404311504,-1.1556782406851545,0.5524952434043136,0.0557625764624154,-0.8418839404311504,,,,,,,195.17736,28.11632,LSB,0.020701,18.24,,,17.648,17.011,16.672,16.539,0.63700104,0.97599983,19.49800109863281,0.32496667,0.0,SIMBAD,E,2022ApJS..262...36S,,-16.76,False,2.4372501373291016,LSB/BCD/Dwarf,,8443.75520948361,False,1.2376673243347028e+18,11.91151,10.328826039187028,17.68241,17.11709,16.79583,0.01207821,0.01098925,0.01302848,0.03757682,0.02599547,0.01931742,17.64483318,17.09109453,16.77651258,True,0.5537386499999997,0.8683206000000006,17.64823,17.01133,16.67162,0.01193298,0.01076021,0.01265084,17.61065318,16.98533453,16.65230258,17.308127376499996,0.0081584786103829,"SDSS(cModelMag g,r)",17.308127376499996,SDSS,Vmag_sdss,0.8683206000000006,0.5537386499999997,SDSS(cModel extcorr),-17.691872623500004,2.4372501373291016,10.328826039187028,SDSS,False,3.2,33.05224332539849,,,,0.8683206000000006,g-i,19.4980002,0.9999999539115416,0.0,17.505922735581176,11.300121635809452,11.300121635809452,NGC 4889,14.283435461421483,1409406.2808470242,15.876891870068407,16.49968578807866,17.730224698415352,15.876891870068407,1.510030430045563,0.075893621954437,0.5707828350744821,-3.2522036767023312,0.5687990418854246,-0.016303798481111,0.1844168287289701,-1.0263007691601205,0.0182000819387738
Coma cluster,0,0,,,,,,,,,,,False,False,False,False,False,0,0,,,,0,0,,,,,,,,,,,,,,,,,,,False,False,10,,,,,,,,,,,,,,195.01707133,27.977025,CLUSTER,0.0215,,,,,,,,,,,,,MANUAL,,,,,False,,Other,,,False,,,,,,,,,,,,,,,,False,,,,,,,,,,,,,,,,,,,,,,,,,False,3.0,,,,,,,,1.0,0.0,6.358175050921624,0.8831094568555958,0.8831094568555958,NGC 4889,2.7446453246900377,2529590562.3847885,4.783116072677927,4.6200981044769165,5.823396359669688,4.783116072677927,,,,,,,,,
