name,N_inner,N_annulus,A_ap_geom,A_ann_geom,A_ap_eff,A_ann_eff,A_ap_eff_over_geom,A_ann_eff_over_geom,f_cov_ap_geom,f_cov_ann_geom,cov_ap_depthw,cov_ann_depthw,coverage_ok_ap,coverage_ok_ann,coverage_ok_both,good_ap_area,good_ann_area,N_inner_color,N_annulus_color,median_color,N_inner_Pblue,N_annulus_Pblue,matched_color_Pblue_samples,Pblue_mean_inner,Pblue_mean_annulus,median_color_inner,median_color_annulus,mean_color_inner,mean_color_annulus,Pblue_mean_IE_contrast,mean_color_IE_contrast,median_color_IE_contrast,alpha_eff,alpha_geom,sum_Pblue_inner,sum_Pblue_annulus,Pblue_std_inner,Pblue_std_annulus,color_std_inner,color_std_annulus,Pblue_inner_meets_min,Pblue_annulus_nonzero,min_gc_for_Pblue,Pblue_mean,Pblue_mean_err,fb,fb_err,mu_blue,mu_blue_err,mu_red,mu_red_err,ra,dec,otype,z,Vmag_simbad_raw,Bmag_simbad_raw,BV_simbad_raw,gmag_simbad_raw,rmag_simbad_raw,imag_simbad_raw,zmag_simbad_raw,gr_simbad_raw,gi_simbad_raw,major_axis_arcsec,galdim_minaxis,galdim_angle,dim_source,galdim_qual,galdim_bibcode,dim_ref,MV_simbad_raw,show_label,Re_arcsec,otype_family,morph_type,major_kpc,is_large_E,sdss_objid,Re_r_arcsec,Re_r_arcsec_circ,g_cmodel_sdss,r_cmodel_sdss,i_cmodel_sdss,gerr_cmodel_sdss,rerr_cmodel_sdss,ierr_cmodel_sdss,Ag_sdss,Ar_sdss,Ai_sdss,g0_cmodel_sdss,r0_cmodel_sdss,i0_cmodel_sdss,sdss_phot_ok,gr0_sdss,gi0_sdss,g_model_sdss,r_model_sdss,i_model_sdss,gerr_model_sdss,rerr_model_sdss,ierr_model_sdss,g0_model_sdss,r0_model_sdss,i0_model_sdss,Vmag_sdss,Vmag_sdss_err,V_source,mV_app,mV_src,mV_app_col,gi_primary,gr_primary,color_src,MV_abs,Re_simbad_proxy_arcsec,Re_best_arcsec,Re_best_src,Re_best_is_proxy,Re_GCS_scale,Re_GCS_arcsec,n_gcs_prior,n_gcs_red_prior,n_gcs_blue_prior,gal_color,gal_color_src,minor_axis_arcsec,q_axis,pa_deg,R_NGC 4874_arcmin,R_NGC 4889_arcmin,R_nearBCG_arcmin,nearer_BCG,R_bcg_mid_arcmin,tidal_proxy,R_xray_peak_arcmin,R_sz_peak_arcmin,R_geom_arcmin,R_cluster_arcmin,median_color_inner_exp,Delta_median_color_inner,median_color_annulus_exp,Delta_median_color_annulus,median_color_IE_contrast_exp,Delta_median_color_IE_contrast,mean_color_inner_exp,Delta_mean_color_inner,mean_color_annulus_exp,Delta_mean_color_annulus,mean_color_IE_contrast_exp,Delta_mean_color_IE_contrast,Pblue_mean_inner_exp,Delta_Pblue_mean_inner,Pblue_mean_annulus_exp,Delta_Pblue_mean_annulus,Pblue_mean_IE_contrast_exp,Delta_Pblue_mean_IE_contrast,gc_voronoi_density_arcsec2_inv,R_NGC 4874_kpc,R_NGC 4889_kpc,R_nearBCG_kpc,R_bcg_mid_kpc,R_xray_peak_kpc,R_sz_peak_kpc,R_geom_kpc,R_cluster_kpc,log_gc_voronoi_density,log_tidal_proxy,Delta_Pblue_mean_inner_err_lo,Delta_Pblue_mean_inner_err_hi,Delta_Pblue_mean_annulus_err_lo,Delta_Pblue_mean_annulus_err_hi,Delta_Pblue_mean_IE_contrast_err_lo,Delta_Pblue_mean_IE_contrast_err_hi,Delta_Pblue_mean_inner_q16,Delta_Pblue_mean_inner_q50,Delta_Pblue_mean_inner_q84
LEDA 126771,1847,1890,12631.997217159436,50527.98886863774,25785.0008630146,63914.49796111948,2.041244976525801,1.2649325530704156,1.0,0.9132,2.041244976525801,1.2649325530704156,True,True,True,True,True,1816,1847,1.5479478065,1816,1847,True,0.4664291274254863,0.5023019371686621,1.5479478065,1.503531546,1.5538320391618945,1.535134588634001,-0.0358728097431757,0.0186974505278934,0.0444162604999998,0.403429608078908,0.25,847.0352954046832,927.751677950519,0.2888680741117262,0.2826464044587085,0.3598414216433339,0.3240095534774318,True,True,10,0.4666336148788595,0.0072434957499295,0.4666336148788595,0.0072434957499295,,,,,195.015438,27.964525,GiC,0.01778,17.26,18.49,1.2299995,17.207,16.401,16.026,15.919,0.80600166,1.1810017,7.15,,,NED,,,2007SDSS6.C...0000:,-17.74,False,0.89375,Members of systems,,2668.9116594673533,False,1.237667444048724e+18,9.422453,7.926310613697409,17.79433,16.6457,16.29974,0.0094071,0.006945321,0.008212235,0.03074882,0.02127189,0.0158073,17.76358118,16.62442811,16.2839327,True,1.139153069999999,1.479648479999998,17.20481,16.39346,16.02829,0.009123255,0.006616065,0.007813034,17.17406118,16.37218811,16.0124827,17.081480868699998,0.005627364442639,"SDSS(cModelMag g,r)",17.081480868699998,SDSS,Vmag_sdss,1.479648479999998,1.139153069999999,SDSS(cModel extcorr),-17.918519131300002,0.89375,7.926310613697409,SDSS,False,3.2,25.36419396383171,,,,1.479648479999998,g-i,,1.0,0.0,6.189979712058423,1.2259049075518114,1.2259049075518114,NGC 4889,2.6149297151740294,948659310.2687525,4.695446512465112,4.140232257504728,5.284277745147377,4.695446512465112,1.486548166683064,0.061399639816936,1.462429712622502,0.0411018333774981,0.0305158699821414,0.0139003905178583,1.493298529477318,0.0605335096845764,1.4784015446510166,0.0567330439829845,0.0168374920351407,0.0018599584927526,0.5653041668223229,-0.09887503939683656,0.5837521899995055,-0.0814502528308434,-0.013631384095875249,-0.02224142564730045,0.1173275898291705,180.05921101178336,35.66012825522634,35.66012825522634,76.0652220633739,136.5850024896686,120.43447448455868,153.71340873780588,136.5850024896686,-0.9305998506155387,8.977110273296269,0.00764938905821462,0.01176950695225537,0.006155209006693085,0.009867811913440216,0.010321664290316841,0.012158185445442136,-0.10652442845505118,-0.09667012558801835,-0.08710553244458119
SDSS J130033.33+275849.3,13,31,1666.705477008653,6666.82190803461,1666.705477008653,6666.82190803461,1.0,1.0,1.0,1.0,1.0,1.0,True,True,True,True,True,13,29,1.360935226,13,29,True,0.679577751912681,0.6499273733034796,1.360935226,1.451525561,1.4025198015384617,1.4714440594137932,0.0296503786092013,-0.0689242578753315,-0.0905903349999999,0.25,0.25,8.834510774864853,18.84789382580091,0.1887353143670932,0.2124091143565351,0.2308795904432459,0.3257925445522007,True,True,10,0.6889640028525781,0.0514593551115644,0.6889640028525781,0.0514593551115644,,,,,195.138894,27.980364,AG?,0.0172,17.93,19.883,1.9529991,19.081,18.425,18.046,17.767,0.65600014,1.0349998,5.6,,,NED,,,2007SDSS6.C...0000:,-17.07,False,0.7,Other,,2023.575699311731,False,1.2376673243346378e+18,2.985155,2.87915143393122,18.883,18.21784,17.98378,0.01951113,0.01799711,0.0203615,0.0350279,0.02423214,0.01800708,18.8479721,18.19360786,17.96577292,True,0.6543642399999996,0.8821991800000006,19.07247,18.41958,18.04261,0.01881794,0.01724832,0.01971573,19.0374421,18.39534786,18.02460292,18.4518971984,0.0132944048221074,"SDSS(cModelMag g,r)",18.4518971984,SDSS,Vmag_sdss,0.8821991800000006,0.6543642399999996,SDSS(cModel extcorr),-16.548102801600002,0.7,2.87915143393122,SDSS,False,3.2,9.213284588579905,,,,0.8821991800000006,g-i,,1.0,0.0,12.78648642089626,5.575562057885486,5.575562057885486,NGC 4889,9.176988092179403,10558192.339535872,11.238010979748395,10.585858629837157,11.548665794849926,11.238010979748395,1.4633566210551514,-0.1024213950551513,1.460458076142941,-0.0089325151429411,0.0136252783788206,-0.1042156133788205,1.463694867698638,-0.0611750661601764,1.4732689906967422,-0.001824931282949,-0.0045090697608858,-0.0644151881144456,0.5808285926469612,0.09874915926571981,0.5856602685216495,0.06426710478183006,0.0003669517694052937,0.029283426839796005,0.0051238613513063,371.94381301030865,162.18652593228734,162.18652593228734,266.94776270807245,326.9004882864721,307.93014540219,335.93707055429866,326.9004882864721,-2.290402630523228,7.023589569318493,0.04900379060047283,0.05389214687158758,0.034229135884696456,0.04217109995213675,0.0644247858749103,0.060620750143922326,0.04974536866524698,0.10341036198968773,0.1526413061373074
2MASX J12592536+2756038,73,119,966.9935228760526,3867.97409150421,966.9935228760526,3867.97409150421,1.0,1.0,1.0,1.0,1.0,1.0,True,True,True,True,True,68,116,1.5475761775,68,116,True,0.5683750121464094,0.5843664413041739,1.5475761775,1.5162844505000002,1.5373576722500004,1.510698987775862,-0.0159914291577645,0.0266586844741383,0.0312917269999999,0.25,0.25,38.64950082595584,67.78650719128417,0.2193502488691366,0.2140614440303783,0.2402861850992335,0.2471737469121101,True,True,10,0.5685117120462909,0.0264907215676741,0.5685117120462909,0.0264907215676741,,,,,194.85557934601,27.93449232493,GiC,0.02531,17.02,18.094,1.0739994,17.578,16.871,16.55,16.316,0.7069988,1.0279999,8.579999923706055,0.143,90.0,SIMBAD,C,2006AJ....131.1163S,,-17.98,False,1.0724999904632568,Members of systems,E/S0,4517.585880691035,False,1.2376674440486584e+18,2.307695,2.193041545887024,17.54884,16.90173,16.5925,0.006365186,0.005119016,0.005765975,0.03608074,0.02496049,0.01854832,17.51275926,16.87676951,16.57395168,True,0.6359897500000002,0.9388075799999988,17.57126,16.86209,16.54906,0.006325855,0.005087877,0.005734589,17.53517926,16.837129509999997,16.53051168,17.127525307499997,0.0039915406321228,"SDSS(cModelMag g,r)",17.127525307499997,SDSS,Vmag_sdss,0.9388075799999988,0.6359897500000002,SDSS(cModel extcorr),-17.872474692500003,1.0724999904632568,2.193041545887024,SDSS,False,3.0,6.579124637661071,,,,0.9388075799999988,g-i,8.58,1.0,90.0,2.729744081742917,9.780915934680484,2.729744081742917,NGC 4874,6.203938961804454,55677532.40481717,4.366033477022266,4.8557645708570965,4.412367571661328,4.366033477022266,1.485768956978539,0.061807220521461,1.4623634678666189,0.0539209826333813,0.0299483652067531,0.0013433617932467,1.492303879921936,0.0450537923280645,1.4782290966428355,0.0324698911330263,0.016120271700775,0.0105384127733632,0.5658257699726182,0.0025492421737911553,0.5838162992799004,0.0005501420242735033,-0.013161055842276698,-0.002830373315487803,0.032140793971437,79.40503660540521,284.5153115349218,79.40503660540521,180.4652691270774,127.00276571055788,141.2484657719097,128.35056988952834,127.00276571055788,-1.4929433990986591,7.745679979355399,0.024612782463636816,0.028828011528289448,0.018795140164734443,0.020182933636751624,0.03128241034123208,0.034550210297547415,-0.02206354028984566,0.006296743240955527,0.0313772537020806
SDSS J125928.50+280109.3,10,29,450.5119653627032,1802.047861450813,450.5119653627032,1802.047861450813,1.0,1.0,1.0,1.0,1.0,1.0,True,True,True,True,True,10,27,1.562636256,10,27,True,0.4401918526935347,0.5933536174971172,1.562636256,1.457851977,1.6329890269999996,1.4656391385185183,-0.1531617648035825,0.1673498884814812,0.1047842789999999,0.25,0.25,4.401918526935347,16.020547672422165,0.3121692846037329,0.2333017895165325,0.3420769324355043,0.2709059254630578,True,True,10,0.4412033066347522,0.0894323924572176,0.4412033066347522,0.0894323924572176,,,,,194.868763,28.01926,AG?,0.02,18.07,19.32,1.25,18.957,18.273,17.981,17.7,0.684,0.97599983,,,,,,,,-16.93,False,,Other,dE...,,False,1.2376673243345715e+18,1.546279,1.4968843288803138,19.44061,18.70204,18.3377,0.01648695,0.01424145,0.01676991,0.02756381,0.01906852,0.01416995,19.41304619,18.68297148,18.32353005,True,0.7300747100000002,1.089516139999997,19.37617,18.70203,18.37457,0.01651298,0.01424145,0.0165647,19.34860619,18.68296148,18.36040005,18.9723021111,0.0107839751387107,"SDSS(cModelMag g,r)",18.9723021111,SDSS,Vmag_sdss,1.089516139999997,0.7300747100000002,SDSS(cModel extcorr),-16.027697888900004,,1.4968843288803138,SDSS,False,3.2,4.790029852417004,,,,1.089516139999997,g-i,,1.0,0.0,3.9364758003449736,9.099940169738574,3.9364758003449736,NGC 4874,6.007658358463847,20254446.13837329,4.251613668608372,6.723889558154812,7.304298487099928,4.251613668608372,1.4545498124844205,0.1080864435155797,1.4597093625675224,-0.0018573855675223,0.0072112079549067,0.0975730710450931,1.4524531080306788,0.1805359189693207,1.4713199433637418,-0.0056808048452234,-0.0126152601113307,0.1799651485928119,0.586723872271772,-0.1465320195782373,0.5863848464584569,0.006968771038660337,0.005682710634823451,-0.15884447543840596,0.0160229184353294,114.50743940183119,264.70652949404956,114.50743940183119,174.7556978169198,123.67442840001861,195.59001888378032,212.4734302472238,123.67442840001861,-1.7952583780817502,7.306520371817954,0.09343898292813926,0.09805237320415958,0.038909754327953294,0.04533172352593222,0.10885739555477608,0.0998939215872659,-0.23997100250637657,-0.14131162149327986,-0.04847964637407773
LEDA 1821898,23,55,333.80440259420726,1335.2176103768288,333.80440259420726,1335.2176103768288,1.0,1.0,1.0,1.0,1.0,1.0,True,True,True,True,True,19,54,1.613631065,19,54,True,0.541637622707596,0.599940690135337,1.613631065,1.5186137245,1.5983722641052631,1.5315703084814818,-0.058303067427741,0.0668019556237815,0.0950173405000001,0.25,0.25,10.291114831444323,32.3967972673082,0.1899048077213871,0.19667776164964,0.1589932022903437,0.2142463727222286,True,True,10,0.5422660933015242,0.0433400853171534,0.5422660933015242,0.0433400853171534,,,,,194.89658333333333,27.934722222222224,GiC,0.013986,18.055,18.894,0.8389988,19.052,18.382,18.634,17.93,0.6700001,0.41799927,18.0,0.22,140.0,SIMBAD,E,2003A&A...412...45P,,-16.945,False,2.25,Members of systems,dE,5309.701121044464,False,1.2376674440486584e+18,1.644091,1.504632345685636,19.03822,18.33431,18.69287,0.02135029,0.01277457,0.03714409,0.03265684,0.02259186,0.01678817,19.00556316,18.31171814,18.67608183,True,0.6938450199999977,0.3294813300000001,19.04652,18.37262,18.63309,0.01436916,0.01167669,0.0226659,19.01386316,18.350028140000003,18.61630183,18.586194598199995,0.0115512837846124,"SDSS(cModelMag g,r)",18.586194598199995,SDSS,Vmag_sdss,0.3294813300000001,0.6938450199999977,SDSS(cModel extcorr),-16.413805401800005,2.25,1.504632345685636,SDSS,False,3.2,4.814823506194036,,,,0.3294813300000001,g-i,13.2,0.7333333333333333,140.0,1.4762016110232756,7.699363667759468,1.4762016110232756,NGC 4874,4.202187406603415,344110770.7383304,2.6925663184285145,2.686683262469344,2.434267919951952,2.6925663184285145,1.4610839071304325,0.1525471578695676,1.4602648606603048,0.0583488638396951,0.0119700423135103,0.0830472981864897,1.4607937823019794,0.1375784818032837,1.4727660131449911,0.0588042953364906,-0.0066009798481685,0.07340293547195,0.5823499478559241,-0.04071232514832812,0.58584725548217,0.014093434653167036,0.0017387539491456327,-0.060041821376886635,0.0405298283625148,42.94096422600129,223.96541051804914,42.94096422600129,122.23667671845216,78.32357930813274,78.15244814718841,70.80998346472555,78.32357930813274,-1.39222523542363,8.536698266340826,0.03636319222457479,0.0441749405549558,0.023213045728933363,0.027046405336203318,0.04766832788567641,0.04905641031469698,-0.07707551737290291,-0.03672626671988488,0.0034626154066276756
LEDA 1822726,24,49,564.444221629636,2257.7768865185444,564.444221629636,2257.7768865185444,1.0,1.0,1.0,1.0,1.0,1.0,True,True,True,True,True,23,49,1.39155106,23,49,True,0.6050453522958182,0.550637658860252,1.39155106,1.534906928,1.403175332521739,1.5103650990408162,0.0544076934355662,-0.107189766519077,-0.143355868,0.2499999999999999,0.2499999999999999,13.91604310280382,26.981245284152347,0.2434033600516125,0.2590619381910993,0.3080758779548924,0.3344606019614916,True,True,10,0.6103481519851449,0.0490151548290392,0.6103481519851449,0.0490151548290392,,,,,194.8320833333333,27.96833333333333,GiC,0.0257,17.7,18.995,1.2950001,,,,16.74,,,15.0,0.15,132.0,SIMBAD,E,2003A&A...412...45P,,-17.3,False,1.875,Members of systems,E,8015.789974468368,False,1.2376674440485934e+18,2.898254,2.163066977359321,18.12296,17.42215,17.06719,0.0110812,0.008891906,0.01078947,0.03495746,0.02418341,0.01797086,18.08800254,17.39796659,17.04921914,True,0.6900359499999986,1.0387833999999962,17.85776,17.16272,16.83729,0.01077501,0.008615483,0.01038941,17.822802539999998,17.13853659,16.81931914,17.670881329499995,0.0069400557722083,"SDSS(cModelMag g,r)",17.670881329499995,SDSS,Vmag_sdss,1.0387833999999962,0.6900359499999986,SDSS(cModel extcorr),-17.329118670500005,1.875,2.163066977359321,SDSS,False,3.2,6.9218143275498285,,,,1.0387833999999962,g-i,9.0,0.6,132.0,3.576827064912382,10.69842772302969,3.576827064912382,NGC 4874,7.110535658130785,25342835.633193992,5.036946055865869,6.492513096829805,6.401706381937094,5.036946055865869,1.476573746951253,-0.0850226869512529,1.46158173422032,0.0733251937796801,0.0232514188380419,-0.1666072868380419,1.4805663315929416,-0.0773909990712025,1.4761940916309608,0.0341710074098553,0.0076565788437253,-0.1148463453628023,0.5719810456192213,0.03306430667659699,0.5845728328478292,-0.03393517398757728,-0.007610859215501392,0.06201855265106759,0.0226669542619186,104.04568176194334,311.20464758918007,104.04568176194334,206.83709802474016,146.5188215336694,188.85955044755585,186.21809018455988,146.5188215336694,-1.6446068317087834,7.403855206875341,0.04734517716651386,0.0484786229696164,0.035006180026335806,0.036148387678535975,0.061312780894466574,0.05965374269138926,-0.014280870489916869,0.03523308337607878,0.08154292964621339
SDSS J130044.10+280215.4,22,88,2267.074491032358,9068.297964129431,2267.074491032358,9068.297964129431,1.0,1.0,1.0,1.0,1.0,1.0,True,True,True,True,True,22,85,1.3154088604999998,22,85,True,0.6044006160351754,0.639694631289752,1.3154088604999998,1.416404497,1.4474980344090909,1.4404408829058823,-0.0352940152545766,0.0070571515032085,-0.1009956365000002,0.25,0.25,13.29681355277386,54.37404365962892,0.2921567173758779,0.2104208153234664,0.3530114101417388,0.2410960342323984,True,True,10,0.6034520149570772,0.0590008955651071,0.6034520149570772,0.0590008955651071,,,,,195.183767,28.037623,G,0.0296505124221637,18.74,,,19.762,19.025,18.76,18.55,0.7369995,1.0019989,5.04,,,NED,,,2007SDSS6.C...0000:,-16.26,False,0.63,Regular galaxies,dE,3092.507251557792,False,1.237667324334703e+18,3.67666,3.3579016494928724,19.80252,19.01752,18.73545,0.0376345,0.03206315,0.04505836,0.03542991,0.02451025,0.01821374,19.76709009,18.99300975,18.71723626,True,0.7740803399999976,1.04985383,19.75126,19.01752,18.75314,0.03781127,0.03206316,0.04085517,19.71583009,18.99300975,18.73492626,19.3003826894,0.0244121290320374,"SDSS(cModelMag g,r)",19.3003826894,SDSS,Vmag_sdss,1.04985383,0.7740803399999976,SDSS(cModel extcorr),-15.6996173106,0.63,3.3579016494928724,SDSS,False,3.2,10.745285278377192,,,,1.04985383,g-i,,1.0,0.0,15.812851724050397,8.739746534349745,8.739746534349745,NGC 4889,12.2534349633107,2882220.380588912,14.179099233631849,14.07456911019516,15.169843993491948,14.179099233631849,1.4489977072326228,-0.1335888467326229,1.4592373486091414,-0.0428328516091414,0.0031675644715721,-0.1041632009715723,1.445365928561449,0.0021321058476417,1.4700911990522645,-0.0296503161463821,-0.017725672317445,0.0247828238206535,0.5904404527677428,0.013960163267432546,0.5868416445069184,0.052852986782833566,0.009033941955107178,-0.04432795720968378,0.0108471853924687,459.97721119056865,254.22892135694457,254.22892135694457,356.4379746479371,412.4532776564674,409.41261962065687,441.2728745005329,412.4532776564674,-1.964682937123729,6.45972718481055,0.056876078869704014,0.05871165365401819,0.02178496896797543,0.02548644671203834,0.0639999805801574,0.060953442718867476,-0.04291591560227147,0.018141992033097132,0.07267181692145074
LEDA 44652,47,231,903.290910772001,3613.163643088004,903.290910772001,3613.163643088004,1.0,1.0,1.0,1.0,1.0,1.0,True,True,True,True,True,46,228,1.5155425335,46,228,True,0.5665685604073267,0.5745474666237452,1.5155425335,1.49488637,1.5494708003043485,1.5087534968684209,-0.0079789062164185,0.0407173034359273,0.0206561634999999,0.25,0.25,26.062153778737027,130.9968223902139,0.2410214442652135,0.2352109236419905,0.236999225713255,0.3009790883944045,True,True,10,0.5652844408015123,0.0345543748055121,0.5652844408015123,0.0345543748055121,,,,,194.93419145873,27.958426533770005,G,0.02303,15.65,16.982,1.3320007,16.086,15.334,14.98,14.705,0.7520008,1.1060009,29.214000701904297,0.245933,17.0,SIMBAD,B,2023ApJS..269....3M,,-19.35,False,3.651750087738037,Regular galaxies,,14034.977986785983,False,1.2376674440486584e+18,4.470431,2.9823621949387413,16.39336,15.69551,15.2701,0.00375288,0.003144176,0.003308895,0.02879819,0.01992246,0.01480452,16.36456181,15.67558754,15.25529548,True,0.688974270000001,1.1092663300000023,16.56185,15.82116,15.46881,0.003718602,0.00312167,0.003297646,16.53305181,15.80123754,15.45400548,15.9480669907,0.0024101453181839,"SDSS(cModelMag g,r)",15.9480669907,SDSS,Vmag_sdss,1.1092663300000023,0.688974270000001,SDSS(cModel extcorr),-19.0519330093,3.651750087738037,2.9823621949387413,SDSS,False,3.2,9.543559023803972,,,,1.1092663300000023,g-i,14.75598,0.5050995976404609,17.0,1.8768710136025093,5.391951496346297,1.8768710136025093,NGC 4874,1.796724117447937,176670435.0904041,0.821417422941886,1.7766252611808269,2.755925318296296,0.821417422941886,1.5057289215363725,0.0098136119636274,1.464060370474335,0.0308259995256652,0.0444853699916932,-0.0238292064916932,1.5177824767073682,0.0316883235969802,1.4826464647933737,0.0261070320750473,0.0344923381303398,0.0062249653055874,0.552464565238271,0.014103995169055694,0.5821740982689545,-0.00762663164520927,-0.02520882067099789,0.017229914454579387,0.0996669162152474,54.59596470434511,156.84551119846313,54.59596470434511,52.264585999092986,23.89406427263786,51.67993396951604,80.16661790557181,23.89406427263786,-1.0014489789962104,8.247163878587806,0.03289537336744112,0.03636990592812778,0.015256614499139384,0.01650075483936611,0.03554795418232193,0.04049786610091245,-0.018791378198385424,0.017322302538485546,0.05047390109718347
LEDA 44651,212,774,1559.7725873521435,6239.090349408572,1559.7725873521435,6239.090349408572,1.0,1.0,1.0,1.0,1.0,1.0,True,True,True,True,True,205,751,1.574717934,205,751,True,0.5031973102744146,0.5403989619538991,1.574717934,1.538019638,1.57557630557561,1.553316292412783,-0.0372016516794845,0.0222600131628269,0.0366982959999999,0.25,0.25,103.155448606255,405.83962042737824,0.2695000966185641,0.2541286264556083,0.3378151970136724,0.2993056617868342,True,True,10,0.5027427681938661,0.018821643277134,0.5027427681938661,0.018821643277134,,,,,194.91780643067,27.96824372093,EmG,0.02527,16.02,17.375,1.3549995,16.524,15.713,15.343,15.066,0.8109999,1.1809998,15.59999942779541,0.17,,SIMBAD,E,2003A&A...412...45P,,-18.98,False,1.9499999284744265,Regular galaxies,,8201.208355040244,False,1.2376674440486584e+18,4.562069,3.4445137577959444,16.52127,15.65185,15.38442,0.004146011,0.003265507,0.003529765,0.02833875,0.01960462,0.01456833,16.49293125,15.63224538,15.36985167,True,0.8606858700000029,1.1230795800000006,16.48264,15.65183,15.30425,0.004147299,0.003265507,0.003532375,16.45430125,15.63222538,15.28968167,15.975126586699998,0.0025693415931882,"SDSS(cModelMag g,r)",15.975126586699998,SDSS,Vmag_sdss,1.1230795800000006,0.8606858700000029,SDSS(cModel extcorr),-19.0248734133,1.9499999284744265,3.4445137577959444,SDSS,False,3.2,11.022444024947022,,,,1.1230795800000006,g-i,10.2,0.6538461778290888,0.0,1.143241826114986,6.165774818373137,1.143241826114986,NGC 4874,2.567857154960452,740049702.939747,0.5123744718224101,2.716126832407561,3.4665675174659327,0.5123744718224101,1.505270992189132,0.0694469418108678,1.4640214394681583,0.0739981985318416,0.044151856317723,-0.0074535603177231,1.5171979367318214,0.0583783688437886,1.482545119798104,0.0707711726146791,0.034070838965691,-0.0118108258028641,0.5527711032456215,-0.0495737929712069,0.5822117742896107,-0.04181281233571155,-0.024932416117886824,-0.012269235561597674,0.1525231343841317,33.25555668703166,179.35511919527767,33.25555668703166,74.69593679159021,14.904369227446612,79.0089268787936,100.83836153744426,14.904369227446612,-0.8166642784590442,8.869260888633118,0.0179495616090819,0.019980400557296604,0.009251181601048174,0.010156709053671685,0.018740165904401744,0.024173948785912995,-0.0675233545802888,-0.04759691593764204,-0.029593392413910295
LEDA 44692,55,217,1759.5311113829184,7038.124445531674,2029.5830833781688,10045.704616680954,1.153479509539903,1.4273269383661888,1.0,1.0,1.153479509539903,1.4273269383661888,True,True,True,True,True,54,214,1.4622908815,54,214,True,0.5703379484063568,0.5101291730494677,1.4622908815,1.4973105005,1.496293698962963,1.4884524612803738,0.060208775356889,0.0078412376825891,-0.035019619,0.2020349155009031,0.25,30.798249213943265,109.16764303258608,0.2371925018641782,0.2734159162484525,0.2097837430187454,0.3237355580580379,True,True,10,0.5694968486123768,0.0301650053177488,0.5694968486123768,0.0301650053177488,,,,,194.997788,27.940571,AG?,0.02037,17.0,18.426,1.4260006,17.949,17.251,16.93,16.753,0.69799995,1.0189991,15.0,0.19,152.0,SIMBAD,E,2003A&A...412...45P,,-18.0,False,1.875,Other,,6394.566526569033,False,1.237667444048659e+18,3.603683,3.39333514899597,17.77126,17.03383,16.77582,0.01014868,0.008201313,0.01231581,0.03052491,0.02111699,0.01569219,17.74073509,17.01271301,16.76012781,True,0.7280220800000023,0.980607280000001,17.94316,17.24211,16.92641,0.009819054,0.007915523,0.01199781,17.91263509,17.22099301,16.91071781,17.301202062799998,0.0063817958634173,"SDSS(cModelMag g,r)",17.301202062799998,SDSS,Vmag_sdss,0.980607280000001,0.7280220800000023,SDSS(cModel extcorr),-17.698797937200002,1.875,3.39333514899597,SDSS,False,3.2,10.858672476787106,,,,0.980607280000001,g-i,11.4,0.76,152.0,5.365422707671368,2.9006686586244066,2.9006686586244066,NGC 4889,2.350966696447629,78351167.74373455,4.157109190852259,2.7463224734333567,3.730435362824387,4.157109190852259,1.4828298265057362,-0.0205389450057362,1.4621135967734482,0.0351969037265518,0.0278077725407241,-0.0628273915407241,1.4885521237502584,0.0077415752127045,1.4775786334968108,0.0108738277835629,0.0134149612712383,-0.0055737235886492,0.567793224567755,0.0025447238386017146,0.5840581154925372,-0.07392894244306947,-0.011387006963850255,0.07159578232073925,0.0762362720040775,156.07382001689098,84.3770310040055,84.3770310040055,68.386849096242,120.92540457548208,79.88728247154428,108.5139660235247,120.92540457548208,-1.1178383490911785,7.894045473566331,0.03136489105660443,0.034068266250491926,0.017360976850186532,0.01989446065986071,0.03573771695646326,0.03810863754342439,-0.028820167218002714,0.005753474781919121,0.03661299008909364
NGC 4871,418,1523,4264.003538064057,17056.014152256226,4264.003538064057,17056.014152256226,1.0,1.0,1.0,1.0,1.0,1.0,True,True,True,True,True,410,1476,1.5451557765,410,1476,True,0.5401116790356604,0.5207210895838686,1.5451557765,1.561657926,1.556131839204878,1.5699362634322491,0.0193905894517917,-0.0138044242273711,-0.0165021494999999,0.25,0.25,221.4457884046208,768.58432822579,0.2535383850413814,0.2636821792235652,0.2861637328473075,0.3109614834997292,True,True,10,0.5411582990763254,0.0131755426623294,0.5411582990763254,0.0131755426623294,,,,,194.87484625967,27.95643601638,LIN,0.02267,14.07,15.1,1.0300007,14.941,14.106,13.714,13.427,0.83500004,1.2270002,52.43561935424805,0.50443,173.0,SIMBAD,B,2023ApJS..269....3M,,-20.93,True,6.554452419281006,Active (AGN/Seyfert/QSO),,24808.144936631103,False,1.2376674440486584e+18,7.112396,6.061512107483321,14.75373,13.95491,13.51942,0.00225232,0.001986918,0.002022592,0.03223551,0.02230038,0.01657157,14.72149449,13.93260962,13.50284843,True,0.7888848700000004,1.2186460599999993,14.78072,13.95487,13.55432,0.002252901,0.001986918,0.002023563,14.74848449,13.93256962,13.53774843,14.246052416699998,0.0014923157559214,"SDSS(cModelMag g,r)",14.246052416699998,SDSS,Vmag_sdss,1.2186460599999993,0.7888848700000004,SDSS(cModel extcorr),-20.753947583300004,6.554452419281006,6.061512107483321,SDSS,False,3.2,19.39683874394663,,,,1.2186460599999993,g-i,30.2658,0.5771992468617239,173.0,1.2800806234345117,8.510292224237439,1.2800806234345117,NGC 4874,4.895281890110502,524721496.4463904,2.8966461809391744,4.120441608021069,4.137281695045918,2.8966461809391744,1.534532101852338,0.0106236746476617,1.466509081825853,0.095148844174147,0.0654629608517111,-0.081965110351711,1.5545493063919722,0.0015825328129057,1.489020937603347,0.0809153258289021,0.0610041057546955,-0.0748085299820666,0.5331837098997327,0.006927969135927636,0.579804323929111,-0.05908323434524232,-0.04259431961617616,0.06198490906796786,0.1323226007854637,37.23603594985652,247.5543660330248,37.23603594985652,142.39797799279916,84.26002187118,119.8587878268954,120.34864610173874,84.26002187118,-0.8783659716996659,8.719928856454512,0.01360851742551383,0.013478487786625623,0.008352730351606816,0.007319796775314767,0.011137124232334261,0.019677083170667645,-0.006680548289586192,0.007327604369832319,0.02040645692255326
LEDA 44636,1074,2840,13152.60498333862,52610.41993335448,13152.60498333862,52610.41993335448,1.0,1.0,1.0,1.0,1.0,1.0,True,True,True,True,True,1048,2772,1.513997793,1048,2772,True,0.5585494082945325,0.5446886582622114,1.513997793,1.5287494275000002,1.5238728218931297,1.5448771286262626,0.0138607500323211,-0.0210043067331329,-0.0147516345,0.25,0.25,585.3597798926701,1509.8769607028498,0.2500668298979386,0.2540314739456564,0.3118420051521134,0.3017954997927125,True,True,10,0.5584053574929821,0.0076759280222324,0.5584053574929821,0.0076759280222324,,,,,194.90967227334,27.9872092223,G,0.02274,15.89,17.13,1.2399988,16.067,15.302,14.949,14.69,0.7649994,1.1179991,16.380001068115234,0.191,40.0,SIMBAD,C,2006AJ....131.1163S,,-19.11,False,2.0475001335144043,Regular galaxies,,7772.914363365936,False,1.2376674440486584e+18,11.87046,9.669535656718242,15.95328,15.08686,14.78829,0.004022595,0.003141123,0.003505534,0.02670622,0.01847524,0.01372908,15.92657378,15.06838476,14.77456092,True,0.8581890200000011,1.1520128599999993,15.88893,15.08683,14.75734,0.004017561,0.003141123,0.003505975,15.86222378,15.06835476,14.74361092,15.410242258199998,0.0024808574586486,"SDSS(cModelMag g,r)",15.410242258199998,SDSS,Vmag_sdss,1.1520128599999993,0.8581890200000011,SDSS(cModel extcorr),-19.5897577418,2.0475001335144043,9.669535656718242,SDSS,False,3.2,30.94251410149837,,,,1.1520128599999993,g-i,11.46,0.6996336540116384,40.0,1.7740098519987533,6.602014748429761,1.7740098519987533,NGC 4874,3.209572672402764,202123181.63643128,1.3586289450693565,3.907450396804947,4.67924577881494,1.3586289450693565,1.5148305255914876,-0.0008327325914876,1.4648341461797358,0.0639152813202643,0.0511141423683412,-0.0658657768683412,1.529400538410285,-0.005527716517155,1.4846607537343874,0.0602163748918751,0.0428698717593034,-0.0638741784924363,0.5463719494503521,0.012177458844180422,0.581425266108595,-0.03673660784638366,-0.0307025170602096,0.0445632670925307,0.0731253163881032,51.60385480032592,192.04482437554077,51.60385480032592,93.36268452576927,39.52091400726241,113.6631246376754,136.11374225061172,39.52091400726241,-1.1359322418627873,8.30561612588259,0.007516275141857791,0.009913183519588378,0.005474989653841744,0.005821871719356348,0.006673439230810124,0.013680438611999947,0.004661183702322631,0.013673264236164995,0.0220906423637688
LEDA 44708,3981,1883,31481.600505502665,125926.40202201066,54666.974861890216,134131.70564931387,1.736473812769938,1.065159517746477,0.9722,0.9652,1.736473812769938,1.065159517746477,True,True,True,True,True,3813,1836,1.584946206,3813,1836,True,0.4415438781521849,0.5725862688598689,1.584946206,1.4503671895,1.601456671849987,1.4667225709836604,-0.1310423907076839,0.1347341008663265,0.1345790164999998,0.407561915337277,0.25,1683.606807394281,1051.2683896267192,0.2934580324145505,0.2529678529442778,0.359632394535276,0.3079711058862249,True,True,10,0.4420439573666257,0.004699767465635,0.4420439573666257,0.004699767465635,,,,,195.02544773316,27.97831516639,GiC,0.02546,15.994,16.9,0.9059992,15.673,15.063,14.668,14.47,0.6100006,1.0050001,33.0,0.19,141.0,SIMBAD,E,2003A&A...412...45P,,-19.006,False,4.125,Members of systems,,17475.131767561055,True,1.237667444048724e+18,29.67596,21.289625536295947,14.9193,14.1867,14.21833,0.003678388,0.002947346,0.003564937,0.03112322,0.0215309,0.01599977,14.88817678,14.1651691,14.20233023,True,0.7230076800000003,0.6858465500000008,14.86612,14.16533,13.99254,0.003643368,0.0029113,0.003584315,14.83499678,14.1437991,13.97654023,14.4516022488,0.0023018200250846,"SDSS(cModelMag g,r)",14.4516022488,SDSS,Vmag_sdss,0.6858465500000008,0.7230076800000003,SDSS(cModel extcorr),-20.5483977512,4.125,21.289625536295947,SDSS,False,4.8,102.19020257422056,,,,0.6858465500000008,g-i,11.4,0.3454545454545454,141.0,6.808717792229988,0.4460255600518625,0.4460255600518625,NGC 4889,3.195093429759157,19604608378.98008,5.231906951641359,5.026675708751676,6.211031601618863,5.231906951641359,1.5310535835315586,0.0538926224684412,1.4662133545066778,-0.0158461650066776,0.0629295276220499,0.0716494888779498,1.550109029684612,0.0513476421653749,1.488251101765375,-0.0215285307817145,0.0578023180220244,0.0769317828443021,0.5355122308408119,-0.09396835268862702,0.5800905181398486,-0.0075042492799797245,-0.04049469811836626,-0.09054769258931764,0.0694387531018002,198.05757218922076,12.97435761826115,12.97435761826115,92.94150043022577,152.19000410686908,146.22006924622713,180.67158565610987,152.19000410686908,-1.1583980863031895,10.292358171270417,0.006396265135253376,0.007464589367541852,0.006869872085712485,0.0064180214731750325,0.005364333515640737,0.01402855021169959,-0.1003646178238804,-0.0933668588162832,-0.08650376332108517
NGC 4867,53,66,858.6837952120765,3434.7351808483063,858.6837952120765,2465.4529128129143,1.0,0.7178,1.0,0.7178,1.0,0.7178,True,False,False,True,True,46,66,1.487952663,46,66,True,0.5717669794032723,0.5726736428704289,1.487952663,1.5239978915,1.5246954323260868,1.523952575530303,-0.0009066634671566,0.0007428567957838,-0.0360452285000001,0.3482864307606575,0.2499999999999999,26.301281052550525,37.7964604294483,0.2483947252938924,0.2405867120064365,0.3313365048830479,0.3152209084034955,True,True,10,0.5778033948228964,0.0339630158885304,0.5778033948228964,0.0339630158885304,,,,,194.81354404998,27.970726764919995,GiG,0.01608,14.14,15.5,1.3599997,15.032,14.241,13.841,13.55,0.7909994,1.191,40.27842330932617,0.416479,29.0,SIMBAD,B,2023ApJS..269....3M,,-20.86,True,5.034802913665772,Members of systems,,13625.543880861853,False,1.2376674440485932e+18,3.110425,2.6237095855033408,15.11597,14.36658,13.93513,0.002393813,0.002170279,0.002220664,0.03611428,0.02498369,0.01856556,15.07985572,14.341596310000002,13.916564439999998,True,0.7382594099999995,1.1632912800000028,15.12918,14.34617,13.94233,0.002383182,0.002156744,0.002211281,15.09306572,14.321186310000002,13.92376444,14.6342826681,0.0016133381188074,"SDSS(cModelMag g,r)",14.6342826681,SDSS,Vmag_sdss,1.1632912800000028,0.7382594099999995,SDSS(cModel extcorr),-20.3657173319,5.034802913665772,2.6237095855033408,SDSS,False,3.2,8.395870673610691,,,,1.1632912800000028,g-i,24.98874,0.6204001534045659,29.0,4.569675982565631,11.674099701382229,4.569675982565631,NGC 4874,8.094370235768503,12565299.208565678,6.017478753601243,7.467228679649561,7.324685765794328,6.017478753601243,1.527962084118056,-0.0400094211180559,1.4659505297205253,0.0580473617794747,0.0606779634152842,-0.0967231919152843,1.546162776834773,-0.0214673445086861,1.4875669176323298,0.0363856578979731,0.0549567602342205,-0.0542139034384367,0.5375816812388946,0.03418529816437765,0.5803448704683551,-0.007671227597926267,-0.03862867988000254,0.03772201641284594,0.023831011415295,132.92648607512874,339.58579499201113,132.92648607512874,235.45568581598343,175.04136153191047,217.21287743205622,213.0664721451221,175.04136153191047,-1.6228575253094306,7.09917283459846,0.0331043037083736,0.035958106190083355,0.028980325081243943,0.02759826822774861,0.039856121911664724,0.04859768199912636,0.0010809944560040536,0.03570404961827278,0.07014340435446101
LEDA 93586,134,383,8287.461924212645,33149.84769685058,8287.461924212645,34775.9182779724,1.0,1.0490521282629093,1.0,0.972,1.0,1.0490521282629093,True,True,True,True,True,133,370,1.458541362,133,370,True,0.5596081338764963,0.5726955094158016,1.458541362,1.4765403715,1.453474346556391,1.4691551547,-0.0130873755393052,-0.0156808081436088,-0.0179990094999999,0.238310369203451,0.25,74.42788180557402,211.8973384838466,0.2658720719762756,0.2489981524137699,0.3439910974518069,0.3157092029084136,True,True,10,0.5604231048233814,0.0219157404450446,0.5604231048233814,0.0219157404450446,,,,,195.07823815868,27.93707411511,AG?,0.01762,15.44,17.014,1.5740004,16.015,15.328,14.969,14.712,0.6869993,1.0459995,24.275821685791016,0.351716,21.0,SIMBAD,B,2023ApJS..269....3M,,-19.560001,False,3.034477710723877,Other,,8981.746748780071,False,1.237667444048724e+18,8.799917,6.885906656543145,16.25826,15.61518,15.28695,0.004178265,0.003474837,0.003990825,0.03321066,0.02297498,0.01707287,16.225049339999998,15.59220502,15.26987713,True,0.6328443199999985,0.9551722099999987,16.10304,15.43026,15.09065,0.004094635,0.003405106,0.003888506,16.06982934,15.40728502,15.07357713,15.841671191199998,0.0026716667923643,"SDSS(cModelMag g,r)",15.841671191199998,SDSS,Vmag_sdss,0.9551722099999987,0.6328443199999985,SDSS(cModel extcorr),-19.1583288088,3.034477710723877,6.885906656543145,SDSS,False,3.2,22.034901300938063,,,,0.9551722099999987,g-i,21.10296,0.8692995142715133,21.0,9.603819551299852,3.3627549725350083,3.3627549725350083,NGC 4889,6.220453361781339,46973884.432992496,8.258962992383225,6.960767149064751,7.735418800697746,8.258962992383225,1.5075294568811772,-0.0489880948811771,1.464213443547838,0.012326927952162,0.0457967145508,-0.0637957240507999,1.5200808331956914,-0.0666064866393003,1.4830449438319016,-0.0138897891319016,0.0361496334059744,-0.0518304415495832,0.5512592864761942,0.008348847400302173,0.582025959681087,-0.00933045026528534,-0.026295617510599223,0.013208241971294023,0.0290843476047155,279.36378656264475,97.81857701424563,97.81857701424563,180.94565354972394,240.24349502908436,202.4805086930647,225.01421182141115,240.24349502908436,-1.53634067347984,7.671856474981218,0.021739744664749865,0.02389456338508733,0.012538195203860684,0.013383883307908646,0.02451688637298551,0.029081624129733415,-0.013390897264447693,0.009721932878522521,0.032243410785389504
LEDA 1822111,30,162,5755.339186786747,23021.35674714699,5755.339186786747,23021.35674714699,1.0,1.0,1.0,1.0,1.0,1.0,True,True,True,True,True,26,149,1.443263098,26,149,True,0.651650449022434,0.5449532357073034,1.443263098,1.521892245,1.4136197373076924,1.573265610067114,0.1066972133151306,-0.1596458727594216,-0.078629147,0.2499999999999999,0.2499999999999999,16.942911674583282,81.1980321203882,0.1925273670809071,0.2670257815410512,0.2932895891190947,0.3163649158046051,True,True,10,0.6539033284707061,0.0365670841672209,0.6539033284707061,0.0365670841672209,,,,,195.147592,27.942744,G,0.02325,16.79,18.66,1.8699989,17.396,16.709,16.413,16.809,0.6870003,0.9829998,15.59999942779541,0.16,106.0,SIMBAD,E,2003A&A...412...45P,,-18.21,False,1.9499999284744265,Regular galaxies,Ep,7564.120773938286,False,1.2376674440487245e+18,9.370414,6.820201613629062,17.77633,16.9329,16.86924,0.009347812,0.007510891,0.009751973,0.03400051,0.02352139,0.01747892,17.742329490000003,16.90937861,16.851761080000003,True,0.8329508800000021,0.8905684100000002,17.38996,16.70088,16.4093,0.009112361,0.007235961,0.009469623,17.35595949,16.677358610000002,16.391821080000003,17.240888470799998,0.0058588718016683,"SDSS(cModelMag g,r)",17.240888470799998,SDSS,Vmag_sdss,0.8905684100000002,0.8329508800000021,SDSS(cModel extcorr),-17.759111529200002,1.9499999284744265,6.820201613629062,SDSS,False,3.2,21.824645163613,,,,0.8905684100000002,g-i,9.6,0.6153846379567893,106.0,13.223913206359375,6.374840056939515,6.374840056939515,NGC 4889,9.730213424055975,7186990.201818213,11.804583787926733,10.65058436073202,11.4151669972896,11.804583787926733,1.483850512986579,-0.0405874149865792,1.4622003707527298,0.0596918742472702,0.0285511468194182,-0.1071802938194182,1.4898550148057204,-0.0762352774980279,1.477804523073874,0.0954610869932401,0.0143544479008599,-0.1740003206602816,0.5671099768094432,0.08454047221299077,0.5839741387717448,-0.03902090306444139,-0.012003089755451501,0.1187003030705821,0.0113980650641885,384.6680424148857,185.4365804693622,185.4365804693622,283.04043528587994,343.38142321144255,309.81294059364865,332.0537479461635,343.38142321144255,-1.943168868248538,6.856547052773934,0.03608161034331398,0.040674970017697876,0.020235207087050948,0.02368678100705599,0.041080948279184654,0.04400947288851373,0.04845886186967679,0.08904319530832433,0.12521544223068864
IC 4042,91,92,3980.883723845103,15923.534895380404,3980.883723845103,15910.7960674641,1.0,0.9992,1.0,0.9992,1.0,0.9992,True,True,True,True,True,85,91,1.518715137,85,91,True,0.525271339295365,0.6310292570723631,1.518715137,1.395274766,1.585251344164706,1.4822307761868134,-0.1057579177769981,0.1030205679778926,0.123440371,0.2502001601281026,0.2500000000000001,44.64806384010602,57.42366239358505,0.2691569252911504,0.2503020257915803,0.2634770036784081,0.3329399703153686,True,True,10,0.5240074469051827,0.0302408134059497,0.5240074469051827,0.0302408134059497,,,,,195.17816482645,27.97127198246,AGN,0.02126,14.01,15.272,1.2620001,14.831,14.014,13.615,13.303,0.8170004,1.2160006,45.97157669067383,0.541699,176.0,SIMBAD,B,2023ApJS..269....3M,,-20.99,True,5.7464470863342285,Active (AGN/Seyfert/QSO),SB0...,20432.05701533376,False,1.2376673243347026e+18,5.549952,5.291939620488159,14.70794,13.9173,13.5144,0.002069553,0.001892664,0.001908793,0.03447001,0.02384619,0.01772028,14.67346999,13.89345381,13.49667972,True,0.7800161800000023,1.1767902700000017,14.72069,13.91728,13.50959,0.002069884,0.001892664,0.001908852,14.68621999,13.89343381,13.49186972,14.2032604438,0.0014024751194482,"SDSS(cModelMag g,r)",14.2032604438,SDSS,Vmag_sdss,1.1767902700000017,0.7800161800000023,SDSS(cModel extcorr),-20.7967395562,5.7464470863342285,5.291939620488159,SDSS,False,3.0,15.875818861464476,,,,1.1767902700000017,g-i,32.501940000000005,0.7070007674240508,176.0,14.822780767650086,7.660920391671334,7.660920391671334,NGC 4889,11.230606207253237,4204435.732815439,13.304269486704335,12.481566228943471,13.362724946682183,13.304269486704335,1.53525627009998,-0.01654113309998,1.4665706472151243,-0.0712958812151245,0.0659903784856738,0.0574499925143262,1.55547369634933,0.0297776478153759,1.4891812043084054,-0.0069504281215919,0.061670663408809,0.0413499045690835,0.532698951512972,-0.007427612217607016,0.5797447431705918,0.051284513901771356,-0.04303142503882043,-0.06272649273817767,0.0075574689722375,431.17721449464426,222.84714094639725,222.84714094639725,326.6850921858027,387.0055118593443,363.0740441679932,388.705912263313,387.0055118593443,-2.121623627175445,6.623707718429253,0.026818500956456257,0.02779299502113897,0.028237697334608756,0.02445625495452232,0.03239526841211811,0.04420536913167844,-0.03424611317406327,-0.006365410363350865,0.020365382803531954
CAIRNS J125935.95+275421.4,67,128,2272.042714108341,9088.170856433366,2272.042714108341,8857.331316679958,1.0,0.9746,1.0,0.9746,1.0,0.9746,True,True,True,True,True,65,127,1.505080024,65,127,True,0.5757995839165877,0.5842857166653612,1.505080024,1.496268642,1.5160911035230769,1.5008717774409448,-0.0084861327487735,0.015219326082132,0.0088113819999999,0.2565154935358095,0.2499999999999999,37.4269729545782,74.20428601650087,0.2539433889621098,0.2324820101569226,0.2929954558075633,0.2793831754242019,True,True,10,0.5808091141340952,0.0300416483680289,0.5808091141340952,0.0300416483680289,,,,,194.89954166666664,27.906166666666664,GiC,0.0302008931792406,18.345,19.184,0.8390007,,,,16.71,,,,,,,,,,-16.655,False,,Members of systems,,,False,1.2376674440486587e+18,3.673451,3.361579004288147,18.60003,17.70458,17.3414,0.01309603,0.009878217,0.01165858,0.03478783,0.02406606,0.01788366,18.56524217,17.68051394,17.32351634,True,0.8847282300000003,1.24172583,18.37535,17.63023,17.30597,0.01289362,0.009743822,0.01164009,18.34056217,17.606163940000002,17.28808634,18.0332525143,0.0079244853685018,"SDSS(cModelMag g,r)",18.0332525143,SDSS,Vmag_sdss,1.24172583,0.8847282300000003,SDSS(cModel extcorr),-16.9667474857,,3.361579004288147,SDSS,False,3.2,10.757052813722073,,,,1.24172583,g-i,,1.0,0.0,3.185148063971962,8.28684203781493,3.185148063971962,NGC 4874,5.131635212573402,36933752.36205925,4.132778316254597,2.9317959650935865,1.9180680144259377,4.132778316254597,1.4704413420138644,0.0346386819861355,1.461060385903309,0.035208256096691,0.0187851383664656,-0.0099737563664657,1.472738408238068,0.0433526952850089,1.4748369203705545,0.0260348570703903,0.0020120322035623,0.0132072938785696,0.5760860788543736,-0.000286494937785875,0.5850773749054331,-0.0007916582400718797,-0.00390936103367473,-0.0045767717150987704,0.0202112474603541,92.65220146638951,241.05446358757825,92.65220146638951,149.27321745114162,120.21764812278366,85.28248764594638,55.79433688153784,120.21764812278366,-1.6944068805258308,7.567423432951569,0.028978767335895057,0.031136283623484893,0.01973151524636415,0.02348373163603094,0.03631044630009227,0.035201451267541754,-0.029265262273680932,0.0028376288966611707,0.030849788685699018
LEDA 44707,71,191,3768.594166202645,15074.376664810576,3768.594166202645,15212.502511803705,1.0,1.009162955793427,1.0,1.0,1.0,1.009162955793427,True,True,True,True,True,68,187,1.4313190135,68,187,True,0.5972603346068638,0.6089883524574078,1.4313190135,1.432839287,1.4401131784558825,1.4561916166203208,-0.011728017850544,-0.0160784381644385,-0.0015202734999999,0.2477300604077805,0.25,40.613702753266736,113.88082190953526,0.2309343643684311,0.2328686945756453,0.3050555938146028,0.2971674147717358,True,True,10,0.598169771573847,0.0267232209508226,0.598169771573847,0.0267232209508226,,,,,195.02249754606,28.02444605387,AG?,0.01969,15.42,17.106,1.6860008,16.097,15.42,15.058,14.808,0.67700005,1.0390005,30.13859939575196,0.259443,158.0,SIMBAD,B,2023ApJS..269....3M,,-19.58,False,3.767324924468994,Other,,12429.57926006816,False,1.237667324334637e+18,8.0829,6.024065583983504,16.20411,15.57045,15.21019,0.003592683,0.003169328,0.003341872,0.03196341,0.02211214,0.01643169,16.17214659,15.548337859999998,15.193758310000002,True,0.6238087300000021,0.978388279999999,16.08733,15.42348,15.05789,0.003533961,0.00310904,0.003277407,16.055366590000002,15.40136786,15.04145831,15.794099439299998,0.0023803924597612,"SDSS(cModelMag g,r)",15.794099439299998,SDSS,Vmag_sdss,0.978388279999999,0.6238087300000021,SDSS(cModel extcorr),-19.2059005607,3.767324924468994,6.024065583983504,SDSS,False,3.2,19.27700986874721,,,,0.978388279999999,g-i,15.566579999999998,0.5164997814130046,158.0,7.632822317137605,2.9069034241405785,2.9069034241405785,NGC 4889,4.504489693213677,73267944.5386993,5.998376595945934,6.879662300447626,8.16173295125818,5.998376595945934,1.5083345132942385,-0.0770154997942382,1.4642818856697026,-0.0314425986697026,0.0463830436945671,-0.047903317194567,1.5211084756886668,-0.0809952972327843,1.483223112011917,-0.0270314953915962,0.0368906442358007,-0.0529690824002393,0.5507203815334303,0.046539953073433504,0.5819597238693165,0.027028628588091297,-0.026781546747112195,0.015053528896568195,0.0763644191661429,222.02980108959,84.5583929812505,84.5583929812505,131.03029378121323,174.48570228971013,200.1212642802307,237.4151877799485,174.48570228971013,-1.1171089471728533,7.864914007998373,0.026104283210781475,0.02973173436957867,0.015968773927414553,0.01683946386466075,0.02959282899905407,0.03552465224897475,0.02043566986265203,0.04726684664568337,0.07627168744301217
LEDA 126789,11,64,2021.767797951054,8087.071191804214,2021.767797951054,8087.071191804214,1.0,1.0,1.0,1.0,1.0,1.0,True,True,True,True,True,11,54,1.427259102,11,54,True,0.6483329182205464,0.4683010754534581,1.427259102,1.625035145,1.4837660066363634,1.6513844002407407,0.1800318427670882,-0.1676183936043773,-0.1977760429999999,0.25,0.25,7.13166210042601,25.288258074486738,0.2136311750036675,0.2933588523440743,0.2120848155218667,0.3336629696021679,True,True,10,0.6568537760215079,0.0631496038683955,0.6568537760215079,0.0631496038683955,,,,,194.88287520245,27.861306842710004,GiC,0.01555,17.13,18.479,1.3490009,17.686,16.979,16.646,16.472,0.70700073,1.0400009,,,,,,,,-17.87,False,,Members of systems,,,False,1.2376674440486587e+18,3.297948,3.171032653312278,17.89645,17.14692,16.83727,0.007679672,0.006103572,0.007099581,0.03661212,0.02532809,0.01882149,17.85983788,17.121591910000003,16.81844851,True,0.7382459699999977,1.041389370000001,17.67802,16.97291,16.64441,0.007588045,0.006003326,0.006955452,17.64140788,16.94758191,16.62558851,17.4142727577,0.0047835206322695,"SDSS(cModelMag g,r)",17.4142727577,SDSS,Vmag_sdss,1.041389370000001,0.7382459699999977,SDSS(cModel extcorr),-17.5857272423,,3.171032653312278,SDSS,False,3.2,10.14730449059929,,,,1.041389370000001,g-i,,1.0,0.0,5.93675418757412,10.591393033331608,5.93675418757412,NGC 4874,7.786640119064498,6695692.997993048,6.964170238328738,5.397656169603307,4.132314006874767,6.964170238328738,1.4809163319543923,-0.0536572299543924,1.4619509204377956,0.1630842245622044,0.026414158871309,-0.2241902018713089,1.4861095765211014,-0.002343569884738,1.4771551552955926,0.1742292449451481,0.01165369316337,-0.1792720867677473,0.5690741182479256,0.07925879997262075,0.5842155477704127,-0.11591447231695462,-0.010232028342078148,0.19026387110916634,0.0193438283121596,172.6931790912157,308.0911346740434,172.6931790912157,226.50417957593126,202.5795005470578,157.01145341693862,120.2041419104071,202.5795005470578,-1.713457571084864,6.825795532748924,0.059410628133207646,0.06603688632874669,0.03902253687834445,0.039815456237496355,0.07163171736861512,0.0751668507350344,0.019848171839413103,0.09038297181023341,0.14529568630136744
LEDA 126768,1867,2210,14799.118759126264,59196.47503650506,29623.61599674524,70730.76502305013,2.001714864168993,1.1948475813708863,0.989,0.9008,2.001714864168993,1.1948475813708863,True,True,True,True,True,1825,2150,1.557490115,1825,2150,True,0.463197758558444,0.5058143911770012,1.557490115,1.5027922340000002,1.563551050511781,1.5300521543781394,-0.0426166326185571,0.0334988961336415,0.0546978809999998,0.4188222195404125,0.2499999999999999,845.3359093691604,1087.500941030553,0.2892825473253612,0.280910559607768,0.3591502932683863,0.3374126711999313,True,True,10,0.4634650769002413,0.0067790250096888,0.4634650769002413,0.0067790250096888,,,,,195.031143,27.958069,GiC,0.02072,17.58,18.963,1.3829994,17.473,17.07,16.516,16.448,0.40299988,0.9569988,13.800000190734863,0.21,,SIMBAD,E,2003A&A...412...45P,,-17.42,False,1.725000023841858,Members of systems,,5981.540402364631,False,1.237667444048724e+18,9.742112,8.97857217169769,16.64061,17.30416,16.22615,0.01173625,0.01412255,0.01469685,0.03165467,0.02189856,0.01627298,16.608955329999997,17.28226144,16.20987702,True,-0.6733061100000022,0.3990783099999966,17.468,17.05945,16.51539,0.01225075,0.01342484,0.01481177,17.436345329999998,17.037551439999998,16.49911702,16.996205934899997,0.0096219186755878,"SDSS(cModelMag g,r)",16.996205934899997,SDSS,Vmag_sdss,0.3990783099999966,-0.6733061100000022,SDSS(cModel extcorr),-18.003794065100003,1.725000023841858,8.97857217169769,SDSS,False,3.2,28.73143094943261,,,,0.3990783099999966,g-i,12.6,0.9130434656413609,0.0,7.014739872319045,1.1456400923274943,1.1456400923274943,NGC 4889,3.490958415183414,1159863549.2002096,5.564720607584505,4.739412184215819,5.783503014713256,5.564720607584505,1.4879912737705083,0.0694988412294914,1.4625523988213076,0.0402398351786925,0.0315668966297379,0.0231309843702618,1.4951406341309943,0.0684104163807866,1.478720920733445,0.0513312336446942,0.018165793956654,0.0153331021769874,0.5643381506155773,-0.10114039205713338,0.583633458730668,-0.07781906755366674,-0.014502438488873698,-0.028114194129683405,0.0881404045817454,204.05051157148995,33.32531942327767,33.32531942327767,101.54786399192295,161.87116092654824,137.86391203950345,168.23528317627392,161.87116092654824,-1.0548249603246675,9.06440690016223,0.00758239229631677,0.01184408951485423,0.006013752519030496,0.008615750667940916,0.009677971869235184,0.012101480359543813,-0.10872278435345015,-0.09893457903763433,-0.08929630254227915
LEDA 1821555,19,40,451.466866645449,1805.8674665817969,451.466866645449,1805.8674665817969,1.0,1.0,1.0,1.0,1.0,1.0,True,True,True,True,True,19,40,1.558767868,19,40,True,0.500444343811245,0.6828082863586351,1.558767868,1.418684154,1.5681127885789474,1.40946551435,-0.18236394254739,0.1586472742289475,0.1400837139999997,0.2499999999999999,0.2499999999999999,9.508442532413657,27.312331454345404,0.2804030546869183,0.1481270236222265,0.3332455263169857,0.1864917989645634,True,True,10,0.4998765072979674,0.0668619174288966,0.4998765072979674,0.0668619174288966,,,,,194.8837708333333,27.92104166666667,GiC,0.022732393087754,17.59,19.13,1.539999,18.177,17.48,17.162,16.891,0.6970005,1.0149994,15.59999942779541,0.16,144.0,SIMBAD,E,2003A&A...412...45P,,-17.41,False,1.9499999284744265,Members of systems,dE,7400.366751639261,False,1.2376674440486584e+18,1.967855,1.9101817555378544,18.68619,17.98285,17.64005,0.01504857,0.01222034,0.01481054,0.03477307,0.02405585,0.01787608,18.65141693,17.95879415,17.622173919999998,True,0.6926227800000007,1.0292430100000018,18.89739,18.22351,17.88339,0.01461084,0.01181884,0.01428423,18.86261693,18.19945415,17.865513919999998,18.232769489799995,0.0094895702598931,"SDSS(cModelMag g,r)",18.232769489799995,SDSS,Vmag_sdss,1.0292430100000018,0.6926227800000007,SDSS(cModel extcorr),-16.767230510200005,1.9499999284744265,1.9101817555378544,SDSS,False,3.2,6.112581617721134,,,,1.0292430100000018,g-i,9.6,0.6153846379567893,144.0,2.426685310337878,8.629124278288334,2.426685310337878,NGC 4874,5.206031873740555,79312192.1938589,3.757133910481079,3.411089956610184,2.763983118116543,3.757133910481079,1.4670649176816586,0.0917029503183413,1.4607733381363917,-0.0420891841363917,0.0163260610203587,0.1237576529796409,1.4684284529830105,0.0996843355959369,1.4740896790984284,-0.0646241647484284,-0.0010957835415982,0.1597430577705458,0.5783462580566923,-0.07790191424544723,0.5853551693592091,0.09745311699942605,-0.001871363110455826,-0.18049257943693417,0.0223814771034678,70.5894142919606,251.01105036651808,70.5894142919606,151.43732860090398,109.29059529370785,99.22458470759703,80.40100980112166,109.29059529370785,-1.6501112548623411,7.8993399539696805,0.05989503939307875,0.06510664935110355,0.0214517875708069,0.024926792313577736,0.06883310340208049,0.06704407138982107,-0.13779695363852598,-0.07274819977191099,-0.012795264894343683
SDSS J125953.93+275813.6,23,103,980.7351674930616,3922.940669972244,1300.1620126799792,5029.088875555585,1.3257014286572706,1.281969139643187,1.0,1.0,1.3257014286572706,1.281969139643187,True,True,True,True,True,23,102,1.533636426,23,102,True,0.5976128194160892,0.5904926998074217,1.533636426,1.476095181,1.5123587465652175,1.500288598637255,0.0071201196086675,0.0120701479279625,0.0575412449999999,0.2585283427778644,0.2500000000000001,13.745094846570051,60.23025538035701,0.2094269641040034,0.210844842915979,0.2443651192491803,0.2268187324362696,True,True,10,0.5982686894361533,0.0436157014723319,0.5982686894361533,0.0436157014723319,,,,,194.974723,27.970469,G,0.0225,17.78,18.93,1.1499996,18.658,17.963,17.541,17.474,0.6950016,1.1170006,,,,,,,,-17.22,False,,Regular galaxies,S,,False,1.237667444048659e+18,2.250723,2.2085688930460337,18.55435,17.84544,17.52467,0.01273515,0.01070446,0.01284431,0.02852804,0.01973557,0.01466564,18.52582196,17.82570443,17.51000436,True,0.70011753,1.0158175999999983,18.59274,17.8912,17.54356,0.01265617,0.01054027,0.01279576,18.56421196,17.87146443,17.52889436,18.102752617299995,0.0081945309831007,"SDSS(cModelMag g,r)",18.102752617299995,SDSS,Vmag_sdss,1.0158175999999983,0.70011753,SDSS(cModel extcorr),-16.897247382700005,,2.2085688930460337,SDSS,False,3.0,6.625706679138101,,,,1.0158175999999983,g-i,,1.0,0.0,4.079981463054035,3.151806872879507,3.151806872879507,NGC 4889,0.4696311623195278,71668547.49220352,2.523618555490392,2.779053850233632,4.0658038844913404,2.523618555490392,1.469265192273864,0.0643712337261359,1.4609603951665977,0.0151347858334025,0.0179285389296954,0.0396127060703044,1.471237070653127,0.0411216759120904,1.4745766249984515,0.0257119736388033,0.0009294500631085,0.0111406978648539,0.5768733937530981,0.02073942566299114,0.5851741423263599,0.005318557481061803,-0.0031994411623327834,0.010319560771000283,0.0321193296142879,118.68184991771382,91.68234553122294,91.68234553122294,13.661016754072815,73.40908809621759,80.83939962800378,118.26944087458183,73.40908809621759,-1.4932335277723678,7.855328602704321,0.039418851164306705,0.04496415824646284,0.01828118145337984,0.021576378276436308,0.046539082124959975,0.04597817891995624,-0.018679425501315565,0.022572569961282762,0.06570358390945398
SDSS J125930.25+280115.0,12,15,289.68485855899246,1158.7394342359703,289.68485855899246,1158.7394342359703,1.0,1.0,1.0,1.0,1.0,1.0,True,True,True,True,True,12,15,1.4743126085,12,15,True,0.5819333817493226,0.5844655153821372,1.4743126085,1.45886535,1.4822104091666668,1.4595106553333332,-0.0025321336328145,0.0226997538333335,0.0154472585,0.2499999999999999,0.2499999999999999,6.983200580991872,8.766982730732058,0.2633702565667765,0.2563581517242237,0.2617708255179048,0.3827876321205217,True,True,10,0.5828987471847316,0.0734520756441168,0.5828987471847316,0.0734520756441168,,,,,194.87607,28.020844,G,0.024,17.82,19.182,1.3619995,18.391,18.414,18.057,17.044,-0.02299881,0.33400154,7.04,,,NED,,,2007SDSS6.C...0000:,-17.18,False,0.88,Regular galaxies,dGs...,3520.464821604657,False,1.2376673243345715e+18,1.462938,1.2003225761558354,19.04043,18.3196,18.02032,0.01254655,0.01038284,0.01157475,0.02727084,0.01886584,0.01401934,19.01315916,18.30073416,18.00630066,True,0.7124249999999996,1.0068585,19.12647,18.40746,18.0529,0.01245072,0.01025749,0.01148795,19.09919916,18.38859416,18.03888066,18.58282841,0.0079992479332738,"SDSS(cModelMag g,r)",18.58282841,SDSS,Vmag_sdss,1.0068585,0.7124249999999996,SDSS(cModel extcorr),-16.417171590000002,0.88,1.2003225761558354,SDSS,False,3.2,3.8410322436986735,,,,1.0068585,g-i,,1.0,0.0,3.886822757535111,8.756815184632249,3.886822757535111,NGC 4874,5.730108495663906,21233135.033039395,4.049327538680103,6.569658904254445,7.211848856611635,4.049327538680103,1.4611408731089752,0.0131717353910247,1.4602697036407248,-0.0014043536407248,0.0120115310997382,0.0034357274002617,1.460866498523172,0.0213439106434949,1.47277862036674,-0.0132679650334066,-0.0065485457499525,0.029248299583286,0.5823118148171605,-0.0003784330678379133,0.5858425686207639,-0.001377053238626691,0.0017043694836455514,-0.004236503116460051,0.0162521865375903,113.06309093405487,254.72542826744646,113.06309093405487,166.6820995763906,117.79016340274305,191.10363102033827,209.78417950676908,117.79016340274305,-1.7890882016187484,7.327014121675709,0.06561301430803422,0.07244261224722522,0.06048739399637326,0.06380266008281085,0.0886096164432709,0.08941500045065907,-0.06599144737587213,0.006884922647899916,0.0720641791793873
SDSS J130008.39+275716.7,528,2333,5501.469662700382,22005.87865080153,11229.847312496247,36829.745122257285,2.041244976525801,1.6736321101596106,1.0,0.971,2.041244976525801,1.6736321101596106,True,True,True,True,True,523,2203,1.508028417,523,2203,True,0.4880837897725009,0.4256862233679135,1.508028417,1.608421296,1.5357622611988526,1.615142595210622,0.0623975664045873,-0.0793803340117693,-0.1003928789999999,0.304912436271782,0.25,255.267822051018,937.7867500795136,0.2834719567717176,0.2951896561010759,0.319836933818632,0.372589768527162,True,True,10,0.4874268602466358,0.012391719665852,0.4874268602466358,0.012391719665852,,,,,195.03466666666665,27.95491666666668,GiC,0.0207009877479973,18.03,19.21,1.1799984,18.238,,17.431,17.267,,0.8070011,4.84,,,NED,,,2007SDSS6.C...0000:,-16.97,False,0.605,Members of systems,dE,2095.996991048066,False,1.237667444048724e+18,5.592635,5.230876154768637,18.41567,24.81021,17.79011,0.01423217,25.80334,0.01490458,0.03191571,0.02207914,0.01640717,18.38375429,24.788130860000003,17.773702829999998,True,-6.404376570000004,0.6100514600000011,18.23765,24.81021,17.43091,0.01861826,6.193195,0.02166967,18.20573429,24.788130860000003,17.41450283,22.1523364663,15.22397171828374,"SDSS(cModelMag g,r)",22.1523364663,SDSS,Vmag_sdss,0.6100514600000011,-6.404376570000004,SDSS(cModel extcorr),-12.847663533700004,0.605,5.230876154768637,SDSS,False,3.2,16.73880369525964,,,,0.6100514600000011,g-i,,1.0,0.0,7.20592089397856,1.3274135806833522,1.3274135806833522,NGC 4889,3.7108537413778473,746533184.4416767,5.777656592054801,4.856456594727542,5.864296781402549,5.777656592054801,1.4007341141096823,0.1072943028903175,1.4551342041976996,0.1532870918023003,-0.0319832035637965,-0.0684096754362033,1.3837581724438184,0.1520040887550342,1.459409914600378,0.1557326806102439,-0.0621496960382761,-0.0172306379734931,0.6227481127869965,-0.1346643230144956,0.5908125193643726,-0.16512629599645912,0.03816567803857976,0.024231888366007544,0.2482285751093858,209.61174206363182,38.612895864353156,38.612895864353156,107.94435974498928,168.06521763485188,141.2685959303125,170.5854785826344,168.06521763485188,-0.6051482256656434,8.87304911748581,0.01811721303086719,0.028608360785158327,0.008784814767079152,0.01915607707396766,0.026633516620078266,0.016246371404393764,-0.1527815360453628,-0.12891848901780345,-0.10605596222933728
SDSS J130025.97+280344.6,28,27,1204.6920277205172,4818.768110882066,1204.6920277205172,4818.768110882066,1.0,1.0,1.0,1.0,1.0,1.0,True,True,True,True,True,28,27,1.4017667495,28,27,True,0.515367393565528,0.6216911037376648,1.4017667495,1.416099973,1.5316133971785717,1.3805088228518525,-0.1063237101721368,0.1511045743267192,-0.0143332234999997,0.2500000000000001,0.2500000000000001,14.430287019834784,16.78565980091695,0.3113773604178343,0.225241924426189,0.3921676000211574,0.2656967508175355,True,True,10,0.5225815736129482,0.0573406435540007,0.5225815736129482,0.0573406435540007,,,,,195.108242,28.062409,G,0.025,18.05,19.63,1.5799999,19.342,18.652,18.296,18.034,0.6899986,1.0459995,5.22,,,NED,,,2007SDSS6.C...0000:,-16.95,False,0.6525,Regular galaxies,,2715.8171061192106,False,1.2376673243346378e+18,2.475626,2.4477840177081527,19.13984,18.47298,18.20935,0.02169704,0.01877794,0.02210723,0.03545551,0.02452796,0.0182269,19.10438449,18.44845204,18.1911231,True,0.6559324500000017,0.9132613899999988,19.33166,18.64641,18.28921,0.02094592,0.01813107,0.0215745,19.29620449,18.62188204,18.2709831,18.7073843445,0.0142084100251035,"SDSS(cModelMag g,r)",18.7073843445,SDSS,Vmag_sdss,0.9132613899999988,0.6559324500000017,SDSS(cModel extcorr),-16.292615655500004,0.6525,2.4477840177081527,SDSS,False,3.2,7.832908856666089,,,,0.9132613899999988,g-i,,1.0,0.0,12.704784165362682,6.466741929014019,6.466741929014019,NGC 4889,9.41022727466008,6965241.482342461,11.063695705733316,11.616910369142364,12.85120894324086,11.063695705733316,1.4590330139310157,-0.0572662644310155,1.4600905033357636,-0.0439905303357637,0.0104763600894292,-0.0248095835894289,1.4581758477497146,0.073437549428857,1.47231212705351,-0.0918033042016575,-0.0084887159706679,0.1595932902973871,0.5837228162218118,-0.0683554226562838,0.5860159921988944,0.03567511153877034,0.0029766659145605,-0.1093003760866973,0.0082908612053818,369.5671907346975,188.1098975634401,188.1098975634401,273.7324155063186,321.8298625063401,337.92222475100687,373.82651486882344,321.8298625063401,-2.081400355177216,6.8429361778498325,0.05333251994876656,0.06118480853732647,0.041596511583688794,0.04390472798718513,0.068894824776096,0.07181635771283262,-0.12168794260505036,-0.06184508377615627,-0.007170614118957332
SDSS J125915.58+275356.9,11,49,1598.4307921428915,6393.723168571568,1470.5563287714604,3930.8610040378,0.9200000000000002,0.6148,0.92,0.6148,0.92,0.6148,True,False,False,True,True,11,47,1.339253419,11,47,True,0.5965288892112366,0.5962080744434937,1.339253419,1.477446759,1.3874860883636364,1.491702601212766,0.0003208147677429,-0.1042165128491297,-0.1381933399999999,0.3741054001301235,0.2499999999999999,6.561817781323603,28.0217794988442,0.2482369249184527,0.2437408893687228,0.3524074102949717,0.3062341046610654,True,True,10,0.6002660567906463,0.0705340424089988,0.6002660567906463,0.0705340424089988,,,,,194.8147083333333,27.89930555555555,GiC,0.0175629147433489,18.18,19.362,1.1819992,18.135,17.429,17.163,17.058,0.7059994,0.9720001,6.21,,,NED,,,2007SDSS6.C...0000:,-16.82,False,0.77625,Members of systems,SBa,2290.336679764223,False,1.2376674440485934e+18,3.466226,2.819564249134048,18.76148,17.78226,17.80239,0.01765995,0.01494199,0.02021308,0.04119965,0.02850172,0.02117984,18.72028035,17.75375828,17.78121016,True,0.96652207,0.9390701899999988,18.13526,17.42892,17.16264,0.01751236,0.01418745,0.02014331,18.09406035,17.40041828,17.14146016,18.1400323287,0.0114080613812361,"SDSS(cModelMag g,r)",18.1400323287,SDSS,Vmag_sdss,0.9390701899999988,0.96652207,SDSS(cModel extcorr),-16.8599676713,0.77625,2.819564249134048,SDSS,False,3.0,8.458692747402145,,,,0.9390701899999988,g-i,,1.0,0.0,5.727336133549141,12.511599665563155,5.727336133549141,NGC 4874,9.033178703840244,6714980.752737872,7.334383120512385,7.273818436554839,6.427173278794688,7.334383120512385,1.468634307987687,-0.1293808889876866,1.460906760342383,0.0165399986576166,0.0174690607647753,-0.1556624007647752,1.4704317562799876,-0.0829456679163511,1.474437003099607,0.017265598113159,0.0003487552436645,-0.1045652680927942,0.5772957078352136,0.019233181376023034,0.5852260481706588,0.010982026272834844,-0.0028186416127154723,0.0031394563804583724,0.0109124344536706,166.60145483145695,363.9476814258307,166.60145483145695,262.7645171717433,213.34855675939528,211.58680151691365,186.9588921852779,213.34855675939528,-1.9620783518998592,6.827044772180949,0.0664055276664722,0.07645899693772319,0.03450307235206394,0.03730660555542056,0.0763205944035871,0.08192490155681972,-0.04717234629044917,0.028397266298622492,0.09569217831374623
SDSS J130000.97+275929.5,16,63,318.7218128156442,1274.887251262577,605.1898271654535,2076.148110676594,1.898802663737072,1.6284954678309735,1.0,1.0,1.8988026637370712,1.6284954678309735,True,True,True,True,True,13,63,1.590464281,13,63,True,0.39414170923652,0.604198901798691,1.590464281,1.434659545,1.646383421153846,1.463867310603175,-0.2100571925621709,0.1825161105506709,0.1558047360000001,0.2914964611885173,0.25,5.12384222007476,38.06453081331753,0.3492910652283359,0.2305298550686575,0.4271959811462913,0.2386017077068001,True,True,10,0.4051983608382417,0.0920489911620632,0.4051983608382417,0.0920489911620632,,,,,195.004049,27.991542,G,0.0251,18.23,19.666,1.4360008,20.99,19.25,18.73,18.39,1.7399998,2.2600002,5.39,,,NED,,,2007SDSS6.C...0000:,-16.77,False,0.67375,Regular galaxies,dE...,2815.1393916964907,False,1.237667324334637e+18,1.270285,1.2590441808771493,21.19089,19.08823,18.61287,0.1205734,0.02314668,0.0315757,0.02965461,0.02051492,0.01524479,21.16123539,19.06771508,18.59762521,True,2.093520309999999,2.5636101799999977,20.98026,19.23927,18.72824,0.05403992,0.01973615,0.02014627,20.95060539,19.21875508,18.71299521,19.9160584071,0.0512867393810147,"SDSS(cModelMag g,r)",19.9160584071,SDSS,Vmag_sdss,2.5636101799999977,2.093520309999999,SDSS(cModel extcorr),-15.083941592900004,0.67375,1.2590441808771493,SDSS,False,3.2,4.028941378806878,,,,2.5636101799999977,g-i,,1.0,0.0,5.904586438136475,1.7980844571372088,1.7980844571372088,NGC 4889,2.445545509755977,304497760.25243115,4.266457759903924,4.718086361929905,5.990355299049678,4.266457759903924,1.4385786315184834,0.1518856494815166,1.4583515676400378,-0.0236920226400378,-0.0044207332467048,0.1602254692467049,1.4320661339536844,0.2143172872001615,1.46778533858421,-0.0039180279810349,-0.027315867259936,0.2098319778106069,0.5974149843785541,-0.20327327514203414,0.5876988713131738,0.01650003048551718,0.015322859631933805,-0.2253800521941047,0.090856419641913,171.75745719014324,52.304156676631905,52.304156676631905,71.1380352543415,124.10622551264196,137.24356901519613,174.25237222117735,124.10622551264196,-1.0416443813272194,8.483584102507194,0.09025436675167153,0.09653394538058975,0.023526034433116346,0.031100026738619606,0.10318174482451867,0.09589691580183163,-0.29352764189370567,-0.2001589192025017,-0.10673932976144439
SDSS J130032.48+275833.2,15,58,2749.6210353838333,10998.484141535337,2749.6210353838333,10998.484141535337,1.0,1.0,1.0,1.0,1.0,1.0,True,True,True,True,True,14,54,1.4442438145,14,54,True,0.6494371986987456,0.6301990589586128,1.4442438145,1.4116606555,1.4620054422857138,1.4665414461666666,0.0192381397401327,-0.0045360038809527,0.032583159,0.2499999999999999,0.2499999999999999,9.09212078178244,34.030749183765096,0.1861660034112591,0.2283846057619113,0.2189634512931429,0.2968976660045823,True,True,10,0.6506433384003136,0.0476546336319623,0.6506433384003136,0.0476546336319623,,,,,195.135345,27.975893,G,0.0281361314299641,18.52,,,19.6,19.0,18.65,18.5,0.6000004,0.95000076,5.6881,,,NED,,,2007SDSS6.C...0000:,-16.48,False,0.7110125,Regular galaxies,dE,3317.9816163301944,False,1.2376673243346378e+18,4.940214,3.698039089380649,19.29109,18.99175,18.63312,0.03968271,0.06515902,0.04513678,0.03495927,0.02418466,0.0179718,19.25613073,18.96756534,18.6151482,True,0.2885653899999987,0.6409825299999987,19.58894,18.99175,18.64226,0.03764711,0.0527066,0.04052578,19.55398073,18.96756534,18.6242882,19.0758771499,0.041744909172162,"SDSS(cModelMag g,r)",19.0758771499,SDSS,Vmag_sdss,0.6409825299999987,0.2885653899999987,SDSS(cModel extcorr),-15.924122850100002,0.7110125,3.698039089380649,SDSS,False,3.2,11.833725086018076,,,,0.6409825299999987,g-i,,1.0,0.0,12.575474735129946,5.384449583914499,5.384449583914499,NGC 4889,8.971820232963056,11691849.54205354,11.039470714821793,10.332577720279088,11.2797738385707,11.039470714821793,1.4527970128525238,-0.0085531983525237,1.4595603477605297,-0.0478996922605297,0.0059346297043747,0.0266485292956252,1.4502156854672597,0.0117897568184541,1.4709320287837444,-0.0043905826170778,-0.0142286172483944,0.0096926133674417,0.5878971967369634,0.06154000196178222,0.5865290576026774,0.04367000135593546,0.006740694364993444,0.012497445375139256,0.0061347021467164,365.8057318822989,156.62728941157783,156.62728941157783,260.97967160375003,321.1251860852204,300.5625023951329,328.1153206056301,321.1251860852204,-2.212206518377514,7.067883217951534,0.04300643920588253,0.052417874951500035,0.029225064425024497,0.03409009614507895,0.05388288918875471,0.05685705029906902,0.018533562755899693,0.06631611083698769,0.11395787691328225
LEDA 126785,11,38,479.73884725082337,1918.955389003293,479.73884725082337,1918.955389003293,1.0,1.0,1.0,1.0,1.0,1.0,True,True,True,True,True,11,38,1.323788155,11,38,True,0.7469800478915647,0.5953262588988487,1.323788155,1.4674324405,1.3303102783636362,1.481067918263158,0.1516537889927159,-0.1507576398995218,-0.1436442855000002,0.25,0.25,8.216780526807211,22.62239783815625,0.0748499407854458,0.220550267544871,0.1618236134803233,0.2622071733346724,True,True,10,0.7505578520348721,0.0213091388324334,0.7505578520348721,0.0213091388324334,,,,,194.93366666666665,28.013,GiC,0.044067,18.62,19.718,1.0979996,,,,17.31,,,4.51,,,NED,,,2007SDSS6.C...0000:,-16.38,False,0.56375,Members of systems,,4042.1782468143897,False,1.237667324334572e+18,1.802485,1.544676431865832,19.29103,18.51719,18.1263,0.01700943,0.01532389,0.0173158,0.02599423,0.01798269,0.01336307,19.26503577,18.49920731,18.11293693,True,0.7658284600000016,1.1520988400000007,19.38072,18.73537,18.38664,0.0167432,0.01488413,0.01694963,19.35472577,18.71738731,18.37327693,18.8031969786,0.0114182403100267,"SDSS(cModelMag g,r)",18.8031969786,SDSS,Vmag_sdss,1.1520988400000007,0.7658284600000016,SDSS(cModel extcorr),-16.196803021400004,0.56375,1.544676431865832,SDSS,False,3.2,4.942964581970664,,,,1.1520988400000007,g-i,,1.0,0.0,3.7170116708140366,5.724243727208095,3.7170116708140366,NGC 4874,3.1981840096625103,30589355.53688435,2.5676790767970163,4.965290766963612,6.030413987689951,2.5676790767970163,1.4574115774176697,-0.1336234224176697,1.459952656405236,0.0074797840947642,0.0092954546682454,-0.1529397401682456,1.4561061082460691,-0.1257958298824331,1.471953284632151,0.009114633631007,-0.0099811604711675,-0.1407764794283542,0.5848082061860969,0.16217184170546783,0.5861493954759236,0.009176863422925119,0.00395535932560781,0.14769842966710808,0.0178527424604969,108.12348665126758,166.51150037735562,108.12348665126758,93.03140175540824,74.69075670779378,144.4344536706492,175.41763223918406,74.69075670779378,-1.7482950600013611,7.485570327271594,0.02011352812567374,0.02656315501892334,0.03050510381777823,0.036344351791777654,0.04273957420594622,0.04053657269148936,0.1420583135797941,0.16703760869520784,0.18873499672439117
SDSS J125915.81+275309.7,15,279,9194.950240718374,36779.80096287349,1594.404371740566,18169.2216756595,0.1734,0.4939999999999999,0.1734,0.494,0.1734,0.494,False,False,False,True,True,15,267,1.427624596,15,267,True,0.5826634604271178,0.5793843395950645,1.427624596,1.487285092,1.4540259806666664,1.516612630906367,0.0032791208320532,-0.0625866502397005,-0.059660496,0.0877530364372469,0.25,8.739951906406768,154.69561867188222,0.2570834171347417,0.243634372011174,0.3274006796192308,0.2969022241093278,True,True,10,0.5921182538410672,0.0639366055981228,0.5921182538410672,0.0639366055981228,,,,,194.815375,27.88605555555556,AG?,0.0219764618341702,18.78,20.136,1.355999,18.782,18.089,17.784,17.732,0.6929989,0.9979992,4.54,,,NED,,,2007SDSS6.C...0000:,-16.22,False,0.5675,Other,dE...,2083.9888841031925,False,1.237667444048594e+18,7.512209,6.762538775984814,19.53027,18.37165,18.37387,0.02616941,0.02266169,0.02920226,0.04164869,0.02881237,0.02141068,19.488621310000003,18.34283763,18.35245932,True,1.1457836800000043,1.1361619900000015,18.78214,18.08875,17.78445,0.02606315,0.02153244,0.02844043,18.74049131,18.05993763,17.76303932,18.8026089388,0.0171431849354588,"SDSS(cModelMag g,r)",18.8026089388,SDSS,Vmag_sdss,1.1361619900000015,1.1457836800000043,SDSS(cModel extcorr),-16.1973910612,0.5675,6.762538775984814,SDSS,False,3.2,21.64012408315141,,,,1.1361619900000015,g-i,,1.0,0.0,6.232298025271222,12.797800217231767,6.232298025271222,NGC 4874,9.393513238796247,5352025.630985823,7.798150616346147,7.488970246346225,6.538698855631585,7.798150616346147,1.4574215288109489,-0.0297969328109486,1.459953502426037,0.0273315895739629,0.0093027023490363,-0.0689631983490363,1.4561188110510304,-0.0020928303843639,1.471955486989154,0.0446571439172129,-0.009972000752579,-0.0526146494871214,0.5848015447212126,-0.0021380842940947886,0.5861485767275708,-0.00676423713250629,0.003949352699413933,-0.0006702318673607326,0.0213012613999067,181.29020084420597,372.2729180052331,181.29020084420597,273.2462239111181,226.83900636944233,217.8453139710541,190.20303971192754,226.83900636944233,-1.6715946781200184,6.728518184611982,0.05787762008100697,0.06390179775866199,0.012795940719452087,0.017934106589225715,0.06499951971350228,0.06123347452011901,-0.06001570437510176,0.004966956811674861,0.0617637134645672
SDSS J130005.34+275628.8,16,62,416.3822249225139,1665.5288996900554,849.9381249377177,3399.7524997508704,2.041244976525801,2.041244976525801,1.0,1.0,2.041244976525801,2.041244976525801,True,True,True,True,True,16,62,1.409981576,16,62,True,0.6057937578316767,0.5589670004570279,1.409981576,1.433652456,1.395059866375,1.4516654273225809,0.0468267573746488,-0.0566055609475808,-0.0236708799999998,0.25,0.25,9.692700125306828,34.65595402833573,0.2010255170075805,0.2569582658376866,0.2364425551829478,0.2951919871800954,True,True,10,0.6138808166542019,0.0479042983331761,0.6138808166542019,0.0479042983331761,,,,,195.022289,27.941354,G,0.0237,18.91,19.995,1.085001,19.759,19.106,18.827,18.586,0.6529999,0.9320011,,,,,,,,-16.09,False,,Regular galaxies,,,False,1.2376674440487245e+18,1.657888,1.4390675074507826,19.70556,19.05372,18.94292,0.0256307,0.01995626,0.02691429,0.03154751,0.02182442,0.01621789,19.67401249,19.03189558,18.92670211,True,0.6421169100000022,0.7473103799999983,19.75329,19.09629,18.82524,0.02376873,0.01972249,0.02715298,19.72174249,19.07446558,18.80902211,19.285163513099995,0.0157816992417538,"SDSS(cModelMag g,r)",19.285163513099995,SDSS,Vmag_sdss,0.7473103799999983,0.6421169100000022,SDSS(cModel extcorr),-15.714836486900005,,1.4390675074507826,SDSS,False,3.2,4.605016023842505,,,,0.7473103799999983,g-i,,1.0,0.0,6.633122354117643,2.224598907121029,2.224598907121029,NGC 4889,3.3762597307846978,161733041.95716122,5.341340639113377,4.0328376795424985,4.940676851447108,5.341340639113377,1.4492552612429854,-0.0392736852429853,1.459259244643603,-0.0256067886436031,0.0033551431554007,-0.0270260231554005,1.445694692410778,-0.050634826035778,1.470148198696684,-0.0184827713741031,-0.0174886077989247,-0.039116953148656,0.5902680460556649,0.015525711776011808,0.5868204543161761,-0.02785345385914828,0.00887848325483978,0.03794827411980902,0.0499580816489714,192.94970794498352,64.71095910921579,64.71095910921579,98.21141450781721,155.37330103851107,117.31049284417426,143.71846389136465,155.37330103851107,-1.3013942465441315,8.208798755056215,0.04153803414794249,0.04822513761380304,0.026351015704593826,0.03617594003554613,0.057195918317478306,0.052006549305077636,-0.026012322371930685,0.021095800801979925,0.06375084938981485
2MASX J13001036+2757332,101,335,829.6063770701861,3318.4255082807445,1693.4298496882868,6773.719398753147,2.041244976525801,2.041244976525801,1.0,1.0,2.041244976525801,2.041244976525801,True,True,True,True,True,99,329,1.559757905,99,329,True,0.4785761461447341,0.4773572095785374,1.559757905,1.537067922,1.566673877979798,1.5374396422462009,0.0012189365661967,0.0292342357335972,0.0226899829999998,0.25,0.25,47.37903846832868,157.0505219513388,0.2761396392966906,0.2914509668143813,0.2805145222958117,0.3355290631033487,True,True,10,0.4799875884964169,0.0271996031075445,0.4799875884964169,0.0271996031075445,,,,,195.04316666666665,27.959241666666667,GiC,0.02111,17.406,18.211,0.8050003,17.846,17.167,16.815,16.683,0.67900085,1.0310001,10.019999504089355,0.127,35.0,SIMBAD,C,2006AJ....131.1163S,,-17.594,False,1.2524999380111694,Members of systems,dG,4422.771035867883,False,1.237667444048724e+18,3.635255,2.3293110229189824,17.34061,17.45125,17.22457,0.009019969,0.008283022,0.01234929,0.03225569,0.02231434,0.01658195,17.308354310000002,17.42893566,17.20798805,True,-0.1205813499999983,0.1003662600000012,18.02295,17.50024,17.23492,0.008862869,0.008156103,0.0121892,17.990694310000002,17.47792566,17.21833805,17.369497306499998,0.0061285554479605,"SDSS(cModelMag g,r)",17.369497306499998,SDSS,Vmag_sdss,0.1003662600000012,-0.1205813499999983,SDSS(cModel extcorr),-17.630502693500002,1.2524999380111694,2.3293110229189824,SDSS,False,3.2,7.453795273340744,,,,0.1003662600000012,g-i,7.62,0.7604790795538593,35.0,7.651561601119317,1.1782038651879938,1.1782038651879938,NGC 4889,4.110267789121622,1065854498.4658695,6.188486481802898,5.364554628550224,6.3828637377170185,6.188486481802898,1.4816740665909482,0.0780838384090516,1.462015339484082,0.075052582515918,0.0269660231797554,-0.0042760401797556,1.4870768134728116,0.0795970645069863,1.4773228506259315,0.0601167916202693,0.0123511468606672,0.0168830888729299,0.5685668905129269,-0.08999074436819277,0.584153205345777,-0.10679599576723958,-0.010689394319725487,0.011908330885922188,0.1886820187045767,222.57490476450184,34.27256117875648,34.27256117875648,119.56284343140044,180.01577470436786,156.048568618838,185.66997988218955,180.01577470436786,-0.72426948589481,9.027697922489518,0.028460304249840085,0.029478597743233248,0.014527761378894208,0.01849914168492263,0.03186955832703296,0.030937831374267716,-0.11845104861803285,-0.08890799318183204,-0.06051214662495952
LEDA 44656,146,350,2247.973736094919,8991.894944379676,2247.973736094919,8991.894944379676,1.0,1.0,1.0,1.0,1.0,1.0,True,True,True,True,True,137,340,1.48257621,137,340,True,0.5375973214303248,0.577242005580898,1.48257621,1.472615522,1.5170534910875912,1.5091444064911763,-0.0396446841505732,0.0079090845964147,0.009960688,0.25,0.25,73.65083303595449,196.2622818975053,0.2732848203945671,0.2457550036714254,0.3249513590907841,0.3041598582079948,True,True,10,0.5380412581330364,0.0210202768994155,0.5380412581330364,0.0210202768994155,,,,,194.93220379569,27.994682930960007,G,0.02225,15.15,16.384,1.2340012,15.8571,15.0374,14.58,14.277,0.8196993,1.2770996,23.4192008972168,0.37541,38.0,SIMBAD,B,2023ApJS..269....3M,,-19.85,False,2.9274001121521,Regular galaxies,,10880.271193358436,False,1.2376673243345715e+18,3.425483,3.409480300504473,15.72131,14.94977,14.54996,0.002742767,0.002407566,0.00243534,0.02641274,0.01827221,0.01357821,15.69489726,14.93149779,14.53638179,True,0.7633994700000013,1.158515470000001,15.72696,14.93492,14.52778,0.002730727,0.002398475,0.002432398,15.70054726,14.91664779,14.51420179,15.2344915727,0.0018117106775251,"SDSS(cModelMag g,r)",15.2344915727,SDSS,Vmag_sdss,1.158515470000001,0.7633994700000013,SDSS(cModel extcorr),-19.7655084273,2.9274001121521,3.409480300504473,SDSS,False,3.2,10.910336961614314,,,,1.158515470000001,g-i,22.5246,0.961800537040394,38.0,2.7667993742539423,5.482977187375842,2.7667993742539423,NGC 4874,2.407029787069425,62236733.52219954,1.4700631849743762,3.89579690792044,4.9332023582323234,1.4700631849743762,1.517804753170053,-0.0352285431700529,1.4650870010642916,0.0075285209357083,0.0532802965424045,-0.0433196085424045,1.5331970955135206,-0.0161436044259293,1.4853189842708163,0.0238254222203599,0.0456074871739862,-0.0376984025775715,0.5443810008447767,-0.006783679414451904,0.581180562290502,-0.003938556709603969,-0.03249775042897779,-0.00714693372159541,0.0598156882111176,80.48293137141687,159.4933412190775,80.48293137141687,70.01765829656581,42.762404650262155,113.32413838704338,143.5010396971714,42.762404650262155,-1.2231848961126148,7.794046790753626,0.022465018068780786,0.02417956308770255,0.013629585086359967,0.012749633189306709,0.023498068031899588,0.030378791253735417,-0.02924869748323269,-0.005331306519861689,0.017395883673250647
LEDA 126800,30,23,807.6366611300253,3230.5466445201023,807.6366611300253,3230.5466445201023,1.0,1.0,1.0,1.0,1.0,1.0,True,True,True,True,True,25,23,1.661244805,25,23,True,0.5131544063782818,0.5961739708866002,1.661244805,1.427834235,1.5721848937199996,1.4710950884347826,-0.0830195645083183,0.1010898052852169,0.2334105699999999,0.2499999999999999,0.2499999999999999,12.828860159457044,13.712001330391804,0.2229097976078959,0.2076990591756876,0.2568714202488951,0.1899240161141198,True,True,10,0.5147664726185934,0.0435845493838407,0.5147664726185934,0.0435845493838407,,,,,194.79814608712,28.009279335850003,G,0.02299,16.76,18.12,1.3600006,17.305,16.574,16.204,15.94,0.7310009,1.1009998,13.199999809265137,0.21,,SIMBAD,E,2003A&A...412...45P,,-18.24,False,1.649999976158142,Regular galaxies,,6330.831049976618,False,1.2376673243345062e+18,2.320151,2.051373679435748,17.4938,16.75879,16.37698,0.006093453,0.005099151,0.005449634,0.03288055,0.02274661,0.01690317,17.46091945,16.736043390000003,16.36007683,True,0.7248760599999962,1.100842619999998,17.2971,16.56852,16.19925,0.005992664,0.005003454,0.005335718,17.26421945,16.54577339,16.18234683,17.023242574599998,0.0039105815758396,"SDSS(cModelMag g,r)",17.023242574599998,SDSS,Vmag_sdss,1.100842619999998,0.7248760599999962,SDSS(cModel extcorr),-17.976757425400002,1.649999976158142,2.051373679435748,SDSS,False,3.2,6.564395774194392,,,,1.100842619999998,g-i,12.6,0.954545468338265,0.0,6.11939665651458,12.630821191487428,6.11939665651458,NGC 4874,9.242994182591325,5640321.120413978,7.215609507040487,9.181898598248504,9.290876047089526,7.215609507040487,1.487533732912567,0.1737110720874328,1.46251350084267,-0.03467926584267,0.0312336658956887,0.2021769041043111,1.494556590056238,0.0776283036637617,1.478619661715295,-0.0075245732805122,0.0177446523753659,0.0833451529098509,0.5646444285681043,-0.05149002218982246,0.5836711027884659,0.012502868098134279,-0.01422626842654523,-0.06879329608177306,0.0061755201462607,178.00603315285318,367.4156950368813,178.00603315285318,268.86780204816756,209.89357239343573,267.0906035394807,270.26062902731326,209.89357239343573,-2.2093264571553854,6.751303830375856,0.04326928379033178,0.04165423502877258,0.04143031280651435,0.03842796621932426,0.05820942495131484,0.06092839538488444,-0.09475930598015424,-0.05181777607332444,-0.009835787161049884
LEDA 44616,45,66,2528.467843524292,10113.871374097173,2353.497868752411,6464.786582322912,0.9308,0.6392,0.9308,0.6392,0.9308,0.6392,True,False,False,True,True,45,64,1.557417313,45,64,True,0.5085993128690816,0.5688429318831043,1.557417313,1.5377250805,1.5692559086666664,1.5264774778125,-0.0602436190140227,0.0427784308541663,0.0196922324999999,0.364048811013767,0.2499999999999998,22.88696907910867,36.40594764051868,0.2932237428926927,0.2538654474714088,0.3685810671170065,0.3596602267492298,True,True,10,0.5093069099958767,0.042404696628387,0.5093069099958767,0.042404696628387,,,,,194.88102275683,28.046604796320004,EmG,0.02308,15.014,15.931,0.9169998,15.404,14.632,14.279,13.957,0.7720003,1.125,23.21999931335449,0.209,115.0,SIMBAD,C,2006AJ....131.1163S,,-19.986,False,2.9024999141693115,Regular galaxies,,11178.88372644241,False,1.2376673243345715e+18,6.934854,4.825542301445216,15.24406,14.39429,14.36976,0.002597582,0.002240397,0.002432704,0.02720708,0.01882173,0.01398656,15.21685292,14.37546827,14.35577344,True,0.8413846500000002,0.861079479999999,15.22128,14.39429,14.13101,0.002598232,0.002240398,0.002434631,15.19407292,14.37546827,14.11702344,14.7104359765,0.0016974949461703,"SDSS(cModelMag g,r)",14.7104359765,SDSS,Vmag_sdss,0.861079479999999,0.8413846500000002,SDSS(cModel extcorr),-20.2895640235,2.9024999141693115,4.825542301445216,SDSS,False,3.2,15.44173536462469,,,,0.861079479999999,g-i,12.54,0.5400516955565923,115.0,5.325221117073914,9.103196544208911,5.325221117073914,NGC 4874,6.523459754669351,9554733.184665523,5.172415927468721,7.764365270610436,8.53948698197187,5.172415927468721,1.5266733422312295,0.0307439707687704,1.4658409669273604,0.0718841135726395,0.0597393622007849,-0.040047129700785,1.5445177170552429,0.0247381916114237,1.487281704332044,0.0391957734804562,0.0537705431201203,-0.010992112265954,0.5384443653458589,-0.02984505247677738,0.5804509013795455,-0.011607969496441162,-0.037850799782449346,-0.022392819231573352,0.011894142364594,154.90440314945036,264.80125358769175,154.90440314945036,189.7597522338695,150.45948036154232,225.85623049942103,248.4036071110046,150.45948036154232,-1.9246668676033825,6.980218563913757,0.04259177177822143,0.04205603353580266,0.031753017494654784,0.030285246817269896,0.050077482400141274,0.056312978685899434,-0.07243682425499881,-0.029727669980546934,0.01221098105902528
LEDA 126761,13,19,1113.6920585333846,4454.768234133539,1113.6920585333846,4454.768234133539,1.0,1.0,1.0,1.0,1.0,1.0,True,True,True,True,True,13,19,1.61109036,13,19,True,0.5683456208248907,0.5539130075517047,1.61109036,1.374410005,1.4775351344615386,1.4079871273684208,0.014432613273186,0.0695480070931178,0.2366803549999998,0.2499999999999999,0.2499999999999999,7.388493070723578,10.52434714348239,0.2000151101666714,0.2751216318569005,0.2946753642272108,0.4029409488676112,True,True,10,0.5721310228855019,0.0518995554493119,0.5721310228855019,0.0518995554493119,,,,,195.077274,28.097154,G,0.02608,17.04,,,18.0271,17.2866,16.345,16.7547,0.7404995,1.6821003,15.10818099975586,0.185831,172.0,SIMBAD,B,2023ApJS..269....3M,,-17.96,False,1.8885226249694824,Regular galaxies,,8189.209491651887,False,1.2376673243346373e+18,2.984147,2.7396117517756293,17.64105,16.9884,16.65755,0.008058333,0.006885627,0.00771767,0.0354602,0.0245312,0.01822931,17.6055898,16.9638688,16.63932069,True,0.6417210000000004,0.9662691099999988,17.38926,16.69533,16.33616,0.007796423,0.006673062,0.007489364,17.3537998,16.6707988,16.31793069,17.21697441,0.005236404550725,"SDSS(cModelMag g,r)",17.21697441,SDSS,Vmag_sdss,0.9662691099999988,0.6417210000000004,SDSS(cModel extcorr),-17.78302559,1.8885226249694824,2.7396117517756293,SDSS,False,3.2,8.766757605682015,,,,0.9662691099999988,g-i,11.14986,0.7380014841085222,172.0,12.56286733068016,7.567526255014786,7.567526255014786,NGC 4889,9.720538364282955,4565419.131852934,10.995968567563509,12.116571910577022,13.39978339508907,10.995968567563509,1.4842552104643985,0.1268351495356015,1.4622347762349368,-0.0878247712349367,0.0288458912892525,0.2078344637107472,1.490371605094624,-0.0128364706330854,1.4778940872483963,-0.0699069598799755,0.014726950012516,0.0548210570806017,0.566839072227376,0.0015065485975147563,0.5839408423896156,-0.03002783483791094,-0.01224736373827423,0.02667997701146023,0.0044845263626975,365.43899735266666,220.13041563520676,220.13041563520676,282.7589992052692,319.85975991631295,352.4567898237149,389.783898830614,319.85975991631295,-2.3482834186018313,6.65948065444318,0.05236938694990137,0.053658095099549254,0.05778974741869604,0.06080459294004538,0.07788345459326045,0.0780749698977701,-0.05086283835238661,0.003170167874267049,0.05516464369706401
Z 160-A14,18,380,35462.05664966246,141848.2265986498,4014.30481274179,47320.56839330958,0.1132,0.3336,0.1132,0.3336,0.1132,0.3336,False,False,False,True,True,18,370,1.4625256285,18,370,True,0.6157436878133696,0.5868782469369359,1.4625256285,1.4424527505,1.503644549222222,1.4641662702756757,0.0288654408764337,0.0394782789465464,0.0200728779999999,0.0848321342925659,0.25,11.083386380640654,217.14495136666628,0.2089401449372604,0.2397084314194275,0.2234530025869781,0.3197359835831832,True,True,10,0.6210432183831422,0.0468514057492896,0.6210432183831422,0.0468514057492896,,,,,194.80802541595,28.076247957130004,GiC,0.02605,14.89,15.731,0.8409996,15.2864,14.5088,13.987,13.729,0.7776003,1.2993994,42.6622200012207,0.687217,72.0,SIMBAD,B,2023ApJS..269....3M,,-20.11,False,5.332777500152588,Members of systems,E1,23098.786248398344,False,1.2376673243345062e+18,14.07311,13.50878188094863,14.74425,14.0919,13.69844,0.002372164,0.002136026,0.00219536,0.03440632,0.02380214,0.01768754,14.70984368,14.06809786,13.68075246,True,0.6417458199999988,1.0290912199999998,14.81942,14.09186,13.70161,0.002373725,0.002136026,0.002195365,14.78501368,14.06805786,13.68392246,14.3212136462,0.0015919074914734,"SDSS(cModelMag g,r)",14.3212136462,SDSS,Vmag_sdss,1.0290912199999998,0.6417458199999988,SDSS(cModel extcorr),-20.6787863538,5.332777500152588,13.50878188094863,SDSS,False,3.2,43.22810201903562,,,,1.0290912199999998,g-i,41.23302,0.966499633606038,72.0,8.508403185891346,13.354927439395158,8.508403185891346,NGC 4874,10.598195894782828,2507474.1811365327,8.941889504576512,11.407203484410354,11.907206387730954,8.941889504576512,1.5332601489095556,-0.0707345204095557,1.4664009463499983,-0.0239481958499985,0.0645365871619245,-0.0444637091619246,1.552925677448879,-0.0492811282266574,1.4887394398881506,-0.0245731696124749,0.0598333419543704,-0.0203550630078239,0.5340351554838034,0.08170853232956621,0.5799089735341972,0.006969273402738674,-0.04182657326655495,0.07069201414298865,0.0107508486288164,247.4994161349652,388.47909197063495,247.4994161349652,308.2890218921781,260.10902200730783,331.8220987465505,346.3665936340094,260.10902200730783,-1.968557252932967,6.399236469888802,0.04700211492222852,0.05000911215967008,0.013269696916475272,0.011930205815919984,0.04482000286159821,0.05419780254821012,0.03470641740733769,0.08526720196814486,0.13171764448923629
NGC 4894,57,299,2271.664052014381,9086.656208057524,2911.055883033216,10736.307469171108,1.2814640793614966,1.1815465693145482,0.987,0.885,1.2814640793614966,1.1815465693145482,True,True,True,True,True,54,288,1.4974320455,54,288,True,0.5423732976620953,0.5011443781704993,1.4974320455,1.5313872315,1.528992940759259,1.545831027503472,0.041228919491596,-0.016838086744213,-0.033955186,0.2711412551654468,0.25,29.288158073753145,144.3295809131038,0.2702666713258973,0.2758611547897746,0.3151993570392897,0.2857649147149999,True,True,10,0.5470630522141606,0.0357558393194091,0.5470630522141606,0.0357558393194091,,,,,195.06883071401,27.967522811130003,AG?,0.01547,15.04,16.106,1.0660009,15.602,14.896,14.534,14.267,0.7060003,1.0679998,36.62639999389648,0.272928,35.0,SIMBAD,B,2023ApJS..269....3M,,-19.96,True,4.5782999992370605,Other,,11928.963265800565,False,1.237667444048724e+18,7.417125,5.026950107692628,15.47466,14.59419,14.4706,0.002852344,0.002355901,0.002581416,0.03352223,0.02319052,0.01723304,15.44113777,14.57099948,14.45336696,True,0.8701382899999999,0.9877708100000008,15.34952,14.59441,14.31139,0.002860983,0.002355902,0.002606179,15.31599777,14.57121948,14.29415696,14.9177561789,0.0018165043200105,"SDSS(cModelMag g,r)",14.9177561789,SDSS,Vmag_sdss,0.9877708100000008,0.8701382899999999,SDSS(cModel extcorr),-20.0822438211,4.5782999992370605,5.026950107692628,SDSS,False,3.2,16.08624034461641,,,,0.9877708100000008,g-i,16.37568,0.4471004522073937,35.0,9.024995908507307,1.945041173130947,1.945041173130947,NGC 4889,5.4354458715513445,237850552.8189464,7.512870849978578,6.812002554574852,7.824452941874135,7.512870849978578,1.5231648639466775,-0.0257328184466776,1.465542692552528,0.065844538947472,0.0571841088854491,-0.0911392948854491,1.540039196901385,-0.0110462561421258,1.4865052380118695,0.0593257894916023,0.0505411788632998,-0.0673792656075128,0.5407929414933808,0.0015803561687145473,0.5807395605386877,-0.07959518236818841,-0.035733094555244094,0.0769620140468401,0.1775564029671651,262.52648930411567,56.57895426331348,56.57895426331348,158.11071128750623,218.54055434871853,198.1531220526598,227.60411000510024,218.54055434871853,-0.7506636617280799,8.376304165156547,0.03679270617590243,0.03799888095304714,0.016408269232663572,0.016583460570658112,0.03802489813612201,0.04297765523393132,-0.035212350007187886,0.0012598115485294992,0.03957923712176169
NGC 4886,990,2081,5816.59389665746,23266.375586629827,11873.093072042677,34157.81857845355,2.041244976525801,1.4681194520938865,1.0,0.94,2.041244976525801,1.4681194520938865,True,True,True,True,True,954,1972,1.5693183575,954,1972,True,0.4469002582616896,0.4459920906142288,1.5693183575,1.587391365,1.5965154137316562,1.5955838121942192,0.0009081676474608,0.0009316015374369,-0.0180730074999999,0.3475951792639392,0.2500000000000001,426.342846381652,879.4964026912592,0.2946233171966083,0.2941797603878587,0.3581943255036031,0.3717018899306444,True,True,10,0.44791086373399,0.0098351892164571,0.44791086373399,0.0098351892164571,,,,,195.01853930586,27.98758513112,EmG,0.02125,14.294,15.1,0.8060007,14.837,14.07,13.673,13.374,0.7670002,1.1639996,52.4088020324707,0.575012,58.0,SIMBAD,B,2023ApJS..269....3M,,-20.706001,True,6.551100254058838,Regular galaxies,,23282.406744504948,False,1.237667324334637e+18,6.733684,6.629144494245015,14.71528,13.93851,13.60319,0.002147604,0.001930202,0.001987001,0.0307274,0.02125707,0.01579629,14.6845526,13.91725293,13.58739371,True,0.7672996699999999,1.097158890000001,14.70607,13.93849,13.5616,0.002147679,0.001930202,0.001988238,14.6753426,13.91723293,13.54580371,14.2218457947,0.0014395209060958,"SDSS(cModelMag g,r)",14.2218457947,SDSS,Vmag_sdss,1.097158890000001,0.7672996699999999,SDSS(cModel extcorr),-20.7781542053,6.551100254058838,6.629144494245015,SDSS,False,3.2,21.213262381584048,,,,1.097158890000001,g-i,34.50072,0.6583001072725252,58.0,6.569382104886389,1.024666966590929,1.024666966590929,NGC 4889,3.005746076700202,1620503836.8985834,4.951124720564601,5.081365527295721,6.316685581679086,4.951124720564601,1.5349417503412273,0.0343766071587727,1.466543908219809,0.1208474567801909,0.0657613111832395,-0.0838343186832394,1.5550722165725954,0.0414431971590607,1.4891115974931726,0.1064722147010466,0.0613811650039158,-0.0604495634664789,0.5329094911097492,-0.08600923284805956,0.5797706202038044,-0.13377852958957565,-0.04284158201197236,0.04374974965943316,0.1442593534852356,191.09557925310492,29.806353839057408,29.806353839057408,87.43360919553423,144.0223800845608,147.81093158108018,183.74493535592208,144.0223800845608,-0.8408560184819004,9.209650063656973,0.010232247306030312,0.011587714806896285,0.008034216664562582,0.00669325108435323,0.007909640339799802,0.017921965717715933,-0.09624148015408987,-0.08544910683461854,-0.07442151804116327
NGC 4872,176,742,1522.974951960899,6091.899807843597,1522.974951960899,6091.899807843597,1.0,1.0,1.0,1.0,1.0,1.0,True,True,True,True,True,167,717,1.587150882,167,717,True,0.5205261590853039,0.5414715385426511,1.587150882,1.541659954,1.5807004287185633,1.5549283992691771,-0.0209453794573472,0.0257720294493861,0.0454909279999999,0.2499999999999999,0.2499999999999999,86.92786856724574,388.2350931350808,0.250362336162285,0.2525290679184404,0.2967905978824842,0.2986329984850439,True,True,10,0.5215929880434742,0.0187616865673933,0.5215929880434742,0.0187616865673933,,,,,194.89217171503,27.94685519906,AGN,0.02395,14.1,14.7,0.5999994,15.141,14.305,13.908,13.583,0.8359995,1.2329998,34.20000076293945,0.4,171.0,SIMBAD,D,2008ApJS..175...86P,,-20.9,True,4.275000095367432,Active (AGN/Seyfert/QSO),,17067.662871420504,False,1.2376674440486584e+18,3.66361,3.2854048505957945,15.09876,14.28353,13.83417,0.002393065,0.002126852,0.002146294,0.03174773,0.02196293,0.01632081,15.06701227,14.26156707,13.81784919,True,0.8054452000000012,1.2491630800000006,15.09115,14.2712,13.86226,0.002384469,0.002119282,0.002147931,15.05940227,14.24923707,13.84593919,14.581799602,0.0015928899909877,"SDSS(cModelMag g,r)",14.581799602,SDSS,Vmag_sdss,1.2491630800000006,0.8054452000000012,SDSS(cModel extcorr),-20.418200398,4.275000095367432,3.2854048505957945,SDSS,False,3.2,10.513295521906542,,,,1.2491630800000006,g-i,24.0,0.7017543703100557,171.0,0.8221462634038075,7.717651089955757,0.8221462634038075,NGC 4874,4.129079699002495,1973715313.1549392,2.335873126069854,3.061188955350869,3.0665392548997885,2.335873126069854,1.5288502546657736,0.0583006273342263,1.4660260378164516,0.0756339161835484,0.0613248252603844,-0.0158338972603845,1.5472965132798666,0.0334039154386966,1.4877634799197208,0.0671649193494563,0.0557742731238938,-0.0300022436745077,0.5369871396758228,-0.016460980590518925,0.5802717964622801,-0.038800257919629044,-0.03916477651763406,0.01821939706028686,0.178345894047543,23.915265382275003,224.49737006642837,23.915265382275003,120.11005970808326,67.9477949312859,89.04637716093058,89.2020110660916,67.9477949312859,-0.7487368847165528,9.29528451062229,0.018657934714540143,0.019878706544273702,0.01015858826720719,0.00867889860245737,0.01713393434012279,0.026767341621169952,-0.03511891530505907,-0.016292482381374374,0.003417725953754776
NGC 4873,589,1933,5928.15145370987,23712.60581483948,5928.15145370987,23712.60581483948,1.0,1.0,1.0,1.0,1.0,1.0,True,True,True,True,True,577,1884,1.548818576,577,1884,True,0.530672047787759,0.5309985933647615,1.548818576,1.5463791845,1.558567647880416,1.557938636933652,-0.0003265455770025,0.0006290109467641,0.0024393914999998,0.25,0.25,306.1977715735369,1000.4013498992108,0.2618746222611716,0.2640000610575132,0.3167277900522205,0.3126416586663316,True,True,10,0.5294557401750122,0.0104155081233843,0.5294557401750122,0.0104155081233843,,,,,194.88664867224,27.98361769396,EmG,0.01943,14.36,15.4,1.04,14.94,14.138,13.737,13.444,0.80200005,1.2029991,24.18000030517578,0.339,85.0,SIMBAD,C,2006AJ....131.1163S,,-20.64,True,3.0225000381469727,Regular galaxies,,9843.600725478636,False,1.2376674440486584e+18,6.776,5.920350224852851,14.79966,14.0643,13.58516,0.002274498,0.002038532,0.002055469,0.02887073,0.01997264,0.01484181,14.77078927,14.04432736,13.57031819,True,0.7264619100000012,1.2004710799999998,14.83407,14.04072,13.6358,0.002263589,0.002025374,0.002055678,14.80519927,14.02074736,13.62095819,14.332176743099998,0.001521909141096,"SDSS(cModelMag g,r)",14.332176743099998,SDSS,Vmag_sdss,1.2004710799999998,0.7264619100000012,SDSS(cModel extcorr),-20.6678232569,3.0225000381469727,5.920350224852851,SDSS,False,3.2,18.945120719529125,,,,1.2004710799999998,g-i,20.34,0.8411910563808462,85.0,1.5974341779075851,7.803757355433282,1.5974341779075851,NGC 4874,4.319723223776247,272212924.176568,2.281312971202051,4.493711521141899,4.977491715173646,2.281312971202051,1.533074620500072,0.0157439554999279,1.4663851735944435,0.0799940109055563,0.0644014653099497,-0.0619620738099499,1.5526888532038374,0.0058787946765785,1.4886983803319227,0.0692402566017293,0.0596625731008623,-0.0590335621540982,0.5341593482425613,-0.003487300454802278,0.5799242378369334,-0.04892564447217185,-0.041714588967182636,0.04138804339018014,0.1522581274179757,46.4674766472937,227.0020997983936,46.4674766472937,125.65565504959883,66.36070435988394,130.71676946454818,144.78936486753318,66.36070435988394,-0.8174195157816473,8.434908740872164,0.011256687721223785,0.01140796874539747,0.007565004632738945,0.007040950826745385,0.009253540535418388,0.017272291859060436,-0.014743988176026063,-0.002681141298399692,0.007920668290595193
NGC 4898A,99,274,3334.513990825004,13338.055963300018,3334.513990825004,14352.121568109384,1.0,1.076027991455396,1.0,0.9188,1.0,1.076027991455396,True,True,True,True,True,90,264,1.591778651,90,264,True,0.4832493226646475,0.53463490036267,1.591778651,1.4869669065,1.6007021494444442,1.5105232781022728,-0.0513855776980224,0.0901788713421714,0.1048117445,0.2323359633626808,0.2499999999999999,43.49243903981828,141.14361369574488,0.2830461892855632,0.2731256053639165,0.3799170420983648,0.3180280418474626,True,True,10,0.4847217436762991,0.028604275590527,0.4847217436762991,0.028604275590527,,,,,195.07366377992,27.95526275171,GiC,0.02291,13.862,15.0,1.1379995,14.544,13.772,13.361,13.057,0.77199936,1.1829996,31.6200008392334,0.432,85.0,SIMBAD,C,2006AJ....131.1163S,,-21.138,True,3.952500104904175,Members of systems,,15113.913266434003,False,1.237667444048724e+18,5.481787,4.4979517106256175,14.56954,13.79776,13.41057,0.002162378,0.001929308,0.001974395,0.03344134,0.02313457,0.01719146,14.53609866,13.77462543,13.39337854,True,0.76147323,1.14272012,14.53884,13.76106,13.36086,0.002137342,0.00190748,0.001956161,14.50539866,13.73792543,13.34366854,14.0768294543,0.0014428178107379,"SDSS(cModelMag g,r)",14.0768294543,SDSS,Vmag_sdss,1.14272012,0.76147323,SDSS(cModel extcorr),-20.9231705457,3.952500104904175,4.4979517106256175,SDSS,False,3.2,14.393445474001975,,,,1.14272012,g-i,25.92,0.819734323594294,85.0,9.27106840502208,2.4863009828800005,2.4863009828800005,NGC 4889,5.743936092994074,114536085.6124651,7.821480735838882,6.863349057626816,7.785409517046283,7.821480735838882,1.5373958608201326,0.0543827901798674,1.466752545187035,0.0202143613129652,0.0675486598366525,0.0372630846633474,1.5582048519626912,0.042497297481753,1.4896547201743782,0.0208685579278946,0.0636400407956688,0.0265388305465025,0.5312667090068877,-0.048017386342240176,0.5795687088878924,-0.04493380852522233,-0.044322874517672,-0.007062703180350398,0.0616039972414995,269.6844480754241,72.32356391137861,72.32356391137861,167.084328078143,227.5176520361622,199.64673128206326,226.46838281426537,227.5176520361622,-1.2103911072575813,8.0589423365741,0.027243109386143577,0.03015773789455072,0.016687148838404012,0.01614215507960398,0.027328262062384964,0.03751894963020156,-0.07526049572838375,-0.04708132327377018,-0.017859648447689457
NGC 4898B,81,192,2156.619001437156,8626.476005748624,2156.619001437156,10011.43933101592,1.0,1.1605479832488224,1.0,0.9498,1.0,1.1605479832488224,True,True,True,True,True,72,185,1.5619828935000002,72,185,True,0.4821111518437287,0.5332536618518278,1.5619828935000002,1.487348887,1.5928583655138888,1.5063532509405402,-0.051142510008099,0.0865051145733486,0.0746340065000001,0.2154154792464103,0.25,34.71200293274847,98.65192744258816,0.2927297092080256,0.2735578615531973,0.3982029431950142,0.329519233175031,True,True,10,0.4845563622675667,0.0339205621207498,0.4845563622675667,0.0339205621207498,,,,,195.07540991934,27.956592492190005,GiC,0.02124,14.333,15.284,0.9510002,15.528,14.72,14.257,14.034,0.8079996,1.2709999,23.71422004699707,0.229277,143.0,SIMBAD,B,2023ApJS..269....3M,,-20.667,True,2.964277505874634,Members of systems,,10530.1203642135,False,1.237667444048724e+18,4.745432,4.300018683606119,15.44832,14.66071,14.28996,0.002791024,0.002316615,0.002410867,0.03351657,0.02318661,0.01723013,15.41480343,14.63752339,14.27272987,True,0.7772800400000008,1.14207356,15.41488,14.63501,14.2501,0.002757302,0.002302538,0.002399149,15.38136343,14.61182339,14.23286987,14.9462082064,0.0017825874247805,"SDSS(cModelMag g,r)",14.9462082064,SDSS,Vmag_sdss,1.14207356,0.7772800400000008,SDSS(cModel extcorr),-20.0537917936,2.964277505874634,4.300018683606119,SDSS,False,3.2,13.760059787539582,,,,1.14207356,g-i,13.75662,0.5801000400914302,143.0,9.361824069433174,2.525822445468637,2.525822445468637,NGC 4889,5.825587395626785,109267261.53099062,7.904453350781524,6.970871504804305,7.899177969894845,7.904453350781524,1.522683370491242,0.0392995230087582,1.465501758236349,0.021847128763651,0.0568334332795227,0.0178005732204773,1.5394245776935036,0.0534337878203852,1.4863986780102936,0.0199545729302466,0.0500979902131879,0.0364071243601606,0.5411152533200219,-0.05900410147629315,0.5807791752903567,-0.047525513438528955,-0.03544246678880439,-0.015700043219294614,0.0509129485961509,272.32442334010517,73.4731966570044,73.4731966570044,169.45946819394817,229.93122756905979,202.7744324871447,229.77777295944426,229.93122756905979,-1.2931717503019755,8.038490058873483,0.0353401653934365,0.03451617771012822,0.019273323874513762,0.021314918908117462,0.038751345030109303,0.04225997375865635,-0.09434426686972965,-0.05897075937649465,-0.024487923766164925
NGC 4908,139,225,4521.805099126582,18087.220396506324,4521.805099126582,17530.134008293928,1.0,0.9692,1.0,0.9692,1.0,0.9692,True,True,True,True,True,135,223,1.578231631,135,223,True,0.4884743591874891,0.6364150558184446,1.578231631,1.404403835,1.5963548520962962,1.4346475860852017,-0.1479406966309555,0.1617072660110945,0.1738277959999998,0.2579446966570368,0.25,65.94403849031103,141.92055744751315,0.2858469310493614,0.2167672573821018,0.3362932650161003,0.28553472174717,True,True,10,0.4879249236043242,0.0236076671641971,0.4879249236043242,0.0236076671641971,,,,,195.21476199117,28.04287393961,LIN,0.0291601732022224,13.58,14.9,1.3199997,14.4498,13.6108,13.173,12.884,0.83899975,1.2767992,57.34199905395508,0.666983,57.0,SIMBAD,B,2023ApJS..269....3M,,-21.42,True,7.167749881744385,Active (AGN/Seyfert/QSO),,34623.26656031884,False,1.2376673243347026e+18,6.996706,5.6766798692894485,14.39785,13.60594,13.14518,0.001954095,0.001809066,0.001801665,0.03499835,0.0242117,0.01799189,14.36285165,13.5817283,13.12718811,True,0.7811233499999997,1.2356635399999991,14.41202,13.59609,13.16484,0.001948188,0.001803014,0.001802313,14.37702165,13.5718783,13.14684811,13.8919888735,0.0013345866287514,"SDSS(cModelMag g,r)",13.8919888735,SDSS,Vmag_sdss,1.2356635399999991,0.7811233499999997,SDSS(cModel extcorr),-21.108011126500003,7.167749881744385,5.6766798692894485,SDSS,False,3.2,18.165375581726234,,,,1.2356635399999991,g-i,40.01898,0.6978999801235523,57.0,17.474909905471062,10.371261002423465,10.371261002423465,NGC 4889,13.90681024752937,1764223.2490023563,15.843472882463004,15.687381709728466,16.761282024874784,15.843472882463004,1.5405239166310638,0.0377077143689361,1.467018477826708,-0.062614642826708,0.0698268483654603,0.1040009476345394,1.562197768508115,0.0341570835881812,1.4903469946557415,-0.05569940857054,0.0665192467675682,0.0951880192435263,0.5291727877481991,-0.04069842856070999,0.5793113488910786,0.057103706927365994,-0.046210958069725416,-0.10172973856123008,0.0476153254192334,508.3245238997351,301.68775345996175,301.68775345996175,404.5327121157918,460.86794458235994,456.3274364198318,487.56593031567843,460.86794458235994,-1.322253243208385,6.246553540929047,0.023497780970667126,0.023435572367432895,0.016954569401381743,0.013806723160770432,0.023940444625280916,0.03336402460514809,-0.06419620953137711,-0.04112586944495886,-0.017262856193277092
NGC 4906,108,60,5695.179993967298,22780.71997586919,5695.179993967298,17090.096125897064,1.0,0.7501999999999999,1.0,0.7502,1.0,0.7502,True,False,False,True,True,99,53,1.595960048,99,53,True,0.5082300461734902,0.559227777599548,1.595960048,1.472442075,1.6255953303939397,1.5405981278113208,-0.0509977314260577,0.0849972025826188,0.123517973,0.3332444681418289,0.25,50.314774571175526,29.63907221277605,0.2692743619149523,0.2803056628189362,0.2975887695209745,0.3483999597468855,True,True,10,0.5092307282126397,0.026590461086339,0.5092307282126397,0.026590461086339,,,,,195.16566822405,27.923956527790004,G,0.02502,14.08,15.2,1.1199999,14.8718,14.015,13.613,13.304,0.8568001,1.2588005,40.18302154541016,0.581649,10.0,SIMBAD,B,2023ApJS..269....3M,,-20.92,True,5.0228776931762695,Regular galaxies,,20922.29806972467,False,1.2376674440487242e+18,6.121517,5.710892442779653,14.70623,14.02911,13.55231,0.00223731,0.001985066,0.002017172,0.03238968,0.02240703,0.01665082,14.67384032,14.00670297,13.53565918,True,0.6671373500000009,1.1381811400000004,14.76267,14.00413,13.58521,0.00222274,0.001970411,0.002009759,14.73028032,13.98172297,13.56855918,14.2702292835,0.0014876550348944,"SDSS(cModelMag g,r)",14.2702292835,SDSS,Vmag_sdss,1.1381811400000004,0.6671373500000009,SDSS(cModel extcorr),-20.7297707165,5.0228776931762695,5.710892442779653,SDSS,False,3.2,18.27485581689489,,,,1.1381811400000004,g-i,34.89894,0.8684996463135876,10.0,14.303675424398635,7.683317025303405,7.683317025303405,NGC 4889,10.896480183182728,4208647.047333927,12.950768903990348,11.59475844941888,12.248639443753294,12.950768903990348,1.5341229569104833,0.0618370910895167,1.4664742982411048,0.0059677767588952,0.0651649772575896,0.0583529957424103,1.5540270389816209,0.0715682914123188,1.488930389154232,0.0516677386570887,0.0606275099932501,0.0243696925893686,0.5334575916152191,-0.025227545441728894,0.5798379862252133,-0.020610208625665316,-0.04234736115960938,-0.00865037026644832,0.0036854151444139,416.07705215392235,223.49863261013482,223.49863261013482,316.9657601247557,376.72259673254825,337.27785152631975,356.2984786385696,376.72259673254825,-2.433513583850225,6.6241425057378995,0.02694013764496827,0.02698508767500053,0.0390717779590286,0.03551964665938961,0.0402834113590462,0.05083157689264545,-0.05216768308669716,-0.0246470965349892,0.001757542233271636
IC 3968,31,113,737.8700913065138,2951.480365226056,737.8700913065138,2951.480365226056,1.0,1.0,1.0,1.0,1.0,1.0,True,True,True,True,True,30,112,1.6773184035,30,112,True,0.4368866880522942,0.5666841725491457,1.6773184035,1.537266177,1.6830621542000002,1.5331524126160716,-0.1297974844968515,0.1499097415839285,0.1400522264999999,0.25,0.25,13.106600641568823,63.46862732550432,0.2906935530553596,0.2340365019333794,0.3212748477600299,0.252787755669147,True,True,10,0.4386465837937602,0.0519715490315003,0.4386465837937602,0.0519715490315003,,,,,194.85620569633,27.97320929685,EmG,0.02033,15.32,16.795,1.4750004,16.049,15.263,14.883,14.595,0.78600025,1.1659994,25.70639991760254,0.234956,46.0,SIMBAD,B,2023ApJS..269....3M,,-19.68,True,3.2132999897003174,Regular galaxies,Sa:,10937.764362427635,False,1.2376674440486584e+18,3.370826,2.58688286920158,16.11325,15.32203,14.93424,0.003265347,0.002761985,0.002858132,0.03228942,0.02233767,0.01659928,16.08096058,15.29969233,14.91764072,True,0.7812682500000001,1.163319859999998,16.08525,15.28769,14.91323,0.003244352,0.002744535,0.002842484,16.052960579999997,15.26535233,14.89663072,15.6100123125,0.0021089966512832,"SDSS(cModelMag g,r)",15.6100123125,SDSS,Vmag_sdss,1.163319859999998,0.7812682500000001,SDSS(cModel extcorr),-19.389987687500003,3.2132999897003174,2.58688286920158,SDSS,False,3.0,7.760648607604738,,,,1.163319859999998,g-i,14.09736,0.5483988440694407,46.0,2.4070929719197043,9.410032222679204,2.4070929719197043,NGC 4874,5.840027155534421,80578508.25872569,3.75999678076209,5.439773011723768,5.541774035298311,3.75999678076209,1.5114498184085812,0.1658685850914187,1.4645467343049314,0.0727194426950685,0.0486519457871802,0.0914002807128196,1.5250851161602446,0.1579770380397556,1.48391256461848,0.0492398479975915,0.0397581138820137,0.1101516277019147,0.5486349955938866,-0.11174830754159243,0.5817034129328238,-0.015019240383678079,-0.028661934023280322,-0.10113555047357117,0.0406088325502135,70.01949626935708,273.7267416741872,70.01949626935708,169.8795037832577,109.37387281447643,158.2365826928464,161.20367219581328,109.37387281447643,-1.3913794957177479,7.906219223079653,0.05067902834959048,0.05378667257485611,0.021451618937841928,0.02306998506758011,0.053203396003871695,0.06047625497986591,-0.1624273358911829,-0.10940580155137702,-0.05796163496673632
IC 3998,115,579,3084.466585706263,12337.86634282505,3084.466585706263,12337.86634282505,1.0,1.0,1.0,1.0,1.0,1.0,True,True,True,True,True,111,564,1.463663707,111,564,True,0.597941868793599,0.5662421325508766,1.463663707,1.5015593725,1.4947884100810815,1.5321330255585106,0.0316997362427223,-0.037344615477429,-0.0378956655,0.25,0.25,66.37154743608949,319.3605627586944,0.2274294857003179,0.2394150195447748,0.2814697581114277,0.2821689121989726,True,True,10,0.5996369956954417,0.022857552404989,0.5996369956954417,0.022857552404989,,,,,194.94492123014,27.97385772552,G,0.03142,14.61,15.909,1.2990007,15.3933,14.5528,14.139,13.854,0.8404999,1.2543001,35.339820861816406,0.43574,7.0,SIMBAD,B,2023ApJS..269....3M,,-20.39,True,4.417477607727051,Regular galaxies,SB0,22929.32790588228,False,1.2376674440486584e+18,5.116478,4.553736992641008,15.48041,14.66306,14.27212,0.002716808,0.002324977,0.002409557,0.02731829,0.01889867,0.01404374,15.45309171,14.64416133,14.25807626,True,0.8089303799999996,1.1950154499999996,15.44581,14.62817,14.25422,0.002696275,0.002306417,0.002395132,15.41849171,14.60927133,14.24017626,14.9658227858,0.0017670355449308,"SDSS(cModelMag g,r)",14.9658227858,SDSS,Vmag_sdss,1.1950154499999996,0.8089303799999996,SDSS(cModel extcorr),-20.0341772142,4.417477607727051,4.553736992641008,SDSS,False,3.0,13.661210977923025,,,,1.1950154499999996,g-i,26.1444,0.7398000148961769,7.0,2.5970946098972965,4.710113721038631,2.5970946098972965,NGC 4874,1.1818856405573146,79138128.74996634,0.9643724024103008,2.5680610700511366,3.718832549865224,0.9643724024103008,1.5223514331060335,-0.0586877261060336,1.4654735384760922,0.0360858340239078,0.0565916805778537,-0.0944873460778537,1.5390008645766176,-0.044212454495536,1.4863252164753724,0.0458078090831381,0.0497924598264062,-0.0871370753038352,0.5413374522798396,0.05660441651375936,0.5808064853543591,-0.01456435280348245,-0.03524211054351831,0.0669418467862406,0.0749524625293783,75.54641988084255,137.01165429247635,75.54641988084255,34.379659682945615,28.052456062379076,74.70186844113512,108.17645387580727,28.052456062379076,-1.1252140940318196,7.8983857769993575,0.021315088443850667,0.022573369897964143,0.01038714194796548,0.01065779552207086,0.020841658725313204,0.02869458735976116,0.03528932806990869,0.05795616447106733,0.0791777864117235
IC 4011,52,58,178.65830649883225,714.633225995329,322.0479675506748,1126.1369909352345,1.802591627906088,1.5758251225539788,1.0,0.9794,1.802591627906088,1.5758251225539788,True,True,True,True,True,33,58,1.857849376,33,58,True,0.3034015424146095,0.5065681265003597,1.857849376,1.4766263795,1.809048930909091,1.5127850225517243,-0.2031665840857501,0.2962639083573666,0.3812229965000002,0.2859758361042916,0.25,10.012250899682114,29.38095133702086,0.2713080723152839,0.295488406530529,0.3019360674311204,0.3623735594049969,True,True,10,0.3056083012936427,0.0456977468030918,0.3056083012936427,0.0456977468030918,,,,,195.02664187002,28.004124776700003,G,0.02425,15.05,16.207,1.1570005,15.678,14.916,14.517,14.233,0.7620001,1.1610003,17.219999313354492,0.258,15.0,SIMBAD,C,2006AJ....131.1163S,,-19.95,True,2.1524999141693115,Regular galaxies,E1,8698.200669748132,False,1.237667324334637e+18,1.014002,0.9942091823348834,16.62321,15.84426,15.45266,0.00354938,0.003090188,0.003090666,0.03155479,0.02182946,0.01622163,16.59165521,15.82243054,15.43643837,True,0.7692246699999981,1.1552168399999996,16.62722,15.84291,15.44673,0.003547512,0.003078342,0.003082022,16.59566521,15.82108054,15.43050837,16.127812654699998,0.0023327748278016,"SDSS(cModelMag g,r)",16.127812654699998,SDSS,Vmag_sdss,1.1552168399999996,0.7692246699999981,SDSS(cModel extcorr),-18.8721873453,2.1524999141693115,0.9942091823348834,SDSS,False,3.2,3.181469383471627,,,,1.1552168399999996,g-i,15.48,0.8989547396784688,15.0,7.289882437924954,1.6688801879551816,1.6688801879551816,NGC 4889,3.859615205478872,377011525.4284291,5.6445996976052095,6.079873254215437,7.335571695374009,5.6445996976052095,1.5026870869655686,0.3551622890344315,1.463801767960263,0.012824611539737,0.0422699770944439,0.3389530194055562,1.513899620287812,0.295149310621279,1.481973272057317,0.0308117504944069,0.0316924941406057,0.2645714142167608,0.5545007699795552,-0.25109922756494574,0.5824243644351508,-0.07585623793479113,-0.023372779958063084,-0.17979380412768703,0.1089654377472485,212.05408437516928,48.54575683519955,48.54575683519955,112.27165532607299,164.1947494671453,176.85634398333596,213.38313100063155,164.1947494671453,-0.9627112321135819,8.576354627005417,0.04353441591687174,0.04846102910285985,0.039373449283760104,0.03853036315391985,0.05493759485262148,0.06626668714774765,-0.2946336434818175,-0.2503792525200278,-0.2026381984620859
IC 4021,25,34,1382.2037624070351,5528.8150496281405,1382.2037624070351,5528.8150496281405,1.0,1.0,1.0,1.0,1.0,1.0,True,True,True,True,True,18,34,1.5082951135,18,34,True,0.6254985893253743,0.655175021451365,1.5082951135,1.4218041025,1.4943994495555557,1.4526065402941175,-0.0296764321259906,0.0417929092614377,0.0864910110000001,0.25,0.25,11.258974607856738,22.27595072934641,0.1807587415958073,0.2108623048841415,0.2110262773126584,0.2265058170572267,True,True,10,0.6250869918844384,0.0442205993342088,0.6250869918844384,0.0442205993342088,,,,,195.06145537668,28.04129991474,LIN,0.01912,14.75,15.974,1.224,15.4985,14.6876,14.269,13.968,0.81089973,1.2294998,25.3218002319336,0.362693,49.0,SIMBAD,B,2023ApJS..269....3M,,-20.25,True,3.165225028991699,Active (AGN/Seyfert/QSO),E3,10147.779409867928,False,1.237667324334637e+18,3.041007,2.828285123050337,15.40342,14.66715,14.24484,0.002457547,0.002221335,0.002240282,0.03434348,0.02375866,0.01765523,15.36907652,14.64339134,14.22718477,True,0.725685180000001,1.141891750000001,15.42407,14.66149,14.24243,0.002453489,0.002217651,0.002239004,15.38972652,14.63773134,14.22477477,14.930922263799998,0.0016531443376999,"SDSS(cModelMag g,r)",14.930922263799998,SDSS,Vmag_sdss,1.141891750000001,0.725685180000001,SDSS(cModel extcorr),-20.0690777362,3.165225028991699,2.828285123050337,SDSS,False,3.2,9.05051239376108,,,,1.141891750000001,g-i,21.76158,0.859400982579281,49.0,9.924647517951785,4.126548397941443,4.126548397941443,NGC 4889,6.68578316531927,25871383.722603098,8.285585263395243,8.96824937381079,10.228415969778473,8.285585263395243,1.5229420543872163,-0.0146469408872162,1.4655237503283882,-0.0437196478283881,0.0570218348682464,0.0294691761317536,1.5397547838249483,-0.0453553342693926,1.486455927711305,-0.0338493874171874,0.0503360947302239,-0.0085431854687862,0.540942090262263,0.08455649906311125,0.5807578921385629,0.07441712931280209,-0.03559860748407695,0.0059221753580863505,0.0060848480402835,288.6962938135694,120.03642714495895,120.03642714495895,194.48154884871602,241.01790550161428,260.87579952153,297.53255989367193,241.01790550161428,-2.2157502631348867,7.412819657437846,0.042752539238114555,0.04029383607706451,0.03586658179624997,0.03491627737813528,0.0524419422147111,0.055395678348996696,0.04180395982499669,0.08482910048326647,0.12485033514017575
IC 4030,11,8,1020.7239285461352,4082.895714184543,1020.7239285461352,4082.895714184543,1.0,1.0,1.0,1.0,1.0,1.0,True,True,True,True,True,10,7,1.631204342,10,7,True,0.4495705135335629,0.7351270373544769,1.631204342,1.380944588,1.6721790586,1.4090051562857144,-0.285556523820914,0.2631739023142856,0.250259754,0.2499999999999999,0.2499999999999999,4.495705135335629,5.145889261481338,0.3105590803724402,0.0647523786488477,0.3002172887056989,0.1150209597325991,True,True,10,0.4498849584702785,0.0912872067453806,0.4498849584702785,0.0912872067453806,,,,,195.1165418506,27.95599470558,G,0.02336,15.27,16.5,1.2299995,15.909,15.116,14.736,14.44,0.7930002,1.1730003,26.8411808013916,0.290645,12.0,SIMBAD,B,2023ApJS..269....3M,,-19.73,True,3.35514760017395,Regular galaxies,SB0,13074.57116618589,False,1.2376674440487242e+18,3.214207,2.7953293218139783,15.75536,15.07075,14.72363,0.00295596,0.002528128,0.00266926,0.03450034,0.02386717,0.01773587,15.72085966,15.04688283,14.70589413,True,0.6739768300000009,1.0149655299999996,15.83601,15.07099,14.70557,0.002963471,0.002528128,0.002669879,15.80150966,15.04712283,14.68783413,15.3132133303,0.0019218908618506,"SDSS(cModelMag g,r)",15.3132133303,SDSS,Vmag_sdss,1.0149655299999996,0.6739768300000009,SDSS(cModel extcorr),-19.6867866697,3.35514760017395,2.7953293218139783,SDSS,False,3.0,8.385987965441934,,,,1.0149655299999996,g-i,17.4387,0.6496994349479542,12.0,11.542040785274944,4.565895315467575,4.565895315467575,NGC 4889,7.99733748320981,18983923.76721572,10.077621936173257,9.104555489358455,9.970949398224786,10.077621936173257,1.5164725454360064,0.1147317965639935,1.4649737430085783,-0.0840291550085785,0.052310038797294,0.1979497152027059,1.5314965522288944,0.1406825063711057,1.4850241514820492,-0.0760189951963348,0.0443812621014434,0.2187926402128421,0.545272780999581,-0.09570226746601807,0.5812901693432251,0.15383686801125185,-0.03169363449799553,-0.25386288932291845,0.0045953489277287,335.7443568375327,132.81651092715725,132.81651092715725,232.63311745861316,293.14613926238195,264.84078369971434,290.04316091461624,293.14613926238195,-2.337681506773224,7.278385981238358,0.08868183064999183,0.09256070413832491,0.02203536387473165,0.022629916185476495,0.08901946462048915,0.09798828123342432,-0.1843840981160099,-0.09598530665583929,-0.003141563327693145
IC 4040,21,104,2465.3466584469743,9861.386633787895,2465.3466584469743,9861.386633787895,1.0,1.0,1.0,1.0,1.0,1.0,True,True,True,True,True,21,101,1.389583181,21,101,True,0.6231851170761293,0.5976156755390641,1.389583181,1.393398049,1.3677356080476193,1.4348231965148517,0.0255694415370651,-0.0670875884672324,-0.003814868,0.25,0.25,13.086887458598715,60.35918322944548,0.2307171122098391,0.2590788103271486,0.3247877926113705,0.3372263152371759,True,True,10,0.6195838715713882,0.0490363096280337,0.6195838715713882,0.0490363096280337,,,,,195.15820968252208,28.05746747143528,EmG,0.02553,15.04,15.1,0.06000042,15.2684,14.7118,14.641,14.302,0.5566006,0.6274004,44.41517639160156,0.294473,152.0,SIMBAD,B,2023ApJS..269....3M,,-19.96,True,5.551897048950195,Regular galaxies,Scd,23582.69984675301,False,,,,,,,,,,,,,,,,False,,,,,,,,,,,,,,,15.039999961853027,SIMBAD,,,,,-19.960000038146973,5.551897048950195,5.551897048950195,SIMBAD_proxy(maj/8),True,3.0,16.655691146850586,,,,0.0600004196166992,B-V,17.66838,0.3978005140454851,152.0,14.952516011317968,8.170947078353194,8.170947078353194,NGC 4889,11.49374385752144,3515663.4381460515,13.30521384728729,13.512247316411145,14.680742678674878,13.30521384728729,1.5210961332926112,-0.1315129522926112,1.4653668187712203,-0.0719687697712205,0.0556774354978395,-0.0594923034978395,1.5373984931045468,-0.1696628850569275,1.4860474042879248,-0.0512242077730731,0.0486370243297953,-0.1157246127970277,0.542177750255396,0.08100736682073328,0.5809097648274598,0.01670591071160432,-0.03448441596456098,0.060053857501626076,0.0080766771104081,434.9510597577804,237.6832158724572,237.6832158724572,334.33945615770523,387.0329821951753,393.0553416919041,427.0454939682142,387.0329821951753,-2.0927672790068765,6.546007292467661,0.05224177332871563,0.044310351378585244,0.02431768176616577,0.02351906868562499,0.056223788463598746,0.05521124311527616,0.028765593492017655,0.07917818276042626,0.12531771819931853
2MASX J12592529+2758048,61,153,1096.7342654406837,4386.937061762734,1096.7342654406837,4386.937061762734,1.0,1.0,1.0,1.0,1.0,1.0,True,True,True,True,True,60,148,1.6052247605,60,148,True,0.4926852173728633,0.5718190158993199,1.6052247605,1.5177810955000002,1.6272179434166667,1.5138393646554054,-0.0791337985264566,0.1133785787612613,0.0874436649999998,0.25,0.25,29.5611130423718,84.62921435309934,0.2634754761471018,0.2341702179643719,0.2554107243365378,0.2867111906706551,True,True,10,0.4927904176687369,0.0333714893418756,0.4927904176687369,0.0333714893418756,,,,,194.85554288412,27.96793530272,GiC,0.02571,15.59,17.055,1.4650002,16.205,15.399,15.024,14.746,0.80599976,1.1809998,27.22559928894043,0.252018,69.0,SIMBAD,B,2023ApJS..269....3M,,-19.41,False,3.4031999111175537,Members of systems,S...,14554.46396629703,False,1.2376674440486584e+18,3.895401,3.1338853299605423,16.22602,15.44426,15.08308,0.003544416,0.002906817,0.003070116,0.03289751,0.02275835,0.01691189,16.193122489999997,15.42150165,15.06616811,True,0.7716208399999971,1.1269543799999957,16.25363,15.44428,15.07672,0.003545425,0.002906817,0.003070455,16.22073249,15.42152165,15.05980811,15.727866194399995,0.0022479149216731,"SDSS(cModelMag g,r)",15.727866194399995,SDSS,Vmag_sdss,1.1269543799999957,0.7716208399999971,SDSS(cModel extcorr),-19.272133805600003,3.4031999111175537,3.1338853299605423,SDSS,False,3.0,9.401655989881627,,,,1.1269543799999957,g-i,15.12108,0.5553993445478528,69.0,2.350342798744093,9.458336239252912,2.350342798744093,NGC 4874,5.867369879702429,86370699.46573423,3.795320634065584,5.332270504159892,5.366717249647854,3.795320634065584,1.5094553780182594,0.0957693824817407,1.46437717633355,0.0534039191664501,0.0471993786038377,0.040244286396162,1.5225392427760331,0.1046787006406335,1.4834711721784872,0.0303681924769181,0.0379223395130445,0.0754562392482167,0.5499700744367538,-0.057284857063890526,0.5818675050090281,-0.010048489109708125,-0.027458096776080798,-0.05167570175037581,0.0458069491250671,68.36870064770477,275.1318485594357,68.36870064770477,170.674871388585,110.40140205553882,155.1094615076135,156.11147671654922,110.40140205553882,-1.3390686325258383,7.936366436708762,0.030139970568703586,0.03339587268258363,0.018279621638786075,0.019130419290852435,0.03467040832178475,0.039755543530606396,-0.08742482763259411,-0.0557878810265281,-0.023888984381306898
LEDA 44602,17,43,1061.3312672933298,4245.325069173319,1061.3312672933298,4245.325069173319,1.0,1.0,1.0,1.0,1.0,1.0,True,True,True,True,True,14,43,1.4189087135,14,43,True,0.5916782010018343,0.5276845200836382,1.4189087135,1.507374402,1.5040673972142855,1.512850308767442,0.0639936809181961,-0.0087829115531561,-0.0884656884999999,0.25,0.25,8.28349481402568,22.69043436359644,0.2576768832650739,0.3017196264939887,0.3369203302252661,0.415336524983816,True,True,10,0.5948470766149001,0.064645319491676,0.5948470766149001,0.064645319491676,,,,,194.86970481719,28.04052671511,AG?,0.01876,16.033,16.995,0.9619999,16.142,15.367,14.989,14.695,0.7750006,1.1529999,16.979999542236328,0.159,10.0,SIMBAD,C,2006AJ....131.1163S,,-18.967,False,2.122499942779541,Other,,6679.580151249703,False,1.2376673243345715e+18,4.108369,3.0651745140028503,16.32349,15.46277,15.20181,0.003432369,0.002888707,0.002987799,0.0276596,0.01913479,0.0142192,16.2958304,15.44363521,15.1875908,True,0.8521951899999998,1.1082395999999992,16.24869,15.42865,15.09022,0.003410304,0.002870681,0.002968471,16.2210304,15.40951521,15.0760008,15.7830352379,0.0022102437730609,"SDSS(cModelMag g,r)",15.7830352379,SDSS,Vmag_sdss,1.1082395999999992,0.8521951899999998,SDSS(cModel extcorr),-19.2169647621,2.122499942779541,3.0651745140028503,SDSS,False,3.2,9.808558444809124,,,,1.1082395999999992,g-i,9.54,0.5618374709769602,10.0,5.114322390000249,9.48786280045,5.114322390000249,NGC 4874,6.710439138827572,10219808.521643868,5.181454843642449,7.740982843002722,8.424834279947602,5.181454843642449,1.5085217526944434,-0.0896130391944434,1.464297803885667,0.0430765981143328,0.0465194116750225,-0.1349851001750224,1.5213474839878225,-0.0172800867735369,1.4832645502299358,0.0295857585375063,0.0370629879636083,-0.0458458995167644,0.550595043437101,0.04108315756473335,0.5819443187952537,-0.05425979871161546,-0.026894563794502613,0.09088824471269871,0.0123017359476514,148.7696078566164,275.99074140890366,148.7696078566164,195.19876204538997,150.72241177494783,225.17606325131462,245.0684951999522,150.72241177494783,-1.9100335991874675,7.009442758932501,0.0659587225425623,0.06718684059071753,0.04211606158795081,0.04452956132755729,0.08272799956520988,0.08348245760854983,-0.02487556497782895,0.043867462664377244,0.10826999815545088
LEDA 44644,119,440,766.5836020182493,3066.334408072998,766.5836020182493,3066.334408072998,1.0,1.0,1.0,1.0,1.0,1.0,True,True,True,True,True,112,433,1.6302446695,112,433,True,0.4702541916215441,0.5473732792462789,1.6302446695,1.50814644,1.6284049971517855,1.5296949136836029,-0.0771190876247347,0.0987100834681826,0.1220982295000001,0.2499999999999999,0.2499999999999999,52.66846946161294,237.0126299136388,0.2627194390585737,0.2616120844343313,0.2928750340874579,0.3241454312288129,True,True,10,0.4694979810796954,0.0261771597787692,0.4694979810796954,0.0261771597787692,,,,,194.91524614901,27.95392092257,G,0.02679,15.59,16.99,1.3999996,16.304,15.505,15.137,14.871,0.79900074,1.1670008,17.399999618530273,0.18,,SIMBAD,E,2003A&A...412...45P,,-19.41,False,2.174999952316284,Regular galaxies,,9679.905540903545,False,1.2376674440486584e+18,3.810511,2.4784352700918784,16.24508,15.46987,15.10929,0.003544283,0.002971435,0.003119395,0.0298651,0.02066054,0.01535299,16.215214900000003,15.44920946,15.09393701,True,0.7660054400000025,1.1212778900000036,16.24361,15.46985,15.10885,0.003544733,0.002971435,0.00311957,16.213744900000002,15.44918946,15.09349701,15.753271690400002,0.002277100266552,"SDSS(cModelMag g,r)",15.753271690400002,SDSS,Vmag_sdss,1.1212778900000036,0.7660054400000025,SDSS(cModel extcorr),-19.2467283096,2.174999952316284,2.4784352700918784,SDSS,False,3.2,7.930992864294011,,,,1.1212778900000036,g-i,10.8,0.6206896687801332,0.0,0.9289221466799672,6.430505146456908,0.9289221466799672,NGC 4874,2.835053695788021,1372257580.6332672,1.1815771307024896,2.1738467741859644,2.696851197784204,1.1815771307024896,1.509025440993346,0.121219228506654,1.4643406251033806,0.0438058148966193,0.0468862519662489,0.0752119775337511,1.5219904345820527,0.1064145625697328,1.4833760222038923,0.0463188914797103,0.0375266057651539,0.0611834777030286,0.5502578743772847,-0.0800036827557406,0.5819028779684795,-0.03452959872220063,-0.027198588290867493,-0.049920499333867205,0.1608441983435519,27.021249923765232,187.05581228685534,27.021249923765232,82.46836910389109,34.370685495043034,63.23463940567125,78.44822139614526,34.370685495043034,-0.7935945994982395,9.137435638592368,0.024367567724348574,0.02503466973142973,0.011356602799654218,0.01349141197793894,0.02627651337454598,0.028093372151971708,-0.10437125048008918,-0.07976010023357388,-0.05496901302431087
IC 3973,43,27,1406.5553714063512,5626.221485625405,1406.5553714063512,5626.221485625405,1.0,1.0,1.0,1.0,1.0,1.0,True,True,True,True,True,40,27,1.604724498,40,27,True,0.4880246533416721,0.6550952679937782,1.604724498,1.414779798,1.6249866561250002,1.433900819814815,-0.167070614652106,0.191085836310185,0.1899446999999998,0.25,0.25,19.520986133666884,17.68757223583201,0.2641621980306985,0.1880258341113611,0.3009825976712622,0.2469069960568708,True,True,10,0.489571578739823,0.0411555703807307,0.489571578739823,0.0411555703807307,,,,,194.87842956411,27.88420618177,AG?,0.01571,14.03,15.2,1.1700001,14.891,14.089,13.698,13.384,0.80200005,1.1929998,49.60697937011719,0.516492,137.0,SIMBAD,B,2023ApJS..269....3M,,-20.970001,True,6.200872421264648,Other,SBa,16402.50192279089,False,1.2376674440486587e+18,3.882846,3.346396984902192,14.89322,14.08936,13.69941,0.002220474,0.002004732,0.002069547,0.03677772,0.02544266,0.01890662,14.85644228,14.06391734,13.68050338,True,0.7925249399999998,1.1759388999999985,14.89146,14.08934,13.69809,0.002220656,0.002004732,0.002069685,14.85468228,14.06389734,13.67918338,14.3788525654,0.0014925865086144,"SDSS(cModelMag g,r)",14.3788525654,SDSS,Vmag_sdss,1.1759388999999985,0.7925249399999998,SDSS(cModel extcorr),-20.6211474346,6.200872421264648,3.346396984902192,SDSS,False,3.0,10.039190954706571,,,,1.1759388999999985,g-i,30.98952,0.6247008060859238,137.0,4.630095084965553,9.939705478723017,4.630095084965553,NGC 4874,6.858647504069512,12799943.130756486,5.790262446436393,4.601499854529899,3.44679858835706,5.790262446436393,1.5322847258971466,0.0724397721028533,1.4663180204585928,-0.0515382224585927,0.0638261786360153,0.1261185213639844,1.551680564535157,0.0733060915898431,1.4885235676336768,-0.0546227478188616,0.0589355178961674,0.1321503184140176,0.534688103866233,-0.04666345052456089,0.5799892262146285,0.0751060417791497,-0.0412378113462632,-0.1258328033058428,0.004553551532926,134.68400652175916,289.1343121370597,134.68400652175916,199.50996863284024,168.4319070748281,133.85220498597806,100.2633066998723,168.4319070748281,-2.341649744113117,7.107208040112438,0.042087057017811264,0.039593653159250924,0.03520711788421297,0.03696846009795719,0.05279273854440161,0.05676018477594823,-0.08875050754237215,-0.04572825641852751,-0.007069797365309965
LEDA 126758,27,53,3019.629565623688,12078.51826249475,2851.1342358618863,7631.207838244183,0.9442,0.6318,0.9442,0.6318,0.9442,0.6318,True,False,False,True,True,26,50,1.3768756505,26,50,True,0.5693245753365482,0.6233902609234064,1.3768756505,1.3785609975,1.4772291927307692,1.33758763856,-0.0540656855868582,0.1396415541707691,-0.001685347,0.3736150680595125,0.25,14.802438958750251,31.16951304617032,0.2604562579626978,0.1900823377683811,0.3979313258568818,0.3113329673335152,True,True,10,0.5705603699937819,0.0523795714120536,0.5705603699937819,0.0523795714120536,,,,,195.09029099217,27.89855164897,EmG,0.01626,16.81,18.205,1.3950005,17.331,16.638,16.31,16.046,0.6929989,1.0209999,8.819999694824219,0.147,90.0,SIMBAD,C,2006AJ....131.1163S,,-18.19,False,1.1024999618530271,Regular galaxies,,3016.4020063244934,False,1.2376674440487242e+18,4.537534,3.875358740150076,17.49151,16.7759,16.45208,0.00679767,0.005393971,0.006219325,0.03168688,0.02192084,0.01628953,17.459823120000003,16.75397916,16.435790469999997,True,0.7058439600000028,1.024032650000006,17.33054,16.6378,16.30969,0.006680677,0.005299928,0.006107788,17.29885312,16.61587916,16.293400469999998,17.0333751836,0.0042303145164289,"SDSS(cModelMag g,r)",17.0333751836,SDSS,Vmag_sdss,1.024032650000006,0.7058439600000028,SDSS(cModel extcorr),-17.9666248164,1.1024999618530271,3.875358740150076,SDSS,False,3.2,12.401147968480243,,,,1.024032650000006,g-i,8.82,1.0,90.0,10.785306699293509,5.581717257033833,5.581717257033833,NGC 4889,7.78829727836003,10873950.45529427,9.67058081100148,7.838952834924759,8.276451122264664,9.67058081100148,1.4873622588438038,-0.1104866083438038,1.4624989229212717,-0.0839379254212715,0.0311087799345497,-0.0327941269345497,1.4943377059673149,-0.0171085132365456,1.4785817125452048,-0.1409940739852047,0.017586819781368,0.122054734389401,0.5647592133480441,0.004565361988504102,0.5836852107738913,0.039705050149515086,-0.014122767278098858,-0.039942918308759345,0.0079015400789044,313.7318545667895,162.36557341771166,162.36557341771166,226.55238438582637,281.3057928869321,228.02589479663428,240.7522041064969,281.3057928869321,-2.1022882526863285,7.036387349905224,0.045445820830093915,0.05310318501183347,0.024703165617444685,0.029268722382217616,0.05470038456321884,0.05749932012239465,-0.04088045884158981,0.008472498206570034,0.05766854700033757
IC 4051,1637,557,27799.4539116198,111197.81564647915,27799.4539116198,78261.02265199204,1.0,0.7038,1.0,0.7038,1.0,0.7038,True,False,False,True,True,1543,538,1.511402755,1543,538,True,0.566137157270622,0.6195862764435549,1.511402755,1.4314196585,1.528901039213869,1.452543530717472,-0.0534491191729329,0.0763575084963972,0.0799830964999999,0.3552145495879512,0.25,873.5496336685698,333.3374167266325,0.2445639499487323,0.2271990110849851,0.2820846573382687,0.2822751633285517,True,True,10,0.5668238840770924,0.0058723496128409,0.5668238840770924,0.0058723496128409,,,,,195.22692933466,28.007639484250003,EmG,0.01662,13.5,14.8,1.3000002,13.83,13.045,12.617,12.289,0.78499985,1.2130003,79.12799835205078,0.915775,103.0,SIMBAD,B,2023ApJS..269....3M,,-21.5,True,9.890999794006348,Regular galaxies,E3,27648.45590073015,True,1.2376673243347028e+18,16.32261,14.110691012813476,13.7839,13.09279,12.65764,0.001822794,0.001708321,0.001716669,0.03332343,0.02305299,0.01713084,13.75057657,13.06973701,12.64050916,True,0.680839559999999,1.1100674099999992,13.83039,13.04475,12.61681,0.001806036,0.001684989,0.00169446,13.79706657,13.02169701,12.59967916,13.3388812296,0.0012547536390096,"SDSS(cModelMag g,r)",13.3388812296,SDSS,Vmag_sdss,1.1100674099999992,0.680839559999999,SDSS(cModel extcorr),-21.6611187704,9.890999794006348,14.110691012813476,SDSS,False,4.8,67.73131686150468,,,,1.1100674099999992,g-i,54.9465,0.694400226776063,103.0,17.627269946582405,10.398940718506523,10.398940718506523,NGC 4889,14.012721219897164,1746533.0058117365,16.040313843896875,15.523522290152426,16.490726894251296,16.040313843896875,1.5498841532851777,-0.0384813982851774,1.46781424126312,-0.0363945827631198,0.0766439849708268,0.003339111529173,1.5741459708626524,-0.0452449316487832,1.4924185219451602,-0.0398749912276881,0.0751348376974797,0.0012226707989174,0.5229070432407283,0.04323011402989363,0.5785412377993709,0.04104503864418396,-0.051860764191534486,-0.001588354981398414,0.0097939400397661,512.7564978428466,302.4929237627394,302.4929237627394,407.6135374188031,466.5938160487137,451.5609591164839,479.69580058643976,466.5938160487137,-2.0090425591373258,6.24217679730631,0.009047012046779282,0.008528883231643372,0.011622743612921583,0.009316082249623638,0.007389846590506724,0.01908633623675357,0.03418310198311435,0.04303842642796679,0.051758997261537
2MASX J12592265+2753488,29,40,746.8494357502033,2987.397743000814,746.8494357502033,2654.004154881923,1.0,0.8884,1.0,0.8884,1.0,0.8884,True,True,True,True,True,24,39,1.5659591955,24,39,True,0.5563641896214313,0.5688374743304944,1.5659591955,1.522989706,1.556336204583333,1.5529280992051282,-0.012473284709063,0.0034081053782051,0.0429694895000001,0.2814047726249436,0.2499999999999999,13.352740550914351,22.18466149888928,0.2409826413545266,0.2241159772985468,0.274373429910316,0.2355642823695933,True,True,10,0.5559721576128949,0.048509559243978,0.5559721576128949,0.048509559243978,,,,,194.84424989072,27.89687078928,GiC,0.01719,15.33,16.504,1.1739998,15.976,15.198,14.824,14.587,0.7779999,1.1519995,21.11699867248535,0.26625,28.0,SIMBAD,B,2023ApJS..269....3M,,-19.67,False,2.639624834060669,Members of systems,SB0,7626.343064574979,False,1.2376674440486584e+18,2.459718,2.2158852578663,15.96707,15.21206,14.84526,0.003031227,0.002621046,0.002734322,0.03866027,0.02674499,0.0198744,15.92840973,15.18531501,14.8253856,True,0.7430947200000002,1.1030241300000014,15.97594,15.19837,14.82378,0.003020651,0.002612454,0.002727866,15.93727973,15.17162501,14.803905599999998,15.479983845199998,0.0019839267732674,"SDSS(cModelMag g,r)",15.479983845199998,SDSS,Vmag_sdss,1.1030241300000014,0.7430947200000002,SDSS(cModel extcorr),-19.520016154800004,2.639624834060669,2.2158852578663,SDSS,False,3.0,6.6476557735989,,,,1.1030241300000014,g-i,15.975,0.756499550327425,28.0,4.729345314929385,11.136306999186456,4.729345314929385,NGC 4874,7.753571523239694,11608289.60366112,6.233601782469531,5.826946651820893,4.902425177798315,6.233601782469531,1.5136502892195032,0.0523089062804968,1.4647338080167327,0.0582558979832672,0.0502545666042066,-0.0072850771042065,1.5278939843006236,0.0284422202827094,1.4843995539439463,0.0685285452611816,0.0417835280954226,-0.0383754227172175,0.5471619999414398,0.009202189679991535,0.5815223697561297,-0.012684895425635334,-0.029990130512088597,0.017516845803025597,0.0323117187397944,137.57107868214317,323.94203941448853,137.57107868214317,225.54225311567447,181.32812560380108,169.49900735389033,142.60576780874834,181.32812560380108,-1.4906399401762367,7.064768234345518,0.046124453609439446,0.05115088511426373,0.03242782343157637,0.037082105438068017,0.055716628084917716,0.06267120721406823,-0.03692226392944791,0.012040990005012575,0.060353074794255265
LEDA 126754,17,45,2963.278366462337,11853.113465849348,2163.7858631907984,6654.337899727824,0.7302,0.5614,0.7302,0.5614,0.7302,0.5614,False,False,False,True,True,17,45,1.451863357,17,45,True,0.5891282131120342,0.631080229908297,1.451863357,1.311957592,1.475225073176471,1.3849524100888888,-0.0419520167962628,0.0902726630875818,0.1399057649999999,0.3251692198076237,0.25,10.01517962290458,28.39861034587337,0.2317339398792642,0.2386256885819309,0.3738904846530033,0.3346678854945709,True,True,10,0.5917647192414032,0.0514813445384312,0.5917647192414032,0.0514813445384312,,,,,195.1289845,28.10839552777778,AG?,0.01728,17.15,,,17.9,17.218,16.847,16.635,0.6819992,1.0529995,8.66,,,NED,,,2007SDSS6.C...0000:,-17.85,False,1.0825,Other,,3143.5640787654274,False,1.2376673243346373e+18,5.398847,3.839028196447303,18.08316,17.40036,16.98393,0.008912189,0.007605135,0.008446744,0.03684132,0.02548665,0.01893931,18.04631868,17.374873349999998,16.96499069,True,0.671445330000001,1.0813279899999984,17.89953,17.21823,16.84739,0.008727153,0.007435316,0.008246869,17.862688679999998,17.192743349999997,16.82845069,17.640165935299994,0.0057866339729505,"SDSS(cModelMag g,r)",17.640165935299994,SDSS,Vmag_sdss,1.0813279899999984,0.671445330000001,SDSS(cModel extcorr),-17.359834064700006,1.0825,3.839028196447303,SDSS,False,3.2,12.28489022863137,,,,1.0813279899999984,g-i,,1.0,0.0,15.12305481286862,9.357902117020313,9.357902117020313,NGC 4889,12.044941203348692,2438908.625594933,13.515132093288132,14.351768452649818,15.612169853305703,13.515132093288132,1.4770935433449697,-0.0252301863449697,1.4616259248727344,-0.1496683328727344,0.023629990785941,0.1162757742140588,1.4812298439297324,-0.0060047707532615,1.4763091285102956,-0.0913567184214068,0.0081350232742023,0.0821376398133794,0.5716330937971374,0.01749511931489678,0.5845300667316482,0.04655016317664884,-0.007924606501583609,-0.03402741029467919,0.0072303759505483,439.9118324068872,272.21033836892025,272.21033836892025,350.37313701260416,393.13925644971886,417.476021637652,454.1396122013077,393.13925644971886,-2.140839120547275,6.387195529652282,0.05114960405984938,0.054590122561803775,0.03170131961057497,0.03497649038935824,0.06234043146297871,0.0631918577655135,-0.0336544847449526,0.02049805199137189,0.07208524187670055
LEDA 126792,90,401,4459.412757329486,17837.65102931794,4459.412757329486,17837.65102931794,1.0,1.0,1.0,1.0,1.0,1.0,True,True,True,True,True,88,392,1.459297125,88,392,True,0.6336388997912029,0.5833705882175328,1.459297125,1.492503657,1.4695438799772729,1.5041713962933672,0.05026831157367,-0.0346275163160942,-0.0332065319999999,0.25,0.25,55.76022318162586,228.68127058127288,0.182542273335355,0.2441228912394103,0.2266460834171806,0.2986722341001198,True,True,10,0.6337041367702237,0.0189267208001183,0.6337041367702237,0.0189267208001183,,,,,194.854351875,27.996733611111114,GiC,0.01828,17.17,18.55,1.3799992,17.599,16.871,16.498,16.262,0.72800064,1.1010017,22.81999969482422,0.375,0.0,SIMBAD,D,2019MNRAS.490..718B,,-17.83,False,2.852499961853028,Members of systems,,8752.33694498333,False,1.2376673243345715e+18,5.284765,4.742861806254429,17.77216,17.03003,16.68697,0.007943758,0.006591271,0.007141294,0.03034168,0.02099024,0.01559799,17.74181832,17.00903976,16.67137201,True,0.7327785599999999,1.0704463100000012,17.59938,16.87102,16.49768,0.00776324,0.006439277,0.006969848,17.56903832,16.85002976,16.48208201,17.2994789696,0.0050725552447834,"SDSS(cModelMag g,r)",17.2994789696,SDSS,Vmag_sdss,1.0704463100000012,0.7327785599999999,SDSS(cModel extcorr),-17.7005210304,2.852499961853028,4.742861806254429,SDSS,False,3.2,15.177157780014172,,,,1.0704463100000012,g-i,22.5,0.9859772261567208,0.0,3.2561917831787897,9.577722529803417,3.2561917831787897,NGC 4874,6.172936022397606,33687657.17964756,4.16127842076191,6.298146761148597,6.619106090820979,4.16127842076191,1.4828589863994874,-0.0235618613994874,1.4621160758109035,0.0303875811890965,0.0278290099288848,-0.0610355419288847,1.4885893459193178,-0.0190454659420449,1.4775850869143787,0.0265863093789884,0.0134418013742617,-0.0480693176903559,0.5677737049283632,0.0658651948628397,0.5840557163696901,-0.0006851281521572661,-0.011404607773777886,0.06167291934744789,0.0309573115832625,94.71877948809197,278.6046549791839,94.71877948809197,179.56343017633444,121.04668255747548,183.20566292643315,192.54199137272815,121.04668255747548,-1.509236761660008,7.527470808863856,0.017674322775503203,0.023017493017205556,0.011333498368450793,0.014349123115832842,0.021858858865567682,0.02438643626258425,0.0481908720873365,0.06862677517745464,0.08888268788004526
SDSS J130051.15+280249.7,504,1220,40118.10878324807,160472.43513299228,38986.77811556048,108030.0433315304,0.9718,0.6732,0.9718,0.6732,0.9718,0.6732,True,False,False,True,True,494,1177,1.4454177334999998,494,1177,True,0.5948239960040755,0.6132813077571909,1.4454177334999998,1.43808145,1.474442311265182,1.463059703395922,-0.0184573117531153,0.01138260786926,0.0073362834999997,0.3608882947118241,0.25,293.8430540260133,721.8320992302138,0.2469416037629209,0.2257228430037444,0.3001275250904565,0.2854262890212469,True,True,10,0.594270360686465,0.0114256393786737,0.594270360686465,0.0114256393786737,,,,,195.2131504583333,28.047138916666665,GiC,0.02116,17.077,17.804,0.7270012,16.54,15.845,15.509,15.338,0.69500065,1.0310011,15.45,,,NED,,,2007SDSS6.C...0000:,-17.923,False,1.93125,Members of systems,,6835.279943101027,False,1.2376673243347026e+18,16.10263,14.125547910116966,16.62414,15.84471,15.56184,0.007099308,0.005981592,0.006733094,0.0350979,0.02428056,0.01804306,16.5890421,15.82042944,15.54379694,True,0.7686126600000005,1.0452451600000003,16.54006,15.84471,15.50868,0.007014956,0.005981592,0.006731189,16.5049621,15.82042944,15.49063694,16.125560630599995,0.004574614007793,"SDSS(cModelMag g,r)",16.125560630599995,SDSS,Vmag_sdss,1.0452451600000003,0.7686126600000005,SDSS(cModel extcorr),-18.874439369400005,1.93125,14.125547910116966,SDSS,False,3.2,45.20175331237429,,,,1.0452451600000003,g-i,,1.0,0.0,17.468374056075092,10.393129377674237,10.393129377674237,NGC 4889,13.910886998325816,1754632.819818562,15.833411246856118,15.721622625323963,16.80703925006569,15.833411246856118,1.502725197953112,-0.0573074644531121,1.463805007977747,-0.0257235579777468,0.0422977336371307,-0.034961450137131,1.5139482683944707,-0.0395059571292886,1.4819817064541858,-0.0189220030582637,0.0317275732407121,-0.0203449653714521,0.5544752584759791,0.04034873752809642,0.582421228863337,0.030860078893853893,-0.023395783616911386,0.004938471863796087,0.0169136251781869,508.1344037474448,302.3238787102744,302.3238787102744,404.65129998942734,460.5752634665665,457.32346427989665,488.89695404260806,460.5752634665665,-1.771763298011564,6.244186248431181,0.010305149315044348,0.013397630747017913,0.006348080562092261,0.007598379644755779,0.011126360066278682,0.015532330884652966,0.030043588213052076,0.04168520596505326,0.05374636827511434
LEDA 44815,13,3,499.616291492002,1998.465165968008,499.616291492002,1998.465165968008,1.0,1.0,1.0,1.0,1.0,1.0,True,True,True,True,True,13,3,1.52044981,13,3,True,0.5041351455015051,0.7578231902373916,1.52044981,1.427951614,1.545562941307692,1.3779534196666667,-0.2536880447358866,0.1676095216410253,0.0924981959999999,0.2500000000000001,0.2500000000000001,6.553756891519566,2.273469570712175,0.2606481195573203,0.0314877319645676,0.2989919945684691,0.1535389504776848,True,True,10,0.5085705274340047,0.0651175423529122,0.5085705274340047,0.0651175423529122,,,,,195.18600176463,28.100633416780003,AG?,0.02201,15.59,15.0,-0.59000015,16.075,15.316,14.929,14.644,0.7590008,1.1460009,28.14881896972656,0.177947,124.0,SIMBAD,B,2023ApJS..269....3M,,-19.41,False,3.5186023712158203,Other,,12940.29921511066,False,1.2376673243347028e+18,4.463411,2.5595434173924447,16.10457,15.36007,14.95219,0.003107573,0.002744932,0.002789071,0.03689124,0.02552119,0.01896498,16.06767876,15.33454881,14.93322502,True,0.7331299499999986,1.1344537399999997,16.07537,15.31628,14.92948,0.003089029,0.002728006,0.002772608,16.03847876,15.290758810000002,14.91051502,15.6251320895,0.0020606202037415,"SDSS(cModelMag g,r)",15.6251320895,SDSS,Vmag_sdss,1.1344537399999997,0.7331299499999986,SDSS(cModel extcorr),-19.3748679105,3.5186023712158203,2.5595434173924447,SDSS,False,3.2,8.190538935655823,,,,1.1344537399999997,g-i,10.67682,0.3792990395612223,124.0,17.416926733921628,10.955624493616314,10.955624493616314,NGC 4889,14.093504842993564,1529869.308590911,15.775609612384615,16.235863507972066,17.441757851417496,15.775609612384615,1.511193946531853,0.0092558634681469,1.464524981277585,-0.0365733672775849,0.0484655922149806,0.0440326037850192,1.5247584995293884,0.0208044417783035,1.4838559372494484,-0.1059025175827816,0.0395225976764068,0.1280869239646185,0.5488062762853338,-0.04467113078382878,0.5817244647264489,0.17609872551094274,-0.028507490652994072,-0.2251805540828925,0.0061554695347346,506.63786180925786,318.68619837623527,318.68619837623527,409.9634377600069,458.8938820756299,472.28212519751526,507.36016973801196,458.8938820756299,-2.2107388138022332,6.184654332136505,0.06578853865811064,0.07019539917565962,0.01552665955815255,0.01621948498627171,0.06754088095446242,0.07489006950920907,-0.11045966944193943,-0.03960924706980118,0.02552426839183083
LEDA 44594,51,139,1767.4540847741353,7069.816339096542,1767.4540847741353,7069.816339096542,1.0,1.0,1.0,1.0,1.0,1.0,True,True,True,True,True,50,138,1.4524903555000002,50,138,True,0.6380290818325175,0.6033918753650258,1.4524903555000002,1.454632137,1.4695786456800002,1.4724783122608696,0.0346372064674916,-0.0028996665808693,-0.0021417814999997,0.2499999999999999,0.2499999999999999,31.901454091625872,83.26807880037356,0.1910460467523761,0.235406233154555,0.2173769477997638,0.2906304211634525,True,True,10,0.6390773578185339,0.0285800586098474,0.6390773578185339,0.0285800586098474,,,,,194.86082575781,27.99848141603,EmG,0.02224,15.87,17.181,1.3109999,16.321,15.564,15.186,14.902,0.756999,1.1349993,20.88377952575684,0.264876,152.0,SIMBAD,B,2023ApJS..269....3M,,-19.130001,False,2.6104724407196045,Regular galaxies,,9698.10282510237,False,1.2376673243345715e+18,4.021479,3.3987307971420755,16.35921,15.61571,15.25638,0.003492939,0.002992923,0.003078346,0.02968151,0.02053353,0.01525862,16.32952849,15.59517647,15.24112138,True,0.7343520200000011,1.088407110000002,16.32059,15.5644,15.18556,0.003459516,0.002966559,0.003051536,16.29090849,15.54386647,15.170301380000002,15.8862607982,0.0022735569300984,"SDSS(cModelMag g,r)",15.8862607982,SDSS,Vmag_sdss,1.088407110000002,0.7343520200000011,SDSS(cModel extcorr),-19.1137392018,2.6104724407196045,3.3987307971420755,SDSS,False,3.2,10.875938550854642,,,,1.088407110000002,g-i,15.89256,0.7610001810447692,152.0,3.096396588393586,9.25137202932538,3.096396588393586,NGC 4874,5.875810145954458,39071384.47490165,3.889628182971125,6.10314487445162,6.485981040148003,3.889628182971125,1.5067748672846728,-0.0542845117846726,1.4641492918781116,-0.0095171548781116,0.0452471408006431,-0.0473889223006428,1.5191176108406563,-0.0495389651606561,1.4828779445348503,-0.0103996322739807,0.0354550745477226,-0.0383547411285919,0.5517644089206799,0.08626467291183759,0.582088043348352,0.02130383201667385,-0.025840149868132156,0.060477356335623754,0.0251533214145868,90.07052569164617,269.1115037310621,90.07052569164617,170.9203887816564,113.1446974520176,177.53328797566118,188.6695406208486,113.1446974520176,-1.599404659642404,7.591858800504466,0.02427032661769668,0.028252332946155354,0.01955547829016776,0.019575814404521295,0.028655010880897357,0.035456815148660704,0.06199434629414091,0.0871803145977007,0.11451700585799295
NGC 4876,25,153,2855.852862258699,11423.411449034793,2855.852862258699,10504.969168532396,1.0,0.9196,1.0,0.9196,1.0,0.9196,True,True,True,True,True,25,150,1.469393536,25,150,True,0.5899328644186841,0.5781677014091606,1.469393536,1.47888256,1.4991017700400002,1.5029819551066668,0.0117651630095234,-0.0038801850666665,-0.009489024,0.2718573292735973,0.25,14.748321610467103,86.72515521137409,0.2336424218506262,0.250952186193473,0.2455166277029276,0.3143623618266028,True,True,10,0.592743882840185,0.0480449980201324,0.592743882840185,0.0480449980201324,,,,,194.93501805293,27.91246772362,LIN,0.02235,14.18,15.1,0.9200001,14.952,14.155,13.761,13.463,0.79699993,1.191,36.99737930297852,0.421215,22.0,SIMBAD,B,2023ApJS..269....3M,,-20.82,True,4.6246724128723145,Active (AGN/Seyfert/QSO),,17263.682282364145,False,1.2376674440486587e+18,5.504371,4.55995894226145,14.99974,14.20316,13.77287,0.002342492,0.002081028,0.002123126,0.03254221,0.02251255,0.01672924,14.967197789999998,14.18064745,13.75614076,True,0.786550339999998,1.2110570299999992,14.95233,14.15514,13.76129,0.002319187,0.00205877,0.002101916,14.91978779,14.13262745,13.74456076,14.4931330894,0.0015588196594867,"SDSS(cModelMag g,r)",14.4931330894,SDSS,Vmag_sdss,1.2110570299999992,0.786550339999998,SDSS(cModel extcorr),-20.506866910600003,4.6246724128723145,4.55995894226145,SDSS,False,3.2,14.591868615236642,,,,1.2110570299999992,g-i,25.2729,0.6830997350659745,22.0,3.400942041714428,6.510209143461234,3.400942041714428,NGC 4874,3.728199572819825,34132730.2668044,3.5130969872231628,1.2884322842469462,0.002160211589768,3.5130969872231628,1.530350757416701,-0.0609572214167011,1.4661536035254763,0.0127289564745234,0.0624176536372509,-0.0719066776372509,1.549211882641147,-0.0501101126011467,1.4880955583180837,0.014886396788583,0.0571554046453406,-0.0610355897120071,0.5359827027991186,0.05395016161956545,0.5801483429798173,-0.0019806415706566938,-0.040070474732460254,0.05183563774198365,0.0269574578336099,98.92939382902517,189.374307578064,98.92939382902517,108.44892952858672,102.19184894822891,37.478975915167794,0.06283800796865441,102.19184894822891,-1.5693210654338678,7.533171028752783,0.04983607537878638,0.04483477328046942,0.02016674669345764,0.019540629732431904,0.047846977208721816,0.05352352292148218,0.004114086240779073,0.054134974379189515,0.09878493490003487
IC 3976,33,13,554.5258457501473,2218.10338300059,554.5258457501473,2218.10338300059,1.0,1.0,1.0,1.0,1.0,1.0,True,True,True,True,True,26,13,1.74394173,26,13,True,0.3504151994547061,0.5962191110636256,1.74394173,1.544507142,1.7865343974230763,1.5711972134615388,-0.2458039116089194,0.2153371839615376,0.1994345879999999,0.2499999999999999,0.2499999999999999,9.11079518582236,7.750848443827132,0.2923960972974191,0.1833515186499191,0.3549799756271259,0.1753976916853127,True,True,10,0.3542837677102729,0.0557587820974617,0.3542837677102729,0.0557587820974617,,,,,194.87250749055,27.85014087383,G,0.02264,14.42,15.5,1.0799999,15.275,14.429,14.001,13.72,0.8459997,1.2739992,36.413818359375,0.296348,154.0,SIMBAD,B,2023ApJS..269....3M,,-20.58,True,4.551727294921875,Regular galaxies,-2.39,17205.797800512744,False,1.2376674440486587e+18,3.589266,2.37658011132202,15.24133,14.42877,14.01754,0.002484288,0.002230985,0.002283173,0.03603545,0.02492916,0.01852504,15.20529455,14.40384084,13.99901496,True,0.8014537099999988,1.2062795899999994,15.27506,14.42877,14.00097,0.002486606,0.002230985,0.002283882,15.23902455,14.40384084,13.98244496,14.722436861099998,0.0016643487099098,"SDSS(cModelMag g,r)",14.722436861099998,SDSS,Vmag_sdss,1.2062795899999994,0.8014537099999988,SDSS(cModel extcorr),-20.2775631389,4.551727294921875,2.37658011132202,SDSS,False,3.2,7.605056356230465,,,,1.2062795899999994,g-i,17.78088,0.4883003431421847,154.0,6.693124713669252,11.446914216975696,6.693124713669252,NGC 4874,8.650683346052322,4810583.382440318,7.785615505308623,6.26443706480355,4.998372968350366,7.785615505308623,1.5264702513480108,0.2174714786519891,1.4658237010926272,0.0786834409073728,0.0595914494561217,0.1398431385438781,1.5442584745746593,0.242275922848417,1.4872367579997698,0.083960455461769,0.0535836089606471,0.1617535750008904,0.5385803144284589,-0.18816511497375277,0.5804676106303445,0.015751500433281107,-0.037728214835327456,-0.20807569677359194,0.0043812513740038,194.6951058335519,332.9772371326241,194.6951058335519,251.63817822675503,226.4743747699292,182.22508760798553,145.39677590066034,226.4743747699292,-2.358401828490196,6.682197746729653,0.05276414649638686,0.06049853908796504,0.04622957938384739,0.048084073976216474,0.06626453640296381,0.07920208857272515,-0.24092926147013963,-0.18568792950919735,-0.12766657588578773
LEDA 44693,239,641,3458.289821316918,13833.159285267677,6184.191487506047,21910.758515908965,1.7882224472300317,1.583930182835669,1.0,1.0,1.7882224472300317,1.583930182835669,True,True,True,True,True,235,628,1.488517379,235,628,True,0.5028403944262461,0.5227079103033765,1.488517379,1.4795615574999998,1.4984411868510636,1.4938895468232485,-0.0198675158771304,0.0045516400278153,0.0089558215,0.2822445185097462,0.2499999999999999,118.16749269016783,328.2605676705204,0.2749916331155793,0.2724241167956658,0.3205191141737316,0.3231515794754915,True,True,10,0.5046138092165233,0.0175527625042629,0.5046138092165233,0.0175527625042629,,,,,195.00404093837,27.945440098500004,G,0.02282,16.92,18.329,1.4090004,17.561,16.867,16.552,16.332,0.69400024,1.0090008,10.199999809265137,0.16,,SIMBAD,E,2003A&A...412...45P,,-18.08,False,1.274999976158142,Regular galaxies,,4856.832924966436,False,1.237667444048659e+18,4.386122,4.274942082038647,17.59844,16.97189,16.62116,0.007980323,0.006489073,0.007581428,0.03067976,0.02122412,0.01577179,17.56776024,16.95066588,16.60538821,True,0.6170943599999994,0.9623720299999974,17.56062,16.867,16.55209,0.007917869,0.006374494,0.007529764,17.52994024,16.84577588,16.53631821,17.193674567599995,0.0050362049636896,"SDSS(cModelMag g,r)",17.193674567599995,SDSS,Vmag_sdss,0.9623720299999974,0.6170943599999994,SDSS(cModel extcorr),-17.806325432400005,1.274999976158142,4.274942082038647,SDSS,False,3.2,13.679814662523672,,,,0.9623720299999974,g-i,9.6,0.9411764881877616,0.0,5.639564580810199,2.463374842306604,2.463374842306604,NGC 4889,2.421375312768657,122454636.44596568,4.348139085518254,3.1385189537537834,4.159523110040409,4.348139085518254,1.4846495135286806,0.0038678654713193,1.4622682980328374,0.0172932594671624,0.029133065423033,-0.020177243923033,1.4908749270698207,0.0075662597812429,1.4779813510204725,0.015908195802776,0.0150898846294278,-0.0105382446016125,0.5665751256680527,-0.06373473124180662,0.5839084012052184,-0.061200490901841875,-0.012485363689423934,-0.007382152187706464,0.0982988596359803,164.04828385665297,71.65666951507724,71.65666951507724,70.4349527238676,126.48223896158134,91.29581563208527,120.99562263833256,126.48223896158134,-1.0074515203842818,8.087975233272724,0.01602375493079336,0.021206032015761385,0.009343802610198557,0.013409958700270924,0.019742842828205542,0.021845807302001106,-0.07975848617259998,-0.06121271276297224,-0.042528699226045234
Z 160-233,18,25,358.46318621317675,1433.8527448527066,358.46318621317675,1433.8527448527066,1.0,1.0,1.0,1.0,1.0,1.0,True,True,True,True,True,17,25,1.529351788,17,25,True,0.5573722916482664,0.5107907398008065,1.529351788,1.539627362,1.586076534,1.6194264829600002,0.0465815518474599,-0.0333499489600002,-0.010275574,0.25,0.25,9.47532895802053,12.76976849502016,0.2457391165922232,0.2689271207731732,0.2445011063688625,0.2823264606992514,True,True,10,0.5555092388429339,0.0558947136660704,0.5555092388429339,0.0558947136660704,,,,,194.92626325622,27.92474257327,G,0.02304,15.42,16.553,1.1329994,16.061,15.26,14.906,14.614,0.8010006,1.1550007,12.179999351501465,0.159,135.0,SIMBAD,C,2006AJ....131.1163S,,-19.58,False,1.522499918937683,Regular galaxies,S0,5853.980025356828,False,1.2376674440486587e+18,1.628152,1.5087135896926172,16.03603,15.2603,14.90978,0.003075702,0.00274076,0.002914357,0.03189583,0.02206539,0.01639695,16.00413417,15.23823461,14.89338305,True,0.7658995599999994,1.1107511200000015,16.06121,15.26031,14.90636,0.003077073,0.00274076,0.002914458,16.02931417,15.23824461,14.88996305,15.5422534296,0.0020506247612405,"SDSS(cModelMag g,r)",15.5422534296,SDSS,Vmag_sdss,1.1107511200000015,0.7658995599999994,SDSS(cModel extcorr),-19.4577465704,1.522499918937683,1.5087135896926172,SDSS,False,3.0,4.526140769077852,,,,1.1107511200000015,g-i,9.54,0.7832512732296637,135.0,2.531219333405591,6.502889986809576,2.531219333405591,NGC 4874,3.357664111995029,73825753.3618029,2.751803007874973,1.1686093390818428,0.8684003151984409,2.751803007874973,1.512596501493433,0.0167552865065669,1.4646442199247716,0.0749831420752284,0.049487084418965,-0.059762658418965,1.5265488399997815,0.0595276940002182,1.484166338683214,0.1352601442767862,0.0408135735621907,-0.0741635225221909,0.5478674056807018,0.009504885967564602,0.5816090698734601,-0.07081833007265359,-0.029354067924587557,0.07593561977204746,0.0167876938496932,73.63018576343941,189.16140194132953,73.63018576343941,97.67048988394147,80.04670475616953,33.99346772755501,25.260741209282244,80.04670475616953,-1.775008959439177,7.868207887458376,0.054333166880163396,0.06105624739342716,0.05166482398030972,0.05324023867287307,0.0729388532823473,0.08394889030886996,-0.04482828091259879,0.014435937934759835,0.07056113336099176
IC 4045,103,65,2684.395683824964,10737.582735299857,2684.395683824964,10086.885221540684,1.0,0.9394,1.0,0.9394,1.0,0.9394,True,True,True,True,True,95,63,1.660876852,95,63,True,0.450008054763931,0.5970388356334898,1.660876852,1.472722061,1.651460732294737,1.4724747290158728,-0.1470307808695587,0.1789860032788641,0.1881547909999998,0.2661273153076431,0.25,42.75076520257345,37.61344664490986,0.2626815136173002,0.236592139739915,0.2807573842234366,0.2755308615221307,True,True,10,0.4516259743393928,0.0253169774217676,0.4516259743393928,0.0253169774217676,,,,,195.20271749883,28.09074310012999,AGN,0.02324,13.77,15.1,1.3299999,14.662,13.846,13.414,13.087,0.816,1.2480001,44.33838272094727,0.489865,107.0,SIMBAD,B,2023ApJS..269....3M,,-21.23,True,5.542297840118408,Active (AGN/Seyfert/QSO),E4,21489.78902215048,False,1.2376673243347026e+18,5.502081,4.487809729906217,14.68412,13.88333,13.44538,0.002087751,0.001924474,0.001926547,0.03643563,0.025206,0.01873076,14.64768437,13.858124,13.42664924,True,0.7895603700000002,1.2210351300000006,14.66235,13.84622,13.41367,0.002066555,0.001902932,0.001907154,14.62591437,13.821014,13.39493924,14.1718437517,0.0014219428272293,"SDSS(cModelMag g,r)",14.1718437517,SDSS,Vmag_sdss,1.2210351300000006,0.7895603700000002,SDSS(cModel extcorr),-20.8281562483,5.542297840118408,4.487809729906217,SDSS,False,3.2,14.360991135699894,,,,1.2210351300000006,g-i,29.3919,0.6628996863729552,107.0,17.926914966794676,11.253570340414583,11.253570340414583,NGC 4889,14.523987937328394,1410385.420436005,16.280093408251062,16.5859127028359,17.762894982087342,16.280093408251062,1.5357879345529823,0.1250889174470175,1.4666158468342978,0.0061062141657022,0.0663775940378298,0.1217771969621699,1.5561523580866263,0.0953083742081106,1.4892988677248238,-0.0168241387089509,0.0621600317451351,0.1168259715337289,0.5323430552093511,-0.08233500044542008,0.5797010006128496,0.017337835020640235,-0.04335233584399756,-0.10367844502556114,0.006249104710145,521.4728181593616,327.35309174168924,327.35309174168924,422.4856833772005,473.56872084367734,482.4646435213971,516.7016702056721,473.56872084367734,-2.2041821982231053,6.14933780988619,0.026151727459429897,0.027966037244857155,0.028057860853328953,0.02652392988529538,0.034248006737515074,0.044373509939902446,-0.10848672790484998,-0.08143600937310452,-0.05436896320056293
IC 4041,58,239,5209.202604724607,20836.81041889844,5209.202604724607,20836.81041889844,1.0,1.0,1.0,1.0,1.0,1.0,True,True,True,True,True,53,235,1.428823944,53,235,True,0.6096575652433095,0.6249883823706107,1.428823944,1.41648562,1.4856173920566038,1.44847057966383,-0.0153308171273012,0.0371468123927738,0.0123383239999999,0.2499999999999999,0.2499999999999999,32.3118509578954,146.87226985709353,0.2458874554401541,0.2236249421739571,0.334577989204378,0.2865151789015636,True,True,10,0.6109838247426426,0.0320410860096318,0.6109838247426426,0.0320410860096318,,,,,195.17022562979,27.99661329542,EmG,0.02364,14.77,15.88,1.1099997,15.211,14.424,14.029,13.716,0.78700066,1.1820002,37.85297775268555,0.427613,46.0,SIMBAD,B,2023ApJS..269....3M,,-20.23,True,4.731622219085693,Regular galaxies,SB0,18653.18992812199,False,1.2376673243347028e+18,8.122255,6.18257866402919,15.20113,14.45026,14.03753,0.002461462,0.002187198,0.002222568,0.03503172,0.02423478,0.01800904,15.16609828,14.42602522,14.01952096,True,0.7400730600000003,1.1465773200000005,15.21078,14.42402,14.02894,0.002449258,0.00217353,0.002211044,15.17574828,14.39978522,14.01093096,14.719455174599998,0.0016382113613866,"SDSS(cModelMag g,r)",14.719455174599998,SDSS,Vmag_sdss,1.1465773200000005,0.7400730600000003,SDSS(cModel extcorr),-20.2805448254,4.731622219085693,6.18257866402919,SDSS,False,3.0,18.54773599208757,,,,1.1465773200000005,g-i,25.65678,0.6778008369019194,46.0,14.556474023159591,7.326479510101546,7.326479510101546,NGC 4889,10.941280504545706,4777517.0532554295,12.976197584332814,12.460693364664875,13.44954686405998,12.976197584332814,1.5265207104070675,-0.0976967664070678,1.4658279908852594,-0.0493423708852593,0.0596281991998814,-0.0472898751998815,1.5443228848102666,-0.0587054927536627,1.4872479251659103,-0.0387773455020805,0.0536300537918631,-0.0164832413990893,0.5385465371230529,0.0711110281202566,0.5804634591240853,0.04452492324652546,-0.037758671746973504,0.022427854619672304,0.0184523315666899,423.4306653086003,213.1186500519552,213.1186500519552,318.26894864764824,377.4622870599036,362.46687715802085,391.23145946520805,377.4622870599036,-1.7339487502327464,6.6792022459356355,0.030445140899123535,0.03371294029232261,0.01365773445765718,0.01519398253137879,0.032163160389791945,0.0390657079136155,0.04066588722113307,0.07194768531490747,0.10482396841257921
LEDA 93697,15,23,1458.949973754559,5835.799895018236,1458.949973754559,5719.083897117871,1.0,0.98,1.0,0.98,1.0,0.98,True,True,True,True,True,14,22,1.3994713675,14,22,True,0.5194402221182552,0.6216108501959118,1.3994713675,1.345315177,1.5149665645714283,1.3008902065,-0.1021706280776565,0.2140763580714284,0.0541561904999998,0.2551020408163266,0.25,7.272163109655573,13.67543870431006,0.3418580001819945,0.1967644652308626,0.3391713536521053,0.3988118431912211,True,True,10,0.5192158215602608,0.0893017408497815,0.5192158215602608,0.0893017408497815,,,,,194.78946173427,28.040939888210005,G,0.02405,16.31,17.918,1.6079998,17.043,16.281,15.894,15.9247,0.76199913,1.1489992,19.48542022705078,0.178551,104.0,SIMBAD,B,2023ApJS..269....3M,,-18.69,False,2.435677528381348,Regular galaxies,,9763.705057692605,False,1.2376673243345062e+18,5.6618,3.6328996062065686,17.1439,16.39382,16.00554,0.005157129,0.004285455,0.004461778,0.03241689,0.02242585,0.01666481,17.111483109999998,16.37139415,15.98887519,True,0.7400889599999978,1.1226079199999983,17.04341,16.28146,15.89397,0.005082193,0.004223837,0.004397622,17.01099311,16.259034149999998,15.87730519,16.664830623599997,0.0032960103179535,"SDSS(cModelMag g,r)",16.664830623599997,SDSS,Vmag_sdss,1.1226079199999983,0.7400889599999978,SDSS(cModel extcorr),-18.335169376400003,2.435677528381348,3.6328996062065686,SDSS,False,3.2,11.62527873986102,,,,1.1226079199999983,g-i,10.71306,0.5497987662143161,104.0,7.587472772618228,13.496180661054373,7.587472772618228,NGC 4874,10.334551676290827,3213664.769495788,8.424610261686864,10.63924476111486,10.90232478082048,8.424610261686864,1.493599135765017,-0.0941277682650167,1.4630291529565476,-0.1177139759565475,0.0356511482029929,0.0185050422970068,1.5022989862499283,0.0126675783214997,1.479962004648969,-0.1790717981489689,0.0233275272248876,0.1907488308465408,0.5605842465435793,-0.041144024425324055,0.5831720733103711,0.03843877688554065,-0.017887324384136455,-0.08428330369352005,0.0126465068199847,220.7106363126852,392.587981632306,220.7106363126852,300.61992244795687,245.06197877289475,309.48308501168646,317.1357725784775,245.06197877289475,-1.8980294174372336,6.507000571757954,0.08301184376941882,0.09096854286522554,0.038634488575889636,0.04181369421438991,0.08979412347294555,0.09875266649004594,-0.12415586819474288,-0.036409482802559845,0.049824518439901495
LEDA 1822852,102,324,4094.1771659710566,16376.708663884228,4094.1771659710566,16376.708663884228,1.0,1.0,1.0,1.0,1.0,1.0,True,True,True,True,True,100,313,1.48797183,100,313,True,0.5891696731786822,0.5875875118931914,1.48797183,1.471242014,1.48907005832,1.498202673827476,0.0015821612854908,-0.009132615507476,0.016729816,0.25,0.25,58.91696731786821,183.91489122256888,0.2362979307397813,0.2391616989310271,0.2941939348901722,0.3053535219422403,True,True,10,0.5942089245573077,0.0229055425041545,0.5942089245573077,0.0229055425041545,,,,,194.8321465,27.9734965,GiC,0.02413,17.13,18.677,1.5470009,17.467,16.764,16.417,16.253,0.7029991,1.0499992,18.0,0.15,65.0,SIMBAD,E,2003A&A...412...45P,,-17.87,False,2.25,Members of systems,E,9048.519406200978,False,1.2376674440485934e+18,8.52919,6.381656004999118,17.6732,16.96056,16.56978,0.009480073,0.007693281,0.009048044,0.03435463,0.02376637,0.01766096,17.638845370000002,16.93679363,16.55211904,True,0.7020517400000017,1.0867263300000012,17.46698,16.76352,16.41689,0.009182482,0.007446554,0.008720091,17.43262537,16.73975363,16.399229039999998,17.2146348434,0.0059758089667964,"SDSS(cModelMag g,r)",17.2146348434,SDSS,Vmag_sdss,1.0867263300000012,0.7020517400000017,SDSS(cModel extcorr),-17.7853651566,2.25,6.381656004999118,SDSS,False,3.2,20.42129921599718,,,,1.0867263300000012,g-i,9.0,0.5,65.0,3.63361296207342,10.684204687228403,3.63361296207342,NGC 4874,7.114280701002311,24244376.11935149,5.034642379475296,6.602291650877369,6.566236874225625,5.034642379475296,1.4842948029330356,0.0036770270669643,1.4622381422009976,0.0090038717990024,0.0288747268066883,-0.0121449108066883,1.4904221442897825,-0.0013520859697824,1.4779028495139532,0.0202998243135228,0.0147633927357385,-0.0238960082432145,0.5668125690200247,0.022357104158657437,0.5839375849293214,0.0036499269638700094,-0.012271261613931606,0.013853422899422405,0.0307835080979681,105.69751655220836,310.7909162485776,105.69751655220836,206.94603690596762,146.45181030380948,192.05287914123673,191.0040882018299,146.45181030380948,-1.5116818893526802,7.38461101289332,0.0211673058905401,0.025084223286909284,0.012833282257140336,0.01513377913696344,0.02555758999130759,0.02787018309723813,0.0011897982681173373,0.025711681382185658,0.04744132744556672
LEDA 126764,22,39,1071.712878555509,4286.851514222036,1071.712878555509,4286.851514222036,1.0,1.0,1.0,1.0,1.0,1.0,True,True,True,True,True,22,35,1.4270047125,22,35,True,0.6100085708390666,0.5159778475088953,1.4270047125,1.536320336,1.4436137575454544,1.5655181490285714,0.0940307233301712,-0.121904391483117,-0.1093156234999999,0.25,0.25,13.420188558459463,18.05922466281133,0.2409608403591061,0.2839678577048835,0.3195008751293126,0.3713620955150043,True,True,10,0.6156769729361412,0.0458908132762972,0.6156769729361412,0.0458908132762972,,,,,195.04644368118,28.065228974859995,G,0.02454,16.72,18.181,1.4610004,17.686,16.979,16.617,16.369,0.70700073,1.0690002,6.138000011444092,0.1023,0.0,SIMBAD,E,2022ApJS..262...36S,,-18.28,False,0.7672500014305115,Regular galaxies,,3136.4142146897498,False,1.2376673243346373e+18,2.413485,2.308736143132295,17.48973,16.76482,16.42676,0.006291914,0.005274798,0.005756008,0.03473548,0.02402985,0.01785675,17.454994520000003,16.74079015,16.40890325,True,0.7142043700000045,1.0460912700000016,17.68551,16.97856,16.61703,0.006164982,0.005166061,0.005631373,17.650774520000002,16.95453015,16.59917325,17.0236139417,0.0040422928640293,"SDSS(cModelMag g,r)",17.0236139417,SDSS,Vmag_sdss,1.0460912700000016,0.7142043700000045,SDSS(cModel extcorr),-17.9763860583,0.7672500014305115,2.308736143132295,SDSS,False,3.2,7.387955658023344,,,,1.0460912700000016,g-i,6.138,0.999999998135534,0.0,10.080125400252957,5.33485886520026,5.33485886520026,NGC 4889,7.209321264235895,12523796.877554407,8.49687072085895,9.61588772570229,10.90127165161599,8.49687072085895,1.487527448269822,-0.0605227357698219,1.4625129665518084,0.0738073694481915,0.0312290887391815,-0.1405447122391815,1.494548567803594,-0.0509348102581395,1.4786182708520688,0.0868998781765026,0.0177388677020681,-0.1396432591851851,0.5646486355093621,0.045359935329704504,0.5836716198558505,-0.06769377234695517,-0.014222475038154797,0.108253198368326,0.0101618323839642,293.2189620805422,155.18475387825478,155.18475387825478,209.71065482492745,247.16395032548783,279.7148355260239,317.1051382916987,247.16395032548783,-1.9930279729092684,7.097736015215028,0.04548580908875553,0.054126409307966125,0.048839434105372545,0.047712962902541026,0.06706476414648593,0.07510750521753051,-0.00012587375905102882,0.04993507404820896,0.09948634463767063
LEDA 44723,30,28,995.5514655162556,3982.205862065021,995.5514655162556,3982.205862065021,1.0,1.0,1.0,1.0,1.0,1.0,True,True,True,True,True,26,28,1.547461116,26,28,True,0.5271285704240931,0.505615693387426,1.547461116,1.498810443,1.5100221588461538,1.515672077142857,0.0215128770366671,-0.0056499182967029,0.048650673,0.25,0.25,13.70534283102642,14.157239414847924,0.2575747277714015,0.2886711545127948,0.4110979358588353,0.3917345197466994,True,True,10,0.5311558097920168,0.048779178833771,0.5311558097920168,0.048779178833771,,,,,195.05362670104,28.07549425166,G,0.02503,15.17,16.272,1.1019993,15.71,14.941,14.538,14.255,0.76900005,1.1719999,32.3455810546875,0.329009,141.0,SIMBAD,B,2023ApJS..269....3M,,-19.83,False,4.0431976318359375,Regular galaxies,,16848.06529826377,False,1.237667324334637e+18,3.693606,2.8483601358201445,15.68578,14.9407,14.52751,0.002688938,0.002380718,0.002415233,0.03489778,0.02414212,0.01794018,15.65088222,14.91655788,14.50956982,True,0.7343243400000006,1.1413124000000003,15.70972,14.9407,14.53802,0.002689929,0.002380718,0.002415377,15.67482222,14.91655788,14.52007982,15.207630859399998,0.0017856079256142,"SDSS(cModelMag g,r)",15.207630859399998,SDSS,Vmag_sdss,1.1413124000000003,0.7343243400000006,SDSS(cModel extcorr),-19.7923691406,4.0431976318359375,2.8483601358201445,SDSS,False,3.2,9.114752434624462,,,,1.1413124000000003,g-i,19.74054,0.6103009856778941,141.0,10.766224514631908,6.001330664989362,6.001330664989362,NGC 4889,7.9312208886153295,8923974.057392621,9.193523506772758,10.339509730627752,11.624997193098944,9.193523506772758,1.5182593168268008,0.0292017991731992,1.4651256459352415,0.0336847970647582,0.0536113589565714,-0.0049606859565714,1.5337773392353986,-0.0237551803892448,1.485419584400335,0.0302524927425218,0.0460258884028079,-0.0516758066995108,0.5440767158313938,-0.01694814540730072,0.5811431631811755,-0.07552746979374958,-0.03277212346307376,0.05428500049974086,0.0118104912314363,313.17677631542534,174.5716326749419,174.5716326749419,230.70986368214656,267.428758421133,300.7641464024104,338.1574609244593,267.428758421133,-1.9277320384859453,6.950558299089657,0.04930423437338666,0.04886421378306785,0.05527958046697817,0.051152546156274084,0.06696767980478077,0.07651107302093654,-0.06625237978068738,-0.015134867676462882,0.03191606837576713
LEDA 44792,109,188,6707.21600350093,26828.864014003728,6707.21600350093,26828.864014003728,1.0,1.0,1.0,1.0,1.0,1.0,True,True,True,True,True,105,182,1.40535561,105,182,True,0.6162410300487132,0.63309535724564,1.40535561,1.3731432515,1.4401653697904762,1.4383131344725273,-0.0168543271969268,0.0018522353179488,0.0322123585,0.2499999999999999,0.2499999999999999,64.70530815511489,115.22335501870648,0.2360856237571606,0.2243109121963893,0.2965009093110017,0.2786351374108885,True,True,10,0.6173312848453238,0.0218338750117561,0.6173312848453238,0.0218338750117561,,,,,195.16152855812,28.014533048270003,G,0.02535,14.844,15.75,0.90600014,15.348,14.657,14.19,14.01,0.691,1.158,37.79082107543945,0.478809,86.0,SIMBAD,B,2023ApJS..269....3M,,-20.156,False,4.723852634429932,Regular galaxies,,19928.299771655613,False,1.2376673243347026e+18,8.492435,6.624339914621609,15.29,14.676,14.0979,0.002666358,0.002396727,0.002344526,0.03537844,0.02447464,0.01818728,15.25462156,14.65152536,14.07971272,True,0.6030961999999978,1.1749088399999987,15.34815,14.65673,14.19015,0.002652036,0.00238594,0.002335772,15.31277156,14.63225536,14.17196272,14.888794801999998,0.0017873701358782,"SDSS(cModelMag g,r)",14.888794801999998,SDSS,Vmag_sdss,1.1749088399999987,0.6030961999999978,SDSS(cModel extcorr),-20.111205198,4.723852634429932,6.624339914621609,SDSS,False,3.2,21.197887726789148,,,,1.1749088399999987,g-i,28.72854,0.7601988838149616,86.0,14.310547135940766,7.1344746840721545,7.1344746840721545,NGC 4889,10.713362638896784,5162893.025077918,12.696784374505777,12.416473425471562,13.475701807894415,12.696784374505777,1.523654977118323,-0.118299367118323,1.4655843596765663,-0.0924411081765665,0.0575410623009085,-0.0253287038009085,1.540664819048328,-0.1004994492578517,1.4866137056551014,-0.0483005711825741,0.0509923014953755,-0.0491400661774267,0.5404648596267834,0.07577617042192986,0.5806992366020584,0.05239612064358168,-0.03602892515225392,0.01917459795532712,0.0098829570434752,416.27694214001815,207.5334560620689,207.5334560620689,311.6390866814953,369.33448625149094,361.18057126809583,391.9922759411832,369.33448625149094,-2.0051130923030267,6.712893126577405,0.021420037223794243,0.025155169749985037,0.01670321655899823,0.01652009533923597,0.024460725712168126,0.03246153575738603,0.05435613319813561,0.07827699025572493,0.1009313401719149
2MASX J12595670+2755483,40,615,5579.487990484856,22317.951961939427,5579.487990484856,28727.6702541219,1.0,1.2872001115117315,1.0,0.9994,1.0,1.2872001115117315,True,True,True,True,True,38,605,1.448900919,38,605,True,0.6234838084565987,0.5319977031877883,1.448900919,1.464829264,1.4597181075789474,1.4719772277785124,0.0914861052688104,-0.0122591201995649,-0.015928345,0.1942199956045618,0.2499999999999999,23.69238472135075,321.8586104286119,0.2315097995042098,0.2749494926963689,0.2367611036078472,0.3355243023919284,True,True,10,0.6290984392643455,0.0397646349638037,0.6290984392643455,0.0397646349638037,,,,,194.98605391892,27.93003702706,GiC,0.02571,15.32,16.765,1.4449997,15.814,15.043,14.676,14.39,0.7709999,1.1380005,31.542781829833984,0.331515,58.0,SIMBAD,B,2023ApJS..269....3M,,-19.68,False,3.942847728729248,Members of systems,SB0,16862.375614467303,False,1.237667444048659e+18,8.262528,6.633687811045823,15.93959,15.16513,14.76233,0.003439481,0.00282651,0.00302959,0.0309996,0.02144538,0.01593621,15.9085904,15.14368462,14.74639379,True,0.7649057800000012,1.1621966100000003,15.81388,15.04323,14.67614,0.003382762,0.002782559,0.002975706,15.7828804,15.02178462,14.66020379,15.4472959898,0.0021839537858206,"SDSS(cModelMag g,r)",15.4472959898,SDSS,Vmag_sdss,1.1621966100000003,0.7649057800000012,SDSS(cModel extcorr),-19.5527040102,3.942847728729248,6.633687811045823,SDSS,False,3.0,19.901063433137463,,,,1.1621966100000003,g-i,19.8909,0.6306006904307556,58.0,4.946322630784332,3.786178024082734,3.786178024082734,NGC 4889,2.515147953862152,41090897.67710551,3.960631449791072,2.065968970769727,2.903983908380136,3.960631449791072,1.51420346555983,-0.06530254655983,1.4647808364757116,4.842752428846353e-05,0.0506574494391408,-0.0665857944391408,1.5286001056409493,-0.0688819980620019,1.4845219781867507,-0.0125447504082383,0.0422926969590397,-0.0545518171586046,0.5467917035756377,0.07669210488096101,0.5814768573133253,-0.04947915412553705,-0.030324025817251105,0.12181013108606151,0.0669362245868788,143.88269295515735,110.13545431149477,110.13545431149477,73.16268828282163,115.21009876148447,60.09660130661704,84.47346771027787,115.21009876148447,-1.1743387868591055,7.613745629019355,0.037802234660118984,0.038969026335917284,0.011230440788353932,0.012072021494702816,0.037660883563891176,0.041597923652695074,0.038889870220842025,0.0790830046667984,0.1156611312168783
IC 4033,27,70,4842.6106894493605,19370.44275779745,4842.6106894493605,19370.44275779745,1.0,1.0,1.0,1.0,1.0,1.0,True,True,True,True,True,25,66,1.428046545,25,66,True,0.6293421197912763,0.6501637678488255,1.428046545,1.4197178815,1.46741135068,1.430461862848485,-0.0208216480575491,0.0369494878315148,0.0083286634999999,0.2499999999999999,0.2499999999999999,15.733552994781906,42.91080867802248,0.2262781384303837,0.2077271252084416,0.2838222110757605,0.2666471739205371,True,True,10,0.6309135206144574,0.0405604579253007,0.6309135206144574,0.0405604579253007,,,,,195.11830877411,27.97241464842,EmG,0.02574,15.23,16.741,1.5109997,15.527,14.794,14.436,14.153,0.73300076,1.0910006,35.63478088378906,0.359436,97.0,SIMBAD,B,2023ApJS..269....3M,,-19.77,True,4.454347610473633,Regular galaxies,S...,19071.443057095606,False,1.2376674440487242e+18,8.827339,6.308491027635609,15.48044,14.81165,14.44996,0.003040772,0.002536087,0.002700216,0.03497763,0.02419736,0.01798123,15.44546237,14.78745264,14.43197877,True,0.6580097299999998,1.013483599999999,15.52668,14.79415,14.43624,0.003012475,0.002525534,0.002695346,15.49170237,14.76995264,14.41825877,15.0472366293,0.00194761131273,"SDSS(cModelMag g,r)",15.0472366293,SDSS,Vmag_sdss,1.013483599999999,0.6580097299999998,SDSS(cModel extcorr),-19.9527633707,4.454347610473633,6.308491027635609,SDSS,False,3.0,18.925473082906827,,,,1.013483599999999,g-i,21.56616,0.6051997364690085,97.0,11.659939657279867,4.489900101982722,4.489900101982722,NGC 4889,8.061199803991885,19906140.829717465,10.132900717572817,9.406657165658928,10.360003406512774,10.132900717572817,1.520973667221788,-0.092927122221788,1.465356407280041,-0.0456385257800409,0.0555882424608282,-0.0472595789608283,1.5372421669933771,-0.0698308163133774,1.4860203011475757,-0.0555584382990905,0.0485243009438386,-0.0115748131123238,0.5422597290705659,0.08708239072071045,0.5809198406923107,0.06924392715651473,-0.034410495872343294,0.013588847814794195,0.0064049251932775,339.1738960056548,130.60589977537947,130.60589977537947,234.49079706796653,294.7541338322361,273.6285652451099,301.3602832691274,294.7541338322361,-2.19348593825911,7.2989870722418155,0.04141611123445281,0.04721832336971862,0.02631892775637896,0.024771524205511097,0.04240035029262908,0.05473105647873554,0.045666279486257635,0.0908833412583171,0.13430071409042907
LEDA 126801,11,32,3366.9373954745524,13467.74958189821,815.4722371839366,3453.1309927987013,0.2422,0.2564,0.2422,0.2564,0.2422,0.2564,False,False,False,True,True,11,31,1.435963294,11,31,True,0.6586487923845344,0.663356863664625,1.435963294,1.349318432,1.5002125050909092,1.397680846419355,-0.0047080712800905,0.1025316586715541,0.0866448619999999,0.2361544461778471,0.25,7.2451367162298785,20.56406277360337,0.2284202705413135,0.1998321595916816,0.3061819231281472,0.3013783056354308,True,True,10,0.6666487682808087,0.0659855245729942,0.6666487682808087,0.0659855245729942,,,,,194.78782038806,27.8975533285,GiC,0.02615,17.18,18.36,1.1800003,17.569,16.822,16.457,16.193,0.74699974,1.1119995,13.199999809265137,0.2,,SIMBAD,E,2003A&A...412...45P,,-17.82,False,1.649999976158142,Members of systems,,7173.49906142318,False,1.2376674440485934e+18,4.594318,4.291893499706958,17.64809,16.89255,16.50446,0.008106869,0.006181642,0.007094086,0.04454578,0.03081656,0.02290001,17.60354422,16.86173344,16.48155999,True,0.7418107800000016,1.121984229999999,17.56895,16.82227,16.45729,0.007975766,0.006101303,0.006990657,17.52440422,16.791453439999998,16.43438999,17.155875859799995,0.0049345308631597,"SDSS(cModelMag g,r)",17.155875859799995,SDSS,Vmag_sdss,1.121984229999999,0.7418107800000016,SDSS(cModel extcorr),-17.844124140200005,1.649999976158142,4.291893499706958,SDSS,False,3.2,13.734059199062267,,,,1.121984229999999,g-i,12.0,0.9090909222269192,0.0,6.950425040230947,13.880221918296847,6.950425040230947,NGC 4874,10.363985001425442,3910751.813217066,8.58598618713295,8.68139070211671,7.855333165697257,8.58598618713295,1.4852891807871784,-0.0493258867871784,1.4623226795441808,-0.1130042475441808,0.0295989402982418,0.057045921701758,1.4916914527760103,0.0085210523148988,1.4781229166914154,-0.0804420702720603,0.0156786636992447,0.0868529949723093,0.5661469322623037,0.09250186012223072,0.583855772744104,0.07950109092052093,-0.012871464610429345,0.008163393330338845,0.0106403985786531,202.17966894181558,403.7592889696055,202.17966894181558,301.4761031703053,249.75621416037325,252.53141900659807,228.50237930421068,249.75621416037325,-1.9730421035007901,6.592260255335809,0.0698969157463609,0.069625986437033,0.03354107627585903,0.03570639141318749,0.07821077060709448,0.07263690362563799,0.022604944375869816,0.0989085748253411,0.1621278465592637
LEDA 126756,41,142,3408.8641625258983,13635.456650103584,3408.8641625258983,13635.456650103584,1.0,1.0,1.0,1.0,1.0,1.0,True,True,True,True,True,41,138,1.532036775,41,138,True,0.579947294114783,0.5706033809883788,1.532036775,1.4454457615,1.463552832,1.4473057602971016,0.0093439131264041,0.0162470717028984,0.0865910134999998,0.2500000000000001,0.2500000000000001,23.777839058706103,78.74326657639628,0.2136577916486314,0.2570618256098807,0.2817910088601308,0.2957703070655252,True,True,10,0.581539481716824,0.0299689157948549,0.581539481716824,0.0299689157948549,,,,,195.10342316666663,27.92662455555556,G,0.02653,16.57,18.52,1.9500008,17.209,16.542,16.214,15.947,0.6669998,0.99499893,23.97917938232422,0.156264,159.0,SIMBAD,B,2023ApJS..269....3M,,-18.43,False,2.997397422790528,Regular galaxies,,13214.700421836067,False,1.2376674440487242e+18,10.60795,6.584942530563399,17.43762,16.78736,16.51007,0.008155019,0.006782672,0.007871005,0.03299034,0.02282256,0.01695961,17.404629659999998,16.764537439999998,16.49311039,True,0.6400922199999997,0.9115192699999994,17.20902,16.54179,16.21383,0.007910382,0.006540264,0.007601303,17.176029659999998,16.518967439999997,16.19687039,17.016975250199994,0.0052147477111506,"SDSS(cModelMag g,r)",17.016975250199994,SDSS,Vmag_sdss,0.9115192699999994,0.6400922199999997,SDSS(cModel extcorr),-17.983024749800006,2.997397422790528,6.584942530563399,SDSS,False,3.2,21.07181609780288,,,,0.9115192699999994,g-i,9.375839999999998,0.39099920187057,159.0,11.021812546914266,4.77344387144913,4.77344387144913,NGC 4889,7.684682376730175,16808310.510826156,9.710825311160958,8.291319481255403,8.96930753292957,9.710825311160958,1.487639794798023,0.0443969802019768,1.462522517726918,-0.0170767562269178,0.0313109116308655,0.0552801018691342,1.4946919764696758,-0.0311391444696758,1.4786431344220443,-0.0313373741249429,0.0178422765970721,-0.0015952048941737,0.5645734307182844,0.0153738633964986,0.5836623765737968,-0.01305899558541801,-0.01429028700982285,0.023634200136226947,0.013713342049659,320.6115308021265,138.85385369322043,138.85385369322043,223.53834907320802,282.47645794293595,241.1847071377584,260.9065801225845,282.47645794293595,-1.8628566913193236,7.225524062475761,0.03010252422769777,0.034493218854174425,0.01982487021750611,0.02290230698097139,0.03647498297012189,0.03937424736484418,-0.014728660831199171,0.017725859208322536,0.049867082250673024
LEDA 126770,14,63,1210.9782439260568,4843.912975704227,1537.557822337098,6141.152629253567,1.2696824489201826,1.267808207962436,1.0,1.0,1.2696824489201826,1.267808207962436,True,True,True,True,True,14,63,1.4453967680000002,14,63,True,0.6128685898384704,0.571700543195387,1.4453967680000002,1.435825005,1.3473895632142856,1.4345230822539683,0.0411680466430833,-0.0871335190396829,0.009571763,0.2503695829041757,0.25,8.580160257738585,36.017134221309384,0.2500743986253308,0.2693093890304637,0.3523123039887845,0.2884450620249953,True,True,10,0.6158444701190467,0.0631862205632328,0.6158444701190467,0.0631862205632328,,,,,195.0236725,27.926465555555552,G,0.02653,18.057,18.784,0.7270012,18.307,17.735,17.433,17.266,0.5719986,0.87399864,12.0,0.17,155.0,SIMBAD,E,2003A&A...412...45P,,-16.943,False,1.5,Regular galaxies,,6613.087234291442,False,1.237667444048724e+18,3.483352,2.661912552547668,18.32106,17.7197,17.45893,0.01153686,0.0106469,0.01440574,0.0318165,0.02201051,0.01635617,18.2892435,17.69768949,17.442573829999997,True,0.5915540099999994,0.8466696700000007,18.30723,17.73506,17.43327,0.01153755,0.01057839,0.01439955,18.2754135,17.71304949,17.41691383,17.930226634099995,0.007863418834128,"SDSS(cModelMag g,r)",17.930226634099995,SDSS,Vmag_sdss,0.8466696700000007,0.5915540099999994,SDSS(cModel extcorr),-17.069773365900005,1.5,2.661912552547668,SDSS,False,3.2,8.518120168152539,,,,0.8466696700000007,g-i,10.2,0.8500000000000001,155.0,6.905496776299876,3.080113028894752,3.080113028894752,NGC 4889,3.9383040374325753,62844439.643469065,5.762967630263122,4.068760980576809,4.775189154304871,5.762967630263122,1.472184848238748,-0.0267880802387479,1.461208610628408,-0.025383605628408,0.0200549481529645,-0.0104831851529645,1.474963967906172,-0.1275744046918865,1.4752227782134253,-0.0406996959594569,0.0036168352627618,-0.0907503543024447,0.5749189753979129,0.037949614440557444,0.5849339283739124,-0.013233385178525459,-0.004961735295860831,0.04612978193894413,0.0145099667689012,200.8727587204786,89.59685614631442,89.59685614631442,114.56062066297407,167.6379330565778,118.35545931289728,138.90462191357258,167.6379330565778,-1.838333582193509,7.798266858171769,0.057214095120872235,0.0669801617072249,0.030235448594020956,0.03672952144878753,0.06986889922031161,0.07112018924754113,-0.019264480680314788,0.044546104100277095,0.10492977614778234
NGC 4875,61,90,1408.2132526067537,5632.853010427014,1408.2132526067537,5124.769668886497,1.0,0.9098,1.0,0.9098,1.0,0.9098,True,True,True,True,True,60,87,1.5919159225,60,87,True,0.4827152315001012,0.6114431506922713,1.5919159225,1.468697738,1.6324125961333336,1.484875347091954,-0.12872791919217,0.1475372490413795,0.1232181845000002,0.2747856671795999,0.25,28.962913890006075,53.1955541102276,0.2787440948310692,0.212041317646891,0.3051767436464382,0.254166438817456,True,True,10,0.4802234705799375,0.0371120904807406,0.4802234705799375,0.0371120904807406,,,,,194.90795580391,27.90733340062,GiC,0.02671,14.57,15.92,1.3500004,15.367,14.541,14.153,13.833,0.82599926,1.2139997,29.86680030822754,0.383589,115.0,SIMBAD,B,2023ApJS..269....3M,,-20.43,True,3.7333500385284415,Members of systems,,16567.377877547176,False,1.2376674440486587e+18,3.47767,3.014775254107091,15.39778,14.56522,14.16586,0.002560771,0.002236889,0.002306748,0.03416076,0.02363226,0.0175613,15.363619239999998,14.54158774,14.1482987,True,0.8220314999999978,1.215320539999999,15.36718,14.54056,14.15294,0.002544876,0.002222457,0.002294919,15.33301924,14.51692774,14.1353787,14.868620655,0.0016864466193428,"SDSS(cModelMag g,r)",14.868620655,SDSS,Vmag_sdss,1.215320539999999,0.8220314999999978,SDSS(cModel extcorr),-20.131379345,3.7333500385284415,3.014775254107091,SDSS,False,3.2,9.647280813142691,,,,1.215320539999999,g-i,23.01534,0.7705994536569043,115.0,3.1525686136990174,7.869878982823536,3.1525686136990174,NGC 4874,4.78141583304099,38506918.90996041,3.929293797283165,2.517992996236803,1.4670386222069929,3.929293797283165,1.5239963840619757,0.0679195384380242,1.465613384494286,0.0030843535057138,0.0577897117591333,0.0654284727408668,1.5411006199152015,0.091311976218132,1.4866892629114732,-0.0018139158195191,0.0513065480978747,0.0962307009435047,0.5402363217424272,-0.05752109024232599,0.5806711474325418,0.030772003259729508,-0.036234997189912244,-0.09249292200225775,0.0226837678510748,91.70450367346844,228.92549997295495,91.70450367346844,139.08574865592124,114.29852340130309,73.24544721081566,42.67442368572204,114.29852340130309,-1.6442848059951511,7.585538770403194,0.032318413237558935,0.03690492407707126,0.02339020310443555,0.020590230615795527,0.0361739736457142,0.046591364166801076,-0.08983950347988492,-0.0558814197001683,-0.02061616616525473
LEDA 93696,34,36,4477.733076568523,17910.93230627409,3985.1824381459855,8242.611047347336,0.89,0.4602,0.89,0.4602,0.89,0.4602,True,False,False,True,True,34,33,1.4892503465,34,33,True,0.5207353323841503,0.5679436447780623,1.4892503465,1.427039508,1.462854229147059,1.4797104345151515,-0.0472083123939119,-0.0168562053680925,0.0622108384999999,0.4834854411125598,0.25,17.70500130106111,18.742140277676054,0.2779781369886365,0.2872952223900566,0.412099779860498,0.2931980245371948,True,True,10,0.5239067068926099,0.0491379689334316,0.5239067068926099,0.0491379689334316,,,,,194.76993002245,28.050391403130003,G,0.02689,16.53,18.06,1.5299988,17.005,16.29,15.933,15.654,0.71499825,1.0719995,10.979999542236328,0.121,125.0,SIMBAD,C,2006AJ....131.1163S,,-18.47,False,1.372499942779541,Regular galaxies,,6130.413423194526,False,1.2376673243345062e+18,7.938399,5.803594064877603,17.20397,16.49918,16.14204,0.005875899,0.004978854,0.005413767,0.0328658,0.02273641,0.01689559,17.171104200000002,16.47644359,16.12514441,True,0.6946606100000032,1.0459597900000013,17.00517,16.29045,15.93348,0.005735601,0.004852596,0.005270808,16.9723042,16.26771359,15.91658441,16.751254440099995,0.0037990655178284,"SDSS(cModelMag g,r)",16.751254440099995,SDSS,Vmag_sdss,1.0459597900000013,0.6946606100000032,SDSS(cModel extcorr),-18.248745559900005,1.372499942779541,5.803594064877603,SDSS,False,3.2,18.57150100760833,,,,1.0459597900000013,g-i,7.26,0.66120221335832,125.0,8.746598536574846,14.650855454897236,8.746598536574846,NGC 4874,11.51180486839094,2189058.9906040514,9.603901547815774,11.804232723247267,12.039512553593994,9.603901547815774,1.492136586143956,-0.0028862396439559,1.462904813844687,-0.0358653058446869,0.0345859613997815,0.0276248771002183,1.5004320634923394,-0.0375778343452803,1.4796383257117676,7.210880338393011e-05,0.0219813295041048,-0.0388375348721973,0.5615632775866712,-0.04082794520252098,0.5832924042087204,-0.015348759430658165,-0.017004534545816907,-0.03020377784809499,0.0067505205111528,254.42823802224785,426.17610986954725,254.42823802224785,334.8648296675573,279.3661717446081,343.37121115386896,350.2152239923424,279.3661717446081,-2.170662738812529,6.340257465062051,0.04647106554688572,0.04936745375964423,0.04851456875348838,0.04906813703534846,0.06780791841323486,0.06821020425329721,-0.0872990107494067,-0.037369806170476805,0.00853950855712325
NGC 4883,54,182,5735.775817301432,22943.103269205727,5735.775817301432,19887.081913747523,1.0,0.8667999999999999,1.0,0.8668,1.0,0.8668,True,True,True,True,True,47,176,1.430575127,47,176,True,0.5793699999969601,0.6367474054456557,1.430575127,1.4007106385,1.5058272339574466,1.4329473753806818,-0.0573774054486955,0.0728798585767647,0.0298644884999998,0.2884171665897554,0.25,27.230389999857127,112.0675433584354,0.2714543744254806,0.2225346181453147,0.3315285964454747,0.2831712012856552,True,True,10,0.5834896348479716,0.0380359754378723,0.5834896348479716,0.0380359754378723,,,,,194.98340521471,28.034715581050005,GiG,0.02719,14.27,15.2,0.92999935,14.821,14.007,13.584,13.254,0.8140001,1.2370005,38.738399505615234,0.533751,80.0,SIMBAD,B,2023ApJS..269....3M,,-20.73,True,4.842299938201904,Members of systems,,21862.00344133771,False,1.2376673243345718e+18,6.498521,5.874312168409293,14.84764,14.04769,13.60803,0.002187753,0.001979091,0.001982934,0.03000656,0.0207584,0.01542571,14.81763344,14.0269316,13.59260429,True,0.7907018400000005,1.225029150000001,14.82103,14.0069,13.58407,0.002165257,0.001957995,0.001964019,14.79102344,13.9861416,13.56864429,14.341119354399998,0.0014724161555133,"SDSS(cModelMag g,r)",14.341119354399998,SDSS,Vmag_sdss,1.225029150000001,0.7907018400000005,SDSS(cModel extcorr),-20.6588806456,4.842299938201904,5.874312168409293,SDSS,False,3.2,18.79779893890974,,,,1.225029150000001,g-i,32.02506,0.8267006486769769,80.0,6.371719626894357,4.36928950469581,4.36928950469581,NGC 4889,4.096655204134222,25083030.479686186,4.86785370959485,6.50773941549859,7.768595190392093,4.86785370959485,1.5329232847537722,-0.1023481577537721,1.4663723077388056,-0.0656616692388054,0.0642912462531112,-0.0344267577531114,1.5524956753829038,-0.0466684414254572,1.4886648880026248,-0.0557175126219429,0.059523276742087,0.0133565818346776,0.5342606524249449,0.045109347572015235,0.5799366889469966,0.0568107164986591,-0.041623243239773317,-0.01575416220892218,0.0104648888010327,185.3458108387519,127.0974797162902,127.0974797162902,119.16686938517097,141.60012456308334,189.3024661037695,225.9792738782296,141.60012456308334,-1.9802653820748857,7.399380005886611,0.038647324427225835,0.036297922733467686,0.016698097051642005,0.016526586243951272,0.03686790273275505,0.04362447361124194,0.0064620231447894,0.047008690086286,0.08140727030548292
IC 4026,64,196,5272.322683211792,21089.290732847167,5272.322683211792,21089.290732847167,1.0,1.0,1.0,1.0,1.0,1.0,True,True,True,True,True,59,193,1.537738667,59,193,True,0.5361924763178797,0.5972136865394739,1.537738667,1.432986461,1.5243936676779664,1.45835822534715,-0.0610212102215942,0.0660354423308162,0.1047522059999999,0.25,0.25,31.635356102754905,115.26224150211848,0.2438528557432927,0.2514511713491292,0.299054420336843,0.3245957437296906,True,True,10,0.5377542834950075,0.0291606761652379,0.5377542834950075,0.0291606761652379,,,,,195.09225412222,28.04701061643,EmG,0.02727,14.63,15.5,0.8699999,15.128,14.365,13.958,13.671,0.7630005,1.1700001,38.0908203125,0.505528,73.0,SIMBAD,B,2023ApJS..269....3M,,-20.369999,True,4.7613525390625,Regular galaxies,SB0,21557.70523275521,False,1.2376673243346373e+18,6.247734,5.73849487368473,15.10569,14.36515,13.95655,0.002351962,0.002099375,0.002134596,0.03497309,0.02419422,0.0179789,15.07071691,14.34095578,13.9385711,True,0.72976113,1.132145809999999,15.12822,14.36483,13.95826,0.002345893,0.002099178,0.002134811,15.09324691,14.34063578,13.9402811,14.6301578433,0.0015697421405785,"SDSS(cModelMag g,r)",14.6301578433,SDSS,Vmag_sdss,1.132145809999999,0.72976113,SDSS(cModel extcorr),-20.369842156700003,4.7613525390625,5.73849487368473,SDSS,False,3.0,17.21548462105419,,,,1.132145809999999,g-i,30.33168,0.7962989442379181,73.0,11.52247080190528,5.219269139559637,5.219269139559637,NGC 4889,8.181683973547786,12948621.650616655,9.877115397745982,10.3688043585137,11.600167881128444,9.877115397745982,1.5280318884982893,0.0097067785017106,1.4659564641616665,-0.0329700031616664,0.0607288025140472,0.0440234034859526,1.546251881084065,-0.0218582134060987,1.4875823661390202,-0.02922414079187,0.05502101138592,0.0110144309448961,0.5375349541711711,-0.001342477853291446,0.5803391273307129,0.01687455920876102,-0.03867081355988103,-0.022350396661713172,0.0107909752930707,335.1750890969307,151.82238505507848,151.82238505507848,237.99553949343584,287.31364048349445,301.61629258533765,337.43520551630917,287.31364048349445,-1.9669393018178032,7.112223541282872,0.03008886616475944,0.030463214560747288,0.01817829127518668,0.017340663550744137,0.029809067406570168,0.04024919513976408,-0.03143134401805089,0.00048311049833232866,0.02912073670745584
LEDA 126781,24,179,1321.9838271786136,5287.935308714456,1321.9838271786136,5287.935308714456,1.0,1.0,1.0,1.0,1.0,1.0,True,True,True,True,True,24,172,1.4975593445,24,172,True,0.6101252718409688,0.6098716477088557,1.4975593445,1.446627775,1.520803166625,1.4665888737848838,0.000253624132113,0.0542142928401163,0.0509315694999998,0.2499999999999999,0.2499999999999999,14.64300652418325,104.89792340592318,0.1735662221063624,0.2228797693803468,0.1792696647949587,0.2759892459178935,True,True,10,0.6086571470815436,0.0354948942334876,0.6086571470815436,0.0354948942334876,,,,,194.945554,27.991910222222227,G,0.02806,17.43,18.62,1.1900005,18.251,17.563,17.235,17.037,0.6879997,1.0159988,7.31,,,NED,,,2007SDSS6.C...0000:,-17.57,False,0.91375,Regular galaxies,,4252.921520533966,False,1.2376673243345718e+18,2.776629,2.564177870091956,18.14186,17.46356,17.15899,0.009592406,0.008309748,0.009472908,0.02683427,0.01856383,0.01379491,18.115025730000003,17.44499617,17.145195089999998,True,0.6700295600000032,0.969830640000005,18.25128,17.56304,17.23544,0.009388872,0.008102566,0.009229952,18.224445730000003,17.54447617,17.22164509,17.709708289599998,0.0062852658188029,"SDSS(cModelMag g,r)",17.709708289599998,SDSS,Vmag_sdss,0.969830640000005,0.6700295600000032,SDSS(cModel extcorr),-17.290291710400002,0.91375,2.564177870091956,SDSS,False,3.2,8.205369184294259,,,,0.969830640000005,g-i,,1.0,0.0,3.1592827355387763,4.756950415681944,3.1592827355387763,NGC 4874,1.7996555516984636,50873973.30364028,1.6096442042332475,3.649533123418309,4.797335710604216,1.6096442042332475,1.475916678586525,0.0216426659134749,1.461525873348507,-0.0148980983485069,0.0227728705954132,0.0281586989045865,1.4797275936344216,0.0410755729905782,1.476048674896444,-0.00945980111156,0.0070517829979928,0.0471625098421234,0.5724208873293684,0.03770438451160041,0.5846268929805358,0.025244754728319885,-0.0072142550476083644,0.007467879179721365,0.0579322546553366,91.89980956094152,138.374078512938,91.89980956094152,52.34985796488869,46.82265191585702,106.16061527373675,139.54883912257569,46.82265191585702,-1.2370795689406688,7.706495657750469,0.03056353784944337,0.037106423525399904,0.014874952965918562,0.01867491116646594,0.03633003178453133,0.03868709991085995,0.007140846662157037,0.04108972074015005,0.07481080803700031
LEDA 44809,77,48,2601.039475169593,10404.157900678372,2601.039475169593,10404.157900678372,1.0,1.0,1.0,1.0,1.0,1.0,True,True,True,True,True,70,47,1.5241790755000002,70,47,True,0.5314061693266727,0.6791942774059809,1.5241790755000002,1.400025503,1.5696323047428575,1.4240799780212765,-0.1477881080793082,0.145552326721581,0.1241535725000002,0.25,0.25,37.19843185286709,31.922131038081105,0.2529831938579288,0.1695707131355706,0.2674292944379117,0.2404758741665522,True,True,10,0.5312081085269211,0.0309023065211738,0.5312081085269211,0.0309023065211738,,,,,195.17849319377,27.963118502520004,EmG,0.02809,14.96,16.013,1.0530005,15.47,14.708,14.333,14.034,0.7620001,1.1370001,38.44841766357422,0.368079,93.0,SIMBAD,B,2023ApJS..269....3M,,-20.04,False,4.806052207946777,Regular galaxies,,22392.20132427161,False,1.2376674440487242e+18,5.390098,4.745714837436945,15.38528,14.70841,14.32423,0.00274017,0.002341676,0.002453262,0.03404471,0.02355197,0.01750164,15.35123529,14.68485803,14.30672836,True,0.6663772599999991,1.0445069300000007,15.46956,14.70831,14.33325,0.00273654,0.002341676,0.00245403,15.43551529,14.68475803,14.31574836,14.9480727066,0.0017807222943599,"SDSS(cModelMag g,r)",14.9480727066,SDSS,Vmag_sdss,1.0445069300000007,0.6663772599999991,SDSS(cModel extcorr),-20.0519272934,4.806052207946777,4.745714837436945,SDSS,False,3.2,15.186287479798224,,,,1.0445069300000007,g-i,22.08474,0.5743991909691238,93.0,14.824994851296887,7.716076510397371,7.716076510397371,NGC 4889,11.250885684039533,4121922.4246655065,13.32967281160282,12.414042853786256,13.259452735934262,13.32967281160282,1.5226518175678534,0.0015272579321468,1.4654990757547333,-0.0654735727547333,0.056810453028383,0.0673431194716171,1.5393843008578365,0.030248003885021,1.4863916949879326,-0.062311716966656,0.0500689474559795,0.0954833792656014,0.5411363748539875,-0.00973020552731474,0.5807817712991089,0.09841250610687202,-0.035423421554553414,-0.11236468652475479,0.0072235841463782,431.2416195772297,224.4515674037143,224.4515674037143,327.2749982533071,387.74446462673166,361.1098688037386,385.70184542437187,387.74446462673166,-2.1412472638201985,6.615099814018466,0.028424549693318472,0.02887217325441176,0.025068624263972106,0.02543725426795014,0.03626283680677764,0.042223933111589215,-0.03815475522063321,-0.009458756362830167,0.01914196772709702
LEDA 1821892,12,24,1927.368908032003,7709.475632128013,1927.368908032003,7709.475632128013,1.0,1.0,1.0,1.0,1.0,1.0,True,True,True,True,True,10,23,1.500584253,10,23,True,0.5894591639613781,0.6290316974227391,1.500584253,1.438565471,1.5320943665999998,1.4411989368695657,-0.039572533461361,0.0908954297304343,0.0620187819999999,0.2499999999999999,0.2499999999999999,5.894591639613781,14.467729040723,0.2420878503020745,0.2202842019982913,0.3121847122920759,0.3234228150762352,True,True,10,0.5993018695433163,0.0670775080616213,0.5993018695433163,0.0670775080616213,,,,,195.14344216666663,27.934681972222226,G,0.02923,16.81,18.512,1.7019997,17.386,16.689,16.424,16.16,0.6970005,0.9619999,12.59999942779541,0.19,,SIMBAD,E,2003A&A...412...45P,,-18.19,False,1.5749999284744265,Regular galaxies,dG,7625.491314689721,False,1.2376674440487242e+18,3.510405,3.2549950920190702,17.75474,16.97528,16.84774,0.01036726,0.008362913,0.01274201,0.03349451,0.02317134,0.01721879,17.72124549,16.95210866,16.83052121,True,0.7691368300000008,0.8907242800000006,17.3859,16.68892,16.42357,0.01006553,0.008036132,0.01242769,17.35240549,16.66574866,16.40635121,17.2574547603,0.0065125209007042,"SDSS(cModelMag g,r)",17.2574547603,SDSS,Vmag_sdss,0.8907242800000006,0.7691368300000008,SDSS(cModel extcorr),-17.7425452397,1.5749999284744265,3.2549950920190702,SDSS,False,3.2,10.415984294461026,,,,0.8907242800000006,g-i,11.4,0.9047619458499158,0.0,13.050826799854024,6.345023801094404,6.345023801094404,NGC 4889,9.60274429844382,7301166.306122093,11.666926795841402,10.410278932454403,11.130289001241543,11.666926795841402,1.483570161789284,0.0170140912107159,1.462176536608316,-0.0236110656083159,0.0283469647586366,0.0336718172413633,1.4894971506876,0.0425972159123997,1.477742478151584,-0.0365435412820183,0.0140963998063659,0.0767990299240683,0.567297643963547,0.022161519997831114,0.5839972045952478,0.04503449282749128,-0.011833870752848641,-0.027738662708512357,0.0049905552908713,379.63316294161285,184.56926074417186,184.56926074417186,279.3325087249294,339.3771436276412,302.82273903721614,323.7669829502936,339.3771436276412,-2.301851128455962,6.86339224092244,0.07152599997262721,0.07490241631696674,0.04117149067159861,0.04720908158688224,0.08432750043833045,0.08355098878189374,-0.049364479974796094,0.03220988220706489,0.09706393631479786
2MASX J12595013+2755292,16,39,1801.322964706774,7205.291858827096,1801.322964706774,7205.291858827096,1.0,1.0,1.0,1.0,1.0,1.0,True,True,True,True,True,15,39,1.461812067,15,39,True,0.6036123081413663,0.6630781303249389,1.461812067,1.40372305,1.4120447539333334,1.4034091641794872,-0.0594658221835725,0.0086355897538461,0.0580890170000001,0.25,0.25,9.054184622120497,25.86004708267262,0.2383591448020345,0.2146503992477898,0.3514906138197415,0.2457584378507683,True,True,10,0.6041798014304605,0.0575486612928969,0.6041798014304605,0.0575486612928969,,,,,194.95877298074,27.92484964126,GiC,0.0328,16.05,17.563,1.5130005,16.699,15.917,15.55,15.265,0.7819996,1.1489992,12.0,0.152,130.0,SIMBAD,C,2006AJ....131.1163S,,-18.95,False,1.5,Members of systems,S0...,8114.346440645568,False,1.237667444048659e+18,4.288744,3.4333973959291373,16.77092,15.98019,15.60941,0.004491246,0.003575742,0.003852796,0.03131631,0.02166448,0.01609903,16.73960369,15.95852552,15.59331097,True,0.7810781699999989,1.1462927199999982,16.69916,15.91709,15.54959,0.00444064,0.003537403,0.003809073,16.667843689999998,15.89542552,15.53349097,16.2687675697,0.0028002815009222,"SDSS(cModelMag g,r)",16.2687675697,SDSS,Vmag_sdss,1.1462927199999982,0.7810781699999989,SDSS(cModel extcorr),-18.7312324303,1.5,3.4333973959291373,SDSS,False,3.0,10.300192187787411,,,,1.1462927199999982,g-i,9.12,0.7599999999999999,130.0,3.790616106701856,5.058301216262191,3.790616106701856,NGC 4874,2.627388738047591,33537255.935967512,3.2176604041907355,0.7235798360625639,1.4620444673537998,3.2176604041907355,1.5003017079593095,-0.0384896409593094,1.4635989742206057,-0.0598759242206057,0.040532686132458,0.017556330867542,1.51085471959649,-0.0988099656631564,1.4814453604360978,-0.0780361962566105,0.0294968819472223,-0.0208612921933762,0.5560975432192719,0.0475147649220945,0.5826206208866198,0.08045750943831909,-0.021932973528973027,-0.03753284865459947,0.0062509289769279,110.26455290179345,147.14001796901496,110.26455290179345,76.42764034791544,93.59794710696647,21.048084233887568,42.52914960981759,93.59794710696647,-2.2040554355242534,7.525527525156754,0.05974270639068059,0.06145923720224418,0.03262654894925577,0.03534301982617437,0.06693235426368119,0.0723660180965944,-0.012227941468586096,0.05330354426926642,0.10897400212433868
SDSS J130018.34+280333.4,17,39,1256.0950430285177,5024.38017211407,1256.0950430285177,5024.38017211407,1.0,1.0,1.0,1.0,1.0,1.0,True,True,True,True,True,17,39,1.528124573,17,39,True,0.5906320120635598,0.6271231689028116,1.528124573,1.386189926,1.447426944235294,1.4147314893076923,-0.0364911568392518,0.0326954549276017,0.141934647,0.25,0.25,10.040744205080516,24.457803587209654,0.2129008026624287,0.2080451732542588,0.3226593992042573,0.2950560969326078,True,True,10,0.5893528994984106,0.0486057853847671,0.5893528994984106,0.0486057853847671,,,,,195.07642091666665,28.05928861111111,G,0.03325,17.34,18.559,1.2189999,18.024,17.445,17.147,17.005,0.5790005,0.8770008,7.19,,,NED,,,2007SDSS6.C...0000:,-17.66,False,0.89875,Regular galaxies,,4925.877325383879,False,1.2376673243346373e+18,2.885166,2.499460786169786,17.89298,17.3703,17.04342,0.008126638,0.007430765,0.008764295,0.03495962,0.0241849,0.01797197,17.858020380000003,17.3461151,17.02544803,True,0.5119052800000041,0.8325723500000031,18.02426,17.44511,17.14746,0.007932713,0.00728797,0.008557238,17.989300380000003,17.420925099999998,17.129488029999997,17.5459962648,0.0055065855550401,"SDSS(cModelMag g,r)",17.5459962648,SDSS,Vmag_sdss,0.8325723500000031,0.5119052800000041,SDSS(cModel extcorr),-17.4540037352,0.89875,2.499460786169786,SDSS,False,3.2,7.998274515743316,,,,0.8325723500000031,g-i,,1.0,0.0,11.161045014245286,5.428971965492022,5.428971965492022,NGC 4889,7.997448471531705,11656904.061614731,9.532883260229973,10.300335501594487,11.56347924397909,9.532883260229973,1.478687175997205,0.0494373970027952,1.4617614080493442,-0.0755714820493442,0.0247906464285827,0.1171440005714172,1.4832640922197406,-0.0358371479844465,1.4766618176195996,-0.0619303283119072,0.0096018758262875,0.0230935791013141,0.5705663157436917,0.020065696319868098,0.5843989510102253,0.04272421789258629,-0.00888651759926462,-0.027604639239987176,0.0087498402110915,324.6616391031294,157.9223929938396,157.9223929938396,232.63634597802704,277.300333498774,299.6246142714757,336.367976322433,277.300333498774,-2.0579998779576725,7.066583222164889,0.04254857532779727,0.04986539390621203,0.030082386030446974,0.03164007849684744,0.05289742980371525,0.058087674037150525,-0.022482879007929165,0.021924875321330972,0.06993109022608013
NGC 4874,7653,6296,170033.22025329777,680132.8810131911,169829.18038899382,252949.405111923,0.9988,0.371911742798121,0.9988,0.3186,0.9988,0.371911742798121,True,False,False,True,True,7457,6045,1.514460341,7457,6045,True,0.5552848790923332,0.4865546580541968,1.514460341,1.529944496,1.532350333554647,1.553908240182796,0.0687302210381363,-0.0215579066281492,-0.015484155,0.6713958481691198,0.25,4140.759343391528,2941.22290793762,0.2504101007178146,0.2879992784911815,0.2989170245522013,0.3535677229230149,True,True,10,0.554936302033425,0.0029786259474266,0.554936302033425,0.0029786259474266,,,,,194.89878906845,27.959248303390005,LIN,0.02391,12.71,13.7,0.9899998,12.6472,11.7979,11.66,11.1535,0.84929943,0.9871998,140.40420532226562,2.26074,63.0,SIMBAD,B,2023ApJS..269....3M,,-22.29,True,17.550525665283203,Active (AGN/Seyfert/QSO),,69955.70961435766,True,1.2376674440486584e+18,29.67989,29.58632953200881,12.91115,12.10644,11.64227,0.001804969,0.001734343,0.001838514,0.03009333,0.02081842,0.01547032,12.88105667,12.08562158,11.62679968,True,0.7954350899999998,1.25425699,12.79304,11.98041,11.52575,0.001763336,0.001690713,0.001796031,12.76294667,11.95959158,11.51027968,12.4017499669,0.0012628226591444,"SDSS(cModelMag g,r)",12.4017499669,SDSS,Vmag_sdss,1.25425699,0.7954350899999998,SDSS(cModel extcorr),-22.5982500331,17.550525665283203,29.58632953200881,SDSS,False,4.8,142.0143817536423,,,,1.25425699,g-i,135.64440000000002,0.9660992680999791,63.0,0.0,7.230359733741266,7.230359733741236,NGC 4889,3.615325668910727,1.0947123389942932e+27,1.6476759061251465,3.067469305851432,3.3988032379001165,1.6476759061251465,1.5657432188605331,-0.0512828778605332,1.4691625046657315,0.0607819913342682,0.0881942716201658,-0.1036784266201658,1.594389831317286,-0.062039497762639,1.4959283143081117,0.0579799258746842,0.0897322487007426,-0.1112901553288918,0.5122909812014498,0.04299389789088337,0.5772364372099187,-0.0906817791557219,-0.061433240730836086,0.13016346176897237,0.1454036390400909,0.0,210.32263909567604,210.32263909567516,105.1655607572643,47.92894927944135,89.22906515162074,98.86717854800192,47.92894927944135,-0.8374247241836241,27.03930001324,0.01015934612712658,0.008940122136313254,0.009589090393281971,0.006011871785669559,0.004500684431644836,0.018556507651887377,0.03283455176375679,0.04233631350313344,0.051934020027196624
NGC 4869,371,607,9330.606280174236,37322.42512069693,9280.221006261296,31261.263281095748,0.9946000000000002,0.8376,0.9946,0.8376,0.9946,0.8376,True,True,True,True,True,359,588,1.522989706,359,588,True,0.5323359985083966,0.5931986058121808,1.522989706,1.488210463,1.5531798171309192,1.5013354983469387,-0.0608626073037841,0.0518443187839805,0.0347792429999997,0.2968600764087871,0.2500000000000001,191.1086234645144,348.8007802175623,0.2558455246978914,0.2283998401706279,0.3057855101007172,0.2695506117755303,True,True,10,0.5332526903400308,0.0133912412731998,0.5332526903400308,0.0133912412731998,,,,,194.84732847876,27.9115921901,EmG,0.0228791612896412,13.52,14.9,1.3799992,14.429,13.624,13.195,12.914,0.8050003,1.2340002,49.683780670166016,0.690853,47.0,SIMBAD,B,2023ApJS..269....3M,,-21.48,True,6.210472583770752,Regular galaxies,,23717.064620554364,False,1.2376674440486584e+18,7.956479,7.458111597766792,14.35112,13.44835,13.10265,0.002026937,0.00177299,0.001854436,0.03790001,0.02621905,0.01948356,14.31321999,13.42213095,13.08316644,True,0.8910890400000007,1.2300535499999992,14.31396,13.44071,13.0601,0.00200983,0.001768293,0.001849584,14.27605999,13.41449095,13.04061644,13.7774774564,0.0013359957012654,"SDSS(cModelMag g,r)",13.7774774564,SDSS,Vmag_sdss,1.2300535499999992,0.8910890400000007,SDSS(cModel extcorr),-21.2225225436,6.210472583770752,7.458111597766792,SDSS,False,3.2,23.86595711285373,,,,1.2300535499999992,g-i,41.45118,0.8343000359650669,47.0,3.9518547463563447,10.63187370503541,3.9518547463563447,NGC 4874,7.159220890833464,19184895.842508864,5.514877770275918,5.417389790280318,4.648666042057671,5.514877770275918,1.5424617925137694,-0.0194720865137694,1.4671832269488452,0.0210272360511547,0.0712382191571212,-0.0364589761571214,1.5646714381427782,-0.0114916210118589,1.4907758687240875,0.0105596296228509,0.0683029565705671,-0.0164586377865866,0.5278755731993676,0.004460425309029015,0.579151910645362,0.014046695166818779,-0.04738065317787252,-0.013481954125911584,0.0276072730554884,114.95479480747265,309.2686696817939,114.95479480747265,208.25329403767577,160.42129156059704,157.58548117386107,135.22421376593257,160.42129156059704,-1.5589764892478124,7.282959445695063,0.013329092993542714,0.013794022311434753,0.010714994172261565,0.008639980348305543,0.010895682507084031,0.022022909729522734,-0.0088686676845137,0.005105343785001104,0.018254447620463767
NGC 4889,5409,1873,66254.73464254303,265018.938570172,100366.39866440544,208048.6113375052,1.514856246967124,0.7850329959812207,0.8924,0.7842,1.514856246967124,0.7850329959812207,True,False,False,True,True,5203,1819,1.558069722,5203,1819,True,0.4604737125659474,0.6071986509922486,1.558069722,1.436072078,1.573870064514126,1.456892756706982,-0.1467249384263011,0.1169773078071441,0.1219976439999999,0.4824180176890816,0.2500000000000001,2395.844726480625,1104.4943461549,0.2921096965700864,0.2343436703501022,0.3586130626317433,0.3021319732734748,True,True,10,0.4603073008992405,0.0042450686928669,0.4603073008992405,0.0042450686928669,,,,,195.0337375,27.977025,EmG,0.0215,11.3,13.0,1.6999998,12.3528,11.5017,11.527,10.8346,0.85109997,0.82579994,175.40460205078125,1.8169,75.0,SIMBAD,B,2023ApJS..269....3M,,-23.7,True,21.925575256347656,Regular galaxies,,78815.62927836124,True,1.237667444048724e+18,29.67856,23.02623275480716,12.42321,11.59573,11.37449,0.001673849,0.001673236,0.001773992,0.0316632,0.02190446,0.01627736,12.3915468,11.57382554,11.35821264,True,0.817721259999999,1.033334159999999,12.34061,11.5143,11.21793,0.001639316,0.001640705,0.001737578,12.3089468,11.49239554,11.20165264,11.899091256599998,0.001202314310135,"SDSS(cModelMag g,r)",11.899091256599998,SDSS,Vmag_sdss,1.033334159999999,0.817721259999999,SDSS(cModel extcorr),-23.1009087434,21.925575256347656,23.02623275480716,SDSS,False,4.8,110.52591722307436,,,,1.033334159999999,g-i,109.014,0.6215002270489998,75.0,7.230359733741236,0.0,7.230359733741236,NGC 4874,3.6150343526425774,1.739255948418119e+27,5.663826045561618,5.355075206236344,6.509825718401151,5.663826045561618,1.5742497085765028,-0.0161799865765028,1.469885686540114,-0.0338136085401139,0.0943896173757055,0.0276080266242943,1.6052482384504572,-0.0313781739363312,1.4978108976481437,-0.0409181409411614,0.0975620118093586,0.0194152959977854,0.5065967350851115,-0.046123022519164114,0.5765365679305574,0.03066208306169116,-0.06656772818541021,-0.0801572102408909,0.0696700539398295,210.32263909567516,0.0,210.32263909567516,105.15708671052457,164.75402125876764,155.77282340123097,189.3631541951755,164.75402125876764,-1.1569538532265726,27.24036349736,0.01207024740526659,0.010023666139153405,0.011234073586372472,0.006414818777081804,0.005769421410799502,0.02084290806101785,-0.058193269924430704,-0.0471806927163643,-0.03609935638001071
SDSS J130042.56+280658.6,39,299,21450.22009034461,85800.88036137844,7807.880112885437,38061.27052830748,0.364,0.4436,0.364,0.4436,0.364,0.4436,False,False,False,True,True,37,288,1.5115027,37,288,True,0.5756979332656602,0.5629651766338655,1.5115027,1.4743807615,1.5037233385405406,1.497655819236111,0.0127327566317947,0.0060675193044297,0.0371219385000001,0.2051397655545536,0.25,21.300823530829422,162.13397087055327,0.241673616045395,0.2522523614874117,0.2961727704509536,0.3349971177627245,True,True,10,0.5768723205525276,0.042375487732333,0.5768723205525276,0.042375487732333,,,,,195.17736,28.11632,LSB,0.020701,18.24,,,17.648,17.011,16.672,16.539,0.63700104,0.97599983,19.49800109863281,0.32496667,0.0,SIMBAD,E,2022ApJS..262...36S,,-16.76,False,2.4372501373291016,LSB/BCD/Dwarf,,8443.75520948361,False,1.2376673243347028e+18,11.91151,10.328826039187028,17.68241,17.11709,16.79583,0.01207821,0.01098925,0.01302848,0.03757682,0.02599547,0.01931742,17.64483318,17.09109453,16.77651258,True,0.5537386499999997,0.8683206000000006,17.64823,17.01133,16.67162,0.01193298,0.01076021,0.01265084,17.61065318,16.98533453,16.65230258,17.308127376499996,0.0081584786103829,"SDSS(cModelMag g,r)",17.308127376499996,SDSS,Vmag_sdss,0.8683206000000006,0.5537386499999997,SDSS(cModel extcorr),-17.691872623500004,2.4372501373291016,10.328826039187028,SDSS,False,3.2,33.05224332539849,,,,0.8683206000000006,g-i,19.4980002,0.9999999539115416,0.0,17.505922735581176,11.300121635809452,11.300121635809452,NGC 4889,14.283435461421483,1409406.2808470242,15.876891870068407,16.49968578807866,17.730224698415352,15.876891870068407,1.4827126294721191,0.0287900705278809,1.462103633231109,0.0122771282688909,0.0277224169864327,0.0093995215135673,1.488402523486424,0.0153208150541166,1.477552696454581,0.0201031227815295,0.0133070877486817,-0.007239568444252,0.5678716762882416,0.007826256977418566,0.584067757848691,-0.021102581214825555,-0.0113162672440702,0.024049023875864897,0.008512018034586,509.22665055937364,328.70721403453746,328.70721403453746,415.4882954965339,461.8400635263557,479.9564042441466,515.7513301762775,461.8400635263557,-2.069967464899487,6.1490362025459,0.03749088539760147,0.04224244274716692,0.013599046113612234,0.016488213471410017,0.04033436935811435,0.0431562010257094,-0.0296646284201829,0.012338692871438128,0.05006869972458548
